Headlines,Time,Description
Cramer’s strategy for dealing with market volatility,"10:56  AM ET Thu, 26 April 2018",Jim Cramer fields calls from some of America's investors and has a few strategies to consider before making a move.  
This ETF issuer offers built-in 'buffers' for S&P funds—here's how they work," 2:17  PM ET Wed, 19 Feb 2020","Bruce Bond, the co-founder and CEO of Innovator Capital Management, breaks down his firm's Defined Outcome ETF strategy with CNBC's Bob Pisani. Also with Tom Lydon of ETF Trends, John Davi of Astoria Portfolio Advisors and Andrew Chanin of ProcureAM."
We stand behind our 3400 target for S&P 500 by Q1 2021: BMO Capital Markets," 3:19  AM ET Thu,  4 June 2020","Brian Belski of BMO Capital Markets says in addition to Fed support on liquidity, the fundamentals of economy and quality of U.S. stocks supported the 40% rally from the March lows. He sees further upside in market based on projected recovery in second half of the year."
Markets after Q1 first-week streak," 3:37  PM ET Mon,  8 Jan 2018","Our data partners at Kensho say the rally is due to roll at least until the end of the quarter. Since 1980 when up the first week of the year, the run continues. The Nasdaq up an average of 6.96% in Q1. Almost 4% for the S&P and Dow after a good first week. "
Cramer's lightning round: Expect eBay to get a big deal for StubHub," 9:05  PM ET Tue,  6 Aug 2019",Jim Cramer hears from viewers live in front of the New York Stock Exchange and gives them his thoughts about their stock picks.
Why Jim Cramer thinks it's time to sell some of your oil stocks," 7:48  PM ET Thu, 19 Sept 2019","""After a major supply shock failed to move the forward curve, we simply can't expect the oil companies to be aggressive long-term,"" Jim Cramer says."
"The big banks have become the ideal stocks for this market, Jim Cramer says"," 6:10  PM ET Wed, 16 Oct 2019","Retail sales dropped in September for the first time since February, but Jim Cramer of ""Mad Money"" says, ""These banks tell a different story."""
"Everything Jim Cramer said on 'Mad Money,' including trade deal winners, XPO Logistics spinoff"," 9:10  PM ET Wed, 15 Jan 2020",CNBC's Jim Cramer broke down the biggest beneficiaries of the phase-one trade deal and landed an exclusive with XPO Logistics CEO Bradley Jacobs about the company's potential spinoff.
,,
"Trade Desk is behind seemingly ubiquitous 2020 online political ads, CEO says"," 8:59  PM ET Thu, 27 Feb 2020","""We're feeling really great about the year, of course, as well and that's largely driven by political advertising,"" digital advertising outfit The Trade Desk CEO Jeff Green told CNBC."
Cramer: Etsy is a buy after proving it can stave off Amazon," 7:46  PM ET Mon, 19 March 2018",Jim Cramer comes around on e-commerce platform Etsy following its latest earnings report.
Cramer's lightning round: Mercadolibre is even better than eBay was," 7:02  PM ET Mon,  8 Jan 2018","Jim Cramer rattled off his take on callers' favorite stocks, including a Latin American e-commerce play."
Cramer Remix: Cannabis could put this company ahead of the curve," 7:06  PM ET Mon, 20 Aug 2018",Jim Cramer breaks down the strategy behind Constellation Brands’ investment in Canopy Growth.
"Stocks may be due for a near-term bounce after worst day since 1987, trader says"," 7:45  AM ET Fri, 13 March 2020","The U.S. stock market appears primed for upside that could last longer than recent bounces, says Miller Tabak chief market strategist Matt Maley."
Cramer: Tesla's stock still has more upside—just use the right chart," 6:53  PM ET Tue, 19 June 2018",Jim Cramer and technician Carolyn Boroden use stock charts to investigate the recent action in shares of high-profile automaker Tesla.
Dealmaking surge confirms the stock market got far too cheap after late 2018 sell-offs: Cramer," 7:08  PM ET Wed, 16 Jan 2019","Jim Cramer explains why there's been more merger and acquisition activity in recent months and says it's ""just getting started."""
"Shelter-in-place will have a 'lasting impact on consumer behavior,' Jim Cramer says"," 7:15  PM ET Thu, 21 May 2020","""Just remember, even as we reopen for business, the new normal is not the old normal,"" the ""Mad Money"" host said."
"HP CEO commits to company's buyback program, says stock is 'undervalued'"," 8:51  PM ET Wed, 27 May 2020","""[W]e are going to stay committed to the principles that we shared in the value plan,"" HP CEO Enrique Lores said on ""Mad Money."""
,,
Cramer's lightning round: The secret to buying Merck around earnings," 7:07  PM ET Mon, 21 Oct 2019",CNBC's Jim Cramer takes calls and delivers answers to viewer questions about their favorite stock picks of the day.
Constellation CEO says stock fell on earnings after Canopy losses 'mixed up' investors," 7:04  PM ET Thu,  3 Oct 2019",Constellation Brands CEO Bill Newlands defends the beer company's quarterly report and reaffirms trust in Canopy after the stock dropped 6% on earnings.
Cramer's sell-off strategy: 'The time to start buying may be upon us'," 7:24  PM ET Wed, 10 Oct 2018",Jim Cramer takes callers' questions amid the marketwide sell-off and approves of investors starting to slowly buy back into the stock market.
Cramer Remix: When stock bargains are be too good to be true," 7:01  PM ET Tue, 19 Feb 2019",Jim Cramer reveals how a second- or third-tier company may not be the best bang for your buck.
"China and Europe 'bailed our stock market out,' Jim Cramer says"," 6:48  PM ET Tue,  2 June 2020","""If the rest of the world's in better shape, well, that is fantastic news for our companies that do lots of business overseas,"" the ""Mad Money"" host said."
Cramer's lightning round: Buy some Dropbox stock ahead of its earnings report," 7:06  PM ET Wed,  1 Aug 2018","Jim Cramer zooms through his take on callers' favorite stocks, including a fresh-faced technology play dipping ahead of earnings."
Cramer's lightning round: Here's what to do with Virgin Galactic," 6:50  PM ET Thu,  7 Nov 2019","The ""Mad Money"" host takes calls from viewers and gives advice on the stocks of Home Depot, Virgin Galactic and Advanced Micro Devices."
Cramer on Fed's Wells Fargo move: I don't think bank stocks could get a worse piece of news," 8:08  PM ET Fri,  2 Feb 2018",Jim Cramer reacts to the Federal Reserve's call for Wells Fargo to gut its executive board and restriction on the bank's assets.
Cramer points to 3 political problems threatening the stock market's bull case," 7:24  PM ET Mon, 16 April 2018",Jim Cramer pinpoints the key political hurdles facing investors in the first full week of earnings season.
Cramer's lightning round: My biggest worry about Allergan," 7:03  PM ET Mon, 26 Feb 2018","Jim Cramer flies through his take on callers' favorite stocks, including a drug play he owns for his charitable trust."
Cramer: The longest-ever bull market overcame these 10 obstacles,"11:09  AM ET Wed, 22 Aug 2018",Jim Cramer named the top 10 obstacles the market had to overcome in order to achieve this record rally.
,,
"Let's swap Netflix for Microsoft, Jim Cramer says in FAANG audit"," 7:13  PM ET Fri, 18 Oct 2019","CNBC's Jim Cramer says it's time to retire ""FAANG"" to make way for a new name that represents the five most valuable technology stocks on the S&P 500."
Cramer's lightning round: Cisco is currently the cheapest large-cap tech stock," 7:05  PM ET Mon, 10 Dec 2018","Jim Cramer rattles off his responses to callers' stock questions, including one on tech giant Cisco Systems."
Williams-Sonoma CEO: Even Amazon sees the benefits of having physical stores,"11:36  AM ET Thu, 21 June 2018",Jim Cramer sits down with Williams-Sonoma President and CEO Laura Alber to find out how the Pottery Barn parent is faring in the age of Amazon.
Cell tower CEO explains how the 5G rush 'lengthens and strengthens' our growth rate," 7:13  PM ET Thu,  1 Aug 2019","""It's going to be a wholesale transition from a 4G technology to a fifth-generation technology,"" Jim Taiclet says."
"Cramer's week ahead: Big business is bouncing back, and bouncing back with a vengeance"," 7:27  PM ET Thu,  2 July 2020","""The stock market is not a proxy for the economy, it's a proxy for big business,"" the ""Mad Money"" host said."
Jim Cramer: 12 gifts I want the stock market to deliver in 2020," 6:30  PM ET Fri, 20 Dec 2019","Jim Cramer reveals what he wishes to see from Boeing, the Fed, the tech industry and the broader market in the new year."
"Cramer: Use declines to buy, not sell, stocks like Boeing and Apple"," 7:30  PM ET Wed, 28 Feb 2018",Jim Cramer addresses three high-performing stocks investors should hold onto during moments of market madness.
"The bank stocks are leading stocks out of their rut, and it's not too late to buy: Cramer"," 6:52  PM ET Wed, 16 Jan 2019",Jim Cramer says several top-tier bank stocks are still undervalued and encourages investors to buy in ahead of their inevitable rallies.
Nestle CEO: We have a lot to show in the vegan burger market,"11:25  AM ET Mon, 13 May 2019",Nestle CEO Mark Schneider explains the company's plans to roll out plant-based food in Europe and the United States.
Cramer's lightning round: Hold on to Chipotle — It has no China worries," 7:38  PM ET Thu,  1 Aug 2019",Jim Cramer takes calls and delivers his thoughts about callers' favorite stock picks of the day.
Cramer unpacks 'mechanical' market crashes that have nothing to do with the economy," 6:47  PM ET Mon, 30 Dec 2019",Jim Cramer recounts his experience on Black Monday and explains why market crashes don't always mean the economy is failing.
Cramer's lightning round: Exact Sciences is close to calling a bottom," 7:47  PM ET Wed, 23 Oct 2019",Jim Cramer takes calls and delivers his thoughts on callers' favorite stock picks of the day in rapid speed.
Twitter CFO: Trade tensions won't ding our digital advertising business in China," 7:31  PM ET Mon, 13 May 2019","""That's been a great business for us,"" Twitter CFO Ned Segal says."
"Everything Jim Cramer said on 'Mad Money,' including tech stock buys, Etsy and Trade Desk CEOs"," 8:50  PM ET Thu, 27 Feb 2020",CNBC's Jim Cramer revealed his top 10 tech stocks that can work in this volatile trading environment. He interviews the CEOs of online marketplace Etsy and digital advertising firm Trade Desk.
"Tread carefully with low-volatility stocks, traders say — here are the ones they'd be buying"," 8:41  AM ET Tue, 10 March 2020","Low-beta stocks may be coming into focus as investors deal with market volatility damage, but traders warn to pick carefully."
Cramer: The disrupters have been the biggest winners — Kraft Heinz take note," 6:54  PM ET Wed, 13 March 2019",Jim Cramer talks about why traditional names like Kraft Heinz must be willing to get into cannabis or end up like roadkill.
"Everything Jim Cramer said on 'Mad Money,' including time to buy, problem with ETFs and gold"," 8:23  PM ET Wed,  4 March 2020",CNBC's Jim Cramer said his favorite market indicator is showing it's time to buy stocks while also explaining why he's soured on sector ETFs. He also sat down with Barrick Gold CEO Mark Bristow.
Cramer: These stocks could benefit from Tiger Woods' Masters win," 7:52  PM ET Mon, 15 April 2019","Jim Cramer says the ""golf renaissance"" is coming and breaks down the best golf plays on the stock market."
Cramer Remix: Occidental Petroleum's deal with Buffett is ill-advised," 8:11  PM ET Fri,  3 May 2019",Jim Cramer breaks down Buffett's investment in Occidental and why he thinks the company could get a better deal elsewhere.
Camping World CEO Marcus Lemonis: People misunderstood our latest acquisition," 7:15  PM ET Wed,  6 June 2018",Jim Cramer sits down with Camping World CEO Marcus Lemonis to dissect the RV maker's growth prospects and recent weakness.
Cramer's primer on cloud stocks: You must know the company if you want to own it," 8:25  PM ET Wed, 21 Aug 2019","There are great cloud plays, ""but if you're going to own these stocks, you need to understand what these companies actually do,"" Jim Cramer says."
Cramer's lightning round: 'General Dynamics is a very good long-term hold'," 7:21  PM ET Wed,  6 May 2020","""Mad Money"" host Jim Cramer rings the lightning round bell, which means he's giving his answers to callers' stock questions at rapid speed."
Cramer: The Amazon Prime rate bump is a clarion call to buy the stock," 6:47  PM ET Fri, 19 Jan 2018","Jim Cramer explained why buying shares of Amazon, Netflix and Costco when they raise their subscription prices is a winning strategy."
"We have the first-mover advantage in 5G, Qualcomm CEO says","12:06  PM ET Thu, 29 Nov 2018",Jim Cramer and Qualcomm CEO Steve Mollenkopf discuss the future of 5G cellular service and its effect on the cellular industry as a whole.
Cramer on what's causing the tech sell-off: It's 'all about mechanics'," 6:53  PM ET Thu,  6 Sept 2018",Jim Cramer says institutional money moving in and out of stocks is the primary reason for widespread losses in the technology sector.
"Coronavirus outbreak increases demand for Zoom Video remote work tools, says CEO","10:34  AM ET Tue,  4 Feb 2020","""I had to shut down my phone, because, actually, almost everyone is calling us,"" given the coronavirus, Zoom Video Communications CEO Eric Yuan says."
Cramer: Market action shows investors are taking a 'leap of taste'," 8:00  PM ET Tue, 19 March 2019","Jim Cramer says all of the rising on the market is not justified, but investors have some breathing room."
"Ventas withdraws 2020 guidance, declares quarterly dividend in face of coronavirus uncertainty"," 9:07  PM ET Mon, 23 March 2020","Ventas CEO Debra Cafaro cites a ""strong financial condition,"" importance of the dividend in its board's decision to declare its normal dividend, despite challenges during coronavirus outbreak."
"Cramer: ‘Stay away’ from banks, other contaminated stocks to ride out the Turkish crisis"," 6:45  PM ET Mon, 13 Aug 2018","Jim Cramer says that the Turkish currency crisis could be a buying opportunity for smart investors, as long as they stay away from banks and other contaminated stocks."
Cramer's lightning round: 'This is the No. 1 5G name',"11:23  AM ET Tue, 16 July 2019",Jim Cramer takes calls and delivers thoughts on viewers' stock picks in rapid speed.
Cramer reviews Berkshire Hathaway's top 5 stock positions," 7:16  PM ET Fri,  4 May 2018","Jim Cramer goes over Berkshire Hathaway's top five portfolio positions as Warren Buffett's annual shareholder meeting in Omaha, Nebraska kicks off."
PayPal CFO: Our merchants aren't interested in crypto—it's too volatile," 7:30  PM ET Wed, 16 May 2018",Jim Cramer gets PayPal CFO John Rainey's take on the cryptocurrency craze and whether his platform would ever take on the trend.
Cramer's lightning round: This stock is good — it's a great level to buy some more," 7:10  PM ET Wed, 10 April 2019","It's that time again! ""Mad Money"" host Jim Cramer rings the lightning round bell, which means he's giving his answers to callers' stock questions at rapid speed."
Cramer argues that this rally is 'all about China blinking' in the trade war,"12:54  PM ET Fri, 13 July 2018",Jim Cramer says China seems to have blinked in its trade dispute with the United States.
"Everything Jim Cramer said on 'Mad Money,' including Disney+ stats, buying Peloton, 5G rollout, Dexcom"," 7:34  PM ET Wed, 13 Nov 2019","CNBC's Jim Cramer hails Bob Iger's leadership at Disney, explains the right time to buy shares of Peloton, sits down for an interview with Dexcom CEO Kevin Sayer and breaks down the 5G rollout."
"Banks promote volatility spikes as buying opportunities, pointing to tech and financials","10:48  AM ET Wed, 14 Feb 2018","The era of super-low volatility is over. But that presents opportunities of its own, according to several banks.  "
Cramer's lightning round: 'I think it is the time to buy Domino's'," 7:31  PM ET Thu,  2 April 2020","""Mad Money"" host Jim Cramer rings the lightning round bell, which means he's giving his answers to callers' stock questions at rapid speed."
"Cramer's lightning round: 'If I really want solar, I want Tesla'"," 3:13  PM ET Tue,  2 June 2020","""Mad Money"" host Jim Cramer rings the lightning round bell, which means he's giving his answers to callers' stock questions at rapid speed."
,,
,,
Cramer: IBM earnings prove the company paid the right price for Red Hat," 7:25  PM ET Thu, 18 July 2019","""It was a competitive situation, people, so IBM paid what they had to pay to get the job done,"" Jim Cramer says."
NYSE readies itself for first ever all-electronic trading day," 1:34  PM ET Mon, 23 March 2020","With the floor of the New York Stock Exchange closed as of Monday, trading will resume electronically."
Jim Cramer explains how to judge this earnings season: 'Not as bad as feared'," 7:04  PM ET Thu,  3 Oct 2019","If stocks drop after the September nonfarm payroll report is released, here are some stocks investors can play, says Jim Cramer."
"Everything Jim Cramer said on 'Mad Money,' including market calendar, close to bottom, green investing"," 7:18  PM ET Mon,  2 March 2020",CNBC's Jim Cramer gave a preview of what's on his earnings calendar next week and offered more stock picks for this volatile environment.
Cramer Remix: Apple's stock won't slow down in 2018," 7:02  PM ET Tue,  2 Jan 2018",Jim Cramer dished out his take on whether Apple can continue to stay juicy this year after it had a big run last year.
Last year's S&P 500 winners could still have room to run," 7:26  PM ET Fri,  5 Jan 2018",Jim Cramer ran through the S&P 500's worst performers for 2017 and found some redeemable players in the house of pain.
,,
Allergan CEO says Botox maker's new depression drug could be an 'absolute game-changer',"10:36  PM ET Mon, 30 April 2018",Jim Cramer sits down with Allergan Chairman and CEO Brent Saunders after earnings to hear about the pharmaceutical giant's latest ventures.
Cramer Remix: The catalyst for this bank stock should create tremendous value," 7:58  PM ET Fri,  5 April 2019",Jim Cramer explains why Chemical Financial is unlike the rest of the bank stocks.
One chart signal suggests Microsoft's mega rally could be coming to an end," 7:47  AM ET Wed, 18 Dec 2019","Microsoft is on a rocketship this year, but its stock charts indicate it could come back down to Earth soon."
Cramer Remix: Stay away from Monster Beverage's stock," 8:11  PM ET Fri, 29 March 2019",Jim Cramer breaks down why Monster Beverage is a battleground stock that you don't need.
Cramer Remix: Big banks have kicked off earnings season in a surprising fashion," 7:47  PM ET Thu, 18 April 2019",Jim Cramer details how the group is doing better than expected and remains cheap even after the latest leg higher.
"Uber's lockup expiration could 'hobble the entire market' even more than Beyond Meat, Cramer warns"," 6:34  PM ET Tue, 29 Oct 2019","CNBC's Jim Cramer warns of a ""very rude awakening"" as a deluge of equity supply comes to market with little investor appetite."
"Cramer: Dropbox deserves to trade like a cloud king, but be careful buying"," 7:28  PM ET Fri, 23 March 2018",Jim Cramer evaluates Dropbox's IPO to see if the market's newest cloud play is worth buying.
Cramer's lightning round: The reason investors should own Microsoft," 2:06  PM ET Tue, 20 Aug 2019","""Mad Money"" host Jim Cramer rings the lightning round bell, which means he's giving his answers to callers' stock questions at rapid speed."
Cramer: General Mills was 'unjustly punished' for buying Blue Buffalo," 7:10  PM ET Mon, 26 Feb 2018",Jim Cramer vets General Mills' acquisition of Blue Buffalo to discover that the deal is much better than investors may think.
"Twitter CFO: We have a lot of work to do, but everybody in the world can benefit from Twitter"," 7:26  PM ET Tue, 13 March 2018",Jim Cramer sits down with Twitter's new Chief Financial Officer Ned Segal to see what's ahead for the social media giant.
Cramer says Snap's stock is too expensive and not growing fast enough—pass for now," 7:53  PM ET Tue, 17 April 2018",Jim Cramer says Snap's stock is too expensive and not growing fast enough. He recommends passing for now. 
"Wall Street must retest lows after 'rude awakening' on coronavirus, Jim Cramer says"," 9:54  PM ET Wed,  1 April 2020","""I can't blame anyone for selling after that miserable first quarter with very little good news on any front in the battle against COVID,"" the ""Mad Money"" host said."
,,
Cramer Remix: The world has turned on this sector," 7:01  PM ET Mon, 30 April 2018",Jim Cramer argues that investors have left the industrial sector behind.
"Everything Jim Cramer said on 'Mad Money,' including Fed and tariffs, department store woes, AT&T"," 7:49  PM ET Mon,  9 Dec 2019","CNBC's Jim Cramer breaks down how investors should play Wednesday's Fed announcement, Trump's tariff hike threat on China and invest in AT&T's stock."
,,
"Everything Jim Cramer said on 'Mad Money,' including Costco downgrade, Expedia CEO, Chipotle, oil"," 8:25  PM ET Thu, 19 Sept 2019","Jim Cramer explains why he disagrees with Bernstein's downgrade of Costco, why Chipotle's stock will win 2019 and what investors should do with oil stocks."
,,
"Cramer: 'You can't own United Technologies in a vacuum,' so think before you buy on Rockwell deal"," 7:05  PM ET Mon, 26 Nov 2018",Jim Cramer tells investors to be careful with the stock of United Technologies as the industrial finalizes its purchase of aircraft parts manufacturer Rockwell Collins.
Cramer: I'm not betting against the guy that chairs Aphria," 7:31  PM ET Wed, 13 March 2019",Jim Cramer runs through his thoughts on callers' questions about their favorite stock picks.
"Cramer: Sell some stocks, but it's wrong to panic about a recession"," 7:51  PM ET Wed, 14 Aug 2019","""Our stock market is handcuffed to the bond market ... The momentum is with the bears, not the bulls,"" Jim Cramer says."
Cramer: Don't panic over the rising 10-year Treasury yield," 7:16  PM ET Wed, 25 April 2018",Jim Cramer says investors don't need to panic over the rising 10-year yield. 
,,
Cramer Remix: Why buyers are forgiving Disney ahead of earnings,"11:02  AM ET Thu,  9 Aug 2018",Jim Cramer is explaining why buyers are forgiving and forgetting Disney’s troubles ahead of its third-quarter earnings. 
"Everything Jim Cramer said on 'Mad Money,' including playing earnings week, FAANG audit, bank stocks"," 7:44  PM ET Fri, 18 Oct 2019","Jim Cramer preps for a jam-packed week of earnings, saying it's time to replace Netflix with Microsoft in FAANG and suggests investing in financials."
'Worlds are being disrupted' by our data-driven approach: Splunk CEO," 7:25  PM ET Mon, 12 March 2018",Jim Cramer sits down with Splunk President and CEO Doug Merritt for the latest on his analytics company's disruptive story.
"Agco CEO: We're focused on improving our margins, not on China"," 7:06  PM ET Wed, 29 May 2019","Agco, an agricultural equipment manufacturer based in Georgia, upped its full-year earnings guidance by almost 30 cents."
,,
Jim Cramer doubles down on Cedar Fair after Six Flags bid rejected," 6:46  PM ET Mon,  7 Oct 2019","Investors should start a small position in amusement park operator Cedar Fair and buy more on a pullback, the ""Mad Money"" host says."
Cramer's lightning round: I prefer Tesla to Ford," 6:52  PM ET Thu, 21 May 2020","""Mad Money"" host Jim Cramer rings the lightning round bell, which means he's giving his answers to callers' stock questions at rapid speed."
Cramer gives 'two cheers' to Zoom and Beyond Meat," 6:44  PM ET Tue, 30 July 2019",The newly-public companies saw their stocks rally by double-digits after beating Wall Street expectations in their first earnings reports since their recent IPOs.
Cramer: Don't rush to buy this dip—there are legitimate reasons to sell," 7:03  PM ET Thu,  7 Feb 2019",Jim Cramer says his charitable trust sold some stocks Thursday in part on news that the U.S. and China will likely not strike a trade deal by March 1.
"Cramer Remix: If I had a hammer, I'd hit myself over the head because of Caterpillar"," 3:00  PM ET Fri, 16 Aug 2019",Jim Cramer reveals why Caterpillar is no longer the cat's meow.
"Jim Cramer predicts 'U' shape recovery, says economy 'will bounce back gradually'"," 7:26  AM ET Wed,  8 April 2020","""In a U-shaped recovery I'm expecting, the stock market will pull back again and that is when you can put some money to work,"" the ""Mad Money"" host said."
"Cramer's lightning round: Wendy's is in 'good shape,' shares are oversold"," 6:50  PM ET Mon, 28 Oct 2019","Jim Cramer opines to the stocks of Albemarle, Iron Mountain, Realogy Holdings, Wendy's, CME Group, Annaly Capital and Hershey."
David Rosenberg issues bubble warning in credit market: It will tear into stocks," 5:03  PM ET Tue, 24 July 2018",Gluskin Sheff’s David Rosenberg predicts the widening credit spreads will take down stocks.  
"Cramer tackles Facebook, Apple, Amazon and Alphabet earnings as tech giants report"," 6:45  PM ET Thu,  1 Feb 2018","Jim Cramer analyzes earnings reports from Facebook, Apple, Amazon and Alphabet."
Salesforce's Marc Benioff defends Tableau deal: They 'didn't want our cash'," 7:22  PM ET Mon, 10 June 2019","""Tableau didn't want our cash — they wanted our equity, because they know that the real value here is in the company that we're creating together,"" Benioff tells Jim Cramer in an interview."
Cramer's lightning round: I don't want to be in Del Taco when McDonald's is down," 7:09  PM ET Fri, 25 Oct 2019","""Mad Money"" host Jim Cramer rings the lightning round bell, which means he's giving his answers to callers' stock questions at rapid speed."
"Cramer: Top oil and solar stocks may have more room to run, charts show"," 7:42  PM ET Tue, 10 April 2018",Jim Cramer takes to the charts with technician Bob Lang to see how energy stocks are holding up against the market's volatility.
Cramer's lightning round: 'I can't countenance' selling BlackRock's stock this low," 7:16  PM ET Tue, 16 Oct 2018","Jim Cramer flies through his take on callers' favorite stocks, including that of a money management giant run by the reputable Larry Fink."
"Cramer: Charts show steady investor optimism, more upside for stocks"," 7:03  PM ET Tue, 12 Feb 2019",Jim Cramer and technician Carley Garner check on Wall Street exuberance with several key charts.
Cramer argues the trade war is more worrisome than 10-year Treasury yields approaching 3%," 7:19  PM ET Mon, 23 April 2018",Jim Cramer says investors should take advantage of 10-year Treasury yields hitting 3 percent and worry more about U.S.-China trade relations.
,,
CVS CEO Larry Merlo says 600 remodeled HealthHUBs will be opened by the end of 2020," 7:10  PM ET Mon, 13 Jan 2020","CVS Health expects to open about a dozen remodeled stores per week this year as it revamps its business plan, CEO Larry Merlo told ""Mad Money"" host Jim Cramer."
Payroll service CEO sees no deterioration of growth in medium-sized businesses," 7:35  PM ET Wed, 21 Aug 2019","""I think the economy's been strong,"" Paycom CEO Chad Richison says."
Cramer reflects on how Trump's actions are fueling the 'beast' market rally," 7:20  PM ET Tue,  2 Jan 2018","Jim Cramer examined the notion that investors are ""bored"" with the market rally and explained how the president is driving stocks higher."
"Banks rallied on a Fed cut, and that's a 'very positive' sign, Jim Cramer says"," 7:15  PM ET Wed, 18 Sept 2019","Investors bought bank stocks because there's a chance the Federal Reserve's interest rate cut may ""put an end to this artificially inverted yield curve,"" Jim Cramer says."
Cramer finds new ways to play the 'stay-at-home' economy," 7:06  PM ET Wed,  1 Aug 2018","Jim Cramer takes a new approach to the ""stay-at-home"" economy by flagging plays like Conagra Brands, Disney and Spotify."
Cramer: Amazon's $1 trillion landmark is about more than just the company," 6:38  PM ET Tue,  4 Sept 2018",Jim Cramer says Amazon's growth and investor base helped propel the e-commerce giant to a $1 trillion market cap.
"When it comes to Chick-fil-A versus Popeyes, Tyson Foods wins, Jim Cramer says"," 9:06  PM ET Mon, 26 Aug 2019","As foodies duke it out over which restaurant makes the best chicken sandwich, Jim Cramer says the biggest winner is not who you think."
Cramer says 'accidentally anti-Chinese' FANG stocks are 'perfect for this market'," 3:25  PM ET Mon,  9 July 2018",Jim Cramer lists the reasons why investors should focus on FANG in a turbulent time for the rest of the stock market.
"Intel has the biggest addressable market it's ever seen, says company's interim CEO"," 6:50  PM ET Thu, 10 Jan 2019",Jim Cramer sits down with Intel's interim CEO and permanent CFO Bob Swan to get his take on the technology giant's future.
Cramer's game plan: Earnings will determine a winner in the market's bull-bear battle," 6:29  PM ET Mon,  9 July 2018",Jim Cramer details his game plan for the week ahead as opposing economic forces come head to head.
Cramer's lightning round: I think you can buy some Home Depot and then wait," 7:03  PM ET Fri,  8 Feb 2019",Jim Cramer sprints through his thoughts on callers' stock picks of the day.
Ollie's Bargain Outlet CEO: We'll open 950 stores — 'Brick and mortar isn't dead',"11:48  AM ET Thu, 11 April 2019","The discount retailer plans to soon expand to 25 states, while its store count currently stands at 318 with four more in the pipeline, Ollie's CEO Mark Butler says."
StockX's new CEO tells Jim Cramer going public is 'certainly our objective as a company'," 8:30  AM ET Tue, 22 Oct 2019","""We're going after a global opportunity with consumers around the world and we're super excited about this innovation in commerce,"" CEO Scott Cutler tells CNBC's Jim Cramer."
"Everything Jim Cramer said on 'Mad Money,' including Microsoft sustainability, GW Pharma CBD sales"," 7:23  PM ET Tue, 21 Jan 2020",CNBC's Jim Cramer broke down why capitalism is becoming more eco-friendly and sat down with the CEOs of Microsoft and GW Pharma.
Cramer tracks the 'perfect storm' taking down retail stocks," 7:07  PM ET Fri,  5 Oct 2018","Jim Cramer explains why the ""death of retail"" narrative isn't going away anytime soon."
"Fortnite-themed Monopoly is No. 1 new game for Hasbro so far in Q4, CEO says"," 7:17  PM ET Mon, 22 Oct 2018",Jim Cramer hears from Hasbro Chairman and CEO Brian Goldner about the toy and game maker's ongoing foray into the world of esports.
Cramer's lightning round: I like Uber as a long-term play," 7:30  PM ET Tue, 10 March 2020","""Mad Money"" host Jim Cramer rings the lightning round bell, which means he's giving his answers to callers' stock questions at rapid speed."
Clorox CEO boosts ad spend by $50 million as disinfectant demand surges amid coronaviurs pandemic," 4:21  PM ET Wed,  6 May 2020","""We're investing in future capacities so that we're better equipped to meet the demand in future surges,"" Clorox CEO Benno Dorer said."
,,
"Everything Jim Cramer said on 'Mad Money,' including understanding Wall Street jargon"," 7:02  PM ET Thu,  2 Jan 2020",CNBC's Jim Cramer breaks down the language of Wall Street to help retail investors manage their stock portfolios wisely.
"Cramer commends Estee Lauder's CEO, advises buying beauty stock despite its poor performance"," 7:20  PM ET Mon,  7 May 2018",Jim Cramer argues that Estee Lauder President and CEO Fabrizio Freda has made his cosmetics company a best-of-breed global leader.
Cramer's lightning round: Abbvie is a 'rocket ship' going higher," 6:46  PM ET Thu, 19 Dec 2019","""Mad Money"" host Jim Cramer rings the lightning round bell, which means he's giving his answers to callers' stock questions at rapid speed."
Cramer says Republican-led Dodd-Frank rollback could lead to job cuts," 7:21  PM ET Thu, 15 March 2018",Jim Cramer argues that a recent bipartisan bill to loosen regulations on banks could spur layoffs at financial institutions.
Cramer's lightning round: Twitter is one of the few social media stocks working here," 7:08  PM ET Wed, 16 Jan 2019","Jim Cramer races through his responses to callers' stock questions, including one on social media platform Twitter."
CEO of RH was inspired by Warren Buffett during the home design giant's turnaround," 4:11  PM ET Thu, 14 June 2018",RH CEO Gary Friedman tells CNBC's Jim Cramer that he took a page from billionaire Warren Buffett's book during his company's turnaround.
Cramer's lightning round: Calithera is a 'very good spec'," 8:26  PM ET Thu,  9 April 2020","""Mad Money"" host Jim Cramer rings the lightning round bell, which means he's giving his answers to callers' stock questions at rapid speed."
Cramer Remix: These FANG stocks are heating up once again," 9:06  PM ET Tue,  5 March 2019","Jim Cramer says not to discount all of the so-called FANG companies, as he sees buying opportunities in two of the names."
Cramer: Why Monday's rally won't be the market's only good session," 8:48  PM ET Mon, 11 March 2019",Jim Cramer says a sentiment change and optimistic analysts will help the market rise higher.
"Adobe CEO: We want to have the only 'end-to-end solution' for video, immersive media like AR"," 7:09  PM ET Thu, 14 June 2018",Jim Cramer hears from Adobe Systems Chairman and CEO Shantanu Narayen after earnings about where he sees his digital media company going.
"Fed's Powell still has a chance to save the economy before it's too late, Cramer says"," 7:11  PM ET Thu, 15 Nov 2018",Jim Cramer says the chairman of the Federal Reserve is at a critical juncture that will determine the trajectory of the U.S. economy in 2019.
Cramer: 'Don't get ahead of yourself' with red-hot cannabis stocks like Tilray," 2:43  PM ET Wed, 19 Sept 2018",Jim Cramer asks investors to curb their enthusiasm when it comes to the marijuana market.
Cramer: Investors buying stocks on trade optimism are totally misreading the situation," 6:02  PM ET Thu, 12 Sept 2019","Investors are under a false impression that ""we may be having a thaw in our trade war with China,"" Jim Cramer says."
"Cramer praises WWE's growth story, says investors can buy 'a small position' after monster run"," 7:04  PM ET Thu,  9 Aug 2018",Jim Cramer tracks professional wrestling broadcaster WWE's growth story and explains why the stock is worth buying on a pullback.
"Albertsons stock is worth buying at $25 after it IPOs, Jim Cramer says","10:30  AM ET Fri, 26 June 2020","""It's definitely not best of breed, but it's not garbage either,"" the ""Mad Money"" host said."
"Cramer: Amazon, Walmart and Target sealed the fate of the toiling Toys R Us"," 7:21  PM ET Thu, 15 March 2018",Jim Cramer explains what drove ailing toy retailer Toys R Us to liquidate its U.S. business.
Cramer's lightning round: 'I cannot condone buying Exxon Mobil'," 6:50  PM ET Thu, 13 Feb 2020","""Mad Money"" host Jim Cramer rings the lightning round bell, which means he's giving his answers to callers' stock questions at rapid speed."
PayPal CEO sees international potential as countries like India skip over legacy fintech," 7:19  PM ET Wed, 14 March 2018",Jim Cramer sits down with PayPal CEO Dan Schulman for insights into the international payment processing landscape.
"Amazon is boosting Honeywell's business 'at the right time,' Honeywell CEO says"," 7:03  PM ET Wed,  5 Sept 2018",Jim Cramer hears from Honeywell Chairman and CEO Darius Adamczyk on Honeywell's latest brushes with tech and trade.
"A generational shift in consumer tastes is a boon for these retailers, Jim Cramer says"," 7:53  PM ET Mon, 19 Aug 2019","""These days, the consumer is addicted to convenience ... If it doesn't have a great digital presence or incredible bargains, take a pass,"" Jim Cramer says."
Cramer says Alphabet's recent declines are a buying opportunity," 7:29  PM ET Tue, 24 April 2018",CNBC's Jim Cramer says Alphabet's recent stock declines are a buying opportunity.
Last year's S&P 500 losers could be prime for speculation," 7:24  PM ET Fri,  5 Jan 2018",Jim Cramer ran through the S&P 500's worst performers for 2017 and found some redeemable players in the house of pain.
Cramer: I helped investors through the 2010 flash crash by following one key rule," 7:07  PM ET Fri, 22 Dec 2017","Jim Cramer built on his ""nobody ever made a dime panicking"" mantra by explaining how investors can apply it to their portfolios."
Cramer's guide to earnings season: Don't try to outsmart the system — it's 'always rough'," 8:15  PM ET Mon, 15 July 2019","""The important thing is that you shouldn't try to hit homeruns this week, because you're much more likely to end up striking out,"" Jim Cramer says."
Cramer reveals some of his favorite Dow stocks for 2019," 6:56  PM ET Fri,  4 Jan 2019",Jim Cramer reviews the biggest winners and losers in the Dow Jones Industrial Average since October and finds a number of buying opportunities.
,,
Cramer's lightning round: Barnes & Noble's stock is trading like it could get acquired," 7:02  PM ET Tue,  4 Dec 2018","Jim Cramer tears through his responses to callers' questions, including one about the action in a book retailer's stock."
"Cramer: We desperately need another round of federal stimulus, despite vaccine progress"," 6:51  PM ET Wed, 15 July 2020","""We figured we'd have maybe the virus contained in early fall, but we botched the reopening and now states are being forced to shut down again,"" the ""Mad Money"" host said."
Cramer's lightning round: The utility stock you want to own and hold," 7:16  PM ET Thu, 22 Aug 2019","""Mad Money"" host Jim Cramer rings the lightning round bell, which means he's giving his answers to callers' stock questions at rapid speed."
Cramer's lightning round: Cisco's stock is a buy ahead of the company's earnings report," 7:02  PM ET Mon, 15 Oct 2018","Jim Cramer zips through his take on callers' favorite stocks, including a technology hardware giant in the throes of marketwide weakness."
Cramer: Warren's backtrack on 'Medicare for All' is a boon for this managed-care stock," 6:58  PM ET Mon,  2 Dec 2019","UnitedHealth's stock has ""caught fire"" due in part to Sen. Elizabeth Warren appearing to ""back away"" from her ""Medicare for All"" proposal, according to Jim Cramer."
"Cramer flags the 5 consumer discretionary stocks he likes right now, including Amazon, TJX","11:09  AM ET Thu, 18 Oct 2018","Jim Cramer lists the power players of the consumer discretionary sector, which covers non-essential goods and services like apparel and entertainment."
Cramer's lightning round: IBM is going heavily into the cloud," 7:10  PM ET Mon, 24 Feb 2020","""Mad Money"" host Jim Cramer rings the lightning round bell, which means he's giving his answers to callers' stock questions at rapid speed."
,,
Cramer Remix: Why to own individual retail stocks over the sector ETF," 8:06  PM ET Mon,  8 July 2019","""I'd rather own the best than a mix of the best, the mediocre, and the worst,"" Jim Cramer says."
Cramer's lightning round: Teva Pharmaceuticals is 'not good enough' for your portfolio,"11:10  AM ET Thu, 26 April 2018",Jim Cramer helps callers quell their fears on a few key stocks with first-quarter earnings season in full swing.
Cramer's lightning round: Buy Target on its revamped strategy," 7:18  PM ET Wed,  7 Feb 2018","Jim Cramer zips through his take on callers' favorite stocks, including that of a retailer that is upgrading its wares."
"The US is the hottest market for trading, analyst says"," 1:21  AM ET Thu, 31 May 2018",Bessemer Trust's Rebecca Patterson says the U.S. is the best market for investing. 
Cramer: The US-China 'trade war' could explode in 2018," 7:30  PM ET Thu,  4 Jan 2018",Jim Cramer made the case for President Donald Trump and the U.S. Department of Commerce to prohibit Chinese steel dumping.
"With gasoline exports on the rise, refinery CEO sees global demand increasing in 2018"," 7:00  PM ET Thu,  1 Feb 2018",Jim Cramer sits down with Marathon Petroleum Chairman and CEO Gary Heminger to discuss global energy trends and President Donald Trump.
Cramer: Wall Street will get flooded with IPOs if we don't see more mergers," 7:50  PM ET Tue, 26 March 2019","Jim Cramer says the health care, cloud, and transports sectors are crowded, and the lineup of IPOs could dry up investment funds."
Cramer's lightning round: Microsoft CEO Satya Nadella is 'doing such an amazing job'," 6:58  PM ET Wed, 18 Dec 2019","""Mad Money"" host Jim Cramer rings the lightning round bell, which means he's giving his answers to callers' stock questions at rapid speed."
,,
"Cramer's lightning round: GE may have bottomed, but it's still a wait-and-see story"," 7:08  PM ET Thu, 13 Sept 2018","Jim Cramer flies through his take on callers' favorite stocks, including an industrial at the top of investors' minds."
,,
"Cisco CEO says new Google Cloud partnership 'plays an enormous role' in security, policy"," 6:53  PM ET Tue, 12 June 2018",Jim Cramer gets Cisco Systems Chairman and CEO Chuck Robbins' take on his computer hardware company's latest venture with Alphabet's Google.
Cramer's lightning round: We sold Anadarko. It's time to move on," 8:16  PM ET Wed, 29 May 2019",Jim Cramer talks with viewers and gives his thoughts about their stock picks of the day.
Cramer explains the market volatility and why another Great Recession is not in the cards," 6:58  PM ET Thu, 25 Oct 2018",Jim Cramer calms investors' fears about the potential for another recession and explains what's really in store for stocks in the near term.
Pullback on Nasdaq a good opportunity to join the uptrend: Daryl Guppy,"10:22  PM ET Thu, 11 June 2020",Daryl Guppy of Guppytraders.com gives technical analysis on key U.S. market indices and VIX.
Jim Cramer reveals top four stock picks amid coronavirus uncertainty," 9:15  PM ET Tue, 18 Feb 2020","""You've got Clorox, Zoom Video and Teladoc on reality, Gilead on hope. That's about it,"" the ""Mad Money"" host says."
Cramer Remix: Another pullback could push the market to keep rallying,"12:18  PM ET Wed, 10 April 2019","Jim Cramer advises investors not to panic after Tuesday's dip, citing a down day could lead to big rallies for companies ahead of earnings season."
IFF CEO on the impacts of Brexit and China tariffs on business," 8:00  PM ET Mon, 17 June 2019","""So we have planned for Brexit. I think we have plan A, B and C, and you need all these plans — I can tell you,"" CEO Andreas Fibig says."
Apeel Sciences CEO tells Jim Cramer how they save your fruit while saving grocery stores money," 8:49  PM ET Wed, 25 Sept 2019","""We use food to preserve food,"" says Apeel Sciences CEO James Rogers, whose company has partnered with Kroger to sell avocados that age at a slower rate."
"These stocks young investors are buying are 'very good for speculation,' Jim Cramer says"," 8:10  PM ET Tue, 21 April 2020","Robinhood trading app's top 10 stock picks for March is a ""fantastic list"" for younger investors, the ""Mad Money"" host said."
Jim Cramer on the impact of impeachment on the market: 'We've seen this movie before'," 7:59  PM ET Tue, 24 Sept 2019","""I say there's no hurry to start buying here, although … history says that you're going to have to try to pull the trigger soon, rather than be left behind,"" CNBC's Jim Cramer says."
Cramer's lightning round: US Concrete could go higher because of state spending," 7:05  PM ET Wed, 24 Jan 2018","Jim Cramer rattled off his take on callers' favorite stocks, including an infrastructure play."
Cramer's lightning round: Wait for General Dynamics—it's about to move higher," 7:03  PM ET Wed, 10 Jan 2018","Jim Cramer shared his take on callers' favorite stocks, including a play on aerospace and defense."
Forget FANG. Here's a new acronym for the coronavirus-fueled market panic," 8:52  AM ET Sun, 15 March 2020","""It's always darkest before the DAWN,"" says Strategic Wealth Partners chief Mark Tepper as he suggests investors buy shares of Domino's Pizza, Activision Blizzard, Walmart and Netflix to shield their portfolios as the coronavirus spreads."
The best thing for this market would be more bad economic news: Cramer," 7:21  PM ET Tue, 30 Oct 2018",Jim Cramer says stocks could rally if weak economic indicators lead the Federal Reserve to pause its rate hikes.
Larry Culp on GE Aviation's coronavirus furlough: 'There will be another side'," 8:48  PM ET Thu,  2 April 2020","""We're doing all that we can to support our customers at this time of rapid change and uncertainty,"" General Electric CEO Larry Culp said after temporary cuts were made in its aviation business."
Cramer: The surge in oil prices could reverse the oil-and-gas bear market," 6:47  PM ET Wed, 12 Sept 2018","Jim Cramer sees a ""big problem"" in the U.S. energy market. Wednesday's oil price boost could help curb it."
,,
Jim Cramer says Apple and General Electric 'embraced radical transparency'," 7:06  PM ET Wed, 29 Jan 2020","""It's easy to assume everyone ... is totally cynical, but taking that approach kept you out of some monster gains in Apple and in GE,"" Jim Cramer says."
Market volatility is reminiscent of the 1987 crash: Veteran trader Art Cashin," 6:55  PM ET Thu,  5 April 2018",Veteran trader Art Cashin says this year's market volatility is reminiscent of the 1987 stock market crash.
DowDuPont CEO says split will generate nearly $1 billion in research funding," 7:04  PM ET Thu,  8 Nov 2018",Jim Cramer sits down with DowDuPont CEO Ed Breen to talk about the industrial giant's upcoming split.
Cramer Remix: Why this stock could be red hot,"11:34  AM ET Wed, 15 Aug 2018",Jim Cramer explains how CVS could crush the competition once the Aetna deal is complete. 
"Jim Cramer: China often reneges on deals, but 'this one feels different'"," 6:24  PM ET Mon, 16 Dec 2019","""The United States is the only country with enough pork production to actually meet China's needs. We've got the upper hand, people,"" the ""Mad Money"" host says."
"Cramer: Underlying economy is good, but fear could drive us into recession"," 8:00  AM ET Thu, 22 Aug 2019","""I'd love to say that the optimistic universe is most likely to prevail, but the talking heads talk endlessly about how a recession is inevitable,"" CNBC's Jim Cramer says."
Cramer's lightning round: I prefer the stock of Wendy's to McDonald's," 7:08  PM ET Mon, 17 Sept 2018","Jim Cramer zips through his take on callers' favorite stocks, including a fast-food play that's seen better days."
"Cramer's charts of Chipotle, Del Taco and El Pollo Loco track the fast-casual dining comeback"," 7:14  PM ET Mon,  4 June 2018","Jim Cramer takes to the charts with technician Bob Lang to weigh the risk-reward in the stocks of Chipotle, Del Taco and El Pollo Loco."
Cramer Remix: Don't take your cue on all of retail from Macy's," 7:06  PM ET Tue, 15 Jan 2019","Jim Cramer explains that the retail sector has both winners and losers, and it pays to know the difference."
,,
See which stocks are underappreciated during these market highs," 3:25  PM ET Tue, 28 Aug 2018",CNBC's Dom Chu reports on the stocks within the S&P 500 that are underappreciated.
,,
,,
"Cramer: Hershey's turnaround came at the right time, and sent the stock surging 28%"," 7:47  PM ET Wed, 12 June 2019","""I salute CEO Michele Buck for masterminding this tremendous turnaround ... but wait for a pullback,"" Jim Cramer says."
Cramer: What Wall Street doesn't get about the SunTrust-BB&T merger," 7:03  PM ET Fri,  8 Feb 2019",Jim Cramer says the tie-up has more to do with technology than any traditional success metric for big banks.
JP Morgan: 'Goldilocks' stock conditions ahead after Fed decision," 7:47  PM ET Thu, 22 March 2018","J.P. Morgan told clients that the Federal Reserve's reluctance to forecast four rate hikes in 2018 should spur a ""goldilocks"" rally in stocks."
"Cramer Remix: Even at Dow 25K, this market is a beast, and it's a beauty"," 7:21  PM ET Thu,  4 Jan 2018",Jim Cramer dished on what’s behind the strength of this market.
"Cramer Remix: Don't panic over the housing start number; Instead, use it to buy into these stocks","10:26  AM ET Wed, 27 March 2019",Jim Cramer breaks down the companies he's seeing opportunity in following the release of disappointing February housing data.
"Cramer: GE 'deserved to rebound' on Tusa upgrade, but I still wouldn't buy the stock"," 6:59  PM ET Thu, 20 Dec 2018",Jim Cramer says now may not be the time to buy shares of General Electric despite a recent upgrade from a key analyst.
Cramer's game plan: A busy week ahead of a make-or-break report," 6:58  PM ET Fri, 28 Sept 2018","Jim Cramer flags key stocks and events in the week ahead, including a Labor Department report that could prompt a sell-off."
Cramer's lightning round: Take a long-term view on JP Morgan's stock," 8:25  PM ET Thu,  6 Dec 2018","Jim Cramer rips through his responses to callers' stock questions, including one on a high-profile bank name that had a volatile day."
McCormick CEO says it's 'hard to know the impact of the coronavirus in China'," 9:22  PM ET Thu,  6 Feb 2020","McCormick CEO Lawrence Kurzius tells CNBC coronavirus ""can't be a positive"" as parts of China are on lockdown."
Pelosi explains what role business could play in bringing about social change," 7:36  PM ET Tue, 17 Sept 2019","In an interview with CNBC's Jim Cramer, House Speaker Nancy Pelosi said the country must address income disparity, create new jobs and lead in green technologies."
Cramer's week ahead: It is shaping up to be a good week for earnings," 6:41  PM ET Fri, 11 Oct 2019","""I'm expecting many of these quarters could be better than expected,"" ""Mad Money's"" Jim Cramer says."
Jim Cramer spots 8 'instant winners' after China's Wuhan lockdown lifted,"10:06  PM ET Wed,  8 April 2020","""With the opening of Wuhan last night it's a whole new ballgame for the second largest economy in the world,"" the ""Mad Money"" host said"
"Cramer's week ahead: The market can go higher with Uber's IPO, tariffs behind us"," 7:27  PM ET Fri, 10 May 2019","""We made it through hell week ... We can finally start talking about earnings and interest rates again,"" Jim Cramer says."
"Polaris has a 'once-in-a-generation opportunity,' Jim Cramer says"," 6:40  PM ET Wed, 10 June 2020","""This is a company that benefits enormously from the V-shaped recovery thesis, and it also works with a slower recovery,"" Cramer said."
Okta CEO explains why his cybersecurity company has a leg up on big-name tech giants like Microsoft," 6:54  PM ET Thu, 21 June 2018","Jim Cramer hears from Okta co-founder, Chairman and CEO Todd McKinnon about his cybersecurity company's prospects."
,,
Cramer's lightning round: I think Nike goes higher," 6:57  PM ET Fri,  4 Oct 2019",Jim Cramer takes calls and delivers his thoughts to callers about their favorite stock picks of the day.
"Cramer: CEO change aside, Intel's stock is too cheap at these levels"," 6:52  PM ET Thu, 21 June 2018",Jim Cramer backs the stock of Intel despite Thursday's unexpected leadership change at the chipmaker.
Cramer's game plan: Feeding the beast with a bank earnings kicker," 7:13  PM ET Fri,  5 Jan 2018","Jim Cramer looked ahead to the stocks and events he'll watch next week, including two major conferences and earnings from the banks."
Jim Cramer deciphers the speculative and blue-chip stocks driving the market," 8:35  PM ET Wed,  1 July 2020","""The whole market's being upended by the pandemic and the lines they are shifting,"" the ""Mad Money"" host said."
Cramer's lightning round: Procter & Gamble has 'unbelievable numbers'," 8:32  PM ET Wed,  1 April 2020","""Mad Money"" host Jim Cramer rings the lightning round bell, which means he's giving his answers to callers' stock questions at rapid speed."
Market volatility is not over: Wall Street strategist," 6:39  PM ET Thu,  3 May 2018","Investors should expect more volatility this year, says Wall Street veteran Nicholas Colas. "
Jim Cramer: Banks 'may need to say goodbye to their dividends'," 8:52  PM ET Thu, 16 April 2020","""[I]f there is a prolonged lockdown, then I think the banks are in trouble,"" the ""Mad Money"" host said."
Cramer's lightning round: Disney 'has a great long-term situation brewing'," 6:54  PM ET Mon,  7 Oct 2019",Jim Cramer takes calls and delivers answers to viewers' questions about their favorite stock picks in rapid speed.
Cramer's lightning round: Delta Air Lines is not a buy," 7:36  PM ET Fri,  3 April 2020","""Mad Money"" host Jim Cramer rings the lightning round bell, which means he's giving his answers to callers' stock questions at rapid speed."
Jim Cramer shakes up his Cramer Covid-19 Index: Wall Street is 'more confident' about a recovery," 6:55  PM ET Tue, 26 May 2020","""The market's gotten more confident that we'll have a speedy, V-shaped recovery ... and that makes the recession stocks less attractive,"" the ""Mad Money"" host said."
Jim Cramer reveals his top social media stocks," 6:58  PM ET Mon, 20 May 2019","Jim Cramer ranks the stocks of Twitter, Snap, Pinterest and Facebook."
Cramer parses the numbers behind Trump's steel and aluminum tariffs," 7:11  PM ET Fri,  2 March 2018",Jim Cramer predicts the effects of the recently announced tariffs on key companies in the space.
Cramer's lightning round: Now is not the time to buy cloud stocks—wait for a dip," 7:04  PM ET Tue,  2 Oct 2018","Jim Cramer rattles off his take on callers' favorite stocks, including a cloud play that's been experiencing some stormy weather."
"Jim Cramer breaks down Peloton's IPO, reveals the right time to buy the stock"," 6:59  PM ET Thu, 26 Sept 2019",Exercise equipment manufacturer Peloton debuted on the Nasdaq Composite at $27 per share. Jim Cramer recommends starting a position at least $4 below the open price.
Cramer: New tariffs and forecast cuts are coming — Here's how to play it," 7:12  PM ET Thu,  1 Aug 2019","""We're now back in a world where international companies will be forced to cut their forecasts,"" Jim Cramer says"
Cramer: You should be scared if you own natural gas stocks," 7:37  PM ET Mon, 26 March 2018",Jim Cramer drills down on the weakness in the natural gas space and many of its related stocks.
These 5 signs tell Jim Cramer that Tuesday's market rally was 'justified'," 7:16  PM ET Tue, 30 Oct 2018",Jim Cramer flags five things that tell him Tuesday's market action wasn't a market anomaly.
Cramer's lightning: Aurora is just a speculative stock," 7:33  PM ET Thu, 24 Oct 2019","""Mad Money"" host Jim Cramer rings the lightning round bell, which means he's giving his answers to callers' stock questions at rapid speed."
Cramer's lightning round: Wall Street youngsters are weighing on oil stocks," 7:14  PM ET Tue, 27 Feb 2018","Jim Cramer rattles off his take on callers' favorite stocks, including an oil play subject to an investor-led sea change."
"Everything Jim Cramer said on 'Mad Money,' including big earnings week, L Brands' predicament"," 7:42  PM ET Fri, 24 Jan 2020",CNBC's Jim Cramer previews the week ahead of earnings as coronavirus concerns rise. He explains why he's not so bullish about Victoria's Secret-parent L Brands' turnaround story.
Cramer Remix: Don’t despair about the transports’ weakness," 7:06  PM ET Wed, 18 July 2018",Jim Cramer explains why investors shouldn’t worry about the slumping transportation stocks after United Continental’s quarter.
Cramer suggests investing in regional gambling plays as trade weighs on China-tied giants like Wynn," 6:55  PM ET Fri, 13 July 2018",Jim Cramer suggests alternate investments to the beleaguered casino gaming stocks that have properties in Chinese territory Macau.
Cramer Remix: Next week's earnings could make or break how the Fed approaches rate hikes," 7:04  PM ET Fri,  9 Nov 2018",Jim Cramer explains how a strong consumer snapshot could force an ugly reaction from the Fed. 
Zscaler CEO shrugs off Palo Alto Networks: 'They feel the pain and they try to attack everyone'," 4:04  PM ET Mon, 23 Sept 2019","Zscaler CEO Jay Chaudhry tells Jim Cramer the company is ""very bullish"" about its prospects, despite competition for clients from Palo Alto Networks."
Cramer's lightning round: A tale of two Squares," 7:04  PM ET Fri,  9 Nov 2018",Jim Cramer tells investors not to buy shares of Square as two pessimistic sides of Wall Street come to bear on the stock.
Cramer's game plan: Be ready to 'buy the next dip' in this 'ideal backdrop for stocks'," 7:08  PM ET Fri,  1 Feb 2019","Jim Cramer shares his game plan for the week ahead and tells investors that 2019 might turn out to be ""surprisingly rewarding."""
,,
Traders talk low-beta plays and S&P key levels as stocks plunge," 3:48  PM ET Mon,  9 March 2020",Katie Stockton of Fairlead Strategies and Quint Tatro of Joule Financial talk low-beta stocks and key market levels to watch with CNBC's Seema Mody.
Cramer's most trusted market indicator says to start buying stocks," 7:49  PM ET Wed,  4 March 2020","""I expect a mild recession based on weakness in travel and entertainment, but right now the oscillator is saying you should buy stocks,"" Jim Cramer said."
Cramer: Watch these risky trades to track progress in the US vs. China 'trade war'," 7:03  PM ET Fri,  6 April 2018",Jim Cramer highlights a trading style that could be useful for investors to watch amid escalating U.S.-China tensions.
Tim Cook: Apple's greatest contribution will be 'about health',"10:52  AM ET Fri,  9 Aug 2019","Apple CEO Tim Cook says his company will ""announce new services"" in 2019 in an interview with Jim Cramer."
Cramer's lightning round: I'm sticking with this gold stock pick," 7:13  PM ET Tue, 23 April 2019",Jim Cramer takes calls and gives his thoughts about different stocks in lightning speed.
Cramer's lightning round: Exxon Mobil's stock has finally gotten cheap," 7:06  PM ET Tue, 15 Jan 2019","Jim Cramer rattles off his responses to callers' stock questions, including one tied to a sector he's trying to avoid."
Cramer's lightning round: AbbVie needs to make an acquisition—it might just save its stock," 7:12  PM ET Tue, 29 Jan 2019",Jim Cramer tears through his responses to callers' stock questions in the lightning round.
"Cramer Remix: If you want a long-term cannabis play, look no further","10:24  AM ET Fri, 16 Nov 2018",Jim Cramer reveals that Constellation Brands and Canopy Growth are the best plays for investors in the marijuana market. 
"Inovio expects to finish recruiting coronavirus vaccine volunteers by end of April, CEO says"," 8:17  PM ET Thu, 23 April 2020","""We expect to finish enrollment of all 40 volunteers before the end of April,"" Inovio CEO Dr. Joseph Kim said. The biotech firm has begun phase one trials."
Cramer's lightning round: Watch the technicals with Canada Goose's stock," 7:13  PM ET Wed, 21 March 2018","Jim Cramer shares his take on callers' favorite stocks at lightning speed, including a luxury retail play."
Cramer's lightning round: My playbook for buying into Twitter's stock," 6:59  PM ET Wed, 11 April 2018","Jim Cramer shares his take on callers' favorite stocks at lightning speed, including social media play Twitter."
Cramer's lightning round: Qualcomm needs to resolve its slew of issues," 7:02  PM ET Wed, 18 April 2018","Jim Cramer rattles off his take on callers' favorite stocks, including a technology play making headlines."
Cramer's lightning round: I like Amarin stock here," 6:56  PM ET Tue,  3 March 2020","""Mad Money"" host Jim Cramer rings the lightning round bell, which means he's giving his answers to callers' stock questions at rapid speed."
Jim Cramer: 18 stock picks worth owning over the S&P 500," 7:07  PM ET Wed, 15 April 2020","""Rule No. 1 for the new abnormal is that you stick with the winners and you leave the raggedy rest to the others,"" the ""Mad Money"" host said."
"Investors 'can afford to be cautiously optimistic,' according to the charts"," 7:05  PM ET Tue,  5 Feb 2019",Jim Cramer calls on technician Rob Moreno to predict what could be next for stocks in 2019.
Etsy CEO shrugs off 'rocky' start to Q1: 'We feel really good'," 2:59  PM ET Fri, 10 May 2019",Etsy CEO Josh Silverman tells Jim Cramer he is optimistic about the rest of the year and explains the e-commerce platform's plan to reduce carbon emissions.
"Expect more sell-offs without good news on the coronavirus, Jim Cramer says"," 6:55  PM ET Thu, 20 Feb 2020","Market sell-offs like Thursday's ""can extend the life of a rally,"" the ""Mad Money"" host said."
Cramer's lightning round: When investors should pull the trigger on Ulta Beauty," 7:39  PM ET Mon, 16 Sept 2019","""Mad Money"" host Jim Cramer rings the lightning round bell, which means he's giving his answers to callers' stock questions at rapid speed."
Cramer's lightning round: I want you to buy CVS," 7:02  PM ET Thu, 14 Nov 2019","""Mad Money"" host Jim Cramer rings the lightning round bell, which means he's giving his answers to callers' stock questions at rapid speed."
Cramer's lightning round: Microsoft is one of my absolute favorite stocks," 7:03  PM ET Wed,  7 March 2018","Jim Cramer fires off his take on callers' favorite stocks, including that of a popular technology company."
'There's a rhythm to these things:' Domino's Pizza CEO discusses impending departure," 7:32  PM ET Wed, 10 Jan 2018",Jim Cramer spoke with Domino's Pizza CEO Patrick Doyle to discuss his recently announced departure from the company.
Cramer: Pick individual stocks with long-term growth stories in this 'treacherous' market," 7:04  PM ET Tue, 11 Dec 2018",Jim Cramer recommends steering clear of stocks and exchange-traded funds with China exposure as the stock market endures drastic swings.
,,
Cramer: Analyst recommendations are already boosting stocks in 2018—and they won't stop," 7:31  PM ET Wed,  3 Jan 2018","Jim Cramer highlighted the flurry of bullish, stock-moving analyst notes issued after the Republican tax bill became law."
"The S&P 500's chart is signaling a near-term pullback, technical analyst warns"," 7:02  AM ET Mon, 25 Nov 2019","The last time the S&P 500's chart showed this, stocks pulled back shortly thereafter, says JC O'Hara, chief market technician at MKM Partners."
Cramer: Ride the wave of the PC comeback with stocks like Micron," 8:16  PM ET Mon,  5 March 2018",Jim Cramer tracks the return of personal computers and how it makes semiconductor stocks like Micron and Nvidia look cheap.
,,
"Bitcoin's heading to a new all-time high along with the S&P 500, says Fundstrat's Tom Lee"," 9:17  AM ET Sun, 15 Sept 2019","""We're inching closer"" to new record highs for bitcoin and stocks, says the Fundstrat Global Advisors co-founder and head of research."
Cramer's lightning round: Buy Marvell Tech because '5G is king'," 8:22  PM ET Thu, 26 March 2020","""Mad Money"" host Jim Cramer rings the lightning round bell, which means he's giving his answers to callers' stock questions at rapid speed."
"Starbucks, Uber CEOs talk new partnership, emphasis on company culture"," 6:58  PM ET Fri, 14 Dec 2018",Jim Cramer sits down with Starbucks President and CEO Kevin Johnson and Uber CEO Dara Khosrowshahi to discuss the importance of company culture and their new partnership.
Tapestry CEO: Accessories has seen 'terrific' growth in the last year,"11:30  AM ET Wed, 15 Aug 2018",Tapestry CEO Victor Luis tells Jim Cramer how his company beat top and bottom line expectations for its fourth quarter.
"Everything Jim Cramer said on 'Mad Money,' including bull stocks, Fed cut mistake, Chevron CEO"," 7:36  PM ET Tue,  3 March 2020","CNBC's Jim Cramer revealed three segments of the market he's bullish on, said the Federal Reserve's emergency rate cut was ""wrong"" and sat down with Chevron CEO Mike Wirth."
,,
,,
Cramer Remix: Pessimism is weighing on this stock," 7:00  PM ET Thu, 23 Aug 2018",Jim Cramer reveals the reason behind Micron’s recent declines. 
Cramer's lightning round: A patient person can wait for GE to payoff," 7:24  PM ET Thu, 18 June 2020","""Mad Money"" host Jim Cramer rings the lightning round bell, which means he's giving his answers to callers' stock questions at rapid speed."
"Investors should sell oil stocks on any rumored OPEC deal, Jim Cramer says"," 8:36  PM ET Mon,  9 March 2020","""If there's any kind of rumor that the Saudis and the Russians have a new deal to save OPEC and reinstate the old order, I think you use that as a chance to sell,"" the ""Mad Money"" host said."
Cramer's lightning round: 'Peloton's stinking up the joint'," 6:51  PM ET Fri, 27 Sept 2019",Jim Cramer takes calls and delivers answers to viewers' questions about their favorite stock picks of the day.
"Everything Jim Cramer said on 'Mad Money,' including trade deal stocks, Robinhood fractional shares"," 7:23  PM ET Thu, 12 Dec 2019","""Mad Money"" host Jim Cramer names stocks worth buying on a trade deal, argues against free trade with China and sits down with a Robinhood co-CEO."
Cramer's lightning round: Bank of America's stock is a screaming buy," 7:08  PM ET Fri,  1 Feb 2019","Jim Cramer zooms through his responses to callers' stock questions, including one of the top names in banking."
,,
Cramer's game plan: Stay on your toes as market-moving news flow continues," 8:11  PM ET Fri,  2 Nov 2018","Jim Cramer tells investors not to be too positive or too negative in a week with major earnings reports, a potential trade deal with China and the midterm elections."
"Everything Jim Cramer said on 'Mad Money,' including earnings, China winners, Centene CEO","12:14  PM ET Fri, 25 Oct 2019","CNBC's Jim Cramer helps investors understand what to add to their portfolios, explains what software stocks are safe to buy here and sits down with Centene CEO Michael Neidorff to talk health care, among other topics."
"CEO of holding company behind Vimeo, Daily Beast shares why he thinks it's undervalued"," 7:03  PM ET Thu,  7 Feb 2019",Jim Cramer and IAC CEO Joey Levin get to the heart of why Wall Street tends to undervalue the diversified holding company.
"Oil market is 'emblematic' of everything wrong with the economy, Jim Cramer says"," 8:11  PM ET Mon, 20 April 2020","""The main takeaway from today is that our economy remains closed and when an economy is closed … you don't need a lot of fossil fuels,"" the ""Mad Money"" host said."
Jim Cramer names the price to buy newly-public fintech Bill.com 'very aggressively'," 6:54  PM ET Mon, 16 Dec 2019","Bill.com counts Bank of America, JPMorgan Chase and American Express among its partners."
"GE will be transparent about challenges in its turnaround plan, CEO Larry Culp says","12:03  AM ET Fri, 15 March 2019","""There's a lot of capital there that we're gonna be able to put to use to bring down the leverage on the industrial balance sheet,"" General Electric CEO Larry Culp says."
Dividend cuts may mean rethinking your retirement income strategy," 8:54  AM ET Thu, 16 July 2020","Hundreds of companies have cut or suspended their dividends so far this year, and the second half of the year is when investors will feel those reductions the most."
Cramer: 'Solid evidence' shows that investors can make money in this market even without a China trade deal," 7:37  PM ET Mon, 25 Feb 2019","Jim Cramer explores how stock traders can win on M&A deals, earnings, and the tech sector even if a trade deal does not pan out."
Cramer Remix: Don't be alarmed by IAC's spin-off talk," 8:07  PM ET Tue, 20 Aug 2019",Jim Cramer eases investor worry over talks that IAC may spinoff ANGI Homeservices and Match Group to boost value.
"Cramer: Caterpillar stock charts show high-risk, high-reward chance of a 'snapback rally'"," 7:42  PM ET Mon,  3 Dec 2018","Jim Cramer and technician Tim Collins survey the stock charts of industrial giant Caterpillar, which has become something of a proxy for progress in the U.S.-China trade war."
,,
S&P 500 can rally 15% this year despite the shutdown sideshow: Blackstone's top strategist," 9:23  AM ET Wed, 16 Jan 2019","Blackstone's new chief investment strategist says he doesn't see ""any real lasting effects"" of the government shutdown on the economy."
Cramer Remix: Tesla news sends bond prices higher," 6:59  PM ET Tue,  7 Aug 2018",Jim Cramer breaks down how Elon Musk’s tweet on taking Tesla private impacted the bond market.
Trump's tax cut windfall lifts stock dividends to new record," 5:41  PM ET Tue,  3 April 2018","President Donald Trump's tax-cut windfall helped push dividend payments to a new record, S&P Dow Jones Indices said Tuesday."
IBM CEO: Red Hat deal is a 'game-changer' that will grow cash flow and gross margins in first year," 7:05  PM ET Mon, 29 Oct 2018",Jim Cramer sits down with the CEOs of IBM and Red Hat after a blockbuster deal between the two cloud companies.
Cramer Remix: Here's how to approach Fed-induced sell-offs," 7:11  PM ET Mon, 30 Dec 2019",Jim Cramer breaks down which stocks are worth eyeing when averages take a hit.
"Everything Jim Cramer said on 'Mad Money,' including upcoming earnings and Walmart"," 1:24  PM ET Mon, 18 Nov 2019","The ""Mad Money"" host offers his early take on next week's earnings reports, while also learning about how artificial intelligence is changing how customers interact with brands from LivePerson's CEO."
"S&P 500 crosses 3,000 for the first time after Powell signals rate cut","10:10  AM ET Wed, 10 July 2019","The S&P 500 crosses 3,000 for the first time as Fed chair Jay Powell signals a rate cut for July. CNBC's Jim Cramer, David Faber and Carl Quintanilla discuss."
Cramer's lightning round: Hold on to this 'never-talked-about company'," 6:51  PM ET Tue, 22 Oct 2019","""Mad Money"" host Jim Cramer rings the lightning round bell, which means he's giving his answers to callers' stock questions at rapid speed."
Jim Cramer: Chipotle is a buy at this price," 7:45  PM ET Mon, 20 April 2020","""Mad Money"" host Jim Cramer rings the lightning round bell, which means he's giving his answers to callers' stock questions at rapid speed."
"Not even strong earnings can prevent a 10 percent plunge, top Invesco market watcher warns"," 8:31  AM ET Wed, 11 July 2018",Invesco's Kristina Hooper believes Wall Street should brace for trouble.
"Ex-Theranos CEO Elizabeth Holmes believed she was helping the world, Bad Blood author says"," 7:25  PM ET Wed, 22 Aug 2018",Jim Cramer sits down with Bad Blood author John Carreyrou to discuss Theranos and its former CEO Elizabeth Holmes.
"Parsley Energy CEO says Texas must cut oil production, which hasn't happened since the 1970s"," 6:49  PM ET Wed, 15 April 2020","""My stance is if we don't do something quickly in the face of a pandemic, you are going to cripple this domestic industry on the other side,"" CEO Matt Gallagher told CNBC."
"The S&P 500 could fall to the 2,600 area, says strategist"," 5:00  AM ET Tue, 11 June 2019","Shyam Devani of Citi discusses the timing of a possible Fed rate cut. He also says, if the S&P 500 falls to 2,600, it will be something the Federal Reserve can't ignore."
"Charts show the US could be able to reopen for business in three weeks, Jim Cramer says"," 7:28  PM ET Tue, 21 April 2020","""I'm still very worried about this pandemic … but the charts, as interpreted by Larry Williams, suggest that the future might be brighter than we expect,"" Cramer said."
"Nucor CEO sticks by dividend, predicts steel price bottom in second quarter"," 8:21  PM ET Tue, 28 April 2020","""We are optimistic that we'll see the bottom in Q2 and move out of that as we enter the third and fourth quarters,"" Nucor CEO"
Cramer's lightning round: Don't sell your stake in Shake Shack—it's finally fairly valued," 7:01  PM ET Thu,  5 July 2018","Jim Cramer flies through his take on callers' favorite stocks, including a fast-food restaurant operator finally gaining steam."
Cramer's advice on investing during Washington gridlock: Buy fast growers," 7:08  PM ET Wed,  7 Nov 2018","Jim Cramer recommends stocks like Amazon and Apple in the wake of the 2018 midterm elections, in which Democrats regained control in the House of Representatives."
Cramer says the Fed could cause a 2019 slowdown with its aggressive rate hike agenda," 7:05  PM ET Fri, 12 Oct 2018",Jim Cramer warns that U.S. companies could feel the heat of the Fed's lockstep rate hikes in 2019.
Cramer: The Apple Watch is like 'the gateway drug' to Apple's whole ecosystem," 7:07  PM ET Thu, 13 Sept 2018",Jim Cramer doubles down on his praise of Apple after the iPhone maker reveals its newest line of devices.
Jim Cramer's advice for spotting a stock's peak: Look for a counterintuitive move," 7:00  PM ET Thu, 26 Dec 2019","Jim Cramer breaks down how investors can decipher a ""signal"" from the ""noise"" in a stock's action."
Trump taps medical supplies-maker Puritan Medical to ramp up coronavirus swab testing production,"11:38  PM ET Tue, 21 April 2020",Puritan Medical executive Timothy Templet broke down the private manufacturers efforts to make up to 50 million swabs per month to combat Covid-19.
Cramer admits he's getting 'a little cautious' about the Fed's effect on the economy," 7:04  PM ET Tue,  9 Oct 2018",Jim Cramer lays out his bear case for the Federal Reserve's rate hike plans and explains why he's getting a little bit cautious.
AMN Healthcare recent acquisitions come just in time to fight coronavirus outbreak," 8:51  PM ET Fri, 20 March 2020","AMN Healthcare CEO Services CEO Susan Salka broke down the hospital staffing company's acquisitions of Stratus Video and b4health, and how they are being applied to fight COVID-19."
Jim Cramer: Robinhood pushed Charles Schwab to deal for TD Ameritrade," 7:20  PM ET Thu, 21 Nov 2019","""These companies have to combine to cut tech spending ... ad spending to defend their turf"" from app trading, ""Mad Money"" host Jim Cramer says."
"The S&P 500 hits an ominous milepost, but trader says it may not be so bad"," 7:40  AM ET Fri,  3 April 2020","The S&P 500 made a ""death cross"" this week, when the 50-day moving average crossed below the 200-day moving average."
"Cramer Remix: If the economy slows down, this is what you’ll want to own","10:28  AM ET Fri, 15 June 2018",Jim Cramer reveals why FANG doesn’t need a strong economy to deliver powerful numbers.
"Coronavirus shutdowns work 'to our advantage,' Constellation Brands CEO says"," 7:26  PM ET Fri,  3 April 2020","""You see a lot of channel shift, and you see this in many recessionary environments,"" Constellation Brands CEO Bill Newlands told CNBC's Jim Cramer."
Jim Cramer says this is 'a good time to start looking for stocks to buy into weakness'," 6:57  PM ET Tue,  1 Oct 2019","To investors who fear a recession or a Warren presidency, Jim Cramer says, ""I think you're going to miss out on some terrific opportunities."""
Cramer's lightning round: I'm finally making the buy call on Alibaba," 6:49  PM ET Tue,  5 Feb 2019",Jim Cramer runs through his reaction to callers' questions about their stock picks.
"Everything Jim Cramer said on 'Mad Money,' including market comeback, Cigna and McCormick executives","11:18  AM ET Fri,  7 Feb 2020",CNBC's Jim Cramer laid out four reasons why Wall Street reversed its fortunes after Friday's big coronavirus-induce sell-off. He checks in with executives of McCormick and Cigna.
New Domino's Pizza CEO describes 'fortressing process' with hotspot initiative," 6:49  PM ET Thu, 19 July 2018",Jim Cramer gets the latest on pizza trends with Domino's Pizza's new President and CEO Richard Allison.
Cramer's lightning round: I think GE will be higher a year from now," 7:09  PM ET Wed, 18 Sept 2019","Jim Cramer hears from viewers about the stocks of General Electric, Trade Desk, Micron, Snap and other companies."
Cramer flags Mastercard and Visa's 'unbeatable' hedges against China trade fears," 7:07  PM ET Wed, 11 July 2018",Jim Cramer explains why the stocks of Mastercard and Visa have strong safeguards against the brewing U.S.-China trade conflict.
Dow closes lower for fourth day in a row," 6:48  PM ET Fri, 15 June 2018","The ""Closing Bell"" team discusses the market's reaction to trade tensions with China. With Bertelsen, Aviance Capital Management; CNBC's Mike Santoli; and CNBC Contributor Evan Newmark.
"
Speaker Nancy Pelosi: $3 trillion coronavirus relief bill is a 'big ticket' for a 'big problem'," 6:53  PM ET Tue, 12 May 2020","""I think that there's an opportunity here for us because this is only centered — only centered — on the coronavirus,"" the top Democrat in Congress told CNBC's Jim Cramer."
Cramer's lightning round: Take a pass on Bristol-Myers Squibb shares for now," 7:00  PM ET Tue, 15 May 2018","Jim Cramer fires off his take on callers' favorite stocks, including a biopharmaceutical play facing a rival."
"Thursday's 'snapback' gives investors 'a glimpse into the future,' Jim Cramer says"," 7:10  PM ET Thu, 19 March 2020","Jim Cramer said, ""It's too late to sell. At this point, if you want out, you've got to wait for more of a bounce."""
"'Be careful about how much you sell' at these levels, warns Jim Cramer"," 6:48  PM ET Tue, 22 Jan 2019",Jim Cramer says investors need to practice discipline when deciding how much stock to sell during the stock market's recent declines.
Cramer: We got too negative on Friday—there's always a better time to sell," 7:19  PM ET Mon,  9 April 2018",Jim Cramer explains why Friday's sell-off was not the ideal time for investors to sell out of their positions.
Cramer bullish on Dr Pepper-Keurig deal despite Wall Street's tepid response," 7:12  PM ET Tue, 30 Jan 2018","Jim Cramer lists the benefits of the Dr Pepper Snapple-Keurig Green Mountain deal, zeroing in on Keurig CEO Bob Gamgort's track record."
Wall Street bull says a near-term pullback is coming,"11:54  PM ET Tue, 24 July 2018","Despite the booming economy, market strategist and Wall Street bull Tony Dwyer predicts a near-term pullback of 5 to 10 percent."
Cramer: 'Call me a buyer' of Comcast's stock despite its drop after Sky win," 6:47  PM ET Mon, 24 Sept 2018",Jim Cramer defends Comcast's long-term track record despite the media giant's share drop in the wake of winning the bidding war for Sky.
"Salesforce CEO supports probing big tech, says tech must 'get the values straight'"," 4:17  PM ET Fri,  7 June 2019","""We are at a point in our industry where enough is enough,"" Marc Benioff says. We must ""get the values straight with these tech companies."""
Cramer: 3 charts show investors should get ready for a big rally in the stock market in September,"11:35  AM ET Wed, 28 Aug 2019","""The charts, as interpreted by the legendary Larry Williams, suggest that it's time to stop panicking, stop complaining and start buying,"" Jim Cramer says."
Jim Cramer: The same obstacles that scared investors drove the market to record highs," 6:12  PM ET Mon,  4 Nov 2019","""The panicked money managers ... represent the fuel that this market needs to go higher, and right now this rally [has] fuel in spades,"" CNBC's Jim Cramer says."
Cramer Remix: The June Swoon talk is useless," 7:54  PM ET Mon, 10 June 2019",Jim Cramer breaks down the old market adage and explains why the market is signaling something different.
,,
,,
Cramer Remix: Don't let Wall Street convince you there's a 'Fed-induced bubble'," 7:12  PM ET Tue, 12 Feb 2019",Jim Cramer breaks down the real reasons behind the market's latest moves.
Cramer's lightning round: The right opportunity to buy Wells Fargo," 7:00  PM ET Mon, 27 Jan 2020","""Mad Money"" host Jim Cramer rings the lightning round bell, which means he's giving his answers to callers' stock questions at rapid speed."
"Cramer tracks the 'very close' race to $1 trillion between Apple, Amazon, Alphabet and Microsoft"," 7:16  PM ET Thu, 19 April 2018",Jim Cramer examines four massive tech giants to see which one is most likely to win the race to a $1 trillion in market cap.
Cramer reveals winners and losers in Trump's Huawei blacklist reversal," 7:56  PM ET Tue,  2 July 2019","""If you're making components for telco infrastructure, I think you got a pretty big problem,"" the ""Mad Money"" host says."
,,
"UnitedHealth Group CEO: In 10 years, tech will push health care to become more value-based"," 7:00  PM ET Wed, 28 March 2018",Jim Cramer sits down with UnitedHealth Group CEO David Wichmann at CNBC's Healthy Returns conference to discuss the health-care giant's prospects.
"Jim Cramer reveals second-quarter playbook, says the quarter is 'going to be so ugly'"," 7:15  PM ET Tue, 31 March 2020","The ""Mad Money"" host said investors should ""stick with the staples, the utilities and the stay-at-home tech stocks."
Restaurant Brands CEO: Popeyes' chicken sandwich has had an unprecedented impact on business," 7:02  PM ET Mon, 29 June 2020","Popeyes' viral chicken sandwich brought in new customers who are ""now experimenting and exploring the entire menu,"" Restaurant Brands CEO Jose Cil said."
Cramer Remix: The Praxair-Linde deal is a double-edged sword," 7:07  PM ET Wed, 28 Nov 2018",Jim Cramer details why anti-competitive mergers tend to be bad for customers but winners in your portfolio.
Cramer Remix: The most beaten-down group in the entire market,"10:55  AM ET Mon, 14 May 2018",Jim Cramer dishes on the stock of Campbell Soup and its fate in the underperforming food sector.
Cramer says Apple's stock could have a $300 price target if it were only valued properly," 6:50  PM ET Tue, 31 July 2018",Jim Cramer argues that Apple should be seen as a consumer products company rather than a technology player after its third-quarter earnings beat.
Cramer's lightning round: DocuSign can be a 'stay-at-home stock'," 7:08  PM ET Mon,  2 March 2020","""Mad Money"" host Jim Cramer rings the lightning round bell, which means he's giving his answers to callers' stock questions at rapid speed."
Cramer's lightning round: 'You do want to buy defense stocks right here'," 7:30  PM ET Mon, 30 March 2020","""Mad Money"" host Jim Cramer rings the lightning round bell, which means he's giving his answers to callers' stock questions at rapid speed."
,,
"American Airlines CEO says 737 Max 'damages' should hit Boeing shareholders, not American's"," 6:33  PM ET Fri, 25 Oct 2019","""The reality is this: We've already borne all sorts of damages to our customers, to our team and to our shareholders,"" American Airlines CEO Doug Parker says."
"Cramer vets the activist stakes in Starbucks, Campbell Soup and PPG"," 7:24  PM ET Wed, 10 Oct 2018","Jim Cramer breaks down what activist investors could bring to the table at Starbucks, Campbell Soup and PPG Industries."
Cramer shares his top energy stock picks as oil prices rise," 7:22  PM ET Tue,  2 Jan 2018",Jim Cramer revisited the oil sector and hand-picked the best investment guidelines for the energy stock comeback.
Cramer's week ahead earnings: 'We've got a huge number of companies reporting next week'," 7:09  PM ET Fri, 24 Jan 2020","High-quality stocks — unrelated to China or travel — that get hurt on coronavirus fears are worth pouncing on, CNBC's Jim Cramer says."
"Cramer Remix: What ""Medicare for All"" would mean for UnitedHealth Group"," 8:33  PM ET Mon, 29 April 2019",Jim Cramer breaks down what the 2020 election could mean for UnitedHealth Group.
"Is the S&P 500 likelier to hit 2,900 or 1,800 by the end of 2020?"," 2:32  AM ET Fri,  3 April 2020","Stephane Monier of Lombard Odier Private Bank outlines the two scenarios which could play out for the markets, and gives his potential targets for the S&P 500 under each one."
Why Jim Cramer thinks Wall Street will 'anoint' Chipotle in the fourth quarter," 8:00  PM ET Thu, 19 Sept 2019","""I wouldn't be surprised if Chipotle can keep climbing through the end of the year,"" the ""Mad Money"" host says."
Cramer Remix: Fentanyl could derail a US-China trade deal," 8:17  PM ET Mon,  1 April 2019",Jim Cramer says China must follow through on its fentanyl-related promise or risk President Trump suspending talks.
Cramer Remix: Don't rely on another's viewpoint when managing your portfolio," 2:42  PM ET Wed, 24 July 2019",Jim Cramer explains why investors should approach the advice of big-name money managers with skepticism and think for themselves.
Cramer: The best way to avoid crushing student loan debt," 6:55  PM ET Mon, 23 Dec 2019",Jim Cramer says students who graduate with no debt end up being worth more than classmates with outstanding loans.
Salesforce CEO Marc Benioff: Our $20 billion revenue target just became that much more attainable," 7:19  PM ET Wed, 28 Feb 2018","Jim Cramer sits down with Salesforce founder, Chairman and CEO Marc Benioff to discuss the company's earnings results."
"The bull market is ‘fake news’ but America will still outperform every time, strategist says"," 8:30  AM ET Wed, 22 Aug 2018","Investors shouldn't get carried away by the bull market's record, some strategists warn, as soaring equities are currently unique to the U.S. amid weak returns everywhere else. "
"Cramer: Between G-20, jobs report and Fed forecasts, 'I am taking a cautious stand next week'"," 6:01  PM ET Fri, 21 June 2019","""Remember, [Powell] didn't commit to cutting rates next month, he just said he's monitoring the situation,"" the ""Mad Money"" host says."
Cramer Remix: Don’t let this buying opportunity pass again," 7:01  PM ET Thu, 24 May 2018",Jim Cramer reveals why FMC Corp.’s recent dip is a prime time to buy the stock.
Gap CEO Art Peck: Big data gives us major advantages over competitors," 2:10  PM ET Thu, 12 April 2018",Jim Cramer sits down with The Gap Inc. President and CEO Art Peck after earnings for a glimpse at Gap's role in apparel retail.
"Cramer Remix: When it comes to trade, ignore Treasury Secretary Mnuchin"," 7:05  PM ET Fri, 14 Sept 2018",Jim Cramer explains why it's best to disregard the top Trump advisor when it comes to China.
"The S&P 500 'could get ugly' in the near future, Jim Cramer warns"," 7:13  PM ET Wed,  1 July 2020","The S&P 500 could be riding into a ""make-or-break moment"" in the short term, the ""Mad Money"" host said."
Cramer's 4 reasons for why Tesla's shorts are facing an uphill battle with Elon Musk," 7:06  PM ET Wed,  8 Aug 2018","Jim Cramer explains why Tesla's short-sellers might be up against ""the greatest short-buster in modern memory"" in Elon Musk."
"Constellation Brands CEO reveals why Bruce Linton, founder of pot stock Canopy, was fired"," 9:45  AM ET Tue,  9 July 2019","Constellation Brands CEO Bill Newlands tells Jim Cramer ""our board was uniform"" about removing Bruce Linton as CEO of Canopy Growth."
"Buying this dip could get 'very, very nasty' for investors, trader warns"," 7:05  AM ET Thu, 27 Feb 2020","The stock market is at a make-or-break moment that could decide if buying on pullbacks could burn investors, trader Boris Schlossberg says."
"Everything Jim Cramer said on 'Mad Money,' including stocks worth buying, Tesla is 'tech'"," 7:51  PM ET Wed, 22 Jan 2020","""Mad Money"" host Jim Cramer broke down why Apple, IBM and Netflix are worth buying at current levels. He defined Tesla as a tech company, not a car company."
Cramer's lightning round: The analysts downgrading Edwards Lifesciences are 'knuckleheads'," 7:01  PM ET Tue,  9 Jan 2018","Jim Cramer flew through his take on callers' favorite stocks, including a biotechnology stock being targeted by Wall Street."
"Everything Jim Cramer said on 'Mad Money,' including Carnival cruises rally, Shopify COO"," 7:58  PM ET Wed, 12 Feb 2020","CNBC's Jim Cramer breaks down why Carnival shares and the broader market rose in Wednesday's session, coming off the first-in-the-nation primary in New Hampshire."
"Jim Cramer says groups of stocks are 'too toxic to touch' after Dow tanks 1,000 points"," 6:45  PM ET Mon, 24 Feb 2020",CNBC's Jim Cramer warns investors not to buy shares of companies that are about to have supply chains cut due to coronavirus.
Cramer's sell-off strategy: Spotting the market's bottom," 8:08  PM ET Mon,  5 Feb 2018",Jim Cramer prepares investors for the stock market's intraday gyrations.
,,
"The economy is not falling into a recession, but the slowdown stocks are working, Cramer says"," 8:31  PM ET Mon, 12 Aug 2019","""The day-to-day action is going to favor the slowdown stocks and wreak havoc for the industrials, the technology stocks, and worst of all the financials,"" Jim Cramer says."
The charts show Amazon's stock can break through record highs: Cramer," 7:30  PM ET Mon, 29 July 2019","After the stock's recent pullback, investors could be getting a rare buying opportunity in Amazon, Jim Cramer explains."
Cramer's lightning round: 'I beg you' to hold the stock of Hasbro," 7:02  PM ET Tue,  5 June 2018","Jim Cramer rattles off his take on callers' favorite stocks, including a toymaker recovering from Toys R Us' bankruptcy."
Jim Cramer: 5 reasons why cyclical stocks are showing resilience and may go higher," 8:16  PM ET Mon, 28 Oct 2019","""Normally these stocks get hammered in the wake of a shortfall, yet this quarter they're more likely to rally,"" Jim Cramer says."
Cramer's lightning round: FedEx got hurt by China — Buy some in 3 days," 6:51  PM ET Mon,  6 May 2019",Jim Cramer takes calls and delivers his assessment of viewers stock picks in rapid speed.
How electric scooter company OjO plans to shake up the food delivery industry," 6:58  PM ET Mon,  4 Nov 2019",OjO Electric is trying to differentiate itself from larger rivals such as Bird and Lime by offering rideshare scooters with seats.
"Cramer: The selling has gone too far, especially after Trump's tax cuts"," 7:17  PM ET Tue,  1 May 2018",Jim Cramer sees too many positive data points to make sense of the widespread weakness in the stock market.
"There is enough economic data for the Fed to warrant a rate cut, Jim Cramer says"," 7:21  PM ET Thu, 22 Aug 2019","""The economy may be in good shape now, but if we keep getting more and more tariffs it could deteriorate,"" Jim Cramer says."
,,
,,
Cramer's favorite market indicator is signaling that stocks are 'way overbought'," 6:24  PM ET Thu, 12 Sept 2019","""The S&P's proprietary short-range oscillator ... currently stands at eight, and that's not just overbought, it's way overbought,"" Jim Cramer says."
"Wall Street's 'incredibly strong month' is based on 'hope,' Jim Cramer warns"," 6:44  PM ET Tue, 28 April 2020","""Some of these hopes make more sense than others,"" the ""Mad Money"" host said."
These S&P 500 stocks have outperformed since the 2009 bottom — here are the 2 traders would buy now," 4:43  PM ET Tue, 10 March 2020",Gina Sanchez of Chantico Global and Todd Gordon of Ascent Wealth Partners pick their favorite stocks out of those that have outperformed the market since its March 2009 bottom.
,,
"Cramer: Buy Jack Daniels maker Brown-Forman on growth prospects, global appeal"," 7:09  PM ET Thu,  8 March 2018","Jim Cramer makes the case for buying shares of Brown-Forman, even after the liquor maker's post-earnings decline."
Cramer reveals 7 sectors of opportunity amid steep market-wide sell-off," 8:43  PM ET Mon,  5 Aug 2019",Jim Cramer suggests investors begin finding new positions in stocks among the rubble after a deep market sell-off.
Markets are seeing light at the end of the tunnel: Fidelity," 3:24  AM ET Wed,  6 May 2020","After a slew of bad news for the markets since the outbreak of coronavirus, markets are slowly tracing back the recline. Jurrien Timmer of Fidelity Investments says that while we can't precisely guess the future, the markets and a ""resilient"" S&P are moving to look at a light at the end of the tunnel."
Cramer's lightning round: Buy more VMware," 7:31  PM ET Tue, 14 July 2020","""Mad Money"" host Jim Cramer rings the lightning round bell, which means he's giving his answers to callers' stock questions at rapid speed."
,,
"Everything Jim Cramer said on 'Mad Money,' including bond market, Adobe vs. Salesforce, sell-off buys"," 7:16  PM ET Mon, 27 Jan 2020",CNBC's Jim Cramer warns that the bond market could have a negative impact on the banking sector. He gives a list of stocks worth buying off the coronavirus-induced market sell-off.
Cramer Remix: Why Whirlpool’s stock is not worth the risk," 7:24  PM ET Thu, 26 April 2018",Jim Cramer issues a new call on Whirlpool after first quarter earnings and the president’s tariffs.
Cramer Remix: Why the Johnson & Johnson fine isn't so bad for the company," 9:56  PM ET Mon, 26 Aug 2019",Jim Cramer explains what the Johnson & Johnson ruling means for the stock.
Cramer Remix: Your strategy for the stock of Nvidia in a volatile market," 7:23  PM ET Thu,  8 Feb 2018",Jim Cramer breaks down his thoughts on Nvidia after earnings.
"Four things need to happen for the stock market to bottom, Jim Cramer says"," 7:28  PM ET Mon, 17 Dec 2018",Jim Cramer says four things need to happen for the stock market to find a true bottom as sellers drive the major averages lower.
"Cramer's lightning round: Bet on Norwegian Cruise Line, not Carnival"," 6:59  PM ET Mon, 13 Aug 2018","Jim Cramer shares his take on callers' favorite stocks, including which cruise line's numbers show the best growth."
"Cramer Remix: Retailers are facing a new, harsher reality"," 7:04  PM ET Thu, 10 Jan 2019",Jim Cramer lays out why retailers have to adapt to a more informed consumer or suffer the consequences.
,,
"Cramer adds new stocks, recommends buying 12 laggards in his Covid-19 index"," 7:01  PM ET Mon, 29 June 2020","""When you look at the biggest winners in the index, they're overwhelmingly tech companies that help facilitate the stay-at-home economy, and a lot of these got hit today,"" the ""Mad Money"" host said."
Cramer Remix: What could trigger a new wave of selling next week," 7:00  PM ET Fri,  9 Feb 2018",Jim Cramer reveals what could bring another decline next week.
Four things to watch for a market bottom,"11:35  AM ET Tue,  6 Feb 2018",Bob Pisani breaks down what traders are watching to mark that this sell-off is finally over.
"Tesla's hitting new highs, and Jim Cramer is 'dumbfounded' that it hasn't gone higher"," 7:04  PM ET Tue,  7 Jan 2020","Tesla has strong growth, GM is barely growing and Ford is shrinking. ""Nobody wants to pay up for stagnation,"" CNBC's Jim Cramer said."
Cramer's lightning round: Buy Twitter despite imperfect quarter," 7:05  PM ET Mon, 20 Aug 2018","Jim Cramer shares his take on callers' favorite stocks, including why he thinks Twitter is worth buying."
Cramer's lightning round: Never buy Caterpillar going into a recession," 7:24  PM ET Fri, 15 May 2020","""Mad Money"" host Jim Cramer rings the lightning round bell, which means he's giving his answers to callers' stock questions at rapid speed."
Cramer: Investor apathy for Lyft is a big positive for this bull market," 1:07  AM ET Wed,  3 April 2019","Jim Cramer says Lyft's ""ice cold"" entrance to the Nasdaq turns out to be ""great news for the rest of the market because a flood of hot IPOs is the last thing the bulls need."""
,,
Obscure market statistic could point to record highs for S&P 500 by year-end," 9:10  AM ET Thu, 23 Aug 2018","While the dog days of summer have failed to produce record highs for the S&P 500, one widely followed strategist has a simple message for investors: wait until winter. "
"Core Labs' latest move is a sign the oil market is not getting better anytime soon, Cramer says"," 6:39  PM ET Wed,  8 Jan 2020","""They were telling you this situation is only going to get worse for the industry, not better,"" CNBC's Jim Cramer said."
Cramer on chip stocks' reversal: 'You can't wait for an all-clear sign' to buy," 6:50  PM ET Wed,  9 Jan 2019","Jim Cramer says stocks like Micron, Nvidia and Lam Research have bottomed, and that waiting for ""ironclad proof"" that business is getting better isn't the best strategy."
Jim Cramer: Tesla's success is reminiscent of Amazon and Netflix," 7:44  PM ET Thu, 30 Jan 2020","""Wall Street never runs out of money for a company that has the best product, flawless execution and off-the-charts demand,"" CNBC's Jim Cramer said."
Norwegian Cruise Line CEO: 'We expect to sail sometime in 2020'," 9:01  PM ET Thu,  7 May 2020","Norwegian Cruise is working ""shoulder-to-shoulder"" with health officials to ""develop an enhanced protocol"" to relaunch cruise trips, CEO Frank Del Rio said."
Cramer Remix: I don't like this stock because of its exposure to US malls," 7:52  PM ET Fri, 14 June 2019","Foot Locker had ""a miserable conference call and a not-great last quarter,"" CNBC's Jim Cramer says."
"Cramer: Investors should take analyst downgrades of GE, Boeing seriously"," 9:01  PM ET Mon,  8 April 2019","Jim Cramer says the stock market has had an ""incredible"" run and that investors should consider the action-orientated downgrades of multiple stocks."
,,
Cramer's lightning round: This stock could be ready to break out," 8:22  PM ET Tue, 16 April 2019","It's that time again! ""Mad Money"" host Jim Cramer rings the lightning round bell, which means he's giving his answers to callers' stock questions at rapid speed."
,,
Jim Cramer explains how the market was able to virtually shrug off a major oil shock," 7:14  PM ET Mon, 16 Sept 2019","""In the old days, the averages would've plunged on this kind of oil shock. I know because I've lived through a bunch of them, starting in 1973,"" Jim Cramer says."
Cramer's lightning round: Expect Boeing to get 737 Max approval within two months," 7:53  PM ET Thu, 27 Feb 2020","""Mad Money"" host Jim Cramer rings the lightning round bell, which means he's giving his answers to callers' stock questions at rapid speed."
"Don't wait for the 'all clear' on chip sales to make a bet on Texas Instruments, Cramer says"," 7:49  PM ET Wed, 24 April 2019",Jim Cramer is warning investors not to miss out on easy gains by waiting until the end of the semiconductor cycle to buy Texas Instruments.
Cramer: Don't own the stocks of companies fending off competition—they can be 'treacherous'," 6:56  PM ET Thu,  2 Aug 2018",Jim Cramer tells investors to steer clear of buying shares in companies like Red Robin Gourmet that are facing fierce industry competition.
,,
Cramer: 3 reasons why this market rally should be taken seriously," 7:45  PM ET Mon, 14 May 2018",Jim Cramer outlines three reasons why this market rally should be taken seriously. 
"Cramer Remix: Here's where your first $10,000 should be invested"," 7:01  PM ET Tue, 31 Dec 2019",Jim Cramer shares his advice for how investors should manage their money and mitigate risk.
Jim Cramer's week ahead: We need more downside before I'm ready to get more positive," 6:52  PM ET Fri, 27 Sept 2019","Overbought markets ""tend to get hit with sell-offs, especially when we're being flooded with shoddy IPOs,"" Jim Cramer says."
"Everything Jim Cramer said on 'Mad Money,' including housing recovery, Eli Lilly CEO, bargain stocks","11:57  AM ET Wed, 18 Dec 2019","CNBC's Jim Cramer breaks down the positive signs in the latest housing data, sits down with Eli Lilly's CEO and reveals stocks worth buying."
The US markets are 'ridiculously complacent': Strategist," 1:59  AM ET Tue,  3 Dec 2019","Kathryn Vera of Bulltick Capital Markets says the U.S. markets are complacent about domestic politics, Fed policy and the trade dispute with China, and that's a cause for concern for investors"
"Cramer's pot predictions for 2019: Legalization, deals, branding goes big"," 2:32  PM ET Tue, 29 Jan 2019",Jim Cramer shares his outlook for the year ahead in the budding cannabis industry.
Nancy Pelosi calls for 'very strong' change in response to nationwide unrest," 6:55  PM ET Thu,  4 June 2020","""Let's take this moment to be an inflection point ... that we are going to not just proceed incrementally, but in a very strong way to do things differently,"" the House Speaker said."
Cramer: I helped investors through the 2010 flash crash by following one key rule," 6:43  PM ET Wed, 27 Nov 2019","Jim Cramer builds on his ""nobody ever made a dime panicking"" mantra by explaining how investors can apply it to their portfolios."
Two charts suggest the stock market may repeat the 'sins' of 2018," 8:32  AM ET Fri, 17 May 2019","Markets have seen a reprieve from selling in recent days, but NorthmanTrader founder Sven Henrich says the underlying technicals tell a different story."
Cramer on Apple earnings: The haters have 'no more new ammunition'," 7:12  PM ET Tue, 29 Jan 2019",Jim Cramer says Apple's haters are at a loss for ammo against the iPhone maker after its first-quarter earnings report.
"Charts show Microsoft, Apple may be ready to surge and take Wall Street to new heights: Jim Cramer"," 6:39  PM ET Tue, 17 Sept 2019","Jim Cramer takes a look at chart analysis of Apple and Microsoft by Stock Market Mentor founder and technician Dan Fitzpatrick, who sees bullish signs in the stocks."
Cramer rails against 'reckless' volatility trading products: They are 'practically designed to fail'," 5:21  AM ET Wed,  7 Feb 2018","Jim Cramer reviews the market sell-off, focusing on the volatility trading that he says accelerated the losses."
"Cramer's lightning round: Microsoft is making hard to own Dropbox, Slack"," 7:03  PM ET Fri, 20 Dec 2019","""Mad Money"" host Jim Cramer rings the lightning round bell, which means he's giving his answers to callers' stock questions at rapid speed."
,,
Cramer: Why Planet Fitness is working out and the new Weight Watchers isn't,"12:35  PM ET Mon, 11 March 2019",Jim Cramer dishes out on why WW has lost its subscriber base since its rebrand and how Planet Fitness' stock is still climbing toward to the sky.
"Jim Cramer reveals his playbook, says investors can start slowly buying stocks Thursday afternoon"," 6:33  PM ET Wed, 13 May 2020","The ""Mad Money"" host instructs investors to keep their eyes on the food and drug stocks as a sign to start building a position in the market."
Cramer's lightning round: Dropbox's stock is a buy even after the tech sell-off," 7:21  PM ET Tue, 13 Nov 2018",Jim Cramer flags an opportunity in shares of data-focused technology play Dropbox in the lightning round.
,,
Jim Cramer: Time to do some strategic selling after a big run in the market," 6:33  PM ET Thu,  7 Nov 2019","The ""Mad Money"" host says the market rally creates an opportunity to make profits that can be deployed in a pullback later on."
Cramer's lightning round: Citigroup and JP Morgan are my only bank stock picks," 7:28  PM ET Tue, 27 Nov 2018","Jim Cramer fires off his answers to callers' stock questions, including a query on a regional banking play."
,,
"Cramer: The Fed pleased investors, but there's 'no escaping' the wrath of this White House"," 7:07  PM ET Wed, 19 June 2019","Investors need to be cautious because the economy will get hurt the longer the trade war drags on, Jim Cramer says."
'Timing couldn't have been worse' for the Trump administration to issue bans on China: Jim Cramer," 6:36  PM ET Tue,  8 Oct 2019","""I think you need to be very careful as this market readjusts and re-calibrates its expectations,"" CNBC's Jim Cramer says."
Salesforce's Marc Benioff on the future of Big Tech: 'Capitalism needs guardrails'," 6:48  PM ET Wed, 16 Oct 2019","""Capitalism needs guardrails. ... That's a very important part of the future of technology as well,"" Salesforce co-CEO Marc Benioff tells CNBC's Jim Cramer."
Most global indexes have surpassed our 12-month targets: CIO,"11:54  AM ET Fri,  5 June 2020","The magnitude of the rally in U.S. stocks since March has come as a surprise, says Tuan Huynh of Deutsche Bank Wealth Management. With the markets pricing in a ""blue sky"" scenario, he says now is the time to take some profits off the table."
"Disney shares have more upside, 'even after today's phenomenal run,' Jim Cramer says"," 4:34  PM ET Thu, 14 Nov 2019","""Not long ago, Iger told me 'we're just getting started,' and I say 'it's still not too late to join him on his ride of a lifetime,'"" the ""Mad Money"" host says."
Cramer: This earnings period revealed 'brutal truths' about US-China trade," 7:17  PM ET Mon, 11 Feb 2019",Jim Cramer guides investors on how to approach developments in U.S.-China trade talks.
,,
"Fed rate cut, trade wars: How to know if you have too much risk in your portfolio","12:04  PM ET Thu,  1 Aug 2019",Recent market highs could have prompted you to take on more equity risk in your portfolio. Here's why you may want to reevaluate your positions now.
Cramer's game plan: JP Morgan set the benchmark. Now watch the banks," 7:05  PM ET Fri, 12 Jan 2018",Jim Cramer laid out the stocks and events he'll be watching as earnings season kicks into high gear with the big banks' reports.
"Apple needs new analysts that know how to cover its services business, Jim Cramer says"," 7:34  PM ET Wed, 31 July 2019","""People keep underestimating Apple's new business model,"" the ""Mad Money"" host says."
Cramer's game plan: What to expect in the week of earnings and Friday's jobs report," 7:59  PM ET Fri, 26 April 2019",Jim Cramer predicts that the April non-farm payroll report will be strong. He says it may trigger some to call for a more hawkish Federal Reserve.
Cramer Remix: How this drug stock put the bear case to rest," 7:04  PM ET Fri,  5 Oct 2018",Jim Cramer details Eli Lilly's miraculous rally and how it went from loathed to loved in a matter of months.
,,
"Cramer: If you're investing based on Trump's tweets, you're doing it wrong"," 7:25  PM ET Tue, 13 March 2018",Jim Cramer warns investors about being reactionary and selling on the basis of Trump tweets.
"Cramer's lightning round: Arena Pharmaceuticals, Yext, IAC, and more"," 7:08  PM ET Fri, 17 May 2019",Jim Cramer takes calls and delivers answers to caller stock picks in the latest lightning round.
Cramer's lightning round: Harley-Davidson is not a buy,"10:36  AM ET Tue,  2 June 2020","""Mad Money"" host Jim Cramer rings the lightning round bell, which means he's giving his answers to callers' stock questions at rapid speed."
"Head of esports scholarship program is bullish on competitive gaming, but not with games like NBA 2K"," 7:00  PM ET Fri, 26 Jan 2018",Jim Cramer sits down with UC Irvine's Acting Director of esports Mark Deppe to hear about how competitive gaming is coming to colleges.
Cramer's lightning round: Discipline says sell some of the hot Enphase stock," 7:06  PM ET Tue, 27 Aug 2019","""Mad Money"" host Jim Cramer rings the lightning round bell, which means he's giving his answers to callers' stock questions at rapid speed."
Hasbro CEO deflects question on Mattel talks: 'We first and foremost are investing in our business'," 7:15  PM ET Wed,  7 Feb 2018","Jim Cramer checks in with Brian Goldner, the chairman and CEO of Hasbro, after earnings to vet takeover rumors."
,,
Nvidia CEO Jensen Huang: Uber accident made us realize the importance of self-driving tech," 7:26  PM ET Thu, 29 March 2018","Jim Cramer gets Nvidia founder, President and CEO Jensen Huang's take on the recent fatal accident with an Uber self-driving vehicle."
,,
Cramer's lightning round: 'Roku is a great way to play cord-cut'," 6:50  PM ET Fri, 21 Feb 2020","""Mad Money"" host Jim Cramer rings the lightning round bell, which means he's giving his answers to callers' stock questions at rapid speed."
Cramer Remix: Traditional media is on a collision course with FANG," 7:16  PM ET Wed, 13 June 2018",Jim Cramer explains what the AT&T-Time Warner ruling reveals about the broader media industry.
Cramer's lightning round: 'Do some trimming' in Qualcomm if the stock rallies," 7:02  PM ET Fri,  4 Jan 2019","Jim Cramer rattles off his responses to callers' stock questions, including one on a technology company with ties to China."
"Cramer reviews the top activist stories of 2019: eBay, Dollar Tree, Bristol-Myers, Bed Bath & Beyond"," 7:25  PM ET Thu,  2 May 2019","""Sometimes, they reach an accommodation with management and it works. Other times they get involved in proxy fights ... and the trade falls apart,"" Jim Cramer says."
Cramer Remix: Goldman Sachs is the ideal stock to own in this moment of volatility," 7:01  PM ET Wed, 21 March 2018",Jim Cramer reveals which stock he has his eye on after Wednesday's Fed news.
Cramer finds pockets of opportunity in the best and worst stocks of 2018's final quarter," 7:01  PM ET Thu,  3 Jan 2019",Jim Cramer reviews the best and worst performing stocks for the fourth quarter of 2018 and highlights the ones with the brightest prospects.
Cramer's lightning round: I don't like Monster Beverage anymore," 7:06  PM ET Mon,  4 June 2018","Jim Cramer flies through his take on callers' favorite stocks, including a beverage maker he can no longer recommend."
Chipotle CEO and CFO: 'We're back on our front foot' after food safety scandals," 9:00  PM ET Thu,  4 Oct 2018",Jim Cramer sits down with Chipotle Mexican Grill CEO Brian Niccol and CFO Jack Hartung to hear about how they're moving on from the chain's past food safety problems.
"Carnival stock's rally is a sign 'this market is driven by hope,' Jim Cramer says"," 7:29  PM ET Wed, 12 Feb 2020","Wall Street is ""blessing any company that spells out its China losses,"" CNBC's Jim Cramer says."
Square Capital head: Leveraging data to extend credit to small businesses that lack access to loans,"11:12  AM ET Wed,  6 March 2019","Jim Cramer sits down with Jackie Reses, the head of Square Inc.'s Square Capital, to discuss how the lending arm is helping businesses that have trouble getting traditional loans."
"The S&P 500 should pass 2,800 after Friday's earnings: Investor"," 6:26  PM ET Thu, 12 July 2018","Several large banks report earnings before the bell Friday. Investor Steve Grasso anticipates positive earnings and the S&P 500 passing the 2,800 mark. "
Cramer's lightning round: I'm a buyer of Wells Fargo," 7:53  PM ET Fri, 15 Nov 2019","The ""Mad Money"" host also says that he would not recommend buying any pipeline stocks. But if you own a company such as Kinder Morgan, ""you don't have to get rid of it."""
,,
Masimo CEO says its remote oxygen monitors were made to mitigate diseases like coronavirus," 9:36  PM ET Tue,  5 May 2020",Masimo CEO Joe Kiani discussed how the medical device maker's telehealth systems can be useful in the fight against coronavirus.
AMN Healthcare Services CEO: Aging population is creating major job shortages in health care," 7:07  PM ET Thu,  3 Jan 2019",Jim Cramer and AMN Healthcare Services President and CEO Susan Salka discuss how the workforce solutions provider is faring at a time of record job openings in health care.
Cramer's lightning round: I would just stay long Wex," 7:23  PM ET Thu, 16 July 2020","""Mad Money"" host Jim Cramer rings the lightning round bell, which means he's giving his answers to callers' stock questions at rapid speed."
Cramer cautions against trading stocks every time Fed chief 'opens his mouth'," 7:16  PM ET Wed, 26 Sept 2018",Jim Cramer analyzes the Federal Reserve's latest interest rate hike and tells investors not to be worried about an economic slowdown.
Cramer's lightning round: Don't give up on the sliding Schlumberger," 7:05  PM ET Tue,  4 Sept 2018","Jim Cramer rattles off his take on callers' favorite stocks, including a longtime Cramer-fave oilfield services play."
Two stocks Jim Cramer says you should add to your kid's portfolio," 6:53  PM ET Fri,  8 Nov 2019","The ""Mad Money"" host says to start your child's stock portfolio with shares of Disney and Nvidia."
Cramer Remix: A trade deal could push this stock even higher,"12:57  PM ET Tue,  9 April 2019",Jim Cramer breaks down how a truce between the U.S. and China could alleviate the headwinds for 3M.
"Apple CEO Tim Cook rips into Qualcomm, leaves little chance of a settlement in patent dispute","11:11  PM ET Tue,  8 Jan 2019",Qualcomm and CEO Steve Mollenkopf have repeatedly said the company expects to settle the dispute with Apple outside of court.
Macy's is the first of what could be a retail and energy purge from the S&P 500,"10:26  AM ET Thu,  2 April 2020","Judged solely by market capitalization, many companies in the index appear in danger of being kicked out."
Cramer: Health care stocks are rising on hopes Biden will snag the 2020 Democratic nomination," 7:46  AM ET Tue, 21 May 2019","""Unlike Bernie Sanders or Elizabeth Warren or Kamala Harris, Biden's against 'Medicare for All,'"" the ""Mad Money"" host says."
"Cramer vets biotech giants Biogen, Celgene, Gilead and Regeneron for positive prospects"," 7:28  PM ET Thu, 10 May 2018","Jim Cramer examines ""the four horsemen of biotech"" to see if their weakening stocks can regain momentum."
,,
Cramer's lightning round: I'm blessing Avita Medical as a spec," 7:04  PM ET Mon,  3 Feb 2020","""Mad Money"" host Jim Cramer rings the lightning round bell, which means he's giving his answers to callers' stock questions at rapid speed."
"Cramer: Tech stocks are overvalued, but 'it's not like we've gone crazy'"," 7:52  PM ET Tue,  2 July 2019","""After a big run, you always hear that there are just too many bulls, too much excitement, too much optimism,"" but Jim Cramer's not buying it."
,,
Jim Cramer: Put Chewy on the shopping list and buy it on a pullback," 7:30  PM ET Fri, 14 June 2019","""Even after today's magnificent run, Chewy isn't all that expensive. The company's got a great growth story and they have legions of loyal customers,"" Jim Cramer says."
"How Facebook, GE and Apple turned their struggles into stock gains: Cramer"," 7:06  PM ET Thu, 31 Jan 2019","Jim Cramer says low expectations helped Facebook, General Electric and Apple's stocks come out on top after earnings."
"Cramer: The bad trade news is partially baked in, but the sell-off isn't over"," 6:59  PM ET Thu, 23 May 2019","""We still haven't seen the big estimate cuts that we can expect from the analysts who weren't expecting President Trump to keep raising tariffs,"" Jim Cramer says."
"These 2 telecom stocks could be major winners from US-China trade war, Cramer says"," 7:17  PM ET Wed,  6 Feb 2019",Jim Cramer says Nokia and Ericsson could come out on top now that U.S. authorities are cracking down on their Chinese competitors.
Cramer's lightning round: Pick the best of breed over this spec stock," 7:08  PM ET Wed, 10 July 2019",Jim Cramer takes calls and delivers his thoughts on viewers' stock picks of the day.
Cramer Remix: Even the Death Star can’t wipe out an industry overnight," 7:06  PM ET Wed,  8 Aug 2018",Jim Cramer details how the stocks of CVS and AutoZone escaped from Amazon’s grips. 
"It is too early to tell whether the coronavirus could trigger a recession, Jim Cramer says"," 7:45  PM ET Thu, 30 Jan 2020","""China's not just exporting a virus, it could potentially export a severe slowdown,"" CNBC's Jim Cramer said Thursday."
"Jim Cramer: Cisco, enterprise tech stocks 'turned into market punching bags'"," 6:43  PM ET Thu, 14 Nov 2019","""The market wants nothing to do with tech companies that serve the enterprise, but ... it loves the consumer,"" the ""Mad Money"" host says."
Cramer on how to protect your portfolio from Washington uncertainty," 6:51  PM ET Thu, 17 Jan 2019",Jim Cramer advises hedging against government shutdown weakness by trimming your consumer-tied stock positions and investing in long-term winners.
,,
"The second food-prep line gives Chipotle a 'huge advantage' in deliveries, CEO says"," 6:56  PM ET Thu,  5 Dec 2019","Chipotle CEO Brian Niccol tells ""Mad Money"" host Jim Cramer that the second prep line prevents the process from getting ""bottlenecked."""
"Markets are failing to appreciate how much further earnings have to grow, asset manager says"," 9:58  AM ET Tue, 22 May 2018","The U.S. may be close to the peak of its earnings cycle, but earnings still have room to climb, according to asset manager NN Investment Partners"
Cramer's lightning round: Take advantage of BlackRock's rare stock dip," 6:59  PM ET Thu, 19 July 2018","Jim Cramer shares his take on callers' favorite stocks, including an investment management play that's on an unusual downtrend."
Cramer's lightning round: Why own Intel when you can own AMD?," 7:18  PM ET Mon,  1 July 2019",Jim Cramer takes calls and delivers answers to viewer stock picks in rapid speed.
Cramer Remix: This was the real creator of December's short-lived bear market," 7:07  PM ET Fri,  1 Feb 2019",Jim Cramer breaks down how the Fed was the driving force behind the December slump.
Cramer Remix: The bull market is still alive and kicking," 7:01  PM ET Wed, 15 Aug 2018",Jim Cramer explains why the stock shortage gives this bull market a real edge.
Cramer's lightning round: I would own Teradyne," 7:33  PM ET Fri, 17 July 2020","""Mad Money"" host Jim Cramer rings the lightning round bell, which means he's giving his answers to callers' stock questions at rapid speed."
MongoDB CEO explains where the company has an edge over database giant Oracle," 7:39  PM ET Thu, 20 June 2019","We have a much more modern data platform that people want to build modern applications on, CEO Dev Ittycheria says."
,,
"Cramer: Legalization is bad for marijuana pricing—right now, pot stocks look expensive"," 7:24  PM ET Fri, 20 April 2018",Jim Cramer looks at the blazing bull market in marijuana to see if the stocks are good buys or about to go up in smoke.
"As 2Q begins, strong profits seen overcoming concerns about big tech"," 9:03  AM ET Mon,  2 April 2018",Opinions are divided about the markets in the second quarter.
Cramer's lightning round: It's time to buy into lithium play Albemarle," 7:05  PM ET Tue, 10 July 2018","Jim Cramer zooms through his take on callers' favorite stocks, including a lithium play gearing up for earnings."
,,
"Okta CEO says cloud company has a 'close eye' on tariffs, but for now exposure is minimal"," 7:11  PM ET Fri, 31 May 2019","""We do think about powering business globally, so it's in everyone's interest I think to have as much free trade — as much economic commerce — as possible,"" Todd McKinnon says."
Cramer's lightning round: Business at these two oil plays will improve in 2019," 7:04  PM ET Mon, 19 Nov 2018",Jim Cramer says Schlumberger and BP are facing a brighter 2019 outlook after sustaining declines in oil prices this year.
Cramer Remix: Get used to this weekly market-moving routine," 7:00  PM ET Mon, 16 April 2018",Jim Cramer spots a weekly market trend that may be here to stay.
"February lows are the key levels to watch, says Steve Grasso"," 4:53  PM ET Mon, 17 Dec 2018","CNBC's ""Closing Bell"" team discusses the S&P 500's lows and what to look for with Steve Grasso."
United Technologies CEO: 'We owe investors an answer' on whether we'll break up the company," 7:21  PM ET Fri, 16 March 2018",Jim Cramer hears from United Technologies CEO Greg Hayes about the potential for a breakup of his massive industrial company.
Cramer's lightning round: Kratos' stock rally proved the haters wrong," 7:04  PM ET Thu,  4 Oct 2018","Jim Cramer shares his take on callers' favorite stocks at lightning speed, including a defense play that he got flak for recommending."
,,
"Everything Jim Cramer said on 'Mad Money,' including 5G plays, the next bull leg, trade uncertainty"," 7:16  PM ET Tue, 10 Dec 2019","CNBC's Jim Cramer explains why investors should buy the dip in 5G stocks, ponders how natural resource sectors can carry the market higher in 2020 and reveals why trade uncertainty is creating buying opportunities."
"Jim Cramer says forget index funds, buy shares in companies 'we can't live without'"," 7:20  PM ET Mon, 16 March 2020","As the global economy slows, stick to the quality recession-proof stocks when they come down, the ""Mad Money"" host said."
Cramer Remix: This food stock has gone stale," 8:41  PM ET Wed, 24 July 2019",Jim Cramer says investors should stay away from Kraft Heinz because the company doesn't have a sustainable path to growth.
Cramer: 'Think twice before you sell' shares of companies competing with Amazon," 7:38  PM ET Mon,  1 Oct 2018","Jim Cramer revisits some ""Amazon survivors"" to prove that the Death Star's competition doesn't always mean total annihilation."
Cramer's lightning round: We're late to the Qualcomm party — Not here," 6:56  PM ET Tue, 14 May 2019","It's that time again! ""Mad Money"" host Jim Cramer rings the lightning round bell, which means he's giving his answers to callers' stock questions at rapid speed."
Our Samsung acquisition opened up a $55 billion market: HP Inc CEO," 7:22  PM ET Thu, 15 March 2018",Jim Cramer sits down with HP Inc. CEO Dion Weisler to gauge the state of the PC and printing markets.
"Cramer's lightning round: 'I'm not a Netflix fan, here'"," 7:07  PM ET Tue,  1 Oct 2019",Jim Cramer takes calls from viewers and delivers his thoughts about their favorite stock picks of the day.
Cramer: Shares of Michael Kors' parent company are cheap — go with the bulls," 7:41  PM ET Thu, 13 June 2019","The Michael Kors parent held an analyst meeting earlier this week in which management laid out its growth plans, but it yielded conflicting opinions from the community."
When the S&P declines more than 2% in February," 2:14  PM ET Thu,  1 March 2018","The S&P ended the month of February down 2%. After similar drops stocks tend to bounce back in March, with the Dow and S&P both up over 1.5% "
"Qorvo's strong quarter 'breathed new life' into chipmakers, 5G plays, Jim Cramer says"," 6:47  PM ET Thu,  7 Nov 2019","""After selling off over the summer, these 5G stocks they're back and they're better than ever,"" Jim Cramer said Thursday on ""Mad Money."""
,,
Jim Cramer: The pandemic led to 'one of the greatest wealth transfers in history'," 7:20  PM ET Thu,  4 June 2020","""I think we're looking at a V-shaped recovery in the stock market, and that has almost nothing to do with a V-shaped recovery in the economy,"" the ""Mad Money"" host said."
'She had the vision' — Salesforce's Benioff cites Rhode Island governor for contact tracing tools," 8:28  PM ET Mon,  4 May 2020",Salesforce's Benioff said it was the Rhode Island governor's idea to pair contact tracing with coronavirus testing as Salesforce sought to launch Work.com.
Cramer Remix: My advice for Lloyd Blankfein on cryptocurrencies," 1:33  PM ET Mon, 22 Jan 2018",Jim Cramer revealed why cryptocurrency could be key for Goldman Sachs.
"IBM executive says blockchain 'creates a lot of value' for manufacturers, retailers"," 7:20  PM ET Thu, 18 Jan 2018","Jim Cramer spoke with IBM's Martin Schroeter after earnings to hear his take on blockchain, bitcoin and the new tax law."
Stock market plunge is a buying opportunity: Analysts," 3:48  PM ET Tue, 29 May 2018","Today's market declines are a buying opportunity, say analysts. "
"Palo Alto CEO forgoes salary, commits to 'no COVID-19 layoffs' during pandemic"," 8:35  PM ET Tue, 31 March 2020","""I think we will come out of this strong both as an economy and as a company,"" Palo Alto CEO Nikesh Arora said in a ""Mad Money"" interview."
"Groupon CEO on AMC partnership, transforming his platform into a 'utility'"," 7:06  PM ET Mon,  3 Dec 2018",Jim Cramer and Groupon CEO Rich Williams discuss the e-commerce platform's trajectory and its recent partnership with movie theater giant AMC Networks.
Wells Fargo CEO responds to Elizabeth Warren's calls for his firing,"11:50  AM ET Mon, 28 Jan 2019",Jim Cramer gets Wells Fargo CEO Tim Sloan's take on Massachusetts Sen. Elizabeth Warren's repeated calls for him to be fired for his implication in a 2016 scandal.
"This CEO is watching out for the 2,800 level of the S&P 500"," 1:16  AM ET Fri, 13 July 2018","Michael Jones of RiverFront Investment Group says he is ""skeptical that we're in the final innings"" of the trade war between the U.S. and China."
Cramer's lightning round: I won't rule out this gold company's stock," 7:05  PM ET Tue, 12 Nov 2019","""Mad Money"" host Jim Cramer rings the lightning round bell, which means he's giving his answers to callers' stock questions at rapid speed."
Cramer: Following these 6 stocks will help you predict which way the market is going,"12:18  PM ET Fri,  8 March 2019","Jim Cramer describes why investors can get a pulse of the market tracking companies like CVS, FedEx, and Facebook, among others."
Cramer Remix: It's not a good time to be a company like United Rentals," 7:08  PM ET Fri, 19 Oct 2018",Jim Cramer outlines why the industrial giant is getting beaten down by the bears in an aggressive-Fed environment.
Cramer: Wake up and hear the music—Spotify is an 'incredible' buy," 7:02  PM ET Fri,  8 Feb 2019",Jim Cramer says Wall Street misread Spotify's guidance even though the music streaming platform has recently made some great acquisitions.
,,
Corona seltzer will launch in spring 2020 with a $40 million push from Constellation Brands," 6:44  PM ET Wed,  8 Jan 2020",Constellation Brands CEO told CNBC's Jim Cramer Corona will enter a hard-seltzer market that he expects to double in 2020.
Stay invested in US markets for the next two years: Strategist," 1:50  AM ET Tue,  7 July 2020","Washington Crossing Advisors' Chad Morganlander says he sees earnings per share potential staying quite robust over the next 24 months, and to stay invested in high-quality sectors and growth names to avoid getting out of the market at the wrong time."
"Five things investors must consider after big coronavirus-induced sell-off, according to Jim Cramer"," 6:48  PM ET Mon, 24 Feb 2020","CNBC's Jim Cramer breaks down five reasons it ""may make sense to start picking at beaten-down stocks, especially if they keep falling."""
Cramer's lightning round: The way to play Goldman's downgrade of Starbucks," 7:07  PM ET Mon, 14 Jan 2019","Jim Cramer zips through his responses to callers' stock questions, including one on a high-profile coffee play."
"Apple is on fire and helping the chip stocks rally, Jim Cramer says"," 7:07  PM ET Mon, 21 Oct 2019","""We're getting some tremendous positive pin action here with some very important companies putting up excellent results and it's reverberating,"" ""Mad Money's"" Jim Cramer says."
Jim Cramer: Plan to buy these digitization plays 'on the way down'," 6:36  PM ET Wed,  4 Dec 2019","""The companies being thrown away are those that are surfing the biggest secular growth story of our era: the digitization of enterprises,"" the ""Mad Money"" host says."
,,
Cramer Remix: This market can't stabilize until Apple does," 7:04  PM ET Mon, 19 Nov 2018",Jim Cramer explains why Apple could hold the key to this market stabilizing.
Cramer says fears of artificial intelligence added to the market sell-off," 7:40  PM ET Thu, 22 March 2018","Jim Cramer determines the causes of the sell-off, zooming in on scandals at Facebook and Uber."
Cramer reviews Expedia's breakout quarter," 6:58  PM ET Mon,  6 Aug 2018",Cramer talks about how Expedia has once again won over the market after its standout second-quarter earnings results.
"CEO says Paxos offers investors 'confidence of a bank, but the innovation of Silicon Valley'"," 7:11  PM ET Mon, 16 Sept 2019","The privately held company is offering PAX Gold, the first regulated gold-backed crypto coin that allows investors to own and trade physical gold."
"Yen, Swiss franc fall for 4th day as investors stay risk-tolerant"," 2:41  PM ET Thu,  6 Feb 2020","The safe-haven yen and Swiss franc struggled for a fourth straight session against the U.S. dollar on Thursday, as investors' tolerance for risk increased, encouraged by the Chinese government's efforts to contain the latest coronavirus and limit the economic fallout."
"Even at $6, Snap's stock still isn't a bargain, Cramer warns: 'It's an ill-advised decision to buy'"," 7:03  PM ET Fri, 30 Nov 2018","Jim Cramer says it's ""ill-advised"" to buy shares of social media play Snap Inc. as the company's revenue growth decelerates and daily active user numbers drop."
Cramer's lightning round: Cisco Systems is a 'show-me situation'," 6:55  PM ET Thu, 23 Jan 2020","""Mad Money"" host Jim Cramer gives his thoughts about callers' favorite stock picks of the day."
The odds that the US and China don't reach a trade deal just got higher: Cramer," 7:05  PM ET Mon, 19 Nov 2018",Jim Cramer warns that the Trump administration's mixed messaging on trade with China could result in increased tensions between the United States and the People's Republic.
Cramer pits Home Depot against Lowe's and picks the better stock," 7:41  PM ET Thu, 22 March 2018",Jim Cramer does an apples-to-apples comparison with the home improvement chains to see which retailer is the better investment.
Cramer Remix: Apple won’t be the only company to hit $1 trillion," 7:06  PM ET Thu,  2 Aug 2018",Jim Cramer explains what makes Apple’s trillion dollar market cap so meaningful.
Cramer's lightning round: Skechers is in the 'penalty box' until its next earnings report," 7:09  PM ET Thu, 14 June 2018","Jim Cramer zooms through his take on callers' favorite stocks, including a sneaker play that's losing steam."
Cramer breaks down why FleetCor is a 'terrific' buy-and-hold fintech play," 7:21  PM ET Wed,  5 June 2019","""FleetCor has a superb long-term story, and the fintech stocks are very hot,"" the ""Mad Money"" host says."
"Cramer Remix: Adobe and Costco are broken stocks, not broken companies"," 6:59  PM ET Fri, 14 Dec 2018",Jim Cramer explains why he thinks Adobe and Costco are ripe for a rebound.
"Cramer rips the current Fed, but stops short of his famous 'They know nothing' rant of 2007","10:58  AM ET Thu, 11 Oct 2018","""The fact is, I do have a better handle on the situation than the Fed does, just like in 2007,"" says CNBC's Jim Cramer."
,,
"Cramer: Trump, the Fed and the cloud can get this market back on track"," 6:50  PM ET Tue, 20 March 2018","Jim Cramer lists the factors that can contribute to a recovery in the stock market, from Trump to tech to takeovers."
Cramer Remix: To ignore this trend is to miss a huge opportunity," 7:16  PM ET Wed, 12 Dec 2018",Jim Cramer dials into digital media's role in attracting customers and the future of Facebook.
Mattel CEO: This holiday shopping season is all about the 'big brands'," 3:14  PM ET Mon, 23 Dec 2019","Mattel CEO Ynon Kreiz gives ""Mad Money"" host Jim Cramer a preview of the hottest-selling toys the company launched this year."
"'Red Dead Redemption 2' has already outpaced previous installment's sales, Take-Two CEO says"," 7:04  PM ET Thu,  8 Nov 2018",Jim Cramer sits down with Take-Two Interactive Software Chairman and CEO Strauss Zelnick to discuss the release of his video game company's newest blockbuster.
Cramer Remix: The trade war isn't about trade—it's about global domination," 7:41  PM ET Fri,  7 Dec 2018",Jim Cramer explains that the U.S.-China trade war is actually about the global hegemony and who really rules the world.
"Yes, disinterested teens can actually make the best investors: Cramer"," 6:53  PM ET Fri, 30 Aug 2019",Jim Cramer says teenagers' habits can provide valuable clues on the hottest trends in the market.
Cramer's lightning round: Managed care stock fears could be 'overdone'," 7:59  PM ET Tue, 17 Sept 2019",Jim Cramer takes calls and delivers answers in rapid speed about viewers' favorite stock picks of the day.
What to do with your 401(k) as the market tanks," 4:13  PM ET Mon,  5 Aug 2019",The market's roller coaster ride may have you tempted to move investments in your retirement nest egg. Here's what financial advisors say you should do instead.
"Cramer: Right now, chipmakers represent the downside of disruption"," 7:05  PM ET Tue, 25 Sept 2018",Jim Cramer breaks down the weakness in the semiconductor stock cohort.
"'It's a mistake' to write off FANG even as the stocks could still go lower, Cramer says"," 7:07  PM ET Wed, 31 Oct 2018","Jim Cramer maintains that even when Facebook, Amazon, Netflix and Alphabet ""screw up,"" they're still great companies."
"Jim Cramer: How Nike keeps delivering results, despite China trade headwinds"," 9:06  AM ET Thu, 26 Sept 2019","Instead of being beholden to the trade war, ""Nike's actually the most in control of its own destiny,"" Jim Cramer says."
,,
"Cramer Remix: In the economic blame game, the Fed is a bigger problem than Trump"," 7:03  PM ET Tue, 18 Dec 2018",Jim Cramer explains why the Fed is more to blame than the president for any slowdown looming on the horizon.
,,
"Cramer: Hershey is 'king of snacking,' but Mondelez stock is a better buy"," 8:14  PM ET Tue, 23 July 2019","""Given how much Hershey's stock has run, I feel much more confident and comfortable buying the stock of Mondelez here,"" CNBC's Jim Cramer says."
"Everything Jim Cramer said on 'Mad Money,' including manufacturing data, Chinese IPOs, restaurants"," 7:41  PM ET Tue,  1 Oct 2019","Jim Cramer advises that investors shake off September's poor manufacturing read, worry less about a potential Elizabeth Warren presidency, examines the stocks of Chipotle, McDonald's and Jack in the Box and interviews the CEO of ConEd."
"The 'fear gauge' shows the market could be headed for 'choppy waters,' Jim Cramer says"," 7:15  PM ET Tue, 13 Aug 2019","""The averages haven't really digested these latest gains, and like we saw last week, big moves higher can result in some serious stock market reflux,"" he says."
"Tuesday saw a 'genuine rally, and that is a bullish sign,' Jim Cramer says"," 6:50  PM ET Tue, 14 May 2019","The stock market saw a broader rally than expected, and that's good news, the ""Mad Money"" host says."
"'Don't get overconfident' after Tuesday's big rally, Jim Cramer says"," 7:32  PM ET Tue,  4 June 2019","""Remember, good things can still happen, but don't get overconfident, because bad things can happen, too,"" Jim Cramer says."
ThirdLove CEO explains how the start-up is thriving as Victoria's Secret struggles," 3:15  PM ET Fri, 24 Aug 2018",Jim Cramer sits down with ThirdLove CEO to hear more about how the start-up uses data to make key business decisions.
Cramer's week ahead: We're fighting a 'two-front war' with coronavirus," 7:48  PM ET Fri, 20 March 2020","""Mad Money"" host Jim Cramer gave a preview of what he'll be keeping his eye on next week as the coronavirus fight heats up and the oil price war drags on."
Cramer suggests 6 State of the Union stock picks," 7:32  PM ET Wed, 31 Jan 2018",Jim Cramer analyzes the president's State of the Union address to find the best stocks to buy off the rhetoric.
"Cyberthreats from Iran, others happen 'all the time behind the scenes,' Crowdstrike CEO says"," 2:49  PM ET Mon,  6 Jan 2020","Crowdstrike CEO George Kurtz tells CNBC's Jim Cramer it's ""certainly a possibility"" that Iran will attack businesses after the U.S. killed its top commander."
"Everything Jim Cramer said on 'Mad Money,' including earnings season, EU tariffs, Constellation CEO"," 7:44  PM ET Thu,  3 Oct 2019","Jim Cramer breaks down how to judge the coming earnings season, interviews Constellation Brands CEO after shares sink, calls Ulta Beauty a buy and bemoans Trump's tariffs on the European Union."
Cramer's lightning round: A stock to cut down on colon cancer," 9:13  PM ET Thu,  7 March 2019",Jim Cramer zips through callers' questions about their stock picks.
,,
"Some software stocks are worth buying on the pullback, according to Jim Cramer","10:17  AM ET Fri, 25 Oct 2019","""Today the cloud stocks proved they can bounce, and ... I think you can start gradually ... buying the highest quality names here,"" the ""Mad Money"" host says."
Cramer's lightning round: I like Uber more than Lyft," 8:28  PM ET Wed,  8 April 2020","""Mad Money"" host Jim Cramer rings the lightning round bell, which means he's giving his answers to callers' stock questions at rapid speed."
These US stocks are most vulnerable to the Brexit outcome," 9:00  AM ET Fri, 25 Jan 2019","Several U.S. S&P 500 companies have significant revenue in the U.K., raising concerns among investors. Goldman Sachs has outlined 20 of the most vulnerable to the Brexit outcome."
"Cramer's lightning round: I've been wrong on Groupon, but I still see value"," 7:12  PM ET Thu, 31 Jan 2019","Jim Cramer flies through his responses to callers' stock questions, including one on the stock of online e-commerce platform Groupon."
Cramer Remix: InterActiveCorp is inexpensive here and is a buy right here," 1:07  AM ET Sat, 18 May 2019",Jim Cramer says he doesn't understand why IAC is trading at current levels after reporting an amazing quarter.
Cramer: Michael Cohen plea and Paul Manafort verdict could have mixed effects on the market," 7:15  PM ET Wed, 22 Aug 2018",Jim Cramer discusses how recent political turmoil involving Michael Cohen and Paul Manafort could propel the markets in either direction.
Cramer: Don't buy shares of Nvidia—the chipmaker is in the penalty box for now," 7:08  PM ET Fri, 16 Nov 2018",Jim Cramer tells investors to steer clear of Nvidia's stock as it hovers near its 52-week lows.
,,
"CARES Act opens path for companies to offer tax-free student loan benefits, startup Goodly CEO says","10:22  PM ET Mon, 13 April 2020","Goodly, a San Francisco startup, outfits businesses with student loan assistance programs. CEO Greg Poulin said benefits have become more achievable."
Columbia Sportswear CEO: There are better 'sourcing countries' than China," 7:12  PM ET Thu, 31 Oct 2019","Columbia Sportswear CEO Tim Doyle talks shifting apparel factories away from China, telling CNBC ""there's been better opportunities in other sourcing countries."""
Cramer Remix: There's 'incredible value' in the stock market right now," 7:03  PM ET Thu, 17 Jan 2019",Jim Cramer explains how the market's overreaction in late 2018 has investors feeling a sense of certainty in the new year.
Cramer: Home Depot got hit by bad weather and produced a windfall for investors," 7:49  PM ET Tue, 26 Feb 2019","Jim Cramer says ""if we are talking about just any old retailer, I would say it's time to sell. A miss is a miss. But Home Depot is different."""
Cramer: This decline isn't about the Fed. It's about Trump and the elites," 7:40  PM ET Thu, 22 March 2018",Jim Cramer ties the market sell-off to high society's distaste in President Donald Trump's trade policies.
'The threats are becoming higher' — L3Harris CEO says tech is driving the future of warfare," 8:56  PM ET Thu, 11 June 2020","""The competition of the future, the war fight of the future, is going to be based on new technology,"" L3Harris CEO Bill Brown said on ""Mad Money."""
Cramer Remix: Why you shouldn't fear the Fed," 6:54  PM ET Fri, 13 July 2018",Jim Cramer makes the case to value the market just as it is.
Cramer's lightning round: We are recommending this speculative stock," 7:09  PM ET Tue, 12 March 2019",Jim Cramer zips through his thoughts about callers' stock picks of the day.
Cramer Remix: Apple's not a forbidden fruit—it's a buy here," 7:02  PM ET Tue,  6 Nov 2018",Jim Cramer consults the charts to see where the tech company is headed after recent declines.
,,
Cramer Remix: I think the stock market's biggest risk right now is the current IPO cycle," 9:30  PM ET Thu, 25 April 2019","Jim Cramer says the barrage of IPOs flooding the market are looking frothy, adding that it could be a sign of irrational exuberance."
Cramer's lightning round: We're going to bet on GE and CEO Larry Culp," 7:10  PM ET Mon,  8 July 2019",Jim Cramer takes calls from viewers and gives his thoughts about their stock picks in rapid speed.
"Cramer's lightning round: I like Foot Locker, but stay out of the malls"," 2:39  PM ET Tue, 26 Feb 2019",Jim Cramer speeds through his thoughts on viewers' favorite stock picks.
China's slowing growth improves the chances for an 'advantageous' trade deal: Jim Cramer," 6:50  PM ET Tue, 22 Jan 2019",Jim Cramer argues that China's economic weakness raises the odds for a U.S.-China trade resolution.
Cramer apologizes for his Autodesk call: It was 'a huge mistake'," 7:06  PM ET Tue,  4 Sept 2018",Jim Cramer admits he misjudged the stock of Autodesk and issues apologies to the company's management and investors.
Cramer: Nordstrom is the latest 'retail resurrection'," 6:57  PM ET Mon, 20 Aug 2018",Jim Cramer says Nordstrom is the latest retailer to rise from the dead after the company reported strong results last week.
Why Fundstrat's managing partner says 2019 is the best year in 20 years for markets,"12:56  PM ET Fri, 18 Oct 2019","Tom Lee, Fundstrat Global Advisors managing partner, joins 'Fast Money Halftime Report' to discuss why he thinks there is more more gains ahead of the stock market. Shannon Saccocia, Boston Private Wealth CIO, and Rob Sechan, UBS Private Wealth Management, also discuss."
Cramer breaks down why Trump's tariffs aren't working for steelmakers like Nucor," 6:58  PM ET Thu, 25 Oct 2018",Jim Cramer points to three reasons for Nucor's muted performance as the Trump administration's tariffs on steel imports kick in.
Cramer's rigorous guide for investing during market volatility," 7:31  PM ET Wed, 31 Jan 2018",Jim Cramer lists the secular growth themes worth buying on days when the market takes dramatic swings.
Cramer's lightning round: When Delta's stock will be worth a look," 7:22  PM ET Mon, 12 Aug 2019",Jim Cramer takes calls and delivers thoughts about viewers' favorite stock picks of the day.
Cramer's lightning round: AT&T's stock is an opportunity here," 7:07  PM ET Thu,  3 Jan 2019","Jim Cramer flies through his responses to callers' stock questions, including one on a telecommunications stock with a high dividend yield."
Cramer's game plan: Navigating 2018's new market challenges," 7:20  PM ET Fri, 16 March 2018",Jim Cramer shares his weekly game plan with investors and tells them to stay on their toes in case of upside surprises.
Cramer's lightning round: Buy AMD over Intel," 6:29  PM ET Fri, 29 May 2020","""Mad Money"" host Jim Cramer rings the lightning round bell, which means he's giving his answers to callers' stock questions at rapid speed."
Cramer explains the six things going right in the economy that are helping him sleep at night," 8:41  PM ET Wed, 27 Feb 2019","From a patient Federal Reserve to CEO turnaround plans, Jim Cramer talks about the key reasons why he is pressing the snooze button more often."
Cramer Remix: What's behind today's huge sell-off,"12:05  PM ET Tue, 14 May 2019",Jim Cramer reveals that the coupling of an escalating trade war with China and Uber's IPO fiasco led to the market's dip.
Cramer: You can make a ton of money over the long term with these 'prestige' stocks," 6:53  PM ET Tue,  5 Feb 2019","Jim Cramer says investors can weather the storm of uncertainty this year with ""prestige"" stocks like Ralph Lauren, Estee Lauder, and Apple."
Stocks tend to be cold in January,"12:00  PM ET Fri,  5 Jan 2018","January tends to be a tough month for stocks  with the Dow, S&P, Dow and Russel 2K all averaging losses of more than one percent. "
Cramer's GE retrospective: The analysts that got it right and the CEOs that got it wrong," 7:25  PM ET Thu, 15 Nov 2018",Jim Cramer applauds analysts Stephen Tusa and John Inch for their negative calls on General Electric and labels them the authorities on the crumbling industrial.
,,
Cramer's lightning round: Buy Cisco before its quarterly earnings report," 7:05  PM ET Fri, 19 Jan 2018","Jim Cramer shared his take on callers' favorite stocks, including a high-profile tech name about to report earnings."
Chipotle CEO on stores damaged in protests: 'We can patch up and fix'," 9:07  PM ET Mon,  1 June 2020","""Fortunately, all of our employees have been safe,"" Chipotle CEO Brian Niccol said in a ""Mad Money"" interview."
"The market's 'safe' stocks might not be so safe anymore, Jim Cramer says"," 7:02  PM ET Thu, 14 Feb 2019",Jim Cramer says the action in the stocks of Coca-Cola and Cisco could be signaling fundamental change in the market.
Cramer: Facebook's 'collateral damage' could be a buying opportunity," 6:57  PM ET Mon, 30 July 2018",Jim Cramer recommends picking through the stocks damaged by investors' panic around Facebook earnings for hidden potential.
Jim Cramer on Wall Street's relation to George Floyd protests: 'The market has no conscience'," 4:56  PM ET Tue,  2 June 2020","The ""Mad Money"" host worries how the nationwide protests, which he generally supports, could impact the fight against coronavirus."
"Many stocks have bottomed; the indexes are still searching, Jim Cramer says"," 8:54  PM ET Tue, 17 March 2020","""We are at the beginning of the most treacherous phase of this [COVID-19] bear market,"" the ""Mad Money"" host said."
"Stocks are rallying on days they should drop and that's a good sign, says Jim Cramer"," 6:50  PM ET Thu, 10 Jan 2019",Jim Cramer explains why the weakness in retail and airline stocks on Thursday didn't drag the broader market lower.
"Everything Jim Cramer said on 'Mad Money,' including coronavirus, Costco CEO, market valuations"," 8:12  PM ET Tue, 21 Jan 2020","CNBC's Jim Cramer broke down how the newly discovered coronavirus could impact the stock market, got a read on Costco's business model and explained five things that can help the market sustain its high levels."
Cramer's lightning round: This oil-refining stock will be a long-term winner," 7:15  PM ET Mon, 26 Nov 2018","Jim Cramer rattles off his answers to callers' stock questions, including one about the long-term welfare of a certain oil play."
Credit Suisse sees almost 10% upside in the S&P 500 in 2020,"11:05  PM ET Mon, 25 Nov 2019","Jonathan Golub of Credit Suisse says the S&P 500 could move up toward 3,425 in 2020 because of a better economic backdrop and improved earnings. He also says he's not expecting a ""wonderful"" trade deal to lift markets and his optimism is not trade dependent."
PVH CEO on China tariff threats: ‘Cooler heads will prevail’," 7:05  PM ET Wed, 30 May 2018","""Mad Money"" host Jim Cramer sits down with PVH CEO Manny Chirico to talk tariffs, China and the company's earnings results."
,,
"Cramer's lightning round: Unfortunately, now is the time to own defense stocks"," 7:02  PM ET Thu, 10 May 2018",Jim Cramer zooms through his take on guests' favorite stocks in a special edition of the lightning round.
"Cramer: Retailers, chipmakers and autos are feeling the pain of China exposure"," 7:38  PM ET Wed, 22 May 2019","""I just want you to know what you own so you're not surprised when this pattern continues,"" Jim Cramer says."
Jim Cramer breaks down what's driving the stock market's rally toward all-time highs," 6:26  PM ET Mon, 28 Oct 2019","""Without strong demand, the averages never would have made it this far,"" ""Mad Money"" host Jim Cramer says."
Cramer Remix: These recession-proof stocks are worth buying on a pullback," 7:06  PM ET Mon,  3 Dec 2018",Jim Cramer highlights high-quality slowdown stocks that he says investors should consider buying gradually into weakness.
Cramer: Investors are holding out hope for a trade deal — that's why the market hasn't bottomed yet," 7:24  PM ET Thu, 23 May 2019","Sentiment is ""not negative enough to trigger a huge rally ... unless we get some kind of real breakthrough with China,"" Jim Cramer says."
Cramer: These stocks were 'far more ready' for Trump's tariff hikes than investors realized," 6:34  PM ET Fri, 10 May 2019","""They've made a lot of the necessary adjustments,"" Jim Cramer says."
,,
,,
Leuthold's Jim Paulsen: Economy could see sub-2% growth this year — but that could help stocks," 4:05  PM ET Thu, 17 Jan 2019","Wall Street strategist Paulsen advises investors to ""remain fairly bullish in the face of a stream of bad news"" in 2019."
"Everything Jim Cramer said on 'Mad Money,' including playing the rotation, gold and bond prices","10:02  AM ET Wed, 11 Sept 2019","Jim Cramer says buy the stocks of high-quality companies that big funds are selling, gold and bond prices could be peaking, interview with VMware COO and AT&T pressure."
Cramer's lightning round: Goldman Sachs' stock is a great play on this volatility," 6:56  PM ET Tue, 27 March 2018","Jim Cramer rattles off his take on callers' favorite stocks, including that of a big bank withstanding the market madness."
Cramer Remix: This stock has engineered the greatest turnaround story of our era," 7:21  PM ET Tue, 13 Nov 2018",Jim Cramer reveals how Bausch Health has put together an amazing comeback.
Cramer Remix: Bonds could trigger a new wave of selling next week," 7:01  PM ET Fri,  9 Feb 2018",Jim Cramer reveals what could bring another decline next week.
Cramer's game plan: No common stock is safe until the volatility bets unravel," 7:03  PM ET Fri,  9 Feb 2018",Jim Cramer looks ahead to key stocks and events investors should watch next week as the stock market lifts from its lows.
"The 'new normal' is a lot less investable as states reopen, Jim Cramer says"," 7:03  PM ET Mon, 27 April 2020","""So until we get a vaccine, you need to approach this market as though the world has changed,"" the ""Mad Money"" host said."
Jim Cramer revisits his top stock picks for the 5G rollout," 7:19  PM ET Mon, 29 April 2019","In February, he declared that Skyworks Solutions, Intel, Qualcomm, Broadcom, and Xilinx were the top five semiconductor companies that stand to benefit from the building of 5G infrastructure."
Cramer's lightning round: MGM's gambling and sports plans are 'spectacular'," 6:52  PM ET Fri, 11 Oct 2019",Jim Cramer takes calls and opines on viewer stock picks of the day in rapid speed.
"Cramer Remix: If the jobs report is strong, it may mean it’s time to buy the homebuilders"," 7:00  PM ET Thu,  5 April 2018",Jim Cramer reveals why a strong jobs number could be good news for some domestic players.
"Kevin O'Leary: If you're worried about dividend cuts, it's 'time to use actively managed ETFs'"," 2:53  PM ET Tue, 12 May 2020","Kevin O'Leary, chairman of O'Shares ETFs, makes his case for why investors should consider actively managed exchange-traded funds."
Cramer's lightning round: Canopy is 'most legit' of the cannabis stocks," 7:45  PM ET Tue, 26 May 2020","""Mad Money"" host Jim Cramer rings the lightning round bell, which means he's giving his answers to callers' stock questions at rapid speed."
Cramer Remix: What the bullish moves in retail signal for the American consumer," 7:04  PM ET Tue,  5 June 2018","Jim Cramer dissects the red-hot leadership in retail, and whether investors should be shopping or dropping the group."
,,
Cramer recommends buying these stocks after Thursday's brutal rout," 4:41  AM ET Fri, 12 June 2020","""In a tough market, you need to circle the wagons around the few good names you feel comfortable buying and then buying more if they go lower,"" Cramer said."
Cramer's week ahead: The Iran situation gives us 'something new to worry about'," 6:22  PM ET Fri,  3 Jan 2020","The economy is still strong, so investors should remain opportunistic, despite the headwinds of a U.S.-Iran conflict, ""Mad Money"" host Jim Cramer says."
"Cramer's game plan: If you can't take the pain, do some selling"," 7:25  PM ET Thu, 29 March 2018",Jim Cramer looks ahead to key events in the week ahead and flags opportunities for investors to spruce up their portfolios.
Cramer's lightning round: Stay away from eBay," 7:17  PM ET Fri, 31 Jan 2020","CNBC's Jim Cramer offers stock advice on eBay, Peloton and Luckin Coffee."
"Funko CEO touts 'competitive advantage' with Fortnite products, talks moving out of China"," 7:04  PM ET Fri,  9 Nov 2018","Jim Cramer speaks with Funko CEO Brian Mariotti, who says his toymaker's popular big-headed dolls and other products serve as ""an index fund of pop culture."""
Jim Cramer: Ollie's Bargain Outlet is bargain stock in a market near its highs," 6:56  PM ET Thu, 13 Feb 2020","""If you want to go bargain hunting in this market, I urge you to look no further than Ollie's Bargain Outlet Holdings,"" the ""Mad Money"" host says."
"Cramer flags the 'clear winners' of earnings season: AMD, Microsoft, Amazon and Alphabet"," 6:57  PM ET Mon, 30 July 2018",Jim Cramer highlights the companies that wowed analysts and investors with their mid-2018 earnings results.
"Lightning will never 'strike' an index fund like it did Biogen on Tuesday, Jim Cramer says"," 7:20  PM ET Tue, 22 Oct 2019","CNBC's Jim Cramer makes the case that investors should own individual stocks ""if you're willing to do the work"" and ""try to beat the averages."""
Cramer Remix: The one stock that is being unjustly overlooked," 7:01  PM ET Tue, 15 May 2018",Jim Cramer details why shares in Disney have been stuck in this market.
"Everything Jim Cramer said about stocks on 'Mad Money,' including 'one big difference'","10:34  AM ET Fri,  6 Sept 2019","Jim Cramer reviews Thursday's market moves, chats with the chief of used-car dealer Carvana and marries stock picks with fantasy football."
Cramer Remix: Don't sweat it—athleisure is still strong,"11:15  AM ET Wed,  3 April 2019",Jim Cramer breaks down the performance of the athleisure space.
"Art Hogan sees S&P 500 making double-digit gains in 2020, led by 3 groups","10:19  AM ET Thu, 12 Dec 2019","The S&P 500 could see another year of double-digit gains as investors look at some unloved groups, says National Securities' Art Hogan."
"Market sell-off is an 'overdue and welcome' correction, top fund manager says"," 4:41  AM ET Tue,  6 Feb 2018","Martin Gilbert, the co-CEO of multi-billion dollar fund Standard Life Aberdeen, says investors should calm down and believes the recent fall in stock markets is just a long overdue correction."
Elizabeth Warren claims Eli Lilly failed on cheaper insulin. CEO says 'nonsense'," 6:34  PM ET Tue, 17 Dec 2019","Warren's report shows ""what's broken in the rest of the pharmaceutical system,"" Eli Lilly CEO David Ricks tells Cramer."
Cramer's lightning round: This stock is just too cheap. You should buy," 7:39  PM ET Wed, 12 June 2019",Jim Cramer takes calls and gives his thoughts about viewers' favorite stock picks of the day.
This technical analyst says the S&P 500 drop was in the charts," 9:18  PM ET Thu,  8 Feb 2018","The technical indicators for the S&P 500 pointed to ""warning signs,"" says Brandon Wendell of the Online Trading Academy."
Jim Cramer: Investors are rotating into and out of these stocks," 6:42  PM ET Wed,  3 June 2020","""Normalcy is shop until you drop. And today's action says that's exactly where we're headed,"" the ""Mad Money"" host said."
Cramer: Here's how to spot the market bottom and maximize returns in your portfolio," 7:45  PM ET Wed, 12 June 2019","""You typically don't get a real bottom until the estimate cuts have been made, the stocks been softened up, and the clueless hot money has abandoned it,"" Jim Cramer says."
"Cramer's second take on Apple, Alphabet and Amazon after the sell-off"," 6:28  PM ET Fri,  2 Feb 2018",Jim Cramer takes a second look at the tech titans' stocks after their Thursday evening earnings reports and Friday's market drop.
Cramer: I'm skeptical about Lyft as a longer-term investment," 7:20  PM ET Fri, 22 March 2019","Jim Cramer bets Lyft's stock can work in a slow growing economy, but warns investors should be cautious with ""fresh-faced"" IPOs."
"Cramer: Charts show steady investor optimism, more upside for stocks"," 7:11  PM ET Tue, 12 Feb 2019",Jim Cramer and technician Carley Garner check on Wall Street exuberance with several key charts.
"Everything Jim Cramer said on 'Mad Money,' including trim holdings, 5G plays, trade developments"," 7:38  PM ET Thu,  7 Nov 2019","CNBC's Jim Cramer says now is the time to take some profits out of the market. The ""Mad Money"" host also explains why 5G is back in vogue."
Jim Cramer says Thursday's rally delivered 'hope': 'We know that a victory is possible'," 6:41  PM ET Thu, 26 March 2020","""I know there's going to be bad news, but at least we're finally fighting back,"" Cramer said after a massive stimulus bill made progress in Congress."
"'I'm actually excited' about the iPhone's prospects in China, Jim Cramer says"," 8:20  PM ET Fri, 20 Sept 2019","""Sure, the trade war's taking its toll on business ... it's just not taking its toll where it was supposed to,"" Jim Cramer says."
Cramer's lightning round: I'm never going to go against Warren Buffett," 6:52  PM ET Fri, 28 Feb 2020","""Mad Money"" host Jim Cramer rings the lightning round bell, which means he's giving his answers to callers' stock questions at rapid speed."
Jim Cramer breaks down The RealReal's IPO and explains the right time pull the trigger," 7:21  PM ET Mon,  1 July 2019","""At a time when the department stores are being eaten alive, The RealReal could be poised to make a killing,"" Jim Cramer says."
Cramer's lightning round: Nokia has become a good spec. I'm done selling," 7:12  PM ET Wed, 28 Feb 2018","Jim Cramer zips through his take on callers' favorite stocks, including a consumer electronics play."
Cramer's lightning round: You haven't missed your chance to buy shares of WWE," 7:02  PM ET Tue, 24 July 2018","Jim Cramer zips through his take on callers' favorite stocks, including a subscription-based entertainment play that could still be packing a punch."
"'Quality really matters' for investors in 2020, says 'Shark Tank's' Kevin O'Leary"," 3:50  PM ET Mon, 11 May 2020","""Shark Tank"" investor Kevin O'Leary, the chairman of O'Shares ETFs, on what he'll be watching in the market for the rest of the year with CNBC's Bob Pisani."
Cramer: 'We've had a terrific run' — it's time to trim some positions," 7:54  PM ET Wed,  1 May 2019","The stock market is in ""fine shape — somewhat overheated, most definitely — but I still think it makes sense to stay the course,"" Jim Cramer says."
Cramer Remix: It's unclear why the auto sector is as weak as it is," 7:05  PM ET Tue, 11 Sept 2018",Jim Cramer digs through what could be causing the auto stocks to weaken even though the economy is growing.
Top steel CEO says US 'desperately' needs new infrastructure to sustain economic boom," 7:11  PM ET Tue, 30 Jan 2018",Jim Cramer speaks to Nucor Chairman and CEO John Ferriola about Chinese steel dumping and President Donald Trump's agenda.
Cramer: Tim Sloan did the right thing and 'took one for the team' ahead of Congress hearing on banks," 6:43  PM ET Fri, 29 March 2019","""Tim Sloan did the right thing and took one for the team, which I think is actually something worth celebrating,"" Jim Cramer says."
Chipotle gift card program to support health-care workers through the coronavirus epidemic," 1:25  PM ET Fri,  3 April 2020","""People that purchase these gift cards will be able to give 10% of those proceeds, roughly, to health-care organizations,"" CEO Brian Niccol said."
"Cramer talks Spotify, the 'anti-IPO' joining the ranks of Netflix and Amazon"," 7:29  PM ET Thu,  5 April 2018",Jim Cramer takes a closer look at Spotify after the music streaming giant's direct listing on the New York Stock Exchange.
"Cramer: Markets could roar after we get past Friday's Uber, tariff gauntlet"," 7:26  PM ET Wed,  8 May 2019","Even if the Uber IPO gets botched and the world's largest economies do not come to a trade truce on Friday, the market will remain in decent shape at the end of the week, Cramer said."
Cramer's lightning round: Two thumbs up for AstraZeneca," 7:13  PM ET Tue, 23 June 2020","""Mad Money"" host Jim Cramer rings the lightning round bell, which means he's giving his answers to callers' stock questions at rapid speed."
Cramer's lightning round: I was wrong to sell Magellan Midstream Partners," 7:15  PM ET Wed, 13 June 2018",Jim Cramer admits he was wrong about selling a pipeline play for his charitable trust in the lightning round.
"This Warren Buffett quote 'is the perfect tagline for this earnings season,' Jim Cramer says"," 7:08  PM ET Wed, 24 Oct 2018","Jim Cramer says a quote from legendary investor Warren Buffett about ""swimming naked"" applies to a lot of companies this earnings season."
"Intel, Caterpillar charts show Wall Street may have 'a lot more downside,' Jim Cramer says"," 7:20  PM ET Tue, 25 Feb 2020",CNBC's Jim Cramer warns of ominous signs in the stock trajectories of Caterpillar and Intel for the broader market.
Amgen CEO on cholesterol drug price cut: 'Too many patients' were struggling to pay," 6:57  PM ET Mon,  7 Jan 2019",Jim Cramer sits down with Amgen Chairman and CEO Bob Bradway to hear about the company's recent price cut for one of its key drugs.
,,
"Stocks still have one more hurdle before the 'bullish promised land,' Cramer says"," 7:00  PM ET Wed, 28 Nov 2018",Jim Cramer highlights trade as a lingering obstacle for Wall Street's bulls after the Federal Reserve seemed to walk back its hawkish interest rate hike plans.
"Cramer explains the rapid sell-off: 'When the market’s not trustworthy, no one buys'"," 8:01  PM ET Thu,  8 Feb 2018",Jim Cramer considers the effect of bonds on the stock market's multi-day decline and explains why investors will hesitate to buy in.
Cramer Remix: The monumental deal you might've missed," 7:02  PM ET Thu,  3 Jan 2019",Jim Cramer offers insight on what long-awaited drug company consolidation could mean for the space.
"Everything Jim Cramer said on 'Mad Money,' including China trade fears, Salesforce co-CEO"," 7:42  PM ET Thu,  5 Dec 2019","CNBC's Jim Cramer says China is a ""much smaller issue than most people seem to realize,"" chats with Salesforce co-CEO Keith Block after the cloud company's earnings and offers stock buying advice to callers."
Cramer Remix: Patience is key in today's market," 7:06  PM ET Mon, 24 Sept 2018",Jim Cramer makes a case for maintaining a long-term outlook in this market.
What it would take for Trump to agree to a deal with China," 4:07  AM ET Wed, 14 Aug 2019","Suresh Tantia of Credit Suisse says the U.S. tariff delay was good news, but doesn't change the narrative. He also says American President Donald Trump will only agree to China's conditions for a deal if there's economic weakness in the U.S. or the S&P 500 corrects by more than 10%."
"Cramer's game plan: With tariffs and rising rates raising uncertainty, it's time to be cautious"," 5:39  AM ET Mon, 18 June 2018",Jim Cramer admits that tariffs and interest rates have made investing harder ahead of what looks to be a positive week of earnings reports.
The stock of Masco managing to soar on weak earnings says a lot about this market: Cramer," 7:10  PM ET Wed, 31 Oct 2018",Jim Cramer breaks down how a disappointing quarterly report from Masco led to a roughly 7 percent surge in its stock.
Cramer: Don't get your hopes up with the stock of Botox maker Allergan,"11:14  AM ET Wed, 11 July 2018",Jim Cramer and technician Tim Collins review Allergan's stock charts to figure out what might be next for the Botox maker.
,,
Cramer: Expect more volatility until the bond market finds some stability," 7:04  PM ET Thu, 15 Aug 2019","""As long as Treasury yields keep plummeting, investors will remain unsure of themselves,"" Jim Cramer says."
Cramer's week ahead: Only game-changing data can counter Trump's surprise tariffs on Mexico," 7:09  PM ET Fri, 31 May 2019","""In an era where all that matters is who's next for punishment, we need to be very cautious,"" Jim Cramer says."
"Blackstone's Byron Wien: Beyond 2019, forget about 15% yearly gains on S&P 500 for a while","12:26  PM ET Thu, 19 Sept 2019","The S&P 500 may be on a roll this year, but don't expect it to make double-digit percentage gains in the coming years, says the longtime market strategist."
,,
Cramer Remix: The two apparel stocks you need to consider,"11:15  PM ET Wed, 31 July 2019",Jim Cramer evaluates the apparel space and explains why Levi's and Kontoor Brands could be safe investments for your portfolio.
"If the Fed doesn't raise rates this month, the market could panic, Cramer says"," 7:42  PM ET Fri,  7 Dec 2018",Jim Cramer says panic will reign on Wall Street if the Federal Reserve chooses not to raise interest rates in December.
Cramer's lightning round: I think this stock is 'dead in the water'," 7:09  PM ET Fri, 20 Sept 2019","Jim Cramer takes calls and gives his thoughts on Thermo Fisher, Kratos Defense, Repligen and more stocks."
Cramer: This jobs report shows we have the 'perfect economy' for stocks," 7:44  PM ET Fri,  1 June 2018","Jim Cramer applauds Friday's employment report, in which nonfarm payrolls increased by 223,000 in May."
Cramer flags the market's 3 'most worrisome components' ahead of July's earnings wave," 7:04  PM ET Fri, 22 June 2018","Jim Cramer says a slowing global economy, a strong U.S. dollar and rising raw costs are likely to weigh on next quarter's earnings reports."
"Cramer's lightning round: Fox is a 'good stock,' but I prefer Disney","11:30  AM ET Tue, 14 May 2019","It's that time again! ""Mad Money"" host Jim Cramer rings the lightning round bell, which means he's giving his answers to callers' stock questions at rapid speed."
It's a good time to take profits from the US stock market: Analyst,"12:23  AM ET Fri, 29 May 2020","Dan Niles of AlphaOne Capital Partners says the market is increasingly traded technically. Based on valuations, equity investors who mainly take long positions can consider taking profits at the current levels."
Cramer's lightning round: I was wrong about Roku—it's a good company," 7:05  PM ET Thu, 24 May 2018","Jim Cramer shares his rapid-fire take on callers' favorite stocks, including a streaming company he thought would be more threatened by Amazon."
Cramer Remix: Competition can't take on this payment juggernaut," 8:49  PM ET Tue, 28 May 2019",Jim Cramer breaks down how consolidation in the fintech space still can't overcome PayPal's dominance.
CSX customers will likely bear the burden of higher steel tariffs: CEO," 7:45  PM ET Thu,  1 March 2018","Fees from increased steel tariffs would eventually be passed onto CSX customers, says the railroad's CEO. "
Cramer Remix: Here's how investors will know the market has truly bottomed," 7:06  PM ET Thu, 25 Oct 2018",Jim Cramer breaks down the signs to watch ahead of a bottom.
"Cramer's week ahead: Alphabet, Beyond Meat, GM, Facebook and Apple earnings — plus the Fed"," 7:33  PM ET Fri, 25 Oct 2019","""After the genuinely better-than-expected numbers we saw this week, I'm confident about next week,"" CNBC's Jim Cramer says."
Cramer: Investors betting against Hasbro and Twitter bolstered markets to record highs," 7:37  PM ET Tue, 23 April 2019","""Days like today remind us that short-sellers can serve as rocket fuel for a bull market,"" Jim Cramer says."
,,
Cramer's lightning round: I have no energy for these energy companies," 8:00  PM ET Wed,  8 May 2019",Jim Cramer takes calls and delivers answers to viewers' favorite stock picks of the day in rapid speed.
Cramer reviews the top July performers on the Dow Jones and S&P 500," 9:04  PM ET Wed, 31 July 2019","""When you get days like today ... look to those July leaders for guidance, and, in some cases, you're going to find some solid buying opportunities,"" Jim Cramer says."
,,
Analyst who called the last pullback says it's time to buy on the dip again,"10:09  PM ET Mon, 19 March 2018","Analyst who called the last pullback said it is a good buying opportunity now, and there are three sectors to consider: Financials, industrials and tech. "
Cramer's lightning round: Stay in Yeti," 7:31  PM ET Thu, 25 June 2020","""Mad Money"" host Jim Cramer rings the lightning round bell, which means he's giving his answers to callers' stock questions at rapid speed."
"ServiceNow CEO: We want work technology to be just as easy as eBay, PayPal, Uber"," 7:12  PM ET Fri, 28 Sept 2018","Jim Cramer sits down with ServiceNow President and CEO John Donahoe to hear how the leader of the ""cloud king"" is trying to simplify the way we do work."
"Everything Jim Cramer said on 'Mad Money,' including Cisco's quarter, Viacom CEO, trade war divides"," 8:19  PM ET Thu, 14 Nov 2019","CNBC's Jim Cramer breaks down how Cisco's stock woes reflect other tech stocks, sits down with Viacom CEO Bob Bakish to talk streaming and the merger with CBS, and explains why the U.S.-China trade war could be at risk of dragging for years."
Top stock exchange CEO urges caution over profit on controversial volatility products,"10:27  AM ET Mon, 19 Feb 2018","On issuing complex investment products like exchange-traded notes, it’s better to be safe than sorry, says Euronext CEO Stephen Boujnah. "
"Everything Jim Cramer said on 'Mad Money,' including stock valuations, Canopy Growth vapes"," 8:19  PM ET Mon, 23 Sept 2019","Jim Cramer breaks down similarities he sees in between today's market and the dot-com era, reviews the IPO market, and sits for interviews with the CEOs of Canopy Growth and Nutanix."
Cramer: Vaping is decimating the cigarette industry—and it could get even worse," 7:21  PM ET Mon, 23 April 2018",Jim Cramer addresses the recent pain in cigarette manufacturers' stocks and shares his outlook on the tobacco business.
,,
Cramer: Disney's Bob Iger deserves the benefit of the doubt after earnings miss," 6:55  PM ET Wed,  8 Aug 2018",Jim Cramer puts faith in Disney CEO Bob Iger after the entertainment giant missed Wall Street's third-quarter earnings expectations.
"Everything Jim Cramer on 'Mad Money,' including Trump impeachment, Bob Iger chat, new GW Pharma drug"," 8:26  PM ET Tue, 24 Sept 2019","Jim Cramer reacts to House Speaker Nancy Pelosi's move to open an impeachment inquiry into President Donald Trump, talks with Disney CEO about his new memoir and interviews GW Pharma CEO."
Cloud plays may be 'best tech stocks to own' as 2018 ends: Cramer," 7:08  PM ET Wed,  7 Nov 2018","Jim Cramer spies an opportunity in the stocks of cloud companies, many of which endured dramatic sell-offs in the month of October."
"Cramer's lightning round: If you want to invest in non-opioid painkillers, buy Canopy Growth"," 7:03  PM ET Tue, 23 Oct 2018","Jim Cramer flies through his take on callers' favorite stocks, including that of a biotechnology company developing non-opioid pain medication."
,,
Canopy Growth CEO expects weed will be legalized federally by 2022," 6:57  PM ET Tue, 16 June 2020","""My assumption is that 2022, for me, is the magic number,"" he said in a ""Mad Money"" interview."
Jim Cramer: Four steps the federal government should take to stave off coronavirus-induced recession," 7:21  AM ET Tue, 10 March 2020","""If the President wants to reassure the markets, he needs to consider a new approach — and if he takes it, call me a buyer,"" the ""Mad Money"" host said."
Cramer Remix: The stamp of approval to start buying FedEx," 3:36  AM ET Fri, 12 July 2019",Jim Cramer breaks down why the stock's rally on disappointing news could indicate a bottom.
Jim Cramer says stock market will 'blast' past current levels if trade questions are resolved," 6:47  PM ET Thu, 17 Oct 2019","You need to factor in resolutions to the trade disputes ""before you start doing a lot of selling right into this market,"" Jim Cramer says."
Cramer Remix: Tariff headlines have investors flocking to these stocks,"11:23  AM ET Wed, 20 June 2018",Jim Cramer explains how the mainstream media is causing buyers to crowd into smaller cap domestic stocks.
"Everything Jim Cramer said on 'Mad Money,' including the week ahead, iPhone sales, Zscaler CEO"," 8:18  PM ET Fri, 20 Sept 2019","Jim Cramer previews the week ahead of earnings and stock market news, projects iPhone sales in China, breaks down AbbVie and Bristol-Myers' latest deals and interviews Zscaler CEO Jay Chaudhry."
"Tariffs hurt the economy, but China must be held accountable, Union Pacific CEO says"," 7:39  PM ET Tue, 18 June 2019","Union Pacific CEO Lance Fritz tells Jim Cramer that he is optimistic about trade relations with China, Mexico, Japan, and the EU."
Cramer: Charts show why Tesla's stock could be set to rebound," 1:07  AM ET Wed,  3 April 2019","Jim Cramer takes a look at the charts as interpreted by Bob Moreno, an analyst who called the market's December bottom, to see how Tesla could reverse its trend."
Cramer's lightning round: Don't buy Apple suppliers right now," 7:03  PM ET Wed, 16 May 2018","Jim Cramer flies through his take on callers' favorite stocks, including a component maker."
"Top auto supplier Magna takes $60 million hit from tariffs, but CEO still sees 'huge' opportunity"," 7:03  PM ET Thu,  9 Aug 2018","Jim Cramer sits down with Magna International CEO Don Walker, who explains the effects of the Trump administration's tariffs on his manufacturing company."
A 'super cell tower' in the stratosphere: AeroVironment and SoftBank's 5G vision," 7:08  PM ET Thu, 13 Sept 2018",Jim Cramer sits down with AeroVironment President and CEO Wahid Nawabi to hear about the drone maker's joint venture with SoftBank.
Children's Place CEO: We have the 'dream customer'—millennial moms," 7:24  PM ET Tue,  9 Jan 2018","Jim Cramer sat down with Children's Place President and CEO Jane Elfers, who broke down the company's turnaround strategy."
Investors are getting a 'win-win' trade in this Dollar Tree battle: Cramer," 7:05  PM ET Mon, 14 Jan 2019",Jim Cramer says activist hedge fund Starboard Value's involvement in Dollar Tree is bringing some trading opportunities to light.
New SoFi CEO Anthony Noto on the 3 things his fintech company must do to outpace competition," 7:20  PM ET Wed, 14 March 2018",Jim Cramer interviews SoFi CEO Anthony Noto about his new role at the financial technology company and the allegations against SoFi's former CEO.
Jim Cramer: 'Your portfolio should have as little exposure to China as possible'," 7:01  PM ET Mon, 20 May 2019","""As long as President [Donald] Trump believes that the Chinese are the ones who pay the price, he's going to keep taking a hard-line approach to these negotiations,"" Cramer said."
Cramer's tip to win the 2019 Stock Draft: Throw out conventional wisdom," 7:28  PM ET Thu, 25 April 2019","Cramer weighs in on which celebrity stock-pickers he's betting on to win, and offers tips for at-home investors to play along."
JP Morgan analyst Kolanovic: ‘The worst is over'," 8:07  PM ET Tue,  6 Feb 2018","The worst may be over for market volatility, says J.P. Morgan analyst. Now could be a good time to buy. "
,,
Don't be too optimistic that trade talks will progress at G-20: Cramer," 1:16  PM ET Wed, 19 June 2019","""I do expect our stock market to be hammered if nothing positive comes of this G-20 meeting,"" Jim Cramer says."
Cramer: Stop yourself from panicking and find the sell-off's opportunities," 8:03  PM ET Mon,  5 Feb 2018",Jim Cramer helps investors navigate the stock market's huge intraday decline by spotting buying opportunities and resilient stocks.
Stitch Fix CEO says the online-styling company could feel impact of future tariffs hike," 7:25  PM ET Fri,  4 Oct 2019","""Tariffs that we've had to date don't impact us. The ones that are being contemplated now potentially could,"" Stitch Fix CEO Katrina Lake says."
"'The market is anything but mercurial or arbitrary' amid the coronavirus outbreak, Jim Cramer says"," 7:18  PM ET Thu,  6 Feb 2020","""To buy on weakness isn't a stooge thing to do; it's the stooges who don't do the buying,"" the ""Mad Money"" host says."
Cramer's lightning round: I want you to own Coca-Cola," 7:07  PM ET Wed, 13 Nov 2019","It's that time again! ""Mad Money"" host Jim Cramer rings the lightning round bell, which means he's giving his answers to callers' stock questions at rapid speed."
"Barstool Sports CEO Erika Nardini: There is nothing this cult-like, male-focused media brand can’t do","10:50  AM ET Wed, 24 Jan 2018","Jim Cramer sat down with Barstool Sports' founder, Dave Portnoy, and CEO, Erika Nardini, to discuss the controversial brand's rise to power."
Cramer: This market has zero appetite for low-quality IPOs like Casper Sleep," 6:54  PM ET Fri,  7 Feb 2020","""That tells you this red-hot market still has discerning taste, that investors still have a healthy dose of skepticism,"" CNBC's Jim Cramer said."
Cramer's top stock picks for his 'fantasy portfolio' draft," 7:01  PM ET Thu,  6 Sept 2018",Jim Cramer celebrates the start of football season by building a fantasy football-style portfolio for investors.
"'We've been in this slow melt higher,' technical analyst says"," 3:35  PM ET Fri, 22 Nov 2019","JC O'Hara, chief market technician at MKM Partners, and Steve Chiavarone, equity strategist, vice president and portfolio manager at Federated, discuss what's ahead for stocks with CNBC's Mike Santoli."
Cramer's lightning round: Freeport-McMoRan is a nice hedge on this market," 7:04  PM ET Mon, 12 March 2018","Jim Cramer zips through his take on callers' favorite stocks, including a play on gold and copper."
CSX CEO explains how a new business model brought efficiency to the railroad company," 6:25  PM ET Wed, 23 Oct 2019","""We're able to move in any direction we need to in any given time much better,"" CSX CEO Jim Foote tells CNBC's Jim Cramer."
A quarter of Wingstop's revenue comes from digital—here's where the CEO sees it going next," 7:07  PM ET Wed, 31 Oct 2018","Jim Cramer sits down with Wingstop Chairman and CEO Charlie Morrison, who speaks to his company's technological initiatives."
Aphria CEO explains the biggest opportunity in the Canadian weed business," 1:17  AM ET Tue,  6 Aug 2019","""There's a $5 billion market out there [where] products are sold into the illicit market,"" Aphria interim CEO Irwin Simon says."
Cramer Remix: This rally could be 'built to last'," 7:03  PM ET Thu, 20 Sept 2018",Jim Cramer details what the rotation out of growth and into value means for the bull market.
"Invisalign maker falls short in China, but CEO says he's optimistic about summer sales"," 8:02  PM ET Thu, 25 July 2019","""I'm still optimistic about the market in general and what's in front of us from a growth standpoint,"" Hogan says."
"Coronavirus facts allowed Wall Street to rally Monday, Jim Cramer says"," 6:51  PM ET Mon,  2 March 2020","""I think stocks soared today because Wall Street realized that the coronavirus might be the equivalent of a severe flu season,"" CNBC's Jim Cramer said."
"Everything Jim Cramer said on 'Mad Money,' including Trump tariff threat, PayPal and RealReal execs","11:01  AM ET Wed, 13 Nov 2019",CNBC's Jim Cramer flags that the stock market would not be able to absorb another tariff increase on Chinese imports. He sits down with RealReal CEO Julie Wainwright to talk about the company's product authentication process and chats with PayPal CFO.
"The 2019 IPOs will have a correction 'sooner or later,' Jim Cramer warns"," 7:34  PM ET Wed, 10 July 2019","Jim Cramer breaks down how investors ""can view the sell-off as a buying opportunity, not a calamity."""
Jim Cramer: Chart analyst warns the S&P 500 is 'cruising for a bruising'," 6:34  PM ET Tue,  8 Oct 2019","Technical analysis Bob Moreno, who called the bottom in December, predicts the S&P 500 is on its way to plummet 10%, CNBC's Jim Cramer says."
Macy's CEO responds to Jeff Bezos: We put our tax savings back into our employees,"11:14  AM ET Mon, 15 April 2019","Jim Cramer checks in with Macy's CEO Jeffrey Gennette, who explains how tax reform made a way for employees to share in the company's performance."
Cramer Remix: Navigating buying opportunities in tech amid a sell-off," 7:23  PM ET Tue, 24 April 2018",Jim Cramer explains why buying shares of Alphabet in the midst of a sell-off could be a good opportunity for investors.
Cramer: Dell's stock is 'ridiculously cheap' despite being 'shackled' by investors on China fears," 6:14  PM ET Fri, 21 June 2019","""Between Dell's China exposure, and a possible slowdown in their server business driven by a weaker economy, the stock can't seem to get much traction,"" the ""Mad Money"" host says."
Cramer's lightning round: Caterpillar needs an acceleration of our economy," 7:02  PM ET Mon, 22 June 2020","""Mad Money"" host Jim Cramer rings the lightning round bell, which means he's giving his answers to callers' stock questions at rapid speed."
CEO of US oil and gas play Carrizo flags an unusual problem for drillers: Water," 6:53  PM ET Tue, 19 June 2018",Jim Cramer sits down with Carrizo Oil & Gas President and CEO Chip Johnson for an update on key U.S. oil markets.
"Cramer's week ahead: Coronavirus will be the focus as Disney, Clorox and others report earnings"," 7:34  PM ET Fri, 31 Jan 2020","The economic impact of the coronavirus will be a common thread running through another busy week of quarterly earnings reports, Jim Cramer said."
Cramer: Action in the bond market does not mean a recession is 'around the corner'," 6:29  PM ET Wed,  7 Aug 2019","Jim Cramer says that the U.S. economy is not on the verge of a recession, despite the rush for the safety of government bonds."
Emergent Biosolutions CEO on Trump's promise for a vaccine this year — 'Nobody can guarantee anything'," 8:52  PM ET Mon,  4 May 2020","""We're here ... doing everything we can to make sure that a vaccine and treatments are available as soon as possible,"" CEO Robert Kramer said."
Domino's CEO on advertising spending: 'We're not slowing down at all'," 7:43  PM ET Thu, 23 April 2020","""We need to lean in even more to get the messages around value and around how we can safely serve our customers,"" Domino's Pizza CEO Ritch Allison said."
Cramer explains how the Fed is creating buying opportunities," 7:53  PM ET Tue, 16 July 2019","""When you have a Fed chief who's hellbent on cutting interest rates … then you should own stocks that benefit from lower rates,"" Jim Cramer says."
Cramer advises using Toys R Us-related weakness to 'scale into Hasbro'," 6:57  PM ET Mon,  9 July 2018",Jim Cramer recommends buying into the stock of Hasbro on the back of Toys R Us' liquidation.
Cramer points to the market's 'endless buying opportunities' as stocks slide on trade war worries," 6:43  PM ET Wed,  1 Aug 2018",Jim Cramer says the market's trade-war-related dips create bountiful investment opportunities in the hardest-hit sectors.
,,
Jim Cramer says playing Larry Williams' Fourth of July trade 'makes a lot of sense'," 8:08  PM ET Tue, 23 June 2020","""If you want a short-term trade with a terrific track record, [Larry] Williams says you should buy the S&P two days before July 4,"" the ""Mad Money"" host said."
Cramer explains why cyclical companies like Caterpillar turn out to be losers," 7:12  PM ET Wed, 24 July 2019","""Wall Street always pays more for a secular grower than a cyclical one,"" CNBC's Jim Cramer says."
Cramer's 3 cardinal rules for investing during a bear market," 7:25  PM ET Wed, 14 Nov 2018",Jim Cramer uses a story about a real-life bear encounter to illustrate how investors should approach the stock market's bearish moves.
,,
Boeing CFO cites strong demand for planes and services as reasons for buyback boost," 6:58  PM ET Tue, 18 Dec 2018",Jim Cramer speaks with Boeing Chief Financial Officer Greg Smith about the company's recently approved share buyback program.
,,
Clorox CEO: What is good for the environment is good for business," 6:24  PM ET Fri, 22 Nov 2019","""We want to reduce the virgin plastic and fiber that we use in our products and packaging by 50% over the next 10 years,"" Clorox CEO Benno Dorer says."
Nvidia completes 'homerun deal' after closing $7 billion acquisition of Mellanox," 9:07  PM ET Mon, 27 April 2020","""Man, I've been dreaming about this,"" Nvidia CEO Jensen Huang told CNBC's Jim Cramer."
"Buy the stocks of high-quality companies in the market that investors are dumping, Cramer says","10:02  AM ET Wed, 11 Sept 2019","""If this market wants to toss out high-quality merchandise, let their trash be your treasure,"" the ""Mad Money"" host says."
"Tax reform, deregulation and energy—not tariffs—are Nucor's real drivers, steelmaker's CEO says","11:27  AM ET Wed,  7 Nov 2018","Jim Cramer speaks to John Ferriola, the chairman and CEO of steel producer Nucor, about his company's recent performance and the nationwide demand for steel."
"Everything Jim Cramer said on 'Mad Money,' including stock valuations, Ollie's Bargain stock"," 8:20  PM ET Thu, 13 Feb 2020",CNBC's Jim Cramer breaks down how objective and subjective valuations are influencing the stock market. He issues a buy call on Ollie's Bargain Outlet stock.
Australia's parliament set to pass huge stimulus plan as S&P ratings agency lowers 'AAA' outlook,"12:31  AM ET Wed,  8 April 2020","Australia's coveted ""AAA"" rating came under a cloud on Wednesday as its parliament returned to pass an emergency A$130 billion ($80 billion) stimulus package to cushion the economic blow of the coronavirus pandemic."
"Leadership changes and time helped drive Chipotle's comeback, says Jim Cramer"," 7:03  PM ET Thu,  7 Feb 2019",Jim Cramer goes over Chipotle's blowout earnings report and pinpoints the two things he thinks were major tailwinds this quarter.
"Cramer: Housing stocks are finally bottoming, but investors might not want to buy just yet"," 6:58  PM ET Tue, 23 Oct 2018","Jim Cramer says the action among housing stocks is promising, but warns that broader economic trends might keep them unattractive for a while."
Hospital supplier Owens & Minor is expanding capacity to meet personal protective equipment demands," 8:53  PM ET Fri, 27 March 2020","Since ramping up personal protective equipment production in January, Owens & Minor CEO Ed Pesicka said it will take ""5 to 6 months to make sure"" they can stretch operations further."
We don't want our clients to chase this bounce: Strategist,"10:56  PM ET Thu, 23 April 2020",Wells Fargo investment committee is neutral on pharma stocks in the middle of the coronavirus pandemic. Their strategist Scott Wren shares some areas that they advise their clients to reduce exposure.
"The 3 oil stocks to buy amid rising US-Iran tensions, according to Jim Cramer"," 8:44  PM ET Fri,  3 Jan 2020","BP, Schlumberger and Pioneer Natural Resources are the three oil stocks to buy as tensions between the U.S. and Iran escalate, CNBC's Jim Cramer said."
"Investors must be prepared for a pullback after a big rally, Jim Cramer says"," 6:39  PM ET Tue,  7 Jan 2020","CNBC's Jim Cramer warned that an ""exogenous event"" can cause stocks to drop. The ""Mad Money"" host is still bullish about secular trends in tech."
Cramer's lightning round: Ingersoll-Rand is the right stock for this economic phase," 7:03  PM ET Mon, 23 April 2018","Jim Cramer shares his take on callers' favorite stocks at lightning speed, including an industrial play."
Cramer's lightning round: Buy Waste Management 'as it goes down'," 7:19  PM ET Mon, 16 March 2020","""Mad Money"" host Jim Cramer rings the lightning round bell, which means he's giving his answers to callers' stock questions at rapid speed."
,,
"Everything Jim Cramer said on 'Mad Money,' including looming earnings, Casper IPO, housing market","11:44  AM ET Sat,  8 Feb 2020",CNBC's Jim Cramer gives viewers a preview of what's on his earnings calendar next week. He breaks down the Casper Sleep IPO and what he thinks of the stock.
"Okta now has over 100 million registered users, says CEO"," 7:26  PM ET Thu, 24 Jan 2019",Jim Cramer and Okta co-founder and CEO Todd McKinnon discuss Okta's growth over the years on the heels of its 10th anniversary as a company.
Jim Cramer makes major shift: Buy a small portion in Bed Bath & Beyond," 6:44  PM ET Thu, 10 Oct 2019","""Bed Bath's been punished enough. Now that they've got a competent CEO, better than that, a great CEO coming in, I'm betting the stock could have a lot more upside,"" Jim Cramer says."
Jamie Dimon on 2020 rumors: 'I don't think I would be good at' being president," 6:47  PM ET Mon, 24 Sept 2018","Jim Cramer sits down with J.P. Morgan Chase & Co. Chairman and CEO Jamie Dimon, who speaks to the current political climate, why he won't run and his vision for government."
"Cramer: No matter who wins the Fox battle, Disney and Comcast are both 'substantially undervalued'"," 7:08  PM ET Thu, 14 June 2018",Jim Cramer explains how the market is revaluing the stocks of Disney and Comcast amid a bidding war for a chunk of Twenty-First Century Fox.
"Cramer: Buy shares in cloud plays Salesforce, Splunk, VMware, Workday on downturns"," 7:42  PM ET Fri,  7 Dec 2018",Jim Cramer recommends scaling into the stocks of cloud companies with strong fundamentals when the stock market drops.
,,
Cramer's lightning round: 'Bank of America is incredibly cheap'," 7:01  PM ET Tue,  9 July 2019",Jim Cramer hears from viewers about their stock picks and gives his thoughts about whether to buy or sell in rapid speed.
Cramer Remix: These two factors could restart the worldwide economic expansion," 7:02  PM ET Wed,  9 Jan 2019",Jim Cramer breaks down how U.S.-China trade tensions and the Fed hold the key to the economy's future.
Cramer: The proxy fight in Newell Brands has very limited upside," 7:24  PM ET Mon, 16 April 2018",Jim Cramer says investors shouldn't own the stock of Newell Brands as the company falls under increasing pressure from activist investors.
Jim Cramer: Johnson & Johnson vaccine candidate makes these stocks compelling," 8:03  PM ET Wed, 15 April 2020","The ""Mad Money"" host is convinced Johnson & Johnson's Covid-19 vaccine efforts will ""make you wish you owned a travel and leisure stock."""
"Charts show the S&P's bounce may be 'ephemeral,' Apple poised to rally, Jim Cramer says"," 6:51  PM ET Tue,  3 March 2020","Technical indicators suggest ""some stocks might be safer ... like Apple, but the broader S&P 500 might not be out of the woods yet,"" Cramer said."
Cramer: This biotech stock could be worth over $100 billion on an FDA approval," 7:36  PM ET Wed, 30 Oct 2019","Biogen, with a $54.1 billion market cap, ""could be worth twice that if all goes well"" with regulators, Jim Cramer says."
"Cramer: Contrary to popular belief, now is a good time to buy consumer goods stocks"," 7:46  PM ET Wed, 24 Jan 2018",Jim Cramer made the bull case for buying consumer packaged goods stocks Procter & Gamble and Kimberly-Clark in this environment.
"Cramer assesses the damage in Facebook, Tesla and Amazon's stocks after scandals"," 7:42  PM ET Tue, 10 April 2018",Jim Cramer checks in on the three scandal-ridden technology stocks to see if they are safe to buy.
,,
Cramer pinpoints the hardest part of individual investing," 8:05  PM ET Fri, 27 Dec 2019",Jim Cramer argues that keeping your emotions in check is the hardest part of being a successful investor.
"Everything Jim Cramer said on 'Mad Money,' including Nike earnings, Twilio CEO, Whirlool's prospects"," 7:54  PM ET Wed, 25 Sept 2019","Jim Cramer breaks down Nike's performance in the face of tariffs, sits down with messaging provider Twilio CEO Jeff Lawson, analyzes Whirlpool's stock and says Twitter got away from Disney and Salesforce."
"Everything Jim Cramer said on 'Mad Money,' including Americans not investing, Chipotle CEO"," 7:42  PM ET Thu,  5 Dec 2019","CNBC's Jim Cramer breaks down data behind the public's lack of interesting in buying stocks. The ""Mad Money"" host sits down with CEOs of Chipotle, ServiceNow and Edwards Lifesciences for interviews."
Veeva Systems sees product usage increase tenfold as biotech companies race to find COVID-19 cure,"10:23  AM ET Fri, 27 March 2020",Veeva Systems CEO Peter Gassner said its remote meeting application has been made free to help keep doctors and pharma companies connected during coronavirus.
"Cramer Remix: When companies show you who they are, believe them"," 8:08  PM ET Fri, 27 Dec 2019",Jim Cramer breaks down why investors should listen and believe in what executives say about their companies.
"StockX has authenticated 1 million Jordan sneakers this year, CEO says"," 8:25  PM ET Wed, 15 July 2020","""We've been able to capture these cultural moments,"" like ESPN's release of the ""The Last Dance"" earlier this year, CEO Scott Cutler said on ""Mad Money."""
Cramer Remix: Today's Fed decision was a victory of prudence over recklessness," 7:03  PM ET Wed, 30 Jan 2019",Jim Cramer explains why the Federal Reserve's new approach is about much more than just stock prices.
Cramer: Analysts have been 'dead wrong' about retail performance," 7:15  PM ET Wed, 22 Aug 2018",Cramer discusses the reasons why Wall Street analysts have underestimated retailers.
Cramer Remix: This tech play can withstand Wall Street's pushback," 7:26  PM ET Wed, 14 Nov 2018",Jim Cramer makes a case for why the fog over cloud stocks doesn't impact Twilio's long-term story.
Cramer: Earnings suggest business and consumer economies are 'out of sync'," 6:56  PM ET Wed, 17 July 2019","""I can't think of another time … where the consumer was in such great shape while the industrials were in so much trouble,"" Jim Cramer says."
Cramer's lightning round: Consolidation is a 'positive' for Citrix Systems," 7:01  PM ET Wed, 20 May 2020","""Mad Money"" host Jim Cramer rings the lightning round bell, which means he's giving his answers to callers' stock questions at rapid speed."
,,
"GrubHub is a bad buy, even with Amazon exiting food delivery, Jim Cramer says"," 6:33  PM ET Fri, 19 July 2019","""Frankly, you can read Amazon's decision ... as an indictment of the whole industry,"" Jim Cramer says."
Cramer's lightning round: This stock is the No. 1 play on 5G," 7:33  PM ET Thu, 25 July 2019",Jim Cramer takes calls and delivers his thoughts on callers' favorite stock picks of the day in rapid speed.
"This sell-off was caused by a computer-driven 'footrace,' Jim Cramer says"," 7:01  PM ET Tue,  4 Dec 2018",Jim Cramer blames trading algorithms for the stock market's nosedive on Tuesday.
Jim Cramer: Investors can 'learn a lot' from first-quarter winners and losers," 7:46  PM ET Wed,  1 April 2020","""In the end, I think the winners from the first quarter keep winning as long as the pandemic rages, and the losers [will] keep losing,"" the ""Mad Money"" host said."
Cramer's lightning round: You can slowly pick at Trade Desk as it goes down," 6:48  PM ET Wed,  2 Oct 2019",Jim Cramer takes call and delivers thoughts on callers' favorite stock picks of the day.
Cramer Remix: The 5 events that triggered the massive sell-off," 7:44  PM ET Mon,  5 Feb 2018",Jim Cramer uncovers the mechanics driving the velocity and impact of the market’s recent turmoil.
"This trend 'can help take us to new highs' this year, says investor"," 4:22  PM ET Fri,  8 Nov 2019","The S&P 500 could see even more new highs this year, says Avalon Investment & Advisory Chief Investment Officer and Portfolio Manager Bill Stone."
Cramer: Market panic will turn out to be buying opportunity," 7:23  PM ET Tue, 29 May 2018",Jim Cramer says sometimes uncertainties can lead to good outcomes.
"The coronavirus outbreak has made 'buy high and sell higher' a winning playbook, Jim Cramer says"," 6:31  PM ET Thu, 13 Feb 2020","""I bet it keeps going until the outbreak runs its course,"" CNBC's Jim Cramer says on ""Mad Money."""
Cramer's game plan: Strong consumer spending could drive upside surprises," 7:53  PM ET Fri, 11 May 2018",Jim Cramer looks ahead to key stocks and events he'll watch as a slew of retail companies report earnings.
Cramer applauds Home Depot's tech-centered push: 'Tech isn't just FANG'," 1:50  PM ET Thu, 19 April 2018",Jim Cramer explains why Home Depot's tech-focused hiring spree will help it continue to buck Amazon's retail takeover.
Cramer calls Estee Lauder the 'stock market equivalent of the Patriots'," 7:24  PM ET Tue, 20 Aug 2019","Estee Lauder CEO Fabrizio Freda is ""the Bill Belichick of cosmetics. He gets the job done. He does his assignment,"" Jim Cramer says."
Cramer's lightning round: Dollar General has done a 'fantastic job' mitigating tariffs," 6:52  PM ET Tue, 14 Jan 2020","""Mad Money"" host Jim Cramer rings the lightning round bell, which means he's giving his answers to callers' stock questions at rapid speed."
Cramer Remix: How I decide which retailers are not buyable," 6:59  PM ET Thu, 18 Jan 2018",Jim Cramer explained how he uses his shopping experiences to help determine which retailer stocks are not worth buying.
,,
Cramer: Costco has a China problem — and it's not tariffs," 6:45  PM ET Fri, 13 Dec 2019","The problem is Shanghai, a city of nearly 25 million people, has only one Costco store, CNBC's Jim Cramer said."
Janney:  Markets came into 2018 extremely overbought," 7:19  AM ET Mon, 12 Feb 2018",Dan Wantrobski of Janney Montgomery Scott says the fact we've seen profit-taking to reduce some of the froth in the market is healthy for the long-term.
Cramer Remix: Don't make this mistake during earnings season," 8:31  PM ET Thu, 18 July 2019",Jim Cramer explains the dangers of making investment decisions before listening to the conference call.
Eli Lilly CEO on winning in migraine treatments: 'It's a horse race between three great companies'," 7:12  PM ET Wed, 19 Dec 2018",Jim Cramer and Eli Lilly CEO Dave Ricks speak about competition in the migraine treatment space and how Eli Lilly plans to win out.
"Everything Jim Cramer said on 'Mad Money,' including practice patience, streaming stocks, Zoom Video"," 7:32  PM ET Mon,  3 Feb 2020",CNBC's Jim Cramer says investors should wait for another potential sell-off on the coronavirus before putting money back into the market.
Cisco CEO 'optimistic that we'll get some resolution' on US-China trade dispute," 7:27  PM ET Wed, 14 Nov 2018",Jim Cramer hears from Cisco Systems Chairman and CEO Chuck Robbins about how his networking hardware giant is faring in a time of trade war.
Caterpillar CEO on China trade war fears: We're 'still meeting our forecast'," 8:02  PM ET Thu, 20 June 2019","""We've seen this before, we've been through it, we'll manage our way through this situation,"" CEO Jim Umpleby says."
Cramer's lightning round: The market's wrong on Constellation Brands," 7:04  PM ET Wed,  9 May 2018","Jim Cramer shares his take on callers' favorite stocks in the lightning round, including a beer, wine and liquor maker."
Equity markets are looking good on fundamentals: Strategist," 6:06  AM ET Wed, 11 April 2018","Profits are looking solid and valuations ""are not crazy,"" says Kevin Gardiner of Rothschild Wealth Management."
Cramer Remix: Investors should take a bite of this stock," 7:02  PM ET Mon, 15 Oct 2018",Jim Cramer breaks down why last week's sell-off is making Yum Brands' stock an attractive buy into weakness.
Hasbro CEO doesn't expect 'major tariff situation' as toymaker moves production from China," 7:17  PM ET Mon, 22 Oct 2018",Jim Cramer and Hasbro Chairman and CEO Brian Goldner discuss how the ongoing trade dispute between the United States and China affects the toymaker's business.
Cramer's lightning round: These cybersecurity stocks are the ones to own in this market," 7:14  PM ET Thu, 20 Dec 2018","Jim Cramer races through his responses to callers' stock questions, including one on a group he's telling investors to buy right now."
Cramer's lightning round: I would start a position in Abbott Labs," 8:11  PM ET Fri, 20 March 2020","""Mad Money"" host Jim Cramer rings the lightning round bell, which means he's giving his answers to callers' stock questions at rapid speed."
Cramer's game plan: Earnings could push stocks higher," 7:22  PM ET Fri, 20 April 2018",Jim Cramer reviews his game plan for the week ahead and highlights the most important stocks and events to watch.
,,
"Nucor CEO touts second-best quarter in steelmaker's history, nods to tariffs","11:03  PM ET Thu, 19 July 2018","Jim Cramer hears from Nucor Chairman, President and CEO John Ferriola, who touts the effects of President Donald Trump's steel and aluminum tariffs."
Cramer flags stocks held 'hostage' by trade — and others worth looking at," 6:19  PM ET Fri, 13 Sept 2019",CNBC's Jim Cramer takes another look at stocks with high exposure to China before earnings season approaches.
Bluestone Lane CEO and key investor explain how Australian coffee chain is taking on Starbucks," 7:08  PM ET Wed, 11 July 2018",Jim Cramer sits down with the CEOs of Bluestone Lane and its investor RSE Ventures to find out what's next for the Australian-born coffeehouse.
"Buy the tech stocks with 'powerful secular growth stories,' Jim Cramer says"," 6:45  PM ET Tue, 10 March 2020","""Until today, I'd been adamant the only thing you could buy were high-yielding pharma and a handful of utilities,"" the ""Mad Money"" host said."
,,
Cramer's lightning round: Cloudflare is good," 6:59  PM ET Wed, 10 June 2020","""Mad Money"" host Jim Cramer rings the lightning round bell, which means he's giving his answers to callers' stock questions at rapid speed."
Cramer's lightning round: Expect a 'little more weakness' in this group," 6:53  PM ET Wed, 14 Aug 2019","""Mad Money"" host Jim Cramer rings the lightning round bell, which means he's giving his answers to callers' stock questions at rapid speed."
Cramer: The biggest problem in the oil space is creating some great investments," 6:30  PM ET Mon,  9 July 2018",Jim Cramer argues that a lack of international oil drilling has made stocks like Schlumberger very attractive investments.
Cramer's lightning round: Jack Dorsey's move to Africa is 'ill-advised'," 6:59  PM ET Wed,  4 Dec 2019","""Mad Money"" host Jim Cramer rings the lightning round bell, which means he's giving his answers to callers' stock questions at rapid speed."
When 10Y/2Y spread get under 40 basis points," 1:25  PM ET Thu, 26 April 2018","What happens when the 10 year and two year get to under 40 basis points. Your data partners at Kensho show that stocks pop a month later. 4% for the Nasdaq, close to 3% for the S&P and 2.75% for the Dow. "
CEO of cloud company Box says tech industry needs '21st-century' regulation," 7:23  PM ET Thu, 27 Sept 2018","Jim Cramer sits down with Box co-founder and CEO Aaron Levie, who speaks to the importance of data protection and explains his reasons for backing big tech regulation."
"Cramer's lightning round: People might be bailing on Regeneron, but it's a buy"," 7:04  PM ET Thu, 11 Jan 2018","Jim Cramer zoomed through his take on callers' favorite stocks, including a pharmaceutical name spooking investors."
,,
How 3D printing company Carbon is trying to shape the future of manufacturing," 3:57  PM ET Tue, 26 Nov 2019","""This has been an area that's been around for 25, 30 years ... We've cracked the code on how to do 3D printing 100 to 1,000 times faster,"" Carbon's Joseph DeSimone says."
"Market in 'earnings void right now,' but it will bounce back, says investor"," 4:58  PM ET Mon, 18 June 2018","Stocks fell Monday with the Dow's losing streak stretching to five days as trade tensions linger, but investor Doug MacKay says it's only temporary. "
Cramer pinpoints the 'best secular trend' in the market: Subscription services," 6:55  PM ET Fri, 15 June 2018",Jim Cramer tracks how companies like Netflix and Amazon are seizing on a rapidly expanding segment of the economy.
"Company balance sheets get a lot more important in 'tough times,' Jim Cramer says"," 7:07  PM ET Tue, 10 March 2020","The cruise lines, airlines and oil companies could get ""crushed"" by their balance sheets if a coronavirus cure is not found, Jim Cramer said."
We need to put Santa on a 'milk carton' for now — Art Cashin on a possible holiday stock rally," 5:20  PM ET Wed, 14 Nov 2018","The traditional end-of-the-year stock market rally could come a little later this year, says the veteran trader."
Cramer's lightning round: Let this stock pullback from its all-time highs before buying," 7:47  PM ET Tue, 30 April 2019",Jim Cramer gives callers his thoughts about their stock picks of the day in rapid speed.
"Cramer defends Disney and Walmart's 'bold' investments after stocks fall on ESPN, Flipkart news"," 7:51  PM ET Wed,  9 May 2018",Jim Cramer pushes back on the market's reaction to Disney expanding its ESPN offerings and Walmart taking a majority stake in Flipkart.
Cramer: Trump no longer cares if his China policies hurt American businesses,"12:42  AM ET Fri, 17 May 2019","The executive action against Chinese telecommunications giant Huawei ""was a major escalation from the White House,"" Jim Cramer says."
"Cramer: Trump's going after business, and that's bad for stocks"," 7:36  PM ET Mon,  3 June 2019","""The president's whims have trumped his pro-business attitude ... [and] investors are going to pay less"" for stocks, Jim Cramer says."
"US stocks still the best of a bad bunch as sell-off stretches on, says trader. Here's why"," 9:30  AM ET Wed, 26 Feb 2020","As coronavirus worries grow worldwide, traders are seeking safe havens in the U.S. market — for now."
"Everything Jim Cramer said on 'Mad Money,' including investing around impeachment, FedEx's woes"," 8:05  PM ET Wed, 18 Dec 2019","CNBC's Jim Cramer explained why the impeachment process won't disturb investing on Wall Street. The ""Mad Money"" host also breaks down what's plaguing FedEx."
Cramer's lightning round: I feel bad if you own Intrexon — It's a loser," 7:21  AM ET Tue, 21 May 2019",Jim Cramer takes calls and delivers thoughts about viewers' stock picks of the day.
Cramer's lightning round: Stick with Splunk for an investment in the cloud," 7:05  PM ET Mon, 22 Jan 2018","Jim Cramer zipped through his take on callers' favorite stocks, including an under-the-radar cloud giant."
Cramer's game plan: Companies tied to China or the Fed are 'guilty until proven innocent'," 6:45  PM ET Fri, 19 Oct 2018","Jim Cramer prepares for what he thinks may be the ""toughest"" earnings week yet and issues a warning about companies with links to China trade or the Federal Reserve."
"This will be seen as 'the lost decade of retailers,' RH CEO says"," 6:57  PM ET Wed,  5 Sept 2018",Jim Cramer sits down with RH Chairman and CEO Gary Friedman at the company's newest gallery to discuss e-commerce and RH's transformation.
Cramer's lightning round: Morgan Stanley has great opportunity," 7:21  PM ET Thu,  7 Feb 2019",Jim Cramer flies through his takes on callers' questions about their stock picks.
"New membership sign-ups 'on par' with last year, Planet Fitness CEO says"," 9:08  PM ET Thu, 14 May 2020","""[I'm] really encouraged by what I'm seeing,"" Planet Fitness CEO Chris Rondeau said as the budget gym chain reopens locations."
US banks are 'among the better values' in the S&P 500: Investor," 9:16  PM ET Thu, 21 June 2018","Nate Thooft of Manulife Asset Management says there is a ""high likelihood"" of smaller banks in the U.S. being acquired by some of the bigger players in the space."
"The 'only way' to beat coronavirus is to 'risk a recession,' Jim Cramer says"," 5:48  AM ET Fri, 13 March 2020","""If we don't do something like this six-part plan, we're going to have a serious financial emergency on top of the public health emergency,"" CNBC's Jim Cramer said."
Cramer's game plan: Welcome to the Super Bowl of earnings," 2:13  PM ET Mon, 29 Jan 2018","Jim Cramer looks ahead to a major earnings week with the likes of Boeing, Facebook and Apple set to report."
Cramer Remix: The best way to play the stress test results,"11:18  AM ET Wed, 27 June 2018",Jim Cramer breaks down why he’s buying Citigroup shares ahead of the Federal Reserve's stress test results.
Canopy expects to see the next cannabis breakthrough in 24 months," 8:04  PM ET Thu, 30 May 2019","""That's just enough time to use all of our IP and brands to really get ahead,"" Canopy Growth CEO Bruce Linton says about its acquisition of Acreage."
Cramer's lightning round: I'm not recommending fossil fuels or pipelines — 'they're history'," 6:50  PM ET Wed, 12 Feb 2020","""Mad Money"" host Jim Cramer rings the lightning round bell, which means he's giving his answers to callers' stock questions at rapid speed."
Cramer: Why companies like Alphabet get 'little to no credit' for their massive cash piles," 6:51  PM ET Tue,  5 Feb 2019",Jim Cramer breaks down the market's obsession with how large technology companies like Alphabet and Apple use their cash.
Cramer explains why GE's board really booted former CEO John Flannery," 6:58  PM ET Tue,  2 Oct 2018",Jim Cramer argues that the former General Electric CEO wasn't removed because of the speed of his turnaround.
IQ Capital CEO Keith Bliss says tech and healthcare will rally," 4:24  PM ET Fri, 17 July 2020","Keith Bliss, IQ Capital CEO, joins ""Closing Bell"" to talk about the broader markets, including the performance of the S&P 500 and the Nasdaq."
"Cramer flags 'bargain' retail stocks: Macy's, Kohl's, Target, Amazon"," 7:06  PM ET Mon, 26 Nov 2018","Jim Cramer bargain-hunts in the retail sector and finds good deals on shares of Macy's, Kohl's, Target and Amazon."
Cramer Remix: This unlikely subscription service has others following its lead," 7:07  PM ET Fri, 25 Jan 2019",Jim Cramer examines how World Wrestling Entertainment's subscription service platform could be a pioneer in sports streaming.
,,
"Everything Jim Cramer said on 'Mad Money,' including trade hits to tech stocks, Salesforce CEO interview"," 7:53  PM ET Tue, 19 Nov 2019","CNBC's Jim Cramer advises investors not to give up software-as-a-service plays, despite boiling trade tensions. The ""Mad Money"" host sits down for interviews with executives of Salesforce, Square and RH."
"Cramer's lightning round: If you're going to own an insurance stock, buy Chubb"," 7:04  PM ET Thu, 27 Sept 2018","Jim Cramer breezes through his take on callers' favorite stocks, including an insurance play that could be one-upped by a Cramer fave."
Cramer's S&P 500 and Dow charts indicate a strong start to 2018," 7:21  PM ET Tue,  2 Jan 2018",Jim Cramer warned investors about getting too cynical after a robust year for the averages and healthy momentum ahead.
Cramer: The Fed may already be winning the war against inflation and needs to pause the rate hikes," 7:06  PM ET Wed, 17 Oct 2018","Jim Cramer points to ""pockets of weakness"" in the U.S. economy and questions the Federal Reserve's plans to hike rates three more times in 2019."
Johnson & Johnson CEO: 'We unequivocally believe' our baby powder does not contain asbestos," 7:28  PM ET Mon, 17 Dec 2018",Jim Cramer sits down with Johnson & Johnson Chairman and CEO Alex Gorsky to address reports of his company knowing that its talc-based baby powder contained traces of asbestos.
Jim Cramer: Remember these stocks the 'next time the market rolls over'," 3:53  PM ET Wed, 13 May 2020","""You want to remember this list the next time the market rolls over,"" the ""Mad Money"" host said."
Cramer Remix: The fundamental problem with FANG," 7:53  PM ET Wed, 11 April 2018",Jim Cramer reveals why many investors remain skeptical of the FANG stocks.
,,
Cramer Remix: This discourages investors more than anything in this market,"11:14  AM ET Wed,  4 April 2018",Jim Cramer reveals what’s causing investors to lose enthusiasm when it comes to the averages.
"Cramer's lightning round: The autos aren't so hot, but Ally is fine"," 7:18  PM ET Fri, 19 July 2019",Jim Cramer hears from viewers and gives them his thoughts about their stock picks of the day.
Cramer Remix: Don’t let fear keep you away from this 'renaissance' group," 7:01  PM ET Fri,  6 April 2018",Jim Cramer reveals the truth behind the apparel renaissance and why you should consider buying the group into weakness.
Cramer Remix: Facebook stock moves don't inspire much confidence," 9:46  PM ET Tue, 30 Oct 2018",Jim Cramer breaks down the action in Facebook's stock after its earnings report.
"Cramer: Steel producer Nucor the biggest winner on Trump tariffs, a ‘gift’ to investors"," 7:14  PM ET Thu, 31 May 2018","US steelmaker Nucor is the biggest single beneficiary of President Donald Trump's tariffs, says ""Mad Money"" host Jim Cramer."
"CEO of US marijuana company MedMen says Oregon, Colorado are 'horrible markets' to be in","12:20  PM ET Wed, 27 June 2018","Jim Cramer sits down with Adam Bierman, the co-founder and CEO of the marijuana dispensary operator whose stores have been dubbed the ""Apple stores of weed."""
What to expect after the S&P drops 10% in a week," 9:41  AM ET Mon, 12 Feb 2018","The markets tend to snap back a month after a correction, with the S&P 500 up six-percent."
Cramer: These costly funds could be ripping you off," 6:51  PM ET Mon, 23 Dec 2019",Jim Cramer shares common mistakes made by investors when buying a mutual fund or ETF.
Jim Cramer reviews which retail stocks are working and which you should stay away from," 7:36  PM ET Thu, 13 June 2019","""There's a market for high-end luxury goods and low-end mass market merchandise, but right now there's not much space in between,"" the ""Mad Money"" host says."
Barstool's Dave Portnoy says he'll focus on sports betting when sports return," 7:06  PM ET Mon, 22 June 2020","""I'm enjoying the stock stuff ... It's been fun ... but I'm a sports guy. I'm a sports better,"" Barstool Sports founder Dave Portnoy said after jumping into day trading."
"PayPal CFO addresses 3 pain points in earnings: eBay, currency and 'pockets' of slower growth"," 7:08  PM ET Thu, 31 Jan 2019","Jim Cramer and PayPal's Chief Financial Officer, John Rainey, speak after earnings about PayPal's points of strength and weakness."
"Cramer's lightning round: Stop talking, start buying Raytheon"," 7:21  PM ET Thu,  4 Jan 2018","Jim Cramer zoomed through his take on callers' favorite stocks, including a defense play fresh off some momentary weakness."
Cramer's game plan: Be ready for another Trump tariff-fueled sell-off,"10:44  AM ET Mon, 10 Sept 2018",Jim Cramer lays out his game plan for the week ahead and warns of potential market weakness after the president's latest warning to China.
,,
Cramer Remix: Most money managers haven't seen a bear market like this one," 7:18  PM ET Mon, 26 Nov 2018",Jim Cramer explains why Wall Street may be misinterpreting the market's Fed-induced slowdown.
Cramer's lightning round: You've got to own Raytheon," 6:55  PM ET Mon, 10 Feb 2020","""Mad Money"" host Jim Cramer rings the lightning round bell, which means he's giving his answers to callers' stock questions at rapid speed."
Cramer shares the best way to get your child excited about investing," 6:51  PM ET Tue, 31 Dec 2019",Jim Cramer spells out the importance of getting kids involved with investing at an early age.
Cramer Remix: A pullback in these stocks is a gift to investors," 7:08  PM ET Mon, 17 Sept 2018",Jim Cramer reveals the big opportunity behind the decline in medical device stocks.
Cramer's lightning round: Trust this CEO who has the 'Midas touch'," 7:24  PM ET Tue, 16 July 2019",Jim Cramer takes calls and delivers thoughts about viewers' favorite stock picks of the day.
"Cramer reveals the 5 communication services stocks he likes right now, including Disney, Alphabet","11:08  AM ET Thu, 18 Oct 2018","Jim Cramer points out the power players in the communication services space, a new market category that includes everything from telecom to TV."
Cramer: These two digital health stocks you can buy at a massive discount," 6:25  PM ET Thu,  8 Aug 2019",Jim Cramer says investors should turn their attention to new stocks that are trading at a big discount versus where they were several weeks ago.
Cramer: Here are 7 shutdown-proof investing themes," 7:23  PM ET Thu, 24 Jan 2019","Jim Cramer flags seven long-term trends that are working despite political turmoil, slowing growth around the world and a fairly hawkish Federal Reserve."
Cramer: I would still own Apple's stock even though I expect an 'undeserved crushing'," 7:12  AM ET Fri,  2 Nov 2018",Jim Cramer tells investors it's not worth trading the stock of Apple after the iPhone maker reported earnings that seemed to disappoint Wall Street.
"Starbucks CEO: 'We're not immune' to the trade war, but we're 'playing the long game' in China"," 7:03  PM ET Mon, 12 Nov 2018","Jim Cramer speaks with Starbucks CEO Kevin Johnson, who says that his coffee giant's business in China has been built ""in China, for China."""
"Dungeons & Dragons is having its best year ever, Hasbro CEO says","12:06  PM ET Thu, 28 Feb 2019","Jim Cramer speaks to Hasbro Chairman and CEO Brian Goldner, who touts his toymaker's legacy games and budding esports properties."
Cramer on how to play the possible outcomes of Trump-Xi meeting at G-20," 7:29  PM ET Fri, 30 Nov 2018",Jim Cramer breaks down all the possible outcomes of U.S.-China trade talks at the G-20 summit and gives investors the best way to play the developments.
Cramer's week ahead: 'This is a good moment for profit-taking'," 6:50  PM ET Fri, 10 Jan 2020","""My suggestion is tread carefully going into earnings season,"" ""Mad Money"" host Jim Cramer said ahead of the first earnings season of 2020."
,,
"Artificial intelligence has become a driving force in everyday life, says LivePerson CEO"," 6:39  PM ET Fri, 15 Nov 2019","""We're one of the few companies where it's not a piece of the puzzle. It's the entire puzzle,"" LivePerson CEO Robert LoCascio says."
Cramer Remix: Zillow's risky move has not paid off," 7:04  PM ET Mon,  8 Oct 2018",Jim Cramer reveals why the real estate company's strategy in the housing market was the wrong move at the wrong time.
,,
Jim Cramer on Thursday's rally: Investors may be 'grasping at straws'," 6:53  PM ET Thu,  2 April 2020","""This market's so desperate for good news that buyers are willing to grasp even the thinnest of reeds,"" the ""Mad Money"" host said."
Kanye West beat the market by more than 40 percent,"10:50  AM ET Sat, 28 July 2018","According to CNBC's analysis, the portfolio rapper Kanye West chose for wife Kim Kardashian has outperformed the S&P 500 Index by more than 40 percent."
Cramer on AT&T-Time Warner ruling: 'I thought the government made a better case than this'," 6:53  PM ET Tue, 12 June 2018",Jim Cramer breaks down what AT&T's win in its case to buy Time Warner means for the telecommunications industry and others.
Cramer Remix: LendingTree could get a boost from lower interest rates," 7:53  PM ET Wed,  8 May 2019",Jim Cramer explains how LendingTree has overcome the short sellers and can succeed with lower interest rates.
"As market sell-off intensifies, a search for who, or what, to blame"," 6:50  PM ET Thu,  8 Feb 2018","As the Dow falls another 1,000 points for the second time in a week, people are searching for answers, ad for signs of a bottom."
"Company earnings give a better read on the economy than the bond market, Jim Cramer says"," 8:04  PM ET Mon, 19 Aug 2019","""I explained over and over again: you get a much better read on the economy by listening to the conference calls of individual large companies,"" Jim Cramer says."
Cramer Remix: Why Apple’s stock has been set up to fail," 7:02  PM ET Mon, 29 Jan 2018","Jim Cramer still says to hold Apple, not trade it, but shares why he feels indifferent to its upcoming quarter."
This technical analyst sees a new high for the S&P 500," 9:13  PM ET Tue,  6 Feb 2018",John Bollinger of Bollinger Capital says the charts point to the S&P 500 testing new highs.
VONG could outperform S&P after 5% drop,"10:17  AM ET Thu,  8 Feb 2018","According to Kensho, the VONG tends to outpace the S&P after a 5% drop."
Cramer's lightning round: McDonald's stock could be going to $200," 7:09  PM ET Wed, 24 Oct 2018","Jim Cramer rattles off his take on callers' favorite stocks, including a high-profile fast-food play."
"Everything Jim Cramer said on 'Mad Money,' from preparing for a pullback to doubling down on Tesla"," 7:28  PM ET Tue,  7 Jan 2020","""Mad Money"" host Jim Cramer advised investors to brace for a potential pullback in the market and said Tesla will take more market share in autos."
Cramer's lightning round: 'It's too nightmarish' to own bank stocks in this environment," 7:15  PM ET Wed, 12 Dec 2018",Jim Cramer steers investors away from the banking sector in a rapid-fire question-and-answer session.
,,
Cramer Remix: Why buybacks have not benefited Bed Bath & Beyond," 1:51  PM ET Fri,  3 May 2019",Jim Cramer explains how the retailer has hurt itself by spending fortunes buying back stock.
Cramer Remix: Investors should take cannabis hype with a grain of salt," 8:08  PM ET Thu, 16 May 2019","Jim Cramer explains that, while he's a believer in the cannabis business, conviction should be tempered with discipline."
Cramer: US-China trade talks are now more about a 'trust gap' than the 'trade gap',"12:32  PM ET Thu, 21 March 2019",Jim Cramer explains why he thinks President Donald Trump plans to leave tariffs in place and why the Federal Reserve helped in his trade standoff with China.
"China will someday be the largest cruise market in the world, Carnival Corp CEO says"," 7:57  PM ET Wed, 23 May 2018",Jim Cramer sits down with Carnival Corporation CEO Arnold Donald on one of his company's ships to hear about developments in the cruise industry.
"IBM CEO: AI-driven jobs are coming, and businesses need to prepare a new generation of workers"," 7:17  PM ET Fri, 31 May 2019","""We build these technologies so I think we have a responsibility … to prepare society for these technologies,"" CEO Ginni Rometty says."
,,
Resolved trade war would mean better industrial sector: Portfolio manager," 6:50  AM ET Thu, 26 Sept 2019","Ellen Hazen, F.L. Putnam Investment Management, and Ed Keon, QMA chief investment strategist, join 'Squawk Box' to discuss how concerns on USMCA and U.S.-China trade are weighing on the market."
Cramer: I was wrong about Jack Dorsey—the Twitter and Square CEO 'deserves a lot more credit',"10:27  AM ET Tue, 12 June 2018","Jim Cramer walks back his criticism of Twitter and Square chief Jack Dorsey, instead praising him for a ""job well done."""
Cramer's charts signal strength ahead for energy and industrial stocks like General Electric," 7:18  PM ET Tue,  1 May 2018",Jim Cramer and technician Marc Chaikin review the charts to find that industrial and energy stocks could be the next to rebound.
"Tariffs enabled top US steelmaker Nucor to build new billion-dollar plant, says CEO"," 7:12  PM ET Tue, 29 Jan 2019",Jim Cramer speaks with Nucor Chairman and CEO John Ferriola to gauge how the United States' tariffs on steel imports affected the business in 2018.
,,
"'Exploit the volatility' in the markets, says Wells Fargo"," 1:50  AM ET Wed,  5 June 2019","Given the ongoing trade disputes, the U.S. market is likely to be range bound for a while, says Kirk Hartman of Wells Fargo Asset Management. He also discusses which stocks investors could consider buying."
Cramer's strategy session: What it'll take for me to come around on GE," 7:37  PM ET Wed,  7 March 2018",Jim Cramer talks General Electric and sell-off threats in a strategy session with callers.
Cramer Remix: This board room shake up makes eBay a buy,"12:29  PM ET Tue, 12 March 2019",Jim Cramer explains why eBay's corporate split is a great prospect for the company and investors.
Cramer: Investors should be patient and take advantage of this sell-off," 9:59  PM ET Mon,  4 March 2019",Jim Cramer says this could be the first of multiple days of machine-driven stock selling.
Jim Cramer reviews the best 2019 Dow performers and predicts their 2020 moves," 6:34  PM ET Fri,  3 Jan 2020","CNBC's Jim Cramer says ""these 10 are most emblematic of the upside potential in 2020, as long as the current environment persists."""
"1 in 4 Venmo users' actions on the app can be monetized, PayPal CFO says"," 6:47  PM ET Fri, 19 Oct 2018","Jim Cramer and PayPal CFO John Rainey break down the financial technology company's strong earnings and the ""inflection point"" in its millennial-focused payment app, Venmo."
Cramer's lightning round: Callaway Golf is a stock investors can get long on," 7:13  PM ET Thu, 14 May 2020","""Mad Money"" host Jim Cramer rings the lightning round bell, which means he's giving his answers to callers' stock questions at rapid speed."
Cramer: Tesla bears should think twice before shorting the stock," 7:18  PM ET Tue, 14 Aug 2018",Jim Cramer says that even skeptical Tesla investors should stay away from shorting the stock because it never ends well.
Cramer's lightning round: Don't buy shares of GE until the company cuts costs or raises cash," 7:05  PM ET Fri, 12 Oct 2018","Jim Cramer zooms through his take on callers' favorite stocks, including the ailing industrial everybody has their eyes on."
"Nvidia CEO doesn't expect China to block $7 billion takeover of Mellanox, despite trade tensions"," 3:25  PM ET Sun, 19 May 2019",Nvidia CEO Jensen Huang tells Jim Cramer why the chipmaker won't be impacted by tariffs on Chinese imports.
Cramer Remix: Amazon’s punishment isn’t warranted – the stock is a buy," 7:16  PM ET Tue, 10 April 2018",Jim Cramer explains why damaged tech titan Amazon is worth buying into weakness.
"Food delivered 'right into your fridge' is the future, says Walmart's e-commerce chief"," 7:00  PM ET Tue, 18 Dec 2018",Jim Cramer sits down with Walmart E-Commerce USA President and CEO Marc Lore for more on the future of food delivery and Walmart's approach to online retail.
"Everything Jim Cramer said on 'Mad Money,' including record gains, Beyond Meat growth, Twitter CEO"," 8:29  PM ET Mon,  2 March 2020",CNBC's Jim Cramer explained how stocks managed to bounce after a big coronavirus-induced sell-off. He sat down with Beyond Meat CEO to talk international expansion.
Cramer's game plan: A week defined by trade talks and employment," 7:03  PM ET Fri, 30 Nov 2018","Jim Cramer flags key stocks and events in the week ahead, which will see the aftereffects of a critical meeting between the presidents of the United States and China."
Cramer's lightning round: STMicroelectronics is a 'very good company'," 7:17  PM ET Wed, 17 June 2020","""Mad Money"" host Jim Cramer rings the lightning round bell, which means he's giving his answers to callers' stock questions at rapid speed."
"Everything Jim Cramer said on 'Mad Money,' including earnings season, autonomous vehicles"," 7:37  PM ET Fri, 10 Jan 2020",CNBC's Jim Cramer gave a preview of the week ahead in company earnings and sat down with the CEO of self-driving technology provider Mobileye.
"Fed's Powell didn't 'cave'—he made the right choice for Main Street, says Jim Cramer"," 6:41  PM ET Wed, 30 Jan 2019",Jim Cramer says people who think Federal Reserve Chairman Jerome Powell is choosing not to raise interest rates for the benefit of the stock market are mistaken.
Cramer explains the magic of compounding," 6:28  PM ET Tue, 31 Dec 2019",Jim Cramer explains why young investors stand to benefit from the magic of compounding.
Cramer's week ahead: 'Lately I've been feeling a bit more optimistic'," 6:27  PM ET Fri, 27 March 2020","If coronavirus responses fail to continually progress, ""I think the market will revisit its lows from earlier this week,"" CNBC's Jim Cramer said."
ConEd CEO explains how utility stocks react to interest rates — It's 'a knife that cuts both ways'," 7:07  PM ET Tue,  1 Oct 2019",Consolidated Edison CEO John McAvoy tells Jim Cramer how utility stocks are related to the bond market and where the company is investing in renewable energy.
"Warren Buffett says if you invested $10,000 in the S&P 500 in 1942, you'd have $51 million today"," 4:02  PM ET Mon, 25 Feb 2019","Billionaire investor Warren Buffett said Berkshire Hathaway's chief stock pickers, Ted Weschler and Todd Combs, have failed to beat the S&P 500."
,,
Cramer's lightning round: You're getting an opportunity to sell these oil stocks," 7:20  PM ET Thu,  5 April 2018","Jim Cramer rattles off his take on callers' favorite stocks, including the sub-sector of master limited partnerships."
Jim Cramer turns bullish on Tesla — 'I'm a true believer',"11:31  PM ET Wed, 11 Dec 2019","Elon Musk ""is a great CEO when he can get out of his own way, and that seems to be what he's doing,"" the ""Mad Money"" host says."
Cramer's charts reveal that investors' euphoria caused the stock market meltdown," 7:02  PM ET Tue, 27 Feb 2018",Jim Cramer and technician Carley Garner inspect the S&P 500's charts to understand the market's recent correction.
Cramer breaks down why you should prepare for more market pullback," 7:28  PM ET Thu,  2 May 2019","""I am pretty sanguine about this market longer-term, but the disciplined thing to do right now is to raise a little cash, prepare for a pullback"" to do more buying, Jim Cramer says."
Cramer: 4 volatility trading instruments are the 'real culprits' behind this week's market meltdown,"10:33  PM ET Thu,  8 Feb 2018","Jim Cramer lists four volatility trading instruments that are the ""real culprits"" behind the market-wide sell-off."
"Jim Cramer: It's time to start buying amid market weakness, but take it slow"," 6:57  PM ET Wed, 29 May 2019","""Now that people are really freaking out ... I think it's time to start picking up stocks into weakness,"" Jim Cramer says."
"Lemonis doubles down on long-term view for Camping World, says No. 1 asset is loyalty club"," 7:13  PM ET Mon, 17 Sept 2018","Jim Cramer sits down with Camping World Holdings Chairman and CEO Marcus Lemonis, who recently bought 25,000 shares of his company as a vote of confidence."
Cramer Remix: The bull is fighting back thanks to the data center," 7:04  PM ET Fri, 11 Jan 2019",Jim Cramer explains how data stocks are igniting a market rebound after being wrongly written off by investors.
"Everything Jim Cramer said on 'Mad Money,' including China ag buys, Warren's 2020 odds, Bill.com IPO"," 7:21  PM ET Mon, 16 Dec 2019",CNBC's Jim Cramer says he has hope in the U.S.-China trade deal and that investors should build cash if Elizabeth Warren wins the Democratic nomination.
Cramer's lightning round: The defense stocks are no longer growth plays," 7:04  PM ET Fri, 11 Jan 2019","Jim Cramer zooms through his responses to callers' stock questions, including one on the prospects for Lockheed Martin."
Cramer Remix: The Chinese government has a weak hand when it comes to trade," 7:46  PM ET Fri, 10 May 2019",Jim Cramer explains why the Chinese have more to lose than we do when it comes to the trade debate.
"Constellation Brands CEO casts stock drop as 'total overreaction,' says he recently bought shares","12:03  PM ET Thu, 10 Jan 2019",Jim Cramer hears from Constellation Brands' outgoing and incoming CEOs after the alcohol distributor disappointed Wall Street with its 2019 forecast.
Cramer: Never buy a stock all at once — you'll almost definitely get burned," 6:52  PM ET Fri, 22 Dec 2017",Jim Cramer doubled down on his key investing rule of never buying a desired stock all in one go.
,,
Cramer's lightning round: This stock could recover if the Democrats win the House," 7:02  PM ET Tue,  6 Nov 2018",Jim Cramer says a biotechnology stock could launch a recovery if the midterm elections bring a blue wave to Congress.
Cramer: GE's CEO change could mean the company is doing worse than expected," 6:54  PM ET Mon,  1 Oct 2018","Jim Cramer says that while General Electric's CEO replacement was a win for the stock, it could mean the company's situation is more dire than previously thought."
"Cramer: 'The bull is fatigued,' froth is easing up and the market is ready to recharge"," 7:16  PM ET Tue, 11 June 2019","""We've had a colossal rally. After this kind of run, the bull is fatigued,"" the ""Mad Money"" host says."
Cramer: Investors must study up on the Amazon effect before buying any stock," 7:43  PM ET Mon, 15 April 2019","""Any company with any kind of consumer product could potentially end up in their crosshairs, and that's a very dangerous place to be,"" the ""Mad Money"" host says."
Cramer's game plan: Bargains may not be enough to attract buyers," 6:50  PM ET Fri, 14 Dec 2018",Jim Cramer laments the state of the stock market as he looks ahead to a pivotal week during which the Federal Reserve is expected to raise interest rates.
Dell CEO: We're positioned to 'help our customers with the digital transformation'," 7:15  PM ET Wed, 13 March 2019",Jim Cramer talks with Dell CEO Michael Dell about move the company is making since making its return to public markets in late December.
,,
Cramer Remix: Why Apple is a better version of Procter & Gamble," 7:05  PM ET Fri,  4 May 2018",Jim Cramer explains why Apple could be more than just a tech play.
Cramer breaks down the biggest winning stocks from Trump's tariff delay," 7:25  PM ET Tue, 13 Aug 2019","""This a home-run day for Apple, huge wins,"" Jim Cramer says."
Jim Cramer: Investors concerned about spiking coronavirus cases should buy these stocks," 7:23  PM ET Mon, 15 June 2020","""As Zoom goes, so go Zscaler and CrowdStrike and Cramer-fave RingCentral,"" the ""Mad Money"" host said."
Cramer's lightning round: Resmed had a hiccup. That was a chance to buy," 7:19  PM ET Fri, 14 June 2019",Jim Cramer takes calls and delivers answers to caller questions about their favorite stock picks of the day.
Cramer's lightning round: Disney is going to get through this," 7:06  PM ET Tue, 19 May 2020","""Mad Money"" host Jim Cramer rings the lightning round bell, which means he's giving his answers to callers' stock questions at rapid speed."
"Everything Jim Cramer said on 'Mad Money,' including market rotation, Uber's road to profitability"," 7:47  PM ET Mon, 10 Feb 2020","CNBC's Jim Cramer breaks down why money managers are rotating from cyclical to secular growth stocks. The ""Mad Money"" host explains why he's more bullish on Uber."
,,
Cramer: Uber's fundamentals aren't great — I wouldn't buy Friday's open," 9:13  PM ET Tue,  7 May 2019","""When you look at the fundamentals, which no one is doing … there's just not much here worth getting excited about,"" Jim Cramer says."
Cramer: Volatility charts suggest now is the time to buy into stocks," 7:28  PM ET Tue, 27 Nov 2018",Jim Cramer and volatility expert Mark Sebastian parse the charts of the market's fear gauge and spot some surprisingly bullish signs.
GlaxoSmithKline CEO expects to get 'at least' six drug approvals from the FDA in 2020," 6:47  PM ET Mon, 13 Jan 2020","GlaxoSmithKline CEO Emma Walmsley told ""Mad Money"" host Jim Cramer the British drugmaker has received ""positive data"" for cancer and HIV drugs."
Cramer's lightning round: 'I'm not going against Alibaba'," 6:54  PM ET Fri, 14 Feb 2020","""Mad Money"" host Jim Cramer rings the lightning round bell, which means he's giving his answers to callers' stock questions at rapid speed."
Cramer Remix: Common sense can make you money in this market," 6:59  PM ET Fri,  5 Jan 2018","Jim Cramer explained how observations, and not just knowledge of stocks, could help you find your next play."
,,
"Everything Jim Cramer said on 'Mad Money,' including Biogen drug, Hasbro and Logitech, Beyond Meat"," 9:07  PM ET Tue, 22 Oct 2019",CNBC's Jim Cramer says Biogen is one example why investors should buy individual stocks. He chats with the CEOs of Hasbro and Logitech after their earnings reports and breaks down why more downside may be in store for Beyond Meat.
Cramer Remix: One line in AMD's earnings report was enough to hurt the stock," 7:10  PM ET Wed, 24 Oct 2018",Jim Cramer breaks down the rationality behind AMD's post-earnings decline.
Cramer's lightning round: I am all over TJX," 7:16  PM ET Wed, 29 April 2020","""Mad Money"" host Jim Cramer rings the lightning round bell, which means he's giving his answers to callers' stock questions at rapid speed."
"Cramer Remix: If the dollar peaks, it could be positive for your portfolio"," 8:47  PM ET Tue, 12 March 2019",Jim Cramer takes a look at the charts to see if the U.S. dollar could weaken and why that could benefit the market.
Cramer Remix: Estee Lauder is the only company doing 'fine' in China,"11:09  AM ET Thu,  6 June 2019","Jim Cramer reveals how Estee Lauder is finding success worldwide, even as retail slows down."
Cramer: Outgoing PepsiCo CEO 'saw the future coming' when few did," 1:35  PM ET Tue,  7 Aug 2018",Jim Cramer talks about his personal experience with outgoing PepsiCo CEO Indra Nooyi.
Cramer's lightning round: Don't buy Monster Beverage—it's running out of steam," 7:04  PM ET Thu,  3 May 2018","Jim Cramer zips through his take on callers' favorite stocks, including a beverage maker under pressure."
Cramer's lightning round: Don't touch the stock of Albemarle," 7:04  PM ET Thu,  1 March 2018","Jim Cramer zooms through his take on callers' favorite stocks, including a lithium play under pressure."
"Do not own or short Netflix here — 'ring the register,' Jim Cramer says"," 6:30  PM ET Thu, 17 Oct 2019","""You've got to understand what Netflix is up against because when you look at these [quarterly] numbers in context I think they're pretty discouraging,"" CNBC's Jim Cramer says."
"US must 'think big' on coronavirus response or risk losing influence to China, Jim Cramer says"," 7:29  PM ET Wed, 18 March 2020","""The rest of the world's looking to China for leadership, not us. That's going to be permanent if we don't get our act together,"" CNBC's Jim Cramer said."
Cramer: Beyond Meat priced its IPO at $25 a share — buy in below $35 after its debut," 7:51  PM ET Wed,  1 May 2019","""At the midpoint of its current price range, Beyond Meat's going to be very expensive — it's already trading at 17-times last year's sales,"" Jim Cramer says."
Jim Cramer says it might be time to buy Nordstrom," 7:24  PM ET Mon,  6 Jan 2020","While many people consider retailers such as Nordstrom to be down and out, Jim Cramer says a new report from a top analyst shows it may be a good buy."
,,
"Charts suggest new highs 'could be on the table' for the S&P 500, Jim Cramer says"," 7:47  PM ET Thu, 18 June 2020","""If the S&P 500 really does surge to 3,400, up 9.1% from these levels, maybe take something off the table,"" the ""Mad Money"" host said."
Cramer: These are the stocks that helped power the Nasdaq to a record high during the pandemic," 7:39  PM ET Mon,  8 June 2020","The Nasdaq's rally is ""more representative of this market than the endless rebound in the hospitality and travel stocks"" due to reopening, Cramer said."
Jim Cramer: 'It's a mistake to freak out about the impeachment process'," 7:20  PM ET Wed, 18 Dec 2019","The ""Mad Money"" host says there's no need to worry on Wall Street, even if the market has more down days ahead."
,,
Cramer's lightning round: Cognex manufactures in America and should be celebrated," 7:05  PM ET Fri, 29 May 2020","""Mad Money"" host Jim Cramer rings the lightning round bell, which means he's giving his answers to callers' stock questions at rapid speed."
"This 2019 market headwind will become a 2020 tailwind, says $9 billion manager, calling new highs"," 8:28  AM ET Thu,  9 Jan 2020","Stocks will charge higher in 2020 despite simmering Middle East tensions and the presidential elections, says Avalon CIO Bill Stone."
Cramer Remix: Domino’s Pizza proves why stock-picking is still a winning strategy," 6:59  PM ET Wed, 10 Jan 2018",Jim Cramer dished on how Domino’s Pizza was able to outperform index funds despite the increasingly difficult environment.
"Digital was key difference in rivals Home Depot, Lowe's quarterly reports, Jim Cramer says"," 6:29  PM ET Wed, 20 Nov 2019","""These days, people expect everything to be frictionless. The moment they hit any kind of problem, any speed bump, they just take their business elsewhere,"" the ""Mad Money"" host says."
,,
Cramer's charts suggest investors buy Akamai and sell Walmart," 7:57  PM ET Wed, 23 May 2018",Jim Cramer and technician Marc Chaikin find clear buy and sell signals in the charts of Akamai Technologies and Walmart.
Clorox CEO on coronavirus outbreak: 'We're not seeing an impact on sales just yet'," 7:58  PM ET Wed,  5 Feb 2020","Clorox is ""leaning into inventory to be ready, just in case"" demand increases for disinfecting products, CEO Benno Dorer says amid coronavirus outbreak."
Cramer Remix: Apple could have just signaled that Trump will make a trade deal with China," 7:03  PM ET Wed,  2 May 2018",Jim Cramer is rethinking trade and China after speaking with Apple CEO Tim Cook.
Stocks surge on strong jobs report—here's what top economists are saying," 1:12  PM ET Fri,  1 Nov 2019","Stocks jumped on a stronger-than-expected jobs report, and experts are largely taking the upside surprise as a positive sign."
,,
Under Armour CEO says the company is ready to 'reset ourselves' in North America," 7:28  PM ET Wed,  8 May 2019","Under Armour CEO Kevin Plank breaks down how the sports apparel manufacturer is positioning itself for sustainable, long-term growth."
Cramer's lightning round: I'm sticking with Domino's ahead of earnings," 7:12  PM ET Tue, 12 Feb 2019","Jim Cramer zooms through his responses to callers' stock questions, including one on whether it's worth holding onto shares of Domino's Pizza going into its earnings report."
Chart shows key level to watch in the S&P 500 as stocks fall: Trader," 6:04  PM ET Wed, 11 March 2020",Craig Johnson of Piper Sandler and Nancy Tengler of Laffer Tengler Investments discuss how they're approaching the stock market sell-off with CNBC's Seema Mody.
Cramer: Cisco's latest quarter proves shift to software is working,"11:07  AM ET Wed, 22 Aug 2018",Jim Cramer says that Cisco's fourth quarter is finally bearing the fruit from CEO Chuck Robbins' plan for the company.
Cramer's lightning round: Trade Desk is a 'high-growth stock that will bounce back'," 9:00  PM ET Thu, 12 March 2020","""Mad Money"" host Jim Cramer rings the lightning round bell, which means he's giving his answers to callers' stock questions at rapid speed."
Cramer's lightning round: Dow Inc is 'not doing well'," 7:14  PM ET Tue, 12 May 2020","""Mad Money"" host Jim Cramer rings the lightning round bell, which means he's giving his answers to callers' stock questions at rapid speed."
Cramer's lightning round: Signet Jewelers is still in the 'penalty box'," 7:05  PM ET Wed, 19 June 2019",Jim Cramer hears from viewers and gives his thoughts about their stock picks.
,,
Cramer: Ideological divides could make the US-China trade war 'go on for years'," 7:33  PM ET Thu, 14 Nov 2019","""If I were the Chinese, I would rather deal with Trump now, than Trump or Warren later,"" the ""Mad Money"" host says."
Dexcom CEO teases a diabetes collaboration with Apple Watch," 7:42  PM ET Thu, 13 June 2019","Dexcom CEO Kevin Sayer also says its partnership with an Alphabet subsidiary will be produce a more advanced device ""for the ages."""
"Cramer Remix: There aren't enough safety zones in this market, so don't buy into the weakness","11:04  AM ET Wed,  8 May 2019",Jim Cramer warns that there may be more panic – and selling – ahead as fears over U.S.-China trade relations are reignited.
,,
Jim Cramer reveals 'quick and dirty' Wall Street tricks for buying cloud stocks," 7:41  PM ET Mon, 16 Sept 2019",Jim Cramer introduces viewers to the rule of 40 to help valuate which cloud stocks to invest in and to sell.
"Cramer: We blew it on 3M, but it’s too late to sell"," 7:14  PM ET Thu, 31 May 2018","If last quarter was a temporary blip, 3M's rebound could be terrific when the industrial company gets its act together, says “Mad Money” host Jim Cramer."
Cramer Remix: Now is your chance to buy into this miraculous turnaround story," 8:37  PM ET Tue, 16 July 2019","Jim Cramer explains why he thinks now is the time to invest in Dine Brands, even as the parent company of IHOP and Applebee's faces tougher year-over-year comparisons."
"People are having 'flashbacks to their childhood' as Chef Boyardee sales tick up, Conagra CEO says"," 8:49  PM ET Tue, 31 March 2020","""Chef Boyardee was growing nicely before COVID. It's doing very well now,"" Conagra Brands CEO Sean Connolly said."
"Direct-to-consumer 'is no longer a fad,' Shopify COO says after strong Q4 earnings report"," 6:31  PM ET Wed, 12 Feb 2020","Direct sales ""is now a steady state, and it's being powered by Shopify. We're at the center of that,"" Shopify COO Harley Finkelstein explains in a ""Mad Money"" interview."
"It's 'inevitable' that esports will be part of the Olympics, Logitech CEO says"," 6:51  PM ET Tue,  7 Aug 2018","Jim Cramer sits down with Logitech International President and CEO Bracken Darrell, who says esports will be in the Olympics and could be the biggest sport in the world."
Salesforce's Benioff: 'Massive' digital transformation is driving our growth," 9:54  AM ET Wed,  5 June 2019","The digital customer transformation ""is as big as Y2K was for the tech industry,"" CEO Marc Benioff says."
"Everything Jim Cramer said on 'Mad Money,' including coronavirus fears, Tesla success and Nordstrom"," 8:17  PM ET Thu, 30 Jan 2020","CNBC's Jim Cramer explains why it's too early to tell whether the coronavirus will cause a recession. He also discusses the similarities between Tesla, Netflix and Amazon."
"Everything Jim Cramer said on 'Mad Money,' including China trade, buy Clorox, Stitch Fix CEO, REITs"," 8:00  PM ET Fri,  4 Oct 2019","Jim Cramer takes a look at the week ahead in stock market news, including anticipation of U.S.-China trade talks, explains why Clorox is a buy and interviews Stitch Fix CEO Katrina Lake."
Cramer points to the trillion-dollar question about US-China trade: What about Apple?," 6:53  PM ET Tue, 19 June 2018",Jim Cramer flags the one wild card in the escalating trade dispute between China and the United States.
"'We're ahead of the pack' in the cannabinoid drug space, says CEO of synthetic drugmaker Corbus"," 6:53  PM ET Thu, 20 Sept 2018","Jim Cramer sits down with Yuval Cohen, the CEO of a company that is creating treatments derived from manmade cannabinoids for rare diseases like cystic fibrosis."
Ellevest's Sallie Krawcheck says the economic crisis has caused a 'she-cession'," 9:43  PM ET Mon, 13 July 2020","Ellevest CEO Sallie Krawcheck, who co-founded the digital investment firm for women, explained how the pandemic is affecting women, and women of color even more severly."
Don't judge early-stage biotech Moderna on its stock's post-IPO drop: Cramer," 7:05  PM ET Mon, 10 Dec 2018",Jim Cramer says there's more to Wall Street newcomer Moderna than the action in the biotechnology company's stock.
Here are the 5 biggest beneficiaries of the 5G rollout: Jim Cramer," 7:17  PM ET Wed,  6 Feb 2019","Jim Cramer says Skyworks Solutions, Intel, Qualcomm, Broadcom and Xilinx stand to gain from the ongoing rollout of the fifth generation of wireless communications."
"Cramer Remix: I've issued more mea culpas on GE than any other stock, but I'm not giving up just yet"," 7:21  PM ET Wed,  3 Jan 2018",Jim Cramer revealed why he hasn’t given up on GE yet.
Cramer's lightning round: S&P Global's stock is 'nothin' but net'," 7:03  PM ET Thu,  1 Feb 2018","Jim Cramer rattles off his take on callers' favorite stocks, including a financial technology name."
"Alphabet is marching toward the $1 trillion club, but Jim Cramer is skeptical of the move"," 6:09  PM ET Mon, 13 Jan 2020","""Mad Money"" host Jim Cramer said he worries that Alphabet, alongside Microsoft, Apple and Facebook, may not hold its recent gains when the company reports earnings."
Cramer's lightning round: Zebra Technologies is a kind of fast grower we like," 8:45  PM ET Thu,  9 May 2019","It's that time again! ""Mad Money"" host Jim Cramer rings the lightning round bell, which means he's giving his answers to callers' stock questions at rapid speed."
Cramer: Beware the bears' warnings on global markets—they could lead you astray," 7:04  PM ET Wed,  3 Oct 2018",Jim Cramer warns investors not to take market pessimists too seriously when they warn that financial trouble overseas could affect U.S. stocks.
Teladoc Health CEO: The health-care system is on the 'verge of a new era' for virtual care," 7:13  PM ET Mon, 23 March 2020","""We're happy to work ... to try to meet the incredible increase in demand"" during the coronavirus crisis, Teladoc Health CEO Jason Gorevic said."
"Cramer Remix: Even on down days, HP Inc. and Hewlett Packard Enterprise continue to win"," 7:10  PM ET Tue, 27 Feb 2018",Jim Cramer highlights the growth behind HP Inc. and Hewlett Packard Enterprise.
,,
Cramer explains the Apple-led sell-off and what could stop the declines," 7:03  PM ET Mon, 12 Nov 2018",Jim Cramer unpacks Monday's sell-off and says a combination of seven factors will help the stock market find a bottom.
Cramer: Trump should go forward with Dec. 15 tariffs," 6:51  PM ET Fri,  6 Dec 2019","The strong November jobs report shows Trump has more flexibility in trade negotiations with China, CNBC's Jim Cramer says."
"Tech stocks led the S&P 500 from 2,000 to 3,000. The sector may still have far to run"," 1:10  AM ET Fri, 12 July 2019","Stellar performance from technology stocks led the S&P 500's run from 2,000 to 3,000, but the sector's phenomenal growth may still have some gas in the tank."
"Everything Jim Cramer said on 'Mad Money,' including market uncertainty, US-Iran playbook, Nordstrom"," 8:16  PM ET Mon,  6 Jan 2020","""Mad Money"" host Jim Cramer warns investors to be cautious about the current market, unveils defensive plays to hedge against growing conflict between the U.S. and Iran, and makes a bullish case for Nordstrom."
Chipotle CFO shrugs off potential $15 million hit from Mexican tariffs — This 'won't impact us'," 7:33  PM ET Tue,  4 June 2019","""[The tariffs] is an impact of about $15 million this year, a little bit more next year,"" CFO Jack Hartung says."
"Cramer Remix: After Trump’s NATO comments, these sectors are worth owning"," 7:14  PM ET Wed, 11 July 2018",Jim Cramer reveals why U.S. defense and natural gas stocks are strong picks after the NATO Summit.
Cramer's lightning round: Buy Express Scripts on its upcoming merger," 7:05  PM ET Tue,  9 Oct 2018","Jim Cramer opines on callers' favorite stocks at lightning speed, including a health-care play being absorbed by Cigna."
"Trade Desk is a 'more enticing' cord-cutting play than Roku, Jim Cramer says"," 6:56  PM ET Mon,  3 Feb 2020","CNBC's Jim Cramer says, ""I much prefer the less well-known Trade Desk, which has better financials and I think is a better story."""
"October's market 'trick' could turn into a 'treat' for investors by year-end, says strategist"," 3:36  PM ET Tue,  8 Oct 2019","Stocks are sinking to start off October, but strategist Stephen Suttmeier of Bank of America Merrill Lynch says the charts are suggesting that the pain won't last."
Cramer Remix: Common sense can make you money in this market," 7:18  PM ET Fri,  5 Jan 2018","Jim Cramer explained how observations, and not just knowledge of stocks, could help you find your next play."
,,
"Jim Cramer turns bullish on gold, dividend and medical device stocks on Fed emergency rate cut"," 6:50  PM ET Tue,  3 March 2020","""I know I'm early, but you can't wait until the selling ends before you start building a position,"" the ""Mad Money"" host said."
Cramer Remix: Boeing is a better bet than bitcoin," 7:00  PM ET Thu, 11 Jan 2018",Jim Cramer revealed what he’s recommending over the cryptocurrency.
Cramer thanks Tesla CEO Elon Musk 'for telling the truth' after boorish conference call," 7:17  PM ET Thu,  3 May 2018","Jim Cramer says Tesla's post-earnings analyst call was CEO Elon Musk's ""best conference call ever."""
Canopy Growth CEO: 'We're ready to launch vape products into Canada'," 7:52  PM ET Mon, 23 Sept 2019","Canopy Growth CEO Mark Zekulin says Canada has rules that will govern the [vape] products that we put to market,"" while the U.S. battles controversies."
"Impossible Foods CFO says its plant-based meat will soon be available in nearly 1,000 stores in US"," 7:53  PM ET Fri, 24 April 2020",Impossible Foods CFO David Lee joined CNBC's Jim Cramer to discuss the company's expansion into more grocery stores across the U.S.
Cramer: Charts show pumpkin spice lattes could help Starbucks rebound,"11:10  AM ET Wed, 22 Aug 2018",Jim Cramer and technician Tim Collins take a look at the charts to check on Starbucks and see if the coffee chain is headed for a run.  
"Cramer's week ahead: Home Depot, Target and Macy's earnings — plus US-China trade developments"," 7:50  PM ET Fri, 15 Nov 2019","The ""Mad Money"" host explains what he will monitor closely next week, including earnings reports from Kohl's and Foot Locker. He's also watching for news in the U.S.-China trade war."
"Cramer: The market is starting to look like the 1980s, and that's good for Coca-Cola"," 7:57  PM ET Tue, 23 July 2019","""If I'm right that this is like the 1980s all over again, it means the likes of Coca-Cola and Kimberly-Clark have a lot more room to run,"" Jim Cramer says."
,,
Expert explains what he's watching out for this earnings season," 4:09  AM ET Mon, 22 July 2019","Richard Martin of IMA Asia says he's keeping an eye on companies on the S&P 500 that look to be ""flat or down,"" and how they're impacted by the slowing economy."
"Jim Cramer: Wall Street showed resilience, complacency in the wake of Iran attacks"," 6:38  PM ET Wed,  8 Jan 2020","""With the averages staging a huge rally from last night's moment of crisis ... I marvel at this market's ability to overcome even the toughest of obstacles,"" CNBC's Jim Cramer said."
Cramer: Advanced Micro Devices is a good buy for long-term investors," 7:35  PM ET Thu, 26 April 2018",Jim Cramer says Advanced Micro Devices is back from near-death. Here's why you should buy. 
Cramer Remix: Don’t let the earnings bonanza confuse you," 7:00  PM ET Fri, 12 July 2019",Jim Cramer breaks down his game plan for next week.
Cramer's lightning round: Buy Ulta Beauty," 7:36  PM ET Wed, 24 June 2020","""Mad Money"" host Jim Cramer rings the lightning round bell, which means he's giving his answers to callers' stock questions at rapid speed."
Cramer's lightning round: Take a long-term view on Johnson & Johnson," 6:59  PM ET Wed, 31 Jan 2018","Jim Cramer shares his take on callers' favorite stocks at lightning speed, including one pharmaceutical play under pressure."
Jim Cramer: Any US-China trade deal will send the market into an 'epic rebound'," 7:01  PM ET Tue, 21 May 2019","As of Tuesday, an imminent deal seems unlikely, with both countries refusing to compromise, Cramer said."
Cramer's charts suggest gold could be nearing a bottom," 6:31  PM ET Tue, 31 July 2018",Jim Cramer and technician Carley Garner inspect the charts related to gold to see if the precious metal could be ripe for a run.
Cramer shares the unusual signs that mean a stock is ready to explode," 6:59  PM ET Fri, 17 Jan 2020",Jim Cramer flags one chart pattern that can tell you a stock is ready to skyrocket.
"Charts suggest the S&P 500 climb will stall out at the end of July, Jim Cramer warns"," 7:02  PM ET Tue, 14 July 2020","The charts, as interpreted by Larry Williams, suggest the S&P 500 could climb another 5% in coming weeks before equities begin to retreat, Cramer said."
Cramer Remix: GE just got a huge break—the stock may have bottomed," 7:10  PM ET Tue,  8 May 2018",Jim Cramer thinks General Electric’s worst days could be behind it thanks to the recent increase in oil prices.
Apple CEO Tim Cook: 'I'm very optimistic' about US-China trade talks," 7:16  AM ET Wed,  9 Jan 2019",Apple CEO Tim Cook was notably reassuring when asked about the prospects of U.S.-China trade talks in a Tuesday interview with CNBC's Jim Cramer.
Cramer's lightning round: I screwed up on Apache and won't stop you from selling," 7:00  PM ET Fri,  9 March 2018","Jim Cramer zooms through his take on callers' favorite stocks, including a mea culpa on one oil play."
,,
Centene CEO: 'The time was right' to buy WellCare for $15 billion," 8:34  PM ET Wed, 27 March 2019","Centene CEO Michael Neidorff defends his company's acquisition of WellCare Health Plans telling Jim Cramer some opportunities ""don't come back around."""
Cramer's lightning round: Accounting issues at Flex mean you should sell the stock," 7:13  PM ET Tue, 22 May 2018","Jim Cramer rattles off his take on callers' favorite stocks, including a tech manufacturer that recently reported earnings."
Cramer's lightning round: My playbook for Okta's earnings report," 7:06  PM ET Mon,  3 Dec 2018","Jim Cramer races through his answers to callers' stock questions, including one on a software play ahead of the company's earnings report."
,,
"Cramer: Fund managers are ditching high-growth stocks for Lyft, IPO season"," 8:29  PM ET Wed, 27 March 2019",The major indexes finished Wednesday in the red. Jim Cramer says you should expect the selling to continue as big funds build capital to buy IPOs.
"Everything Jim Cramer said on 'Mad Money,' including Saudi oil strikes, valuing cloud stocks, Paxos"," 8:49  PM ET Mon, 16 Sept 2019","Jim Cramer breaks down Wall Street's reaction to drone strikes on Saudi Arabian oil facilities, how Wall Street values cloud stocks and interview with Paxos CEO."
"It's not too late for investors to take advantage of the market rotation, says Jim Cramer"," 6:58  PM ET Thu, 24 Jan 2019","Jim Cramer says investors still have time to take advantage of the rotation out of ""safe"" stocks and into faster-growing plays."
US Concrete CEO sees path to infrastructure bill 'in the next two years'," 8:25  PM ET Thu,  6 Dec 2018",Jim Cramer and U.S. Concrete chief Bill Sandbrook break down the concrete producer's outlook on U.S. infrastructure and address the recent weakness in its stock.
Under Armour CEO: 2018 will be one of the most important chapters in our 22-year history," 7:21  PM ET Wed, 28 Feb 2018","Jim Cramer sits down with Kevin Plank, the founder, chairman and CEO of Under Armour, to hear about his athletic brand's turnaround."
"Jim Cramer breaks down the rallies behind Tesla, Beyond Meat and Lululemon"," 7:01  PM ET Mon, 13 Jan 2020","""We don't want to be in a situation where stocks keep roaring on the same old, same old information,"" CNBC's Jim Cramer said on ""Mad Money."""
Cramer: I'm kicking myself for not recommending these stocks," 9:06  PM ET Thu, 28 Feb 2019","Jim Cramer takes the time to talk about his top ""woulda, shoulda, coulda"" stocks."
"Cramer: Inflation is a real worry, but it's 'far from permanent'"," 7:24  PM ET Thu, 24 May 2018",Jim Cramer pushes back on concerns about inflation by listing the economic factors keeping it at bay.
,,
Cramer's lightning round: Lockheed Martin is the one you have to own," 7:49  PM ET Thu, 20 June 2019",Jim Cramer zips through his lighting round in front of a live-studio audience.
Cramer: Betting against Netflix because of its content is a huge mistake," 7:23  PM ET Fri, 16 March 2018",Jim Cramer bucks the Netflix naysayers who think the streaming giant's spending on content is a reason to sell.
Cramer's take on retail REIT stocks: Their 'remarkable comeback' might not be worth your cash," 6:57  PM ET Wed, 18 July 2018","Jim Cramer says the retail resurgence is boosting business at affiliated real estate investment trusts, but says he's not enthusiastic about REIT stocks just yet."
Cramer's lightning round: 'I think GM is of the past'," 6:56  PM ET Thu, 20 Feb 2020","""Mad Money"" host Jim Cramer rings the lightning round bell, which means he's giving his answers to callers' stock questions at rapid speed."
"Cramer: I agree with Trump, but the Fed hasn't gone crazy. It's gone lazy","12:00  PM ET Fri, 12 Oct 2018",Jim Cramer lays out his reasons for why the Federal Reserve should back off its aggressive rate hike agenda.
Cramer's week ahead: Corporate earnings will play a back seat to coronavirus," 7:27  PM ET Fri,  6 March 2020","""Pay attention to what these companies have to say next week, but don't forget that at least for the moment — COVID-19 is in the driver's seat,"" CNBC's Jim Cramer said."
Cramer Remix: Joint ventures in China may be a thing of the past," 1:24  PM ET Tue, 22 May 2018","Jim Cramer explains how U.S. companies may soon sell products directly in China, and it could be huge."
"There's no more money to be made in oil and gas stocks, Jim Cramer says"," 6:48  PM ET Mon,  3 Feb 2020","""I am not here, though, to take political stands. My job is to help you try to make money,"" CNBC's Jim Cramer said."
,,
"Cramer Remix: You can't invest in Kylie Jenner, but this stock could help","11:51  AM ET Wed, 20 March 2019",Jim Cramer reveals how Ulta Beauty is profiting off of its partnership with the billionaire mogul and how it could benefit your portfolio.
,,
"PayPal CFO sees opportunity in consumers who have mobile devices, but not bank accounts"," 7:31  PM ET Wed, 16 May 2018",Jim Cramer sits down with PayPal CFO John Rainey to discuss how his company sees a nearly two-billion-person global opportunity.
"Red Hat CEO: 'We expect this is the bottom' in enterprise growth, it should re-accelerate"," 7:05  PM ET Fri, 21 Sept 2018","Jim Cramer hears from Red Hat President and CEO Jim Whitehurst, who addresses his company's second-quarter revenue miss."
Cramer makes the case for consumer goods stocks amid tech-led declines," 6:57  PM ET Wed, 28 March 2018",Jim Cramer recommends investors stay the course through a rough market punishing some of its top stocks.
Cramer: Nvidia and Twitter's stocks are the best examples of the unforgiving market," 7:32  PM ET Tue, 27 March 2018",Jim Cramer uses the stocks of Nvidia and Twitter to explain the stock market's treacherous condition.
Cramer's lightning round: Hold XPO Logistics—it's best in class," 7:02  PM ET Fri, 23 March 2018","Jim Cramer zips through his take on callers' favorite stocks, including a shipping play outperforming its rivals."
"Nvidia CEO Jensen Huang: Cryptocurrency is here to stay, will be an 'important driver' for business"," 7:46  PM ET Thu, 29 March 2018","Jim Cramer hears from Nvidia founder, President and CEO Jensen Huang in a wide-ranging interview on cryptocurrency, self-driving cars and Nvidia's graphics business."
Cramer says his most trusted indicator 'makes me concerned' about the market's trajectory,"10:54  AM ET Fri,  1 May 2020","Stocks on Wall Street have reached levels that are ""too hot"" for Jim Cramer's liking."
,,
"Cramer: Charts flash bullish signs in shares of Caterpillar, Boeing and United Technologies"," 7:26  PM ET Tue,  8 May 2018",Jim Cramer and technician Bob Lang inspect some industrials' stock charts to see if their shares can still surge higher.
Pioneer CEO says the natural gas company avoided a downturn in prices by shipping out to California," 8:01  PM ET Thu, 30 May 2019","""Pioneer has taken our gas to California, so we're not seeing any of the negative prices,"" Pioneer Natural Resources CEO Scott Sheffield says."
"Cramer on trade: China could wait out Trump's presidency to make a deal, and that's bad for stocks","12:38  PM ET Fri,  4 May 2018",Jim Cramer reveals the market's new thesis on China and predicts what could happen if it comes true.
,,
,,
New tariffs let China get 'off more or less scot-free': Former U.S. trade representative," 3:54  PM ET Fri,  2 March 2018","President Trump's steel and aluminum tariffs would affect U.S. allies, not China, says former U.S. trade representative."
,,
Cramer: Netflix went from 'easy money to hard money' in one fell swoop," 7:24  PM ET Thu, 18 July 2019","""We've seen Netflix stumble before, especially maybe after a price hike, but not quite like this,"" Jim Cramer says."
CEO of Calvin Klein owner warns China tariffs could soon hit US economy in a meaningful way," 7:01  PM ET Mon, 25 Nov 2019","The uncertainty of the U.S.-China trade war has been the biggest hindrance to business, PVH CEO Emanuel Chirico said."
Cramer Remix: Why the decline in cloud stocks and Lyft's move higher go hand in hand," 8:38  PM ET Thu,  4 April 2019",Jim Cramer discusses what the drop in cloud stocks signals for the IPO market.
"Jim Cramer: The VIX shows 'big fear' is out of the market, but stocks aren't 'ready to roar'"," 7:07  PM ET Tue,  7 April 2020","""[T]here's no need to chase stocks after this week's rally. You can afford to be patient and buy the dips,"" the ""Mad Money"" host said."
"Many restaurants would 'shut down completely' under Tennessee's reopening guidelines, Jim Cramer says"," 6:57  PM ET Tue,  5 May 2020","""These rules are safe and healthy for the customer, which is great, but there's simply no way most restaurants can possibly obey them without going right out of business,"" the ""Mad Money"" host said."
"Daryl Guppy: 'Very bearish' on S&P 500, Nasdaq and Dow Jones"," 3:08  AM ET Mon,  9 April 2018","""Trade wars are easy to start, but winning them is another question altogether,"" says Daryl Guppy of Guppytraders.com."
Cramer Remix: Why China has much more to lose in a trade war," 7:03  PM ET Tue, 18 Sept 2018",Jim Cramer explains how China's manufacturing-based economy leaves it vulnerable to U.S. trade tariffs.
The regular investor can now trade the stock market 24 hours a day," 9:50  AM ET Mon, 22 Jan 2018",Traders on the TD Ameritrade platform are now able to buy and sell shares of ETFs like the SPDR S&P 500 (SPY) at any time of the day.
"Cramer: Blooming season has come for Home Depot, Lowe's, Lennar, and D.R. Horton"," 7:51  PM ET Tue, 26 March 2019",Jim Cramer says investors shouldn't panic about February's weak housing starts because the market is about to rebound.
Jim Cramer: Investors must consider these two critical factors affecting Facebook and Apple," 7:45  PM ET Wed, 30 Oct 2019","""I'm sensing some skepticism ... creeping in about both of them and I suspect some of it has to do with twin constraints of time and government,"" CNBC's Jim Cramer says."
Jim Cramer says these 'accidentally' high-yield stocks can 'hold up during a recession'," 8:51  PM ET Thu, 12 March 2020","""These are companies that I'm picking that have healthy businesses. I believe they'll hold up during the slowdown,"" the ""Mad Money"" host said."
,,
Cramer's lightning round: 'Take a look at Boeing'," 7:03  PM ET Tue,  7 April 2020","""Mad Money"" host Jim Cramer rings the lightning round bell, which means he's giving his answers to callers' stock questions at rapid speed."
Cramer's lightning round: I didn't expect Six Flags to do that poorly," 7:06  PM ET Thu, 14 Feb 2019","Jim Cramer zips through his responses to callers' stock questions, including one on an amusement park play."
"Cramer: Retail is getting hammered, but it's an opportunity to buy Revolve"," 6:44  PM ET Wed, 14 Aug 2019","Revolve Group is ""part of the reason why Macy's is getting obliterated ... disrupting what's left of the department stores, and it is working,"" Jim Cramer says."
Cramer: What stands out in Elon Musk's SEC conflict 'is his hubris'," 7:02  PM ET Fri, 28 Sept 2018","Jim Cramer shares his take on ""cult stock"" Tesla following news of CEO Elon Musk being sued by the Securities and Exchange Commission."
Cramer: Recent mergers show stocks are not as expensive as people think," 6:11  PM ET Mon, 25 Nov 2019","If stocks were actually overpriced, there would not be as much merger and acquisition activity, the ""Mad Money"" host says."
"Cramer's lightning round: 'I've been wrong' on Groupon, 'but I'm not backing away'"," 7:12  PM ET Fri, 28 Sept 2018","Jim Cramer flies through his take on callers' favorite stocks, including a discount retail play with an e-commerce twist."
"Everlane needed to open stores because 'basically' no online-only companies are profitable, CEO says","11:24  AM ET Fri, 13 Sept 2019","""Everybody loves to say you don't spend money online, but the way things work now with Facebook, Instagram, and how much it goes to acquire a customer, then you have to ship it all,"" Everlane CEO Michael Preysman says on ""Mad Money."""
"Coronavirus may induce a chance to 'buy unrelated stocks at a discount,' Jim Cramer says"," 6:56  PM ET Tue, 21 Jan 2020","CNBC's Jim Cramer said, ""If the whole market sells off on the coronavirus tomorrow, that might be your chance to pick up some high-quality stocks into weakness."""
"Cramer Remix: If the government shutdown continues to drag on, this is the stock to buy"," 7:14  PM ET Thu, 24 Jan 2019",Jim Cramer explains why Merck could be the perfect stock for an uncertain market.
Jim Cramer says these companies can thrive during and after coronavirus pandemic," 7:17  PM ET Thu, 19 March 2020","Investors must ""keep our eyes on the prize, and that prize is what works once the smoke clears,"" the ""Mad Money"" host said."
Cramer's lightning round: I am a buyer of AT&T here," 7:02  PM ET Wed, 29 Jan 2020","""Mad Money"" host Jim Cramer rings the lightning round bell, which means he's giving his answers to callers' stock questions at rapid speed."
Investment strategist: Here's what to buy during the dip," 6:18  PM ET Tue,  6 Feb 2018",The stock market's continued volatility is a great chance to buy. Here's what one investment strategist suggests.
,,
Cramer Remix: I've never seen a CEO pull off this high-wire act in the long term," 7:06  PM ET Tue,  5 Feb 2019",Jim Cramer explains why companies can have a difficult time managing a profitable business with conflicting investor goals.
Paul Tudor Jones: The $19 trillion private sector should lead social change,"11:23  AM ET Mon,  5 Nov 2018",Jim Cramer and Just Capital co-founder Paul Tudor Jones explore how the private sector can bring social change.
"S&P is having its best quarter since 2009, and history points to another surge"," 8:37  AM ET Wed, 27 March 2019","In nine of 10 times the S&P returned more than 10 percent in Q1 since 1950, it went on to post double-digit gains for the year, Ryan Detrick says."
"Cramer's game plan: Health care, economic data in focus after Fed preaches patience"," 6:43  PM ET Fri,  4 Jan 2019",Jim Cramer flags the earnings reports and events to watch next week after strong jobs data and a key Fed announcement sent stocks higher.
Cramer Remix: The Netflix naysayers were wrong," 7:16  PM ET Tue, 16 Oct 2018",Jim Cramer breaks down how Netflix's recent quarter proved the FANG haters wrong.
Jim Cramer predicts what the midterm election's outcome could mean for the stock market," 6:53  PM ET Tue,  6 Nov 2018","Jim Cramer anticipates how the outcome of the 2018 midterm elections might affect investors, consumers and the stock market."
Cramer's lightning round: I like Broadcom so much," 9:24  PM ET Tue, 21 April 2020","""Mad Money"" host Jim Cramer rings the lightning round bell, which means he's giving his answers to callers' stock questions at rapid speed."
Jim Cramer says his favorite indicator 'isn't down enough for me to turn positive'," 8:31  AM ET Thu,  3 Oct 2019","""After a market becomes overbought, you wait until it gets oversold, then you pounce,"" the ""Mad Money"" host says."
Cisco CEO Chuck Robbins: The future post-pandemic workplace will be based on a 'hybrid model'," 9:28  PM ET Thu, 14 May 2020","Cisco Systems CEO Chuck Robbins said the coronavirus pandemic will ""change things like how we think about talent in the future."""
,,
Cramer: The court can rein in Tesla CEO Elon Musk with one of these three moves," 8:23  PM ET Wed, 20 March 2019","Jim Cramer explains why a federal judge must remove Musk as CEO, install a watch on the board, or charge the Tesla co-founder for violating a court-approved order."
"Everything Jim Cramer said on 'Mad Money,' including looming earnings, visibility"," 7:39  PM ET Fri, 14 Feb 2020",CNBC's Jim Cramer previews the week ahead in earnings reports. He breaks down the concept of visibility and why it's making a comeback on Wall Street.
$100 billion beyond the iPhone: Apple CEO Tim Cook talks giant's move past hardware,"10:36  AM ET Wed,  9 Jan 2019","Apple CEO Tim Cook and CNBC's Jim Cramer discuss business in China, pessimism on Wall Street, disputes with Qualcomm and what's next for the consumer tech giant."
Should you really do nothing amid market volatility? It depends on whether you're 27 or 63,"11:05  AM ET Fri, 10 May 2019","As the longest bull market in history wanes, it can be helpful to turn your attention to your own timeline."
Cramer Remix: Make yourself at home in this stock," 7:04  PM ET Tue, 17 July 2018",Jim Cramer reveals why Williams-Sonoma is in a sweet spot in the home goods space.
,,
Brixmor Property Group CEO on leveraging online shopping to boost its open-air malls," 7:07  PM ET Thu,  7 Nov 2019","""We dedicate a few parking spaces, right out in front of the store,"" Brixmor Property Group's James Taylor says. ""The retailers who get it ... they're seeing growth in their sales through it."""
Cramer Remix: It’s not too late to sell and raise cash," 7:01  PM ET Mon, 19 March 2018",Jim Cramer senses some major market controversy and calls for investors to prepare for the market to hit lower levels.
Cramer: Charts suggest Apple's stock could bottom this week and then soar to new highs," 7:02  PM ET Tue,  6 Nov 2018",Jim Cramer and technician Carolyn Boroden use the charts to predict upcoming moves in the stock of Apple.
Cramer: T-Mobile's John Legere could be the ticket to Sprint merger approval," 6:59  PM ET Mon, 30 April 2018",Jim Cramer explains why the T-Mobile-Sprint merger winning regulatory approval isn't as ridiculous as some might think.
"Cramer's lightning round: Coupa Software is a buy, even up here"," 7:03  PM ET Wed,  5 Sept 2018","Jim Cramer flies through his take on callers' favorite stocks, including a cloud play that could be worth its current premium."
"Cramer shares the 5 energy stocks he likes right now, including Marathon and ConocoPhillips","11:05  AM ET Thu, 18 Oct 2018","Jim Cramer picks the energy sector's power players, which include shares of oil refiners as well as exploration and production entities."
"There's a looming threat for the stock market and it has nothing to do with China, Cramer says"," 6:55  PM ET Wed, 13 Feb 2019","Jim Cramer warns investors that an upcoming ""deluge of deals"" could hurt their portfolios more than China or the Federal Reserve."
"Starbucks CEO: We plan to hire 5,000 veterans annually"," 6:53  PM ET Fri,  8 Nov 2019","""They make us a better company,"" Starbucks CEO Kevin Johnson tells Jim Cramer on ""Mad Money."""
Sustainable produce supplier Apeel lands deal with Wakefern grocery stores," 7:00  PM ET Thu,  2 July 2020",Apeel will bring limes to Wakefern Food grocery stores in July. The deal is striving to save 1.4 million limes from going bad each year.
Daryl Guppy talks about downside targets for the DJIA and S&P 500,"12:57  AM ET Wed,  7 March 2018","Daryl Guppy of Guppytraders.com sees downside targets of ""a little bit below 24,000"" for the DJIA and ""just below 2,600"" for the S&P 500."
Cramer's lightning round: Everyone should put 10% of their money in gold," 7:44  PM ET Thu, 15 Aug 2019","""Mad Money"" host Jim Cramer rings the lightning round bell, which means he's giving his answers to callers' stock questions at rapid speed."
Cramer's lightning round: Tesla goes higher. Period," 7:03  PM ET Tue, 14 April 2020","""Mad Money"" host Jim Cramer rings the lightning round bell, which means he's giving his answers to callers' stock questions at rapid speed."
Cramer Remix: Wall Street’s big problem with IBM’s stock," 6:59  PM ET Wed, 18 April 2018",Jim Cramer clarifies what money managers are expecting from tech giant IBM in order for the stock to be successful.
SoFi CEO predicts a 'fair amount of consolidation' to come to financial services industry,"11:22  AM ET Tue, 17 Dec 2019","The financial services industry really hasn't had the type of innovation that you've seen in e-commerce as you've seen in online travel,"" SoFi CEO Anthony Noto tells CNBC."
Cramer Remix: Alphabet has broken this troubling trend after reporting earnings," 7:04  PM ET Mon, 23 July 2018",Jim Cramer explains how Alphabet has debunked the stock’s trend in sliding post-earnings.
"Olive Garden-parent Darden isn't screaming a recession is coming, Jim Cramer says","11:37  AM ET Tue, 26 March 2019",Jim Cramer explains why Chicken Alfredo sales at Olive Garden could help investors gauge the health of the U.S. economy.
Cramer's lightning round: Medical device stocks tend to win big," 6:59  PM ET Mon, 18 June 2018","Jim Cramer rattles off his take on callers' favorite stocks, including a group of securities he tends to recommend."
Cramer Remix: This auto retailer is missing the mark on Wall Street's latest trend," 7:28  PM ET Thu, 27 Sept 2018",Jim Cramer is breaking down how personalization is hurting CarMax's profitability.
,,
,,
Cramer: Charts reveal 'serious' hurdles facing chipmakers' stocks," 7:12  PM ET Tue, 29 Jan 2019",Jim Cramer and technician Carolyn Boroden analyze the charts of a top semiconductor ETF to see where the group could go from here.
,,
Cramer's lightning round: Lululemon will be one of the 'retail survivors'," 7:14  PM ET Thu, 21 Nov 2019","""Mad Money"" host Jim Cramer rings the lightning round bell, which means he's giving his answers to callers' stock questions at rapid speed."
Cramer: Kroger's latest quarter made all the supermarket stocks look bad," 7:38  PM ET Fri,  9 March 2018",Jim Cramer explains why shares of Kroger were obliterated after the supermarket chain reported earnings.
Red Hat CEO on earnings-led stock drop: 'I would encourage investors to look long term'," 6:55  PM ET Fri, 22 June 2018",Jim Cramer hears from Red Hat President and CEO Jim Whitehurst after the software company's stock saw its worst trading day since 2006.
"Tuesday's session unveiled the 'coiled spring' stocks amid coronavirus outbreak, Jim Cramer says"," 7:24  PM ET Tue, 11 Feb 2020",Wall Street saw positive trading on new coronavirus data. Jim Cramer says Tuesday's trade is a peek at what could happen when the outbreak is contained.
Cramer Remix: The fundamentals of evaluating stock moves," 7:27  PM ET Mon, 30 Sept 2019",Jim Cramer discusses the fundamentals everyone needs to know about investing and where to focus your energy when watching the markets.
"GDP could rise to 4 percent in Q2 thanks to business-friendly policies, Bank of America CEO says","12:43  PM ET Tue, 17 July 2018","Jim Cramer sits down with Bank of America Chairman and CEO Brian Moynihan, who outlines the U.S. economy's growth drivers."
Cramer Remix: Thermo Fisher and Danaher are in a sweet spot to buy," 7:49  PM ET Thu, 13 June 2019","The bull is raging in the life science space, and Jim Cramer breaks down why these two stocks could have even more room to run."
"Wall Street should get ready for Trump to slap more tariffs on China, Jim Cramer says"," 7:20  PM ET Tue, 30 July 2019","""Thank heavens [Fed Chair] Jay Powell's got our back, because the president's too busy stabbing his own Treasury Secretary in the back ..."" Jim Cramer says."
"Jim Cramer: Housing data show we've 'finally, finally, finally recovered' from the Great Recession"," 6:31  PM ET Tue, 17 Dec 2019","""Good news is actually good news, not a sign that things have gotten overheated and the end is nigh,"" the ""Mad Money"" host says about new housing data."
Cramer: Slack could go on a run when it debuts — stay disciplined about the stock," 3:34  PM ET Tue, 16 July 2019","""This is a great story, but we need to stay disciplined,"" Jim Cramer says."
Everbridge CEO says firm had 'breakout quarter' for critical event response," 7:10  PM ET Wed, 19 Feb 2020",Everbridge CEO David Meredith explains why the critical event management firm's customer count surged in its latest quarter and how it's well positioned for more growth.
Cramer Remix: I think this is a great spec play that could get acquired," 8:21  PM ET Wed, 29 May 2019",Jim Cramer explains that bluebird bio's technology offerings make it attractive for a potential takeover.
"Target saw strength in April 'across our entire portfolio,' CEO Brian Cornell says"," 7:19  PM ET Thu, 21 May 2020","""We're building market share and I think most importantly ... we built trust with American consumers during the pandemic,"" Target CEO Brian Cornell said."
"Investors are betting a recession is coming, Jim Cramer says"," 7:20  PM ET Wed,  5 June 2019","""[Defensive stocks] can do just fine during a slowdown,"" the ""Mad Money"" host says."
"Cramer Remix: If you absolutely have to dabble in Chinese stocks, stick with this one"," 7:07  PM ET Mon, 28 Jan 2019",Jim Cramer explains how Alibaba is an investor's best bet when it comes to investing in Chinese stocks during the trade war.
Cramer's lightning round: There's a reason Square is not moving higher," 6:57  PM ET Thu,  3 Oct 2019",Jim Cramer takes calls and delivers his thoughts to callers' questions about their favorite stock picks of the day.
Cramer Remix: This defense stock had the best conference call in the sector," 7:57  PM ET Fri, 26 April 2019",Jim Cramer breaks down the recent strength behind Lockheed Martin's stock.
Dow Chemical CEO: 'I've never seen the industry more aligned' around tackling plastic waste," 7:06  PM ET Thu,  2 Aug 2018","Jim Cramer sits down with Jim Fitterling, CEO of DowDuPont subsidiary The Dow Chemical Company, to hear about its impending spin-off and the chemical business at large."
,,
Cramer Remix: The stock to get into if you can’t take the pain in tech," 7:00  PM ET Wed, 28 March 2018",Jim Cramer dissects the wild moves of technology stocks and explains why Clorox came roaring back.
"Coronavirus harms the oil market more than OPEC friction, oil commodities expert says"," 9:08  PM ET Mon, 20 April 2020","""I would say that ... 15% of this is Saudi Arabia and Russia and 85% of it is Covid,"" RBN Energy CEO Rusty Braziel said of the state of the oil market."
Cramer Remix: Spotify delivered on earnings—here’s why investors dropped it anyway,"11:26  AM ET Tue,  8 May 2018",Jim Cramer explains why Spotify was punished for investors’ out-of-control expectations.
Expect the Fed to continue to provide support to propel economy: Strategist,"10:36  PM ET Mon,  8 June 2020","Sam Stovall of CFRA discusses the U.S. economy amid the current crisis and a looming recession. Sam foresees that Fed will not be too quick to remove the stimulus, ahead of the FOMC meeting this week."
Cramer's week ahead: This is the 'most overbought market in history'," 8:03  PM ET Fri, 12 June 2020","""As long as you think we aren't going into a second lockdown, even as Covid cases spike, then you want to buy your favorite stocks into weakness here,"" Cramer said."
"Cramer Remix: The retail reality could be good for consumers, but not stocks"," 7:27  PM ET Thu, 11 Oct 2018",Jim Cramer explains how the cost of tariffs will squeeze retailers' margins.
,,
Markets after the start of Q4 earnings season," 2:59  PM ET Fri, 12 Jan 2018","According to Kensho, this is the place to be after the start of earnings season. "
Payroll processor ADP CEO says hiring data indicate the jobs market has begun to 'stabilize'," 9:24  PM ET Wed, 29 April 2020","After weeks of record unemployment claims across the country, ""we have seen a couple of indicators of some bottoming,"" ADP CEO Carlos Rodriguez told CNBC."
Cramer Remix: VF Corp is poised for a breakout once it ditches denim," 7:17  PM ET Mon, 22 Oct 2018",Jim Cramer explains how VF Corp. should return to excellent growth once it spins off its Wrangler and Lee brands.
Cramer Remix: Macy's ugly fiscal Q2 is not reflective of consumer health," 8:31  PM ET Wed, 14 Aug 2019",Jim Cramer says the performance issues at Macy's are tied to the grim state of mall-based retailers and breaks down bright spots he sees in the sector.
Cramer's week ahead: 'We could be on the verge of a depression'," 7:35  PM ET Fri,  3 April 2020","""This is gonna be a brutal period, but if we handle things right, it will be a short depression,"" the ""Mad Money"" host said."
"Cramer's lightning round: Coal may be in a renaissance, but don't buy the stocks"," 7:18  PM ET Thu,  9 Aug 2018","Jim Cramer shares his take on callers' favorite stocks at lightning speed, including a coal play that might seem intriguing."
"Everything Jim Cramer said on 'Mad Money,' including China blacklist, Domino's earnings, S&P 500 run"," 7:44  AM ET Wed,  9 Oct 2019","In Tuesday's ""Mad Money"" episode, Jim Cramer derides the Trump administration's ban on Chinese companies, interviews Domino's CEO Ritch Allison after earnings and sees what's in store for the S&P 500."
"Everything Jim Cramer said on 'Mad Money,' including Schwab-TD Ameritrade talks, weed stocks","11:23  AM ET Mon, 25 Nov 2019","CNBC's Jim Cramer explains what triggered Charles Schwab and TD Ameritrade brokerages to discuss a merger, tells investors it's time to sell marijuana stocks and sits down with the CEOs of United Airlines and Advanced Micro Devices."
,,
Cramer: Low expectations will make Apple's new credit card a winner," 7:10  PM ET Thu, 28 March 2019",Jim Cramer breaks down Apple's Goldman Sachs-backed credit card and explains why it will rise to be the best of its new group of offerings.
Homebuilder CEO saw momentum shift in Q1: 'The consumer is definitely more engaged'," 7:54  PM ET Tue, 30 April 2019","TRI Pointe Homes CEO Doug Bauer says if job and wage growth remains strong, demand will continue to pick up for housing in the long run."
"Bull markets don’t die of old age – after 9 years this one has more room to go, says market watcher"," 3:31  PM ET Wed,  7 March 2018","The bull market turns nine years old this week. It could live to see double digits, says one market veteran."
Cramer Remix: The real ‘wild card’ behind soaring retail revenues,"11:36  AM ET Fri, 19 Jan 2018",Jim Cramer detailed how ramped-up consumer spending is bolstering the retail sector beyond what tax reform can do.
Cramer's lightning round: UnitedHealth is my go-to health care stock," 7:00  PM ET Tue,  6 Feb 2018","Jim Cramer shares his take on callers' favorite stocks at lightning speed, including his go-to health-care play."
,,
"Charts show a double-digit rally could be in store for tech and oil stocks, Jim Cramer says","10:23  PM ET Tue,  9 April 2019",Jim Cramer takes a look at chart action as explained by DeCarley Trading co-founder Carley Garner to understand the moves in oil and tech stocks.
Cramer's lightning round: You buy Johnson & Johnson," 8:26  PM ET Tue, 24 March 2020","""Mad Money"" host Jim Cramer rings the lightning round bell, which means he's giving his answers to callers' stock questions at rapid speed."
"Everything Jim Cramer said on 'Mad Money,' including Apple and Facebook earnings"," 7:57  PM ET Wed, 30 Oct 2019","CNBC's Jim Cramer reveals two things that worries him about affecting tech industry, checks in with Wingstop CEO after its latest quarterly earnings, says Spotify is a buy and makes predictions for Biogen."
Cramer: Target's Q1 shows it has a recipe to beat Amazon and win in retail," 8:06  PM ET Wed, 22 May 2019","""Target's gutsy decision to make its stores the centerpiece of its fulfillment system has turned out to be a brilliant move,"" Jim Cramer says."
Jim Cramer on Wednesday's rally: 'Remdesivir is just what the doctor ordered'," 7:03  PM ET Wed, 29 April 2020","""This drug makes a big difference, especially if you were worried about a second wave of infections after we reopened the economy,"" the ""Mad Money"" host said."
Credit Suisse strategist shares his top concern about current market conditions,"12:04  PM ET Thu, 24 Jan 2019","""The revenues are knock-the-lights-out good, [but] the margins are horrifically bad, based on Wall Street consensus expectations,"" Credit Suisse's Jonathan Golub says."
Rent the Runway CEO: People should think about their closets like stock portfolios," 7:36  PM ET Tue, 22 May 2018",Jim Cramer hears from Rent the Runway co-founder and CEO Jennifer Hyman about how her company is revolutionizing retail.
Jim Cramer shuffles his 'Humanization of Pets ETF' — 'It's paid off in 2019'," 8:01  PM ET Mon, 17 June 2019","""The humanization of pets has been a fabulous secular growth story — one that's really paid off in 2019,"" Cramer says."
"Stay away from Wayfair's 'toxic' stock, Jim Cramer says"," 6:36  PM ET Mon,  4 Nov 2019","The ""Mad Money"" host says Wall Street has lost its patience for Wayfair as the online furniture retailer continues to rack up losses."
XPO Logistics CEO is open to spinning off up to four business units," 7:10  PM ET Wed, 15 Jan 2020","XPO Logistics CEO Bradley Jacobs told ""Mad Money"" host Jim Cramer the company is looking to unlock value by breaking up the company. The less-than-truckload shipping business is off the table."
Cramer reacts to Trump administration's potential $1 trillion infrastructure proposal," 7:00  PM ET Tue, 16 June 2020",CNBC's Jim Cramer weighs his favorite stock picks amid talks of the Trump administration considering a massive infrastructure spending package.
Cramer Remix: Why ETFs can be dangerous for stocks and investors," 4:59  PM ET Fri,  9 Nov 2018",Jim Cramer explains how FANG's movements can be attributed to being in an ETF.
Cramer says newly public Sonos reminds him of Fitbit: 'I'm not going to make the same mistake twice'," 6:55  PM ET Wed,  8 Aug 2018",Jim Cramer has his doubts about Sonos' IPO after being burned by the similarly structured Fitbit.
A big trade deal 'unlikely to happen' with Trump's team in China: Former government official," 4:42  PM ET Thu,  3 May 2018","Former Department of Commerce official says a big trade deal ""is unlikely to happen,"" as Trump administration officials visit to China this week.    "
"Cramer: If you're worried about the economy, just look at the retail stocks"," 6:51  PM ET Tue, 31 July 2018",Jim Cramer makes the case for embracing the strength of the U.S. economy by tracking the gains in top retail stocks like Walmart.
"Everything Jim Cramer said on 'Mad Money,' including big bank earnings, Marc Benioff on capitalism"," 8:04  PM ET Wed, 16 Oct 2019","Jim Cramer talks earnings and stock rotations, sits down with Salesforce co-CEO Marc Benioff and corporate payments Wex CEO Melissa Smith, and explains why UnitedHealth shares jumped on a good quarterly report."
"'Uber's clearly gotten its act together' in order to become profitable, Jim Cramer says"," 6:35  PM ET Mon, 10 Feb 2020","Uber stock can ""sail past $45"" and keep climbing ""as long as management can hit the profitability targets they laid out last week,"" CNBC's Jim Cramer says."
Cramer's charts show political worries can boost top defense stocks like Boeing," 7:53  PM ET Tue, 17 April 2018",Jim Cramer and technician Rob Moreno inspect the charts of key defense stocks as worries grow about the United States' involvement in Syria.
"Cramer: The stock market will continue rallying despite trade war, impeachment and other concerns"," 6:52  PM ET Tue, 26 Nov 2019","The ""Mad Money"" host explains that the stock market has remained strong because tariffs haven't been as impactful as expected, sensible mergers have been announced and employment remains robust."
"Jim Cramer reacts to AMD, Starbucks, Boeing, GE and Alphabet earnings reports"," 6:48  PM ET Wed, 29 April 2020","The ""Mad Money"" host offered his thoughts on each companies' latest quarterly results and recommended multiple stocks for buys."
,,
"Everything Jim Cramer said on 'Mad Money,' including trade war progress, Clorox and SoFi CEOs"," 7:12  PM ET Fri, 22 Nov 2019",CNBC's Jim Cramer takes a look at a shortened week of Wall Street that's full of earnings reports heading into the Thanksgiving holiday. He sits down with the CEOs of Clorox and fintech disruptor SoFi.
Cramer finds ways to invest in the rise of small business optimism," 7:04  PM ET Wed, 12 Sept 2018","Jim Cramer flags ways for investors to play small business optimism, which hit a record all-time high in August."
"Cramer's game plan: In a controversial week, leave room for strategy"," 6:54  PM ET Fri, 14 Sept 2018",Jim Cramer outlines his game plan for the week ahead and tells investors how to navigate potential trade- and stock-related controversy.
"Market sell-offs 'tend to happen in three waves' and the last one is coming, strategist warns"," 7:45  AM ET Wed, 21 Feb 2018","The recent sharp pullback and volatility in global equity markets is not yet over, according to the chief executive of Longview Economics."
'I think they're confused' — Jim Cramer says bull investors have one thing wrong about the economy," 7:07  PM ET Wed, 27 May 2020","""I'm betting the field will be spread out by the time we get to the homestretch, and many of the current winners will fall behind,"" the ""Mad Money"" host said."
"Cramer: If you want bigger gains, buy stocks that are selling off on panic","10:51  AM ET Wed, 23 May 2018",Jim Cramer uses Amazon's stock to explain why buying broken stocks can boost investors' earnings.
Cramer Remix: Why technical charts should matter to every investor," 6:59  PM ET Fri, 17 Jan 2020",Jim Cramer shares the top lessons he learned from useful — and sometimes scary — stock charts.
Jim Cramer: 20 stock picks for the 'stay-at-home economy'," 7:31  PM ET Fri,  6 March 2020","""What works in this difficult environment are companies with products that you can enjoy from the comfort of your home,"" the ""Mad Money"" host said."
The US consumer will guide the economy to a nice recovery: Strategist,"10:42  PM ET Tue, 14 April 2020",Brian Belski of BMO Capital Markets explains why he thinks consumer spending will pick up despite projections to the contrary.
"Cramer's charts suggest lower volatility, higher stock prices in coming months"," 6:46  PM ET Tue, 15 Jan 2019",Jim Cramer and technician Mark Sebastian review recent volatility in the stock market and explain how the layout has changed.
"People are 'numb' to Trump's behavior, says Wall Street veteran"," 7:05  PM ET Fri, 13 July 2018","President Trump continues his unorthodox approach to the presidency, upsetting some people, while others are left ""numb"" to his behavior, says Wall Street investor. "
Cramer's lightning round: I see Walmart's stock going higher," 7:08  PM ET Thu, 13 Dec 2018",Jim Cramer shares his outlook on the stock of big-box retailer Walmart in a lightning-fast question-and-answer session with callers.
Cramer: 'This time it's different' can actually make you money," 7:06  PM ET Fri, 12 Jan 2018","Jim Cramer said the success of Facebook, Amazon, Netflix and Alphabet proves why ""this time it's different"" can help you, not hurt you."
Pinterest CEO after earnings report tumble: We're in the growth phase of our business," 6:39  PM ET Fri, 17 May 2019","""We're trying to be transparent and ... we want to focus on the long term,"" CEO Ben Silbermann says."
"Everything Jim Cramer said on 'Mad Money,' including market turmoil, investment moves to consider"," 8:06  PM ET Mon, 24 Feb 2020",CNBC's Jim Cramer breaks down the huge coronavirus-induced sell-off on Wall Street and identifies investment factors that investors should consider.
"Brinks CEO: $160 billion cannabis industry, much of it still illegal, is a 'beautiful opportunity'"," 7:38  PM ET Mon,  3 June 2019","Cannabis is going to be a booming global industry ... ""there's a huge opportunity and demand out there,"" Brinks CEO Douglas Pertz says."
The tech sector now is reminiscent of the 1990s dotcom bubble: Wall Street's Jim Paulsen," 7:24  PM ET Mon, 11 June 2018",The Leuthold Group chief investment strategist sees similar warning signs in today's tech sector that led to the early 2000 bust.
Cramer Remix: This group of stocks could signal inflation," 7:05  PM ET Thu,  4 Oct 2018",Jim Cramer's telling you why the big pharmaceutical companies could signal what's next for the market.
"The Awaken America trade has taken a turn for the worse, Jim Cramer warns"," 9:02  PM ET Wed, 24 June 2020","""I want you to raise a little cash so you can put it to work buying stocks at lower levels,"" the ""Mad Money"" host advised after a brutal sell-off on Wall Street."
Crowdstrike CEO explains how the future of remote work and security will look," 8:59  PM ET Wed,  3 June 2020","The remote work wave is a ""subset of digital transformation"" and was sped up over night by the coronavirus pandemic, CEO George Kurtz said in a ""Mad Money"" interview."
"Cramer's apparel stock review counts Ralph Lauren, Capri among winners","11:11  AM ET Fri, 15 Feb 2019",Jim Cramer recaps recent earnings reports in the retail space to see who wins out among the apparel brands.
Cramer's lightning round: Let Alteryx come down further," 6:46  PM ET Thu, 12 Dec 2019","""Mad Money"" host Jim Cramer rings the lightning round bell, which means he's giving his answers to callers' stock questions at rapid speed."
"Everything Jim Cramer said on 'Mad Money,' including Mayor Pete's rise, Clorox CEO, Tesla's decline"," 7:43  PM ET Wed,  5 Feb 2020","CNBC's Jim Cramer contextualizes what Pete Buttigieg's performance in Iowa means for stocks, chats with the chief of Clorox about the coronavirus outbreak and explains Tesla's fall on the market."
Cramer's lightning round: I think Starbucks is a buy," 7:48  PM ET Mon, 13 April 2020","""Mad Money"" host Jim Cramer rings the lightning round bell, which means he's giving his answers to callers' stock questions at rapid speed."
Cramer: Not all of retail is struggling—just look at these 3 winners," 6:59  PM ET Wed, 16 Jan 2019","Jim Cramer says Lululemon, Yeti Holdings and Crocs offer insight into a different, higher-performing part of the broader retail sector."
Canadian gold mine CEO: 'Gold blossoms' in a low-interest rate economy," 7:30  PM ET Mon, 29 July 2019","""This year we'll set record gold production ... [and] grow at a steady pace,"" Agnico Eagle Mines CEO Sean Boyd says."
Brinks CEO: We’re ‘ready’ for Canadian marijuana legalization," 7:22  PM ET Tue, 14 Aug 2018","Brinks CEO Douglas Pertz says that the cash management company is ready to benefit from legal cannabis in Canada, starting October 17."
Cramer: Fed Chair Powell is 'like a racehorse with blinkers on' when it comes to the market," 7:14  PM ET Mon, 22 Oct 2018","Jim Cramer says the Federal Reserve won't ""blink"" on its planned interest rate hikes if the chairman doesn't consider the action in the stock market."
,,
Cramer's game plan: Friday's rebound is something to celebrate going into next week," 7:38  PM ET Fri,  8 March 2019",Jim Cramer takes a look at the week ahead and talks about what earnings reports he will be watching.
Cramer: Boeing's rally is a 'terrific sign' that China fears are overblown," 7:14  PM ET Wed,  6 June 2018",Jim Cramer takes Boeing's stock strength as a sign that trade tensions with China won't weigh too heavily on the aerospace colossus.
Cramer: Trump has to play nice with China for stocks to climb," 7:41  PM ET Tue, 10 April 2018","Jim Cramer says that the stock market isn't driven by earnings or the Fed, but by U.S.-China relations."
Cramer explains the nonsensical action in oil and airline stocks," 7:39  PM ET Thu, 11 Jan 2018","Jim Cramer pointed out the contradictory action in oil prices and airline stocks, two related sectors benefiting from the bull market."
"'Tweed and tonic' marijuana drinks could be coming to Canada in 2019, says Canopy Growth CEO"," 1:12  PM ET Thu, 12 July 2018","Jim Cramer sits down with Canopy Growth CEO Bruce Linton, who outlines his cannabis company's game plan for when recreational marijuana becomes fully legal in Canada."
Cramer calls on eBay to work with activist investor Elliott Management," 7:08  PM ET Fri,  1 Feb 2019","Jim Cramer argues that, together, eBay and activist fund Elliott Management can create a lot of value at the e-commerce company."
"Oil and gas stocks will continue to get beaten down without consolidation, Jim Cramer says"," 7:03  PM ET Tue, 11 Feb 2020","""If an oil CEO who believes in the industry wants to put his money where his mouth is, it's time to stand up and make a statement buy like David Simon has done,"" CNBC's Jim Cramer said."
Cramer: Use the sell-off to start 'nibbling' at stocks of high-quality companies like Citigroup," 6:57  PM ET Thu, 18 Oct 2018",Jim Cramer recommends four stocks for investors to start buying as the market's October volatility continues.
Cramer Remix: These are the market's riskiest sectors," 8:48  PM ET Thu, 28 Feb 2019",Jim Cramer explains why investors need to be cautious when it comes to cannabis and Chinese stocks.
Cramer: Science can stop the economy from tumbling into a 'coronavirus-induced depression'," 7:04  PM ET Mon, 30 March 2020","""We need a cure or a vaccine, and in the last 24 hours we've gotten some serious go-aheads when it comes to potential treatments,"" ""Mad Money"" host Jim Cramer said."
"Non-bank lenders like Quicken Loans are 'the biggest risk to the system' right now, Jim Cramer warns"," 7:08  PM ET Wed, 28 Nov 2018","Jim Cramer says non-bank lending companies like Quicken Loans, PennyMac and LoanDepot could cause a financial crisis if the Federal Reserve doesn't regulate them."
Cramer: Four stocks are putting up a fight against Amazon in retail," 7:32  PM ET Tue,  9 July 2019","""In a retail environment dominated by a handful of players ... there are smaller operators that we have found ways to like and win with,"" Jim Cramer says."
"Wall Street delivered the 'kind of pullback I've been waiting for,' Jim Cramer says"," 7:36  PM ET Thu, 16 July 2020","""Look for the stocks of high-quality companies that are going lower even though they deserve to go higher,"" the ""Mad Money"" host advised."
"FDA-backed CBD drug brings in $296 million in 'incredible launch year,' GW Pharma CEO says"," 7:10  PM ET Thu, 16 Jan 2020","""It's an incredible launch year for any medication [that] I think proves that this kind of medicine is really making a difference to patients,"" GW Pharma CEO Justin Gover told CNBC's Jim Cramer."
Macy's to be replaced on S&P 500 by Carrier Global," 7:28  PM ET Tue, 31 March 2020","Macy's is being removed from the S&P 500 Index and replaced by air conditioning company Carrier Global, according to S&P Dow Jones Indices, which oversees the index."
,,
Cramer's lightning round: Business at Illinois Tool Works isn't as bad as the stock suggests," 7:04  PM ET Tue, 17 July 2018","Jim Cramer flies through his take on callers' favorite stocks, including a toolmaker that's out of step with its shares."
Cramer Remix: How to build a Washington-proof portfolio," 6:59  PM ET Tue, 13 March 2018",Jim Cramer reiterates one of his tried-and-true investing concepts and explains how to stay steady amid changes in Washington.
Cramer's lightning round: AT&T's cash flow could get a boost," 7:05  PM ET Tue, 30 Jan 2018","Jim Cramer zipped through his take on callers' favorite stocks, including a telecommunications play in merger talks."
"Dow has further downside, look for S&P 500 support level at 2,400: Analyst"," 9:56  PM ET Sun, 15 March 2020","The Dow could easily see losses as much as 35%, while the S&P 500 could fall further if it fails to hold support at 2,400, says Daryl Guppy of guppytraders.com."
"European, US markets could fall 15% 'below the lows we've already seen': Strategist"," 5:07  AM ET Thu, 23 April 2020","Markets, especially developed ones, could still hit new lows despite showing resilience and making gains amid the ongoing coronavirus crisis, said Mark Jolley of CCB International Securities."
Top performing sectors in March,"11:00  AM ET Mon,  5 March 2018","The month of March tends to be bullish for stocks as consumer discretionary, telecom and tech lead the pack."
Impossible Foods CEO says the meat industry will be obsolete in 15 years — 'That's our mission',"10:40  PM ET Tue, 23 June 2020","""That transformation is inevitable,"" Impossible Foods founder and CEO Patrick Brown said after Starbucks launched the Impossible Breakfast Sandwich."
"Market plunges on first day of second-quarter trading, but some analysts remain bullish"," 6:16  PM ET Mon,  2 April 2018","Market plunges on first day of second-quarter trading, but some analysts remain bullish. "
Cramer's lightning round: BlackRock is a buy," 8:00  PM ET Wed,  1 July 2020","""Mad Money"" host Jim Cramer rings the lightning round bell, which means he's giving his answers to callers' stock questions at rapid speed."
Owning too many stocks and not enough cash can set you up for failure: Cramer," 6:54  PM ET Wed, 27 Nov 2019","Jim Cramer breaks down why owning fewer stocks can help make you more money, and why investors shouldn't be ashamed of having cash on hand."
Cramer's lightning round: These are the two pot stocks I'm recommending," 7:07  PM ET Wed, 13 Feb 2019","Jim Cramer rattles off his responses to callers' stock questions, including one on a top cannabis play."
Cramer Remix: The market may not be able to handle this perfect storm," 7:07  PM ET Wed, 13 Feb 2019",Jim Cramer explains why the market may not be able to handle an upcoming surge in IPOs.
"Corporate America is 'missing' on diversity, homebuilder CEO says"," 7:12  PM ET Fri,  7 Feb 2020","The business world could get to a ""better place"" if companies hired more women and diverse candidates, Taylor Morrison CEO Sheryl Palmer says."
Cramer's lightning round: Hormel's one of the few food stocks I like,"11:34  AM ET Fri, 19 Jan 2018","Jim Cramer zoomed through his take on callers' favorite stocks, including one food stock with good growth prospects."
"History is on investors' side when it comes to impeachment, Jim Cramer says"," 7:22  PM ET Wed, 18 Dec 2019","In 1999, President Bill Clinton's impeachment ""was irrelevant [to stocks]. You had to use any weakness to buy and then to buy and then to buy,"" the ""Mad Money"" host says."
Cramer spots a 'burgeoning bull market' in the golf stocks," 7:20  PM ET Mon,  9 April 2018",Jim Cramer continues to track the golf comeback by examining the stocks of Callaway Golf and Acushnet Holdings.
Cramer Remix: My prediction for Apple in 2018," 7:35  PM ET Tue,  2 Jan 2018",Jim Cramer dished out his take on whether Apple can continue to stay juicy this year after it had a big run last year.
Cramer's lightning round: American Express is working with millennials," 6:54  PM ET Fri, 24 Jan 2020","""Mad Money"" host Jim Cramer makes buy and sell calls on callers' favorite stock picks of the day."
Cramer's lightning round: I'm starting to warm up again to Wells Fargo," 5:32  PM ET Wed,  3 June 2020","""Mad Money"" host Jim Cramer rings the lightning round bell, which means he's giving his answers to callers' stock questions at rapid speed."
Cramer's week ahead: Washington is 'willing to spend big to keep this economy afloat'," 8:40  PM ET Thu,  9 April 2020","""Now, we just need to nail down that public-health side of the equation,"" the ""Mad Money"" host said."
Cramer Remix: Why I wouldn't buy Wells Fargo here," 8:18  PM ET Thu, 28 March 2019",Jim Cramer discusses what's next for Wells Fargo following Tim Sloan's resignation.
Cramer: This is the most important earnings season for the big banks in years," 7:43  PM ET Wed, 11 April 2018",Jim Cramer sees a market starving for positive catalysts and thinks the banks could hold the key to another leg higher.
Cramer Remix: I'd be a buyer of VMware on weakness," 8:12  PM ET Thu, 22 Aug 2019",Jim Cramer explains why VMware's acquisition doesn't impact his investing thesis.
Cramer Remix: Why you should buy high-growth stocks during the sell-off," 7:02  PM ET Thu, 22 March 2018",Jim Cramer reveals which stocks you should be eyeing on a down day.
,,
Cramer reviews the Dow's biggest winners and losers for 2017," 7:31  PM ET Wed,  3 Jan 2018",Jim Cramer reviewed the Dow Jones industrial average's best and worst performers for the 2017 calendar year.
Cramer's lightning round: Lyft is looking like a tax-loss play," 6:56  PM ET Thu, 26 Sept 2019","Jim Cramer opines on the stocks of Lyft, Advanced Micro Devices, Activision Blizzard and more stocks in rapid speed."
Cramer Remix: The Netflix of China still needs time to cool off," 7:01  PM ET Thu,  5 July 2018",Jim Cramer reveals why it may be too soon to value iQiyi’s recent run up.
Cramer says CEOs are telling him off the record the economy has quickly cooled," 7:11  PM ET Thu, 15 Nov 2018",Jim Cramer outlines what he's hearing from chief executives about the state of the U.S. economy.
Zappos CEO says trade war tariffs haven't impacted pricing yet," 6:50  PM ET Tue, 26 Nov 2019","Even if tariffs end up putting pressure on Zappos, Hsieh said he believes its loyal customers would continue shopping with the company due to its commitment to customer service."
Jim Cramer makes his top stock picks in his annual 'fantasy portfolio' draft," 7:50  PM ET Thu,  5 Sept 2019","""Managing a diversified portfolio of stocks has a lot in common with putting together a fantasy football team,"" the ""Mad Money"" host says."
Cramer Remix: Here's how Mark Zuckerberg should respond to Facebook's crisis," 6:59  PM ET Tue, 20 March 2018",Jim Cramer explains why Facebook’s current approach isn’t working and how the company should proceed.
"One of market’s biggest bulls takes a ‘few chips off the table,’ sees impending sell-off"," 2:06  PM ET Sat,  4 Aug 2018",Steve Chiavarone predicts stocks will fall 5 to 8 percent before summer ends.
CEO of Spam maker Hormel: Our 'food journey' is linked to improving our environmental impact," 6:30  PM ET Thu, 10 Oct 2019","The Hormel portfolio is focused on ""improving the lives of consumers"" and the three pillars of our food journey [is] ""where we're making a difference,"" Jim Snee says."
"Square's stock is hurting, but it's not a broken company, says Jim Cramer"," 8:29  PM ET Wed, 11 Sept 2019","""Square's fundamentals are sound ... which means you can absolutely buy this one into weakness,"" CNBC's Jim Cramer says"
Cramer's lightning round: 'You should be a buyer' of DowDuPont ahead of the breakup," 7:03  PM ET Tue, 18 Dec 2018","Jim Cramer zooms through his responses to callers' stock questions, including one on whether investors should hold onto shares of a declining industrial name."
"Millennials are marrying later, but that's not exactly bad for homebuilders, Toll Brothers CEO says"," 7:01  PM ET Tue, 11 Sept 2018","Jim Cramer sits down with Toll Brothers CEO Douglas C. Yearley, Jr. to hear his take on trends in the U.S. housing market."
Cramer's lightning round: General Mills and Axon Enterprise are worth a buy," 7:08  PM ET Tue,  9 June 2020","""Mad Money"" host Jim Cramer rings the lightning round bell, which means he's giving his answers to callers' stock questions at rapid speed."
Cramer: Zillow's home-flipping plan is too risky even with a new CEO,"10:22  PM ET Tue,  9 April 2019","""I liked the old Zillow, even if it was slowing down a bit, as it was a lot less risky. I'm not yet sold on the new Zillow, even with a much better class of CEO,"" Jim Cramer says."
Cramer: Why investors can trust that Nvidia's stock is bottoming," 7:28  PM ET Fri, 15 Feb 2019",Jim Cramer ticks down the reasons why he believes Nvidia's call that its weakest end markets are turning positive.
Cramer Remix: Be very careful with Luckin Coffee's IPO," 9:32  PM ET Mon, 20 May 2019","Jim Cramer examines Luckin Coffee, the latest Chinese company to hit the tape."
"Cramer Remix: I think Wendy's is a star, I'm sticking with the stock","11:22  AM ET Wed, 28 Aug 2019",Jim Cramer breaks down what's behind the strength in Wendy's stock.
"Cramer Remix: After this stock’s monster move, wait to pounce"," 5:21  PM ET Fri, 15 June 2018",Jim Cramer’s revealing why you should take your time before adding Five Below to your portfolio.
Cramer's lightning round: Buy HP Inc. despite Morgan Stanley's downgrade," 7:06  PM ET Tue, 23 Jan 2018","Jim Cramer shared his take on callers' favorite stocks, including a recently downgraded technology play."
Cramer's lightning round: Aramark is in the 'penalty box'," 7:44  PM ET Fri, 31 May 2019",Jim Cramer takes calls and delivers answers on callers' questions about their stock picks of the day.
Union Pacific CEO sees 'signs of optimism' in multiple markets as economy recovers," 7:12  PM ET Wed, 17 June 2020","""We are seeing the e-commerce demand flow through to our rail business,"" Union Pacific CEO Lance Fritz told CNBC's Jim Cramer."
"If you're worried about stocks, invest in gold here, Jim Cramer says"," 6:48  PM ET Fri, 11 Jan 2019",Jim Cramer shares his favorite ways to add gold to a portfolio and encourages investing in the precious metal if you're nervous about 2019.
,,
"There is no way Xerox can pull off a deal to buy HP, Jim Cramer says"," 7:50  PM ET Wed,  6 Nov 2019","While the ""Mad Money"" host says he likes mergers and acquisitions, he warns viewers not to make stock decisions solely on possible deals."
Cramer: Trump's 'onslaught against Amazon' creates major market risk," 7:29  PM ET Thu,  5 April 2018",Jim Cramer warns viewers to invest with caution given the looming market threats like Trump's attack on Amazon.
Jim Cramer swaps Twilio for Red Hat in his 'cloud kings' group of hot tech stocks," 7:36  PM ET Mon,  6 May 2019","""I'm not going to tell you that it's cheap, but I'd much rather own Twilio than these shiny new objects,"" Cramer said."
"Expect the US dollar to strengthen further, says Daryl Guppy"," 2:52  AM ET Tue, 18 Sept 2018","Daryl Guppy of Guppytraders.com also says there appears to be a ""reluctance"" to let the Chinese yuan move much beyond the 7 level. "
"Cramer's lightning round: Buy AT&T right here, right now"," 7:35  PM ET Thu, 19 Sept 2019","Jim Cramer takes calls and delivers thoughts on the stocks of DocuSign, AT&T, Revolve and more."
Cramer's game plan: Overvalued IPOs can dim a positive earnings season," 7:08  PM ET Thu, 18 April 2019",Jim Cramer breaks down the week ahead in earnings and stock trading.
Cramer's lightning round: Autozone has the 'best buyback' I've ever seen—it's a buy," 7:02  PM ET Wed,  9 Jan 2019","Jim Cramer tears through his responses to callers' favorite stocks, including one on a company bent on shrinking its share count."
Cramer: How Facebook's drop compares to other scandal-ridden stocks like Chipotle," 6:58  PM ET Wed, 28 March 2018","Jim Cramer stacks the stock of Facebook against other troubled names like United Airlines, Equifax and Chipotle."
"Coronavirus has ushered in the 'death of the call center,' LivePerson CEO says"," 2:37  PM ET Tue, 12 May 2020",LivePerson CEO Rob Locascio told CNBC's Jim Cramer that demand for its cloud-based customer messaging system spiked amid the coronavirus pandemic.
Jim Cramer calls on FedEx to 'stop the sham guidance' and get realistic about forecasts," 7:50  PM ET Wed, 18 Dec 2019","""Stop the predictions, stop the sham guidance, and take the time to figure it all out. Then, and only then, will FedEx the stock be able to bottom,"" the ""Mad Money"" host says."
"Cramer introduces 'cloud princes,' the riskier, faster-growing versions of cloud kings"," 7:01  PM ET Wed, 12 Sept 2018",Jim Cramer highlights several speculative cloud stocks for investors who can afford to take some risks in their portfolios.
Cramer: It’s not too late to buy Walmart," 7:00  PM ET Mon, 20 Aug 2018",Jim Cramer explains why Walmart still has room to run.
,,
Jim Cramer: 'I'm feeling more confident about the future'," 7:27  PM ET Mon, 13 April 2020","""When you look at the facts, I think there's reason to be more hopeful than we have been,"" the ""Mad Money"" host said."
Cramer's guide to finding bulletproof stocks using charts," 6:59  PM ET Fri, 17 Jan 2020",Jim Cramer shares how he uses charts to pinpoint the best time to buy or sell a given stock.
,,
Art Cashin: Markets expect Trump's Mexico tariff to last only about a week,"10:24  AM ET Thu,  6 June 2019","""The market is almost willing to tolerate it being imposed, but it will not tolerate it if it lasts,"" says UBS' Cashin."
"Domino's CEO says investors are subsidizing third-party delivery, and it's hurting Domino's growth"," 7:57  PM ET Tue, 16 July 2019",Domino's CEO Ritch Allison questions the long-term sustainability of third-party delivery apps that he says is putting short-term pressure on the company.
Cramer’s charts suggest it’s still worth investing in bonds," 7:10  PM ET Tue, 14 Aug 2018",Jim Cramer and technician Carley Garner find reasons to believe U.S. Treasury bonds still have some upside.
,,
,,
"Scared of recession, millennials are using Venmo to watch their money: PayPal CEO"," 8:11  PM ET Wed, 14 March 2018",Jim Cramer sits down with PayPal CEO Dan Schulman to discuss how younger generations are embracing his company's peer-to-peer payment product.
Cramer Remix: The one bright spot after a tough week," 7:02  PM ET Fri, 23 March 2018",Jim Cramer reveals the silver lining he’s spotted after a tough week on the averages.
"Toys R Us bankruptcy created 'the perfect storm' for Ollie's Bargain Outlet, says CEO"," 7:30  PM ET Thu,  5 April 2018",Jim Cramer sits down with Ollie’s Bargain Outlet Holdings Chairman and CEO Mark Butler after earnings to see how discount retail is faring.
"'I am worried about NAFTA,' says CEO of major US railroad serving Mexico and Canada"," 7:35  PM ET Tue, 22 May 2018",Jim Cramer gets Union Pacific Chairman and CEO Lance Fritz's take on trade and the Trump administration's NAFTA talks.
Cramer Remix: Here's the real reason the market had such an aggressive snap-back," 7:00  PM ET Tue,  6 Feb 2018",Jim Cramer dissects the action behind the averages and uncovers the reason for a wild trading session.
"Charts show gold, bond prices are nearing peak levels, Jim Cramer says"," 9:53  AM ET Wed, 11 Sept 2019","U.S. Treasury bond and gold prices are up dramatically and analyst Carley Garner contends it's time for them to come back down, Jim Cramer says."
Socially responsible investing is gaining in popularity. And it may help you make more money," 5:23  PM ET Tue, 10 April 2018","Socially responsible investing is gaining in popularity. And it may help you make more money, says the founder of a Toronto-based investment firm. "
Cramer Remix: The biggest mistake you can make with taxes on your stock market winnings,"11:12  AM ET Thu, 20 Sept 2018",Jim Cramer revealed his top rule when it comes to taxes and selling stocks.
Cramer's lightning round: The Fed makes me nervous about this best-in-show stock," 7:04  PM ET Thu, 10 Jan 2019","Jim Cramer flies through his responses to callers' stock questions, including one on a Fed-sensitive name."
"‘Scarred' generation of investors looking at yield curve all wrong, veteran bull Rich Bernstein says"," 8:53  AM ET Thu, 12 July 2018",Institutional Investor Hall of Famer Richard Bernstein blames a 2008 financial crisis hangover for too much bearishness in the market.
Cramer: Ford and Honeywell can withstand Uber's onslaught on the auto sector," 7:52  PM ET Fri, 26 April 2019","""The auto industry just isn't a bedrock part of this economy anymore, and very few companies saw this coming,"" Jim Cramer says."
The market fell because of the tariffs: Art Cashin," 5:35  PM ET Thu, 22 March 2018","UBS Managing Director Art Cashin says Trump's tariffs were the biggest pain in the market today, causing all major indexes to take a nosedive. "
Cramer's lightning round: The key level for selling Kraft-Heinz," 7:01  PM ET Thu, 21 June 2018","Jim Cramer zips through his take on callers' favorite stocks, including a condiment king approaching a potential peak."
Cramer: The US economy 'could be on the verge of a significant slowdown'," 7:36  PM ET Tue, 28 May 2019","With consumer and corporate confidence waning, the economy could slowdown ""if something doesn't change soon,"" Jim Cramer says."
Dollar Tree CEO: We're giving Family Dollar a 'wow' factor to draw customers," 9:18  PM ET Wed,  6 March 2019",Jim Cramer sits down with Dollar Tree CEO Gary Philbin to learn how the company is reducing its Family Dollar footprint and bringing more customers into its stores.
Cramer explains what must happen before the market can sustain a rally," 8:59  PM ET Tue,  6 Aug 2019","Issues around currency, yields and earnings still have not been resolved, despite Tuesday's market bounce, Jim Cramer says"
Cramer Remix: The battle between these stocks proves why tech triumphs," 7:04  PM ET Wed, 20 June 2018",Jim Cramer breaks down the distinguishing factor between Intuit and H&R Block.
This ETF issuer can help you 'buffer' against all the market volatility," 9:18  AM ET Sun, 23 Feb 2020",Innovator Capital Management CEO Bruce Bond breaks down how his firm's Defined Outcome ETF strategy can help investors buffer against big moves in the S&P 500.
"Everything Jim Cramer said on 'Mad Money,' including earnings, CSX and ServiceNow CEOs"," 8:50  PM ET Wed, 23 Oct 2019","Jim Cramer breaks down the week in earnings reports, gets an update on CSX's precision railroading strategy with CEO Jim Foote, gets a read on the digital transformation story with ServiceNow and makes recommendations in chipmakers and medtech."
"Global corrections to spread to US and ruin historic bull market, investor Peter Boockvar warns"," 9:31  AM ET Wed, 22 Aug 2018","As Wall Street embraces the longest U.S. bull market in history, Bleakley Advisory Group's Peter Boockvar is focusing on what could disrupt it."
Cramer Remix: The secret to Walmart’s blowout quarter lies within its own walls," 7:00  PM ET Thu, 16 Aug 2018",Jim Cramer explains how Walmart investing in its employees helped to boost its latest earnings.
"People missed 'exactly what we told them' about RH before furniture maker's 30% jump, CEO says"," 7:19  PM ET Wed, 13 June 2018",Jim Cramer sits down with RH CEO Gary Friedman to hear about the home design company's latest lines of business.
"Art Hogan predicts double-digit 2020 gains, sees 3 groups leading charge"," 3:00  PM ET Wed, 11 Dec 2019","National Securities Chief Market Strategist Art Hogan talks the Federal Reserve, 2020 predictions and his bullish S&P 500 forecast for the year ahead with CNBC's Mike Santoli."
"New highs are in store for the S&P 500 this year according to this chart, says top strategist"," 9:29  AM ET Wed,  9 Oct 2019","Stocks are sinking to start off October, but strategist Stephen Suttmeier says the charts are suggesting that the pain won't last."
Cramer Remix: Forget Alcoa—this stock will set the tone this earnings season," 7:03  PM ET Fri,  6 July 2018",Jim Cramer reveals which company is kicking off earnings season.
"Chinese tariffs are 'no big deal' for natural gas, Tellurian founder says"," 7:02  PM ET Thu, 23 Aug 2018",Jim Cramer sits down with Tellurian's founder Charif Souki to discuss the trade conflict's potential impacts on liquefied natural gas.
Cramer calls Apple's $350 billion investment in the US economy a 'modern-day Marshall Plan'," 8:43  PM ET Wed, 17 Jan 2018",Jim Cramer interviewed Apple CEO Tim Cook after his company's pledge to contribute $350 billion to the U.S. economy.
Cramer's lightning round: I am worried about Twilio," 7:13  PM ET Fri,  1 May 2020","""Mad Money"" host Jim Cramer rings the lightning round bell, which means he's giving his answers to callers' stock questions at rapid speed."
,,
S&P returns could be 'quite low' for the next few years: Investor," 4:30  AM ET Fri, 25 Oct 2019","Chad Morganlander of Washington Crossing Advisors says he expects S&P 500 returns to be between 5% and 6% for the next five to seven years, and that's low from a historical perspective."
,,
Cramer's lighting round: I like Carvana — 'I'm a millennial wannabe'," 7:24  PM ET Thu, 16 May 2019",Jim Cramer hears from callers and gives his thoughts on their stock picks of the day.
"Cramer: Despite his criticisms, President Trump is good for The New York Times","10:24  AM ET Tue,  6 Nov 2018","""This is one of those situations where all publicity is good publicity,"" says CNBC's Jim Cramer on President Trump's frequent criticisms of The New York Times."
"Retailers such as Kohl's 'in trouble' without better digital presence or bargains, Cramer says"," 6:43  PM ET Wed, 20 Nov 2019","""Wait for the next round of tariff hikes or nasty trade rhetoric ... to knock down the whole group, and then buy the retail winners,"" Jim Cramer says."
'I'm a believer in my company' — Lowe's CEO says that's why he's personally buying shares,"10:49  AM ET Thu, 26 March 2020","""We think that we will create a great value and we'll create a great opportunity for shareholder value over the long term,"" Lowe's CEO Marvin Ellison told CNBC."
Ford's rebound is just getting started — here's why it's the only auto Cramer endorses," 7:35  PM ET Mon,  6 May 2019","""Ford no longer wants to make cars everywhere, no matter what the cost. It doesn't want a one-car-fits-all worldwide strategy,"" Jim Cram says."
"Everything Jim Cramer said on 'Mad Money,' including presidential fears, Peloton IPO, housing market"," 9:19  AM ET Fri, 27 Sept 2019","Jim Cramer explains why Elizabeth Warren's presidential prospects are dropping managed care stocks, and breaks down Peloton's IPO, sits down with the CEO of homebuilder Taylor Morrison and recommends stock picks."
Small and mid-cap equities are more reflective of the real U.S. economy: Wells Fargo," 4:42  AM ET Wed, 20 May 2020","Kirk Hartman of Wells Fargo Asset Management says the gap between U.S. small caps and large caps is closing. He sees some value in the small-cap space, but the key is to have the economy recover first."
Cramer's lightning round: Avoid stocks related to housing," 7:08  PM ET Tue, 14 Aug 2018","Jim Cramer shares his take on callers' favorite stocks, including why he doesn't ""want anything to do with"" housing-related stocks."
'It was suddenly Cyber Monday' — Etsy CEO says sales spiked 79% in April," 7:11  PM ET Thu,  7 May 2020","""When the CDC changed its [face mask] guidelines ... we all of a sudden saw overwhelming amounts of demand come on to our site,"" Etsy CEO Josh Silverman told CNBC."
Here's how dividend-based ETFs are managing shareholder payout cuts: Issuer," 3:58  PM ET Mon,  4 May 2020","Simeon Hyman of ProShares, Dave Nadig of ETF Trends and Chris Hempstead of IndexIQ talk what could lie ahead for dividend-based ETFs as corporations cut their shareholder payouts. With CNBC's Bob Pisani."
Companies founded only by women receive 3% of venture capital. This firm aims to change that," 6:56  PM ET Wed, 23 Oct 2019","""A founder who sees a huge market opportunity and she has a vision ... has a right to access that capital alongside anyone else,"" Victress Capital's Lori Cashman says."
Cramer's lightning round: Wait for Raytheon to go lower and then buy," 7:12  PM ET Thu, 30 April 2020","""Mad Money"" host Jim Cramer rings the lightning round bell, which means he's giving his answers to callers' stock questions at rapid speed."
Cramer's lightning round: Slow and steady wins the race," 8:20  PM ET Wed, 27 March 2019",Jim Cramer zips through his thoughts on callers' stock picks of the day.
,,
"Sell the pot stocks — the market is 'not what it was cracked up to be,' Jim Cramer says","11:41  AM ET Mon, 25 Nov 2019","""Companies need to close, funding needs to dry up, mergers must occur. Until then, these stocks are now sell-in-the-strength detritus,"" the ""Mad Money"" host says."
Cramer Remix: 'It's too soon' to buy even this top-notch industrial stock," 7:03  PM ET Wed, 23 Jan 2019",Jim Cramer breaks down his case for why it's too soon to own Emerson Electric.
,,
Cramer dubs Children's Place a 'fabulous' buy on weakness," 7:32  PM ET Wed,  3 Jan 2018","Jim Cramer tracked Children's Place's positive drivers and anointed it one of his few ""buys"" in brick-and-mortar retail."
Jim Cramer reviews 6 stocks that 'have been anointed by Wall Street' amid an economic slowdown," 7:16  PM ET Mon, 15 July 2019","""They'll be the second-half winners that the big money guys just can't get enough of,"" Jim Cramer says."
Cramer's lightning round: The reason why Canopy's stock is dragging," 7:21  PM ET Tue, 30 July 2019","It's that time again! ""Mad Money"" host Jim Cramer rings the lightning round bell, which means he's giving his answers to callers' stock questions at rapid speed."
,,
Cramer: Keep cash on hand as 'insurance' against a Warren victory in 2020," 6:25  PM ET Mon, 16 Dec 2019","""Wall Street's terrified of Warren, and anything that scares the market is bad news for stock prices,"" the ""Mad Money"" host says."
"Fortnite may draw younger consumers to gaming for the long term, says Take-Two CEO"," 7:12  PM ET Mon, 21 May 2018",Jim Cramer sits down with Take-Two Interactive Software Chairman and CEO Strauss Zelnick for an update on the video game space.
"Cramer's game plan: 'Stick to your knitting' and keep an eye on consumer data, earnings"," 6:40  PM ET Fri,  3 Aug 2018",Jim Cramer picks through the earnings confusion in the week ahead and advises investors on how to play the action.
"What Wall Street analysts got wrong about GrubHub, according to Jim Cramer"," 6:36  PM ET Fri,  1 Nov 2019","""The most common refrain here is that the industry's much more competitive than they'd been led to believe,"" Jim Cramer says."
Jim Cramer: China trade is a 'much smaller issue' on the market than most people realize," 6:11  PM ET Tue,  3 Dec 2019","Trade fears ""will eventually create fabulous discounts"" in the stock market, but ""we're not totally there yet,"" the ""Mad Money"" host says."
Cramer's lightning round: Don't sell Disney yet—you'll want to own it long term," 7:28  PM ET Fri, 15 Feb 2019",Jim Cramer flies through his responses to callers' stock questions.
"Cramer Remix: Apple could decline, no matter what new products it announces on Monday"," 8:15  PM ET Fri, 22 March 2019",Jim Cramer explains why the Apple bears could come out of hibernation after its big announcement on Monday
Cramer Remix: It was the hottest group in the market until Red Hat reported," 7:00  PM ET Thu, 21 June 2018",Jim Cramer breaks down why cloud-based enterprise software stocks are still red-hot despite Red Hat’s disappointing guidance.
Cramer Remix: The 115-year-old 3M is still getting it right," 2:13  PM ET Mon, 29 Jan 2018",Jim Cramer reveals why 3M is an oldie but a goodie.
"Cramer's lightning round: Out 3 to 5 years, 'wild trader' Spotify is attractive"," 7:05  PM ET Fri, 14 Sept 2018","Jim Cramer zooms through his take on callers' favorite stocks, including a subscription economy play on which Cramer's taking a long-term view."
Cramer Remix: These two factors could be enormous for Micron," 7:05  PM ET Fri, 21 Sept 2018",Jim Cramer explains how a demand for Micron's chips combined with its buyback could send the company soaring.
One signal shows the S&P 500 and Apple can surge double digits: Cramer," 7:54  PM ET Tue,  2 July 2019","Chart action suggests the market could pull back later this week, but analyst Carolyn Boroden is bullish about long-term prospects, Cramer says."
Cramer's key to maintaining the perfect portfolio: Stay flexible," 8:33  PM ET Fri, 27 Dec 2019",Jim Cramer says that being willing to change your strategy on a dime is critical to maintaining the perfect portfolio.
Fed slow to raise interest rates amid political turmoil: Art Cashin," 7:02  PM ET Tue, 29 May 2018","The Fed will likely be slow to raise interest rates amid political turmoil, says veteran trader Art Cashin. "
Cramer's lightning round: I would be a buyer of Slack,"11:27  AM ET Fri, 29 May 2020","""Mad Money"" host Jim Cramer rings the lightning round bell, which means he's giving his answers to callers' stock questions at rapid speed."
Cramer's lightning round: I congratulate Elon Musk for making a lot of cars," 8:21  PM ET Thu, 18 July 2019",Jim Cramer takes calls and delivers answers about callers' stock picks of the day in rapid speed.
"Everything Jim Cramer said on 'Mad Money,' including stock rotation and Chinese consumers"," 8:43  PM ET Mon,  9 Sept 2019","Jim Cramer breaks down what sectors investors are placing their money, chats with the CEOs of Dollar Tree, Alteryx and Zoom Video, and tariff impacts on consumers."
,,
"Cramer: It's not too late to buy into Facebook, Apple, Amazon or Alphabet"," 7:03  PM ET Tue,  8 Jan 2019","Jim Cramer says the majority of FAANG, his acronym for the stocks of Facebook, Amazon, Apple, Netflix and Alphabet, is still ripe for the picking."
,,
Bob Iger tells Jim Cramer why Disney did not buy Twitter — 'I got cold feet for the right reasons'," 1:18  PM ET Wed, 25 Sept 2019","""There are things Disney shouldn't even try to do well and that was one of them,"" Disney CEO Bob Iger says."
"Bank stocks were the 'worst performers' after Apple's coronavirus warning, Jim Cramer says"," 7:01  PM ET Tue, 18 Feb 2020","""The banks do better in a rising interest rate environment, not a lower one,"" the ""Mad Money"" host says, explaining why bank stocks dropped during the session."
Cramer: Charts suggest investors 'can afford to be cautiously optimistic'," 7:06  PM ET Tue,  5 Feb 2019",Jim Cramer calls on technician Rob Moreno to predict what could be next for stocks in 2019.
"Cramer: Vans could be the next major 'lifestyle brand' after Nike, Adidas","11:39  AM ET Tue, 18 Sept 2018","Jim Cramer says apparel giant VF Corp. has struck gold in Vans, its fast-growing subsidiary that could be the next Nike."
S&P 500 could go beyond its current record closing level: Investor," 1:34  AM ET Thu, 28 Feb 2019","David Dietze of Point View Wealth Management says he remains bullish on U.S. markets in part because the fear of higher interest rates has been ""tamed."""
Strategist Tom Lee: 'Buy the dip' because the S&P could rally 17 percent in 2019," 2:25  PM ET Fri, 11 Jan 2019","""The probability of a double-digit year we think is the highest since 2009,"" Fundstrat Global Advisors' Tom Lee says."
Cramer's lightning round: There are better drug stocks to own than GlaxoSmithKline," 7:42  PM ET Fri,  7 Dec 2018","Jim Cramer flies through his responses to callers' stock questions, including one about the prospects for a drugmaker's stock."
"Microsoft's plan to be carbon negative by 2030 'is not greenwash,' Jim Cramer says"," 7:21  PM ET Thu, 16 Jan 2020","""Whether or not Microsoft can save the environment, what matters is that they're making the attempt and the stock wasn't punished for it at all,"" the ""Mad Money"" host said."
"Solid economy may not stay that way, says financial advisor. Here's how to protect your portfolio"," 6:41  AM ET Wed, 16 May 2018","Market sell-offs are an opportunity to insulate investor portfolios with stocks ""resilient"" to a recession, says one financial advisor."
Jim Cramer: These companies with 'visibility' have stocks 'worth buying'," 7:06  PM ET Fri, 14 Feb 2020","""Mad Money"" host Jim Cramer says stocks are rallying into earnings and again afterwards because executives can claim ""the future's brighter than the past."""
"How to decipher stocks worth owning this earnings season, according to Jim Cramer"," 6:43  PM ET Thu, 24 Oct 2019","CNBC's Jim Cramer breaks down the ""buckets [investors] need to be sorting"" stocks into this earnings season as global growth slows."
Cramer explains why investors should be patient before buying agribusiness Corteva," 7:21  PM ET Tue, 30 July 2019","""I hope they will deliver a better-than-feared quarter when it reports on Thursday, but hope should never be part of the equation,"" Jim Cramer says."
Cramer Remix: Put new IPO Revolve on your shopping list," 8:13  PM ET Wed, 12 June 2019",Jim Cramer breaks down Revolve's recent IPO and urges investors to wait for a pullback before getting in on the stock.
,,
Cisco CEO says Silicon Valley companies 'have to care' about issues like homelessness," 7:24  PM ET Thu, 27 Sept 2018",Jim Cramer gets an exclusive read on Cisco Systems' recent projects and deals in an interview with Chairman and CEO Chuck Robbins.
Cramer Remix: Presume Trump will go through with tariffs on Mexico," 8:00  PM ET Fri, 31 May 2019",Jim Cramer warns CEOs to prepare their companies for a hit after President Trump's latest call for tariffs.
Twitter CFO: We're creating a subscription product for businesses to advertise on Twitter," 7:27  PM ET Tue, 13 March 2018","Jim Cramer sits down with Twitter CFO Ned Segal, who explains how the social media platform is building out its business-facing capabilities."
,,
Cramer Remix: Adobe is the way to play the 'golden age of creativity'," 7:49  PM ET Wed, 19 June 2019",Jim Cramer recaps Adobe's latest conference call to explain how the company is upending the retail industry.
Novartis CEO calls for fixing 'distortions' in health-care system ahead of slate of drug launches,"12:55  PM ET Thu, 23 May 2019","""I can't remember a time at Novartis where year after year after year we have these significant medicines getting launched,"" CEO Vasant Narasimhan says."
"Cramer's lighting round: The quarter won't be good, but buy this stock"," 7:06  PM ET Wed,  1 May 2019","It's that time again! ""Mad Money"" host Jim Cramer rings the lightning round bell, which means he's giving his answers to callers' stock questions at rapid speed."
GrubHub CEO leaves open the door for potential mergers: We would 'evaluate any offer'," 6:50  PM ET Thu, 23 Jan 2020","""We would totally evaluate any offer, but we haven't had one yet,"" said GrubHub CEO Matt Maloney, adding ""there's a reckoning coming to the industry"" in 2020."
What to do with your 401(k) as the market gyrates," 6:26  PM ET Fri, 26 Oct 2018",Financial advisors have one message for investors amid this week's wild stock market swings: Don't panic.
These S&P 500 stocks have outperformed since 2009's bottom — here are the 2 that traders would buy,"10:07  AM ET Wed, 11 March 2020","Nvidia and Netflix stand out among the S&P 500 stocks that have beaten the market since its 2009 bottom, traders say."
Cramer's game plan: Finding bottom in an oversold market," 6:45  PM ET Fri,  5 Oct 2018",Jim Cramer shares his outlook on the week ahead and tells investors how he thinks the market could regain bull status.
,,
Cramer: Use the earnings 'damage' to your advantage this week," 7:25  PM ET Mon, 29 Jan 2018",Jim Cramer advises investors on how to use their cash wisely during a volatile week of earnings.
Cramer Remix: A lot of the negativity in the market is bogus," 7:03  PM ET Wed, 16 May 2018","Jim Cramer breaks down why stocks are taking a pause, and it’s not due to the negative stories."
"Robinhood democratizes stocks for younger generations, co-founder says"," 7:31  PM ET Wed,  4 Dec 2019","""People are paying lower prices and that's something that's gone beyond Robinhood and is now available to tens of millions of consumers across the U.S.,"" co-CEO Vladimir Tenev says."
Cramer's lightning round: I like Beyond Meat," 7:24  PM ET Wed, 15 July 2020","""Mad Money"" host Jim Cramer rings the lightning round bell, which means he's giving his answers to callers' stock questions at rapid speed."
"Everything Jim Cramer said on 'Mad Money,' including tech plays, balance sheets"," 8:21  PM ET Tue, 10 March 2020",CNBC's Jim Cramer broke down what stocks can be bought here in a volatile market environment. He warned that investors must pay closer attention to company balance sheets in a slowdown.
,,
"Cramer: For the first time, Powell seems concerned about the economy, and that's good"," 8:01  PM ET Wed, 14 Nov 2018",Jim Cramer reflects on Federal Reserve Chair Jerome Powell's comments about the U.S. economy.
Cramer: Stay away from this 'forbidden city of stocks'," 6:58  PM ET Tue, 21 May 2019",Jim Cramer says there's a shortage of buyable stocks on the market and that money managers are staying out of these sectors.
"Jim Cramer issues buy call on Lyft, remains 'pessimistic' on Uber"," 6:36  PM ET Wed,  6 Nov 2019","Lyft ""management's promise to deliver positive EBITDA by the end of 2021 now sounds credible,"" the ""Mad Money"" host says."
Jim Cramer: Chart action suggests more upside if the S&P 500 breaks key hurdle," 6:48  PM ET Tue, 19 May 2020","""This is still a very uncertain moment,"" the ""Mad Money"" host said."
"Cramer: When it comes to China tariffs, Alphabet's stock is the 'least shortable'"," 7:50  AM ET Tue,  6 March 2018",Jim Cramer explains why certain stocks will be essentially unaffected by tariffs on some Chinese imports.
Cramer: One analyst report caused spice maker McCormick's stock to languish for months—until now," 6:48  PM ET Mon, 16 July 2018",Jim Cramer says spice maker McCormick's stock is finally escaping the pain brought about by a January analyst report from Deutsche Bank.
"Cramer: PepsiCo, Constellation Brands should get more credit for disrupting their businesses"," 6:47  PM ET Mon, 20 Aug 2018",Jim Cramer discusses how PepsiCo's acquisition of SodaStream and Constellation Brands' investment in Canopy Growth are disrupting their businesses in the right ways.
"'Retail is the place to be' in cannabis, says MedMen CEO after 'blockbuster' PharmaCann acquisition"," 7:02  PM ET Mon, 15 Oct 2018","Jim Cramer sits down with MedMen co-founder and CEO Adam Bierman, whose cannabis retailer will absorb PharmaCann in the largest marijuana-related acquisition in U.S. history."
Cramer Remix: PVH just changed the retail narrative," 1:13  PM ET Tue, 15 Jan 2019",Jim Cramer explains how PVH was able to change the outlook for other retail plays — and itself.
,,
,,
Salesforce's Marc Benioff introduces Customer 360 Truth: The 'computer science holy grail'," 6:35  PM ET Tue, 19 Nov 2019","""Now we're entering the fourth stage of computing. It's the pursuit of [the stage known as] single source of truth, and we've built that into our platform,"" Marc Benioff tells CNBC's Jim Cramer."
Jim Cramer says a company 'will try to acquire' Twitter if the stock keeps tumbling," 6:28  PM ET Tue, 29 Oct 2019","""The last time this stock had a major meltdown, it found a floor of support at $27 to $28, which is one more reason to start buying right here at $29 and change,"" CNBC's Jim Cramer says."
"Cramer: Mergers, value and earnings surprises are sending stocks higher—but they may not be enough"," 7:02  PM ET Mon, 30 April 2018",Jim Cramer spots opportunities in the increasingly fickle stock market and wonders if former leadership sectors can recover.
Charts show natural resource sectors can give the bull another leg to run on in 2020: Jim Cramer," 6:34  PM ET Tue, 10 Dec 2019","If the metals and mining, basic materials and energy sectors can rebound, ""then 2020 could be a very good year,"" the ""Mad Money"" host says."
Markets post gains after CPI surprise,"10:26  AM ET Thu, 15 Feb 2018","According to Kensho, a surprise in CPI numbers tends to send these major indexes higher."
,,
"S&P 500, Russell 2000 and Nasdaq are at risk of pulling back, charts suggest"," 7:27  AM ET Mon, 30 Dec 2019","The S&P 500, Russell 2000 and Nasdaq Composite indexes appear to be at make-or-break levels on their weekly charts, says market strategist Matt Maley."
Cramer Remix: Bed Bath & Beyond is not a lost cause," 9:38  PM ET Thu, 11 April 2019",Jim Cramer explains why the troubled retailer can be saved if it makes major management changes.
Higher tariffs and higher interest rates are setting stocks up for a rough 2019: Cramer," 7:05  PM ET Mon, 29 Oct 2018",Jim Cramer attributes the stock market's weakness to President Donald Trump and the Federal Reserve's 'toxic' policies.
CEO of cannabis company says legal weed could result in fewer opioid prescriptions in the US," 7:10  PM ET Thu, 17 May 2018",Jim Cramer sits down with Canopy Growth CEO Bruce Linton after his company applied to list its shares on the New York Stock Exchange.
CEO Ginni Rometty: Red Hat's open-source software 'is a play that helps all of IBM'," 7:25  PM ET Tue,  9 July 2019","IBM will unlock growth by expanding its new Red Hat subsidiary services across the globe, CEO Ginni Rometty tells Jim Cramer."
Jim Cramer on Moderna vaccine-sparked rally: 'Let's not get ahead of ourselves'," 7:56  PM ET Thu,  7 May 2020","""This market does have a tendency to bounce between unbridled optimism and total despair — no middle ground,"" the ""Mad Money"" host said."
,,
"Coronavirus 'supply shock' caused a delay in 5G rollout and guidance haircut, Skyworks Solutions CEO says"," 9:09  PM ET Tue, 24 March 2020","The 5G rollout is experiencing a ""pause"" and demand for the technologies will return and be met by 2021, Skyworks Solutions CEO Liam Griffin said."
,,
Furniture retailer RH: China tariffs are just 'short-term noise'," 7:31  PM ET Fri, 14 June 2019","""Being overly reactive and moving sourcing around in product categories like ours can present massively more risk,"" RH CEO Gary Friedman says."
Cramer's lightning round: Wait for Take Two's earnings before buying," 7:21  PM ET Tue, 24 April 2018",Jim Cramer's suggestions for stock picks during the lightning round. 
Get ready to pull the trigger on these stocks — 'We're almost in oversold territory': Cramer," 7:36  PM ET Mon, 13 May 2019","The best picks may be in the managed care, insurance and telecommunication spaces."
Jim Cramer reviews top 10 stocks 'for this difficult moment' on the 'Cramer Covid-19 Index'," 7:19  PM ET Mon, 11 May 2020","""Remember, there's nothing irrational about these rallies. The stay-at-home names are simply the right stocks for this difficult moment,"" Cramer said."
"Special dividend for shareholders is always on the table, Costco CEO says"," 6:58  PM ET Tue, 21 Jan 2020","Oppenheimer upgraded Costco's stock on Tuesday. In a ""Mad Money"" interview, Costco CEO Craig Jelinek said ""we'll always look at"" paying a special dividend."
Cramer Remix: Why Amazon’s latest quarter was a thing of beauty," 7:06  PM ET Wed,  1 Aug 2018",Jim Cramer explains why Amazon remains on fire despite other FANG stocks faltering.
Cramer: Edwards Lifesciences' stock chart just flashed a hugely bullish pattern," 7:00  PM ET Tue, 12 June 2018",Jim Cramer and technician Rob Moreno examine the daily stock chart of Edwards Lifesciences to find a prime buying opportunity.
Cramer's lightning round: Foot Locker's stock has run too much for my liking," 4:59  PM ET Fri,  9 Nov 2018","Jim Cramer speeds through his take on callers' favorite stocks, including a sports apparel play that's running hot."
Cramer: Most market-watchers are wrong. Stocks just aren't that expensive," 6:55  PM ET Fri, 13 July 2018",Jim Cramer pushes back on some market commentators that see stocks as too pricey.
,,
"Everything Jim Cramer said on 'Mad Money,' including earnings, trade, Netflix and Arrowhead CEO"," 7:33  PM ET Thu, 17 Oct 2019","CNBC's Jim Cramer explains why some stocks rallied on ""not-as-bad-as-feared"" quarterly reports, makes a case to speculate on positive trade deal news and says to ""ring the register"" on Netflix."
Cramer's lightning round: The oil stocks are 'just a bummer'," 6:47  PM ET Thu, 31 Oct 2019","""Mad Money"" host Jim Cramer rings the lightning round bell, which means he's giving his answers to callers' stock questions at rapid speed."
CVS Health CEO on reducing costs: Billions in value opportunity is 'in front of us'," 7:25  PM ET Thu, 21 March 2019","Jim Cramer talks with CVS CEO Larry Merlo, who says reducing medical costs with the Aetna merger will unlock billions of dollars in value for the company."
"Everything Jim Cramer said on 'Mad Money,' including looming earnings, social media stocks"," 7:18  PM ET Fri, 21 Feb 2020","CNBC's Jim Cramer warns that coronavirus outbreak updates will continue to influence on the market. He breaks down the earnings reports behind Facebook, Snap, Twitter and Pinterest."
"I'm worried oil could go above $100 by 2020, says CEO of oilfield service giant Core Laboratories","11:07  AM ET Wed, 11 July 2018",Jim Cramer sits down with Core Laboratories Chairman and CEO David Demshur to get his outlook on the future of crude oil.
Markets may see middle of a V- and U-shaped recovery: Fidelity Investments,"11:17  PM ET Tue, 21 April 2020","Jurrien Timmer of Fidelity Investments says that the S&P 500 sitting in a trading range of between 2,500 and 2,900 suggests that markets may settle between the middle of a V- and U-shaped recovery in the next few weeks, if not months."
,,
"The bulls win out in the bull-bear battle over Cummins, Jim Cramer says"," 6:55  PM ET Wed, 13 Feb 2019",Jim Cramer supports the bull thesis about where the stock of industrial giant Cummins could go next.
Cramer's lightning round: I think Roku is good," 7:48  PM ET Wed, 22 April 2020","""Mad Money"" host Jim Cramer rings the lightning round bell, which means he's giving his answers to callers' stock questions at rapid speed."
"Mazor Robotics $1.6 billion acquisition is 'beginning to pay off,' Medtronic CEO says"," 6:58  PM ET Tue, 14 Jan 2020","Medtronic's spine business ""had its strongest year, and the robot has played a big role in that,"" CEO Omar Ishrak said in a ""Mad Money"" interview."
Cramer: Blink and you'll miss this market's windows of opportunity," 7:39  PM ET Mon, 22 Jan 2018",Jim Cramer stressed the importance of buying stocks on weakness and pinpointed the small moments investors get to buy in.
Cramer introduces tech's hottest new stock group: the 'cloud kings'," 7:24  PM ET Mon, 12 March 2018","Jim Cramer gives investors seven hot stocks for their shopping list: cloud plays Adobe, Salesforce, ServiceNow, Red Hat, VMware, Splunk and Workday."
Jim Cramer gives 5 reasons why Wednesday's rally wasn't an 'engineered' bubble," 8:47  PM ET Wed, 10 July 2019","The ""Mad Money"" host dispelled the idea that the Federal Reserve ""engineered"" stocks to rally and the S&P 500's climb above 3,000."
Cramer: 10 reasons why Apple hitting $1 trillion matters for the stock market," 6:52  PM ET Thu,  2 Aug 2018",Jim Cramer breaks down why Apple's trillion-dollar breakthrough speaks volumes about the state of the stock market.
"Digital wave and values-based business are driving Salesforce's growth, CEO says"," 1:31  PM ET Mon, 26 Aug 2019","Companies want to know our values and if they work with us, ""they want to be aligned with those values,"" Salesforce co-CEO Keith Block says."
Cramer unpacks the bank stocks' weakness after strong earnings reports," 7:23  PM ET Mon, 16 April 2018",Jim Cramer explains the weakness in top bank stocks like J.P. Morgan and Bank of America after very strong quarters.
Cramer makes the case for including bonds in your portfolio," 6:28  PM ET Tue, 31 Dec 2019",Jim Cramer addresses the lingering question of how much is the right amount of bond exposure.
Cramer's lightning round: Software maker Ping Identity is a buy," 7:41  PM ET Mon,  8 June 2020","""Mad Money"" host Jim Cramer says the stocks of Ping Identity and Biohaven Pharmaceuticals are worth a buy."
Domino's CEO doubles down on carryout strategy in a world of delivery competition," 6:50  PM ET Thu, 20 Feb 2020","""While most of the industry is running headlong into delivery ... [we're] growing that carryout channel,"" CEO Ritch Allison says after shares pop 26% on strong quarter report."
"TJX, Ross, Burlington are beneficiaries of 'roadkill losers in the mall,' Jim Cramer says"," 6:53  PM ET Fri,  8 Nov 2019","Shopping center landlords don't have to worry about off-price retailers going under the next time we have a recession, the ""Mad Money"" host says."
Cramer Remix: A warm welcome for the latest fintech play," 8:05  PM ET Tue,  2 July 2019",Jim Cramer reveals a surprising fintech play that could be worth considering.
,,
"Wall Street did something 'highly unusual' in Tuesday's session, Jim Cramer says"," 7:23  PM ET Tue, 14 July 2020","""This market is divided into four camps,"" the ""Mad Money"" host said."
"Cramer: Marijuana, bitcoin and Micron are all speculative investments"," 7:41  PM ET Mon,  8 Jan 2018","Jim Cramer gauged the speculative potential of the cannabis, cryptocurrency and chipmaking markets for individual investors."
Cramer: Forget Nvidia's slowing crypto franchise—this best-in-show stock is a buy," 7:54  PM ET Fri, 11 May 2018",Jim Cramer reiterates his bullish call on Nvidia after the chipmaking giant's earnings report.
Cramer's charts suggest big-name biotech stocks Gilead and Celgene have more room to run," 7:04  PM ET Tue, 17 July 2018",Jim Cramer and technician Bob Lang inspect the charts to see if big-cap biotechnology stocks like Gilead and Celgene could have more room to run.
Market analyst Sam Stovall sees 'at least one more' big stock drop this year," 2:05  PM ET Wed, 28 March 2018",The S&P 500 fell into correction territory on Feb. 8 when it declined about 10.2 percent from its peak on Jan. 26.
Cramer's lightning round: I am a buyer of Costco instead of Nordstrom," 6:50  PM ET Thu, 30 Jan 2020",CNBC's Jim Cramer said he prefers Costco over Nordstrom and recommends selling UnitedHealth Group ahead of the Iowa Caucus.
"Cramer Remix: Elon Musk’s conference call was his best, ever"," 7:00  PM ET Thu,  3 May 2018",Jim Cramer explains why the visionary CEO should be admired for telling the truth.
Cramer's lightning round: Gamble on Pinnacle Entertainment," 7:03  PM ET Wed, 15 Aug 2018","Jim Cramer shares his take on callers' favorite stocks, including what casino stock investors should take a gamble on."
Chubb CEO: Forcing insurers to pay pandemic loss claims is 'plainly unconstitutional',"12:59  PM ET Fri, 17 April 2020","Extending business interruption losses is a ""self-inflicted injury"" and would create ""great uncertainty at a time when we have enough uncertainty,"" Chubb CEO Evan Greenberg told CNBC."
Bristol-Myers CEO: We're 'one step closer to creating that great company' with Celgene," 7:26  PM ET Fri, 12 April 2019","Celgene brings to Bristol-Myers five late-stage products that could be approved in the near term, Caforio said."
,,
"Women could give the US economy a $1.6 trillion boost, says S&P Global CEO"," 7:17  PM ET Mon, 11 Feb 2019","Jim Cramer sits down with S&P Global President and CEO Doug Peterson, who stresses the importance of female economic participation."
Cramer's sell-off handbook: 4 things need to happen for stocks to recover,"12:52  PM ET Thu, 11 Oct 2018","Jim Cramer says the stock market's recovery hinges on the Federal Reserve, oil prices, the transportation industry and the trade war with China."
"This new normal 'matters for your life and your portfolio,' Jim Cramer says"," 8:04  PM ET Wed,  8 April 2020","""Even when the lockdown ends you've got to be prepared for a new world that looks very different from the old one,"" the ""Mad Money"" host said."
Cramer Remix: How investors can use earnings to their advantage in this sell-off," 7:08  PM ET Thu, 18 Oct 2018",Jim Cramer explains how strong earnings can take the guesswork out of your next investment.
Cramer: Trump should heed Home Depot's warnings about the consumer and make a trade deal," 9:51  AM ET Wed, 21 Aug 2019","Home Depot CFO Carol Tome says ""consumer confidence is near record high levels"" but ""consumer demand could be impacted"" by lingering U.S.-China trade tensions."
,,
Cramer: 5 reasons the stock market rebounded," 7:03  PM ET Wed, 30 May 2018","The stock market rebound on Wednesday was yet another example of panic being replaced by rationality, says ""Mad Money"" host Jim Cramer."
Why Jim Cramer says investing in SmileDirectClub is a difficult decision," 6:27  PM ET Fri, 13 Sept 2019","""I don't know what the right price is for SDC, but I do know I wouldn't pay more than $16 and change for it,"" Jim Cramer says."
"Weed industry scandals show why investors must be 'selective' about their buys, Jim Cramer says"," 8:01  PM ET Wed, 31 July 2019","Stay away from companies that only have vague plans pending regulatory approval that are losing a lot of money, Jim Cramer says."
"People should be able to get health care without going bankrupt, GoodRx co-CEO says"," 7:02  PM ET Wed, 15 May 2019","Most Americans could go bankrupt if their health insurance won't cover high pharmaceutical prices, co-CEO Doug Hirsch says."
Cramer's charts could signal trouble in the market," 7:29  PM ET Tue, 24 April 2018",Jim Cramer's charts could signal trouble in the market. But it might also be nothing. 
Cramer: Investors should've seen Acacia Communications' collapse coming," 8:05  PM ET Wed, 18 April 2018","Jim Cramer flags the warning signs he saw in Acacia Communications, which took a major hit after a recent Commerce Department ruling."
"Cramer's charts put recent volatility into perspective, signal a potential bottom for the averages"," 7:04  PM ET Tue, 11 Dec 2018","Jim Cramer gets a historical take on the major averages from technician Rob Moreno, who says the stock market's recent volatility may not be as bad as it seems."
Cramer's sell-off strategy: This is a great opportunity to buy Amazon," 7:36  PM ET Thu,  1 March 2018",Jim Cramer calms investors' sell-off fears in a strategy session after the Dow Jones' several-hundred-point decline.
"'Stay the course': Stocks can climb another 10% by end of 2020, says money manager"," 3:29  PM ET Tue, 22 Oct 2019","The bull market is still intact and could deliver another 10% of gains by the end of next year, says Todd Morgan, chairman and CEO of Bel Air Investment Advisors."
"The market may test more lows soon as it seeks a new leader besides tech, analysts say"," 4:17  PM ET Tue,  3 April 2018","The market may ""test some lows"" as it searches for a new leader other than the FANG stocks, analysts said. "
Cramer: Betting on oil stocks could be a 'bad call',"10:24  AM ET Tue,  6 Nov 2018","Jim Cramer believes that the major oil companies' rosy outlook doesn't reflect the economic reality, where even renewed U.S. sanctions on Iran can't boost the price of oil."
"The US is running out of time to stave off a depression without reopening, Jim Cramer warns"," 8:45  PM ET Tue, 12 May 2020","""[W]ithout more aggressive action from the federal government, we may have no choice but to reopen as the economy spirals into a depression,"" the ""Mad Money"" host said."
Our big move into A.I will help our clients like UnitedHealth: Cloud software CEO," 7:35  PM ET Tue,  6 March 2018",Jim Cramer speaks with Pegasystems founder and CEO Alan Trefler about the companies big move into artificial intelligence.
Companies that don't value trust will 'pay a terrible price': Salesforce CEO Marc Benioff," 7:20  PM ET Wed, 28 Feb 2018","Jim Cramer sits down with Salesforce founder, Chairman and CEO Marc Benioff, who shares his perspective on the future of tech."
Centene CEO predicts the Supreme Court will uphold Obamacare 7-2 if it gets there," 6:42  PM ET Thu, 24 Oct 2019","""We're hoping that ... the appeals court, Fifth District, does reverse it,"" taking some uncertainty out of the health-care industry, Centene CEO Michael Neidorff tells Jim Cramer."
"Morgan Stanley's bullish call on Apple ahead of earnings defies conventional wisdom, Cramer says"," 7:57  PM ET Mon, 22 July 2019",Morgan Stanley made a bold call on Apple. But CNBC's Jim Cramer says it would be a mistake to buy shares ahead of its earnings next week.
"Cramer's lightning round: Delta is good, but United Airlines is better"," 7:17  PM ET Tue,  5 Nov 2019","""Mad Money"" host Jim Cramer takes calls from viewers on their favorite stocks, such as Constellation Brands, and offers his advice."
Cramer Remix: Put VF Corp on your shopping list," 8:20  PM ET Mon,  3 June 2019",Jim Cramer breaks down VF Corp's performance over the last year and reveals the stock will be a more compelling buy towards the end of the summer.
"Everything Jim Cramer said on 'Mad Money,' including Uber lockup, 'junk' Chinese IPOs, buy Twitter"," 7:42  PM ET Tue, 29 Oct 2019","CNBC's Jim Cramer warns of a ""very rude awakening"" due to looming lockup expirations, urges Wall Street to stop allowing ""junk"" Chinese IPOs, calls Twitter's stock a buy and sits down with Zebra Technologies CEO Anders Gustafsson."
Cramer Remix: Memo to President Trump - the Fed's on your side," 9:01  PM ET Mon, 15 April 2019",Jim Cramer's sending a signal to Trump as his central bank criticism continues.
,,
Jim Cramer: These are the 3 high-yield stocks that could drive the Dow higher," 7:33  PM ET Tue,  5 Nov 2019","The ""Mad Money"" host says Walgreens Boots Alliance, Dow Inc. and Verizon are worth keeping an eye on, based on Dan Fitzpatrick's technical analysis."
"The stay-at-home stocks surged as Texas paused reopening, Jim Cramer says"," 7:02  PM ET Thu, 25 June 2020","After Texas put a pause on its reopening, ""many of today's winners were the usual suspects that benefit from the pandemic,"" the ""Mad Money"" host said."
Cramer talks Trump: 'Absence of fiery tweets' clearly helps stocks rise," 7:33  PM ET Thu, 12 April 2018",Jim Cramer says a key component of the bull case is the lack of explosive tweets from President Donald Trump.
This ETF hedges against 'black swan' market events — here's how it's holding up this year," 9:01  AM ET Sat, 14 March 2020","Amplify's Black Swan Growth and Treasury Core ETF (SWAN) is one of several funds leveraging minimum-volatility holdings to bring investors stability in times of market turmoil, says Amplify founder and CEO Christian Magoon."
Cramer: Dave & Busters has the keys to successful retail in 2019," 8:23  PM ET Wed,  3 April 2019",Jim Cramer breaks down Dave & Busters' latest earnings beat and explains how the entertainment chain is bringing patrons to the mall.
,,
"Cramer's week ahead: A red-hot market, and Uber's IPO"," 8:36  AM ET Mon,  6 May 2019","""We've got a runaway freight train of a market and I'd love to see the darned thing cool off for more than a session or two,"" the host said."
Cramer: The strong US dollar hurts companies like Apple more than you think," 6:46  PM ET Wed, 30 Jan 2019",Jim Cramer shares explains U.S. companies' currency problem and how it's affecting giants like Apple.
,,
"Everything Jim Cramer said on 'Mad Money,' including Apple's records, S&P 500 projections, StockX"," 8:03  PM ET Mon, 21 Oct 2019","CNBC's Jim Cramer breaks down how Apple and JPMorgan market action influence their respective sectors, forecasts what's ahead for the S&P 500 and sits down with new StockX CEO Scott Cutler."
Cramer's week ahead: This earnings week will be a 'tougher test'," 8:02  PM ET Fri, 24 April 2020","""This earnings week is ""chock full of tech stocks, including some household names that have run up substantially from their March lows,"" the ""Mad Money"" host said."
Cramer's lightning round: Investing in Disney requires patience," 7:05  PM ET Tue, 13 March 2018","Jim Cramer shares his take on callers' favorite stocks, including an entertainment play on a slow-and-steady climb."
Cramer's lightning round: Danaher is one of my favorite charitable trust holdings," 7:03  PM ET Wed,  2 May 2018","Jim Cramer flies through his take on callers' favorite stocks, including one owned by his charitable trust."
"There has been a paradigm shift in the weed industry, Jim Cramer says"," 6:37  PM ET Fri, 12 July 2019","""As the weak hands exit the cannabis space, investors are starting to care about the actual results,"" the ""Mad Money"" host says."
Cramer Remix: This company's earnings could signal a weakening economy," 7:03  PM ET Fri, 30 Nov 2018",Jim Cramer explains how Toll Brothers' earnings could highlight the slowing housing market and confirm that the U.S. economy is weakening.
Cramer's lightning round: Financial stocks are off limits until the yield curve improves," 7:50  PM ET Mon, 26 Aug 2019",Jim Cramer takes calls and delivers answers on viewers' stock picks of the day.
Drug stocks are 'no longer' reliable safety nets for investors: Cramer," 7:21  PM ET Thu,  1 Nov 2018","Jim Cramer issues a warning to investors about the pharmaceutical sector, which includes high-profile stocks like Allergan and Gilead."
SAP-Qualtrics deal 'validated just how big this category is': CEO of SurveyMonkey parent," 2:17  PM ET Thu, 15 Nov 2018","Jim Cramer checks in with SVMK Inc. CEO Zander Lurie, who shares his take on SAP's recent acquisition of Qualtrics and what it means for the industry."
Cramer: How to know when it pays to sell in a sell-off," 6:47  PM ET Mon, 30 Dec 2019",Jim Cramer tells investors what to look for to determine whether a sell-off is built to last.
Earnings will turn the market positive even after tariffs: Market analyst," 7:57  AM ET Thu, 12 July 2018","Despite the recent round of tariffs, Tony Dwyer, chief market strategist at Canaccord Genuity, says the upcoming earnings cycle will move the market higher. "
Elizabeth Warren says she wants billionaires to 'stop being freeloaders'," 7:09  PM ET Thu, 31 Jan 2019","Jim Cramer checks in with Sen. Elizabeth Warren, who calls on billionaires like Howard Schultz and Michael Bloomberg to pay ""their fair share"" in taxes."
"More than 200,000 signed up for fractional stock trading on day one, Robinhood co-CEO says"," 6:58  PM ET Thu, 12 Dec 2019","""We see customers' eyes light up when they deposit $10 or $100 and the entire universe of stocks ... is available to them,"" Robinhood co-CEO Vladimir Tenev says."
Cramer's lightning round: 'I like Square very much'," 8:23  PM ET Tue, 17 March 2020","""Mad Money"" host Jim Cramer rings the lightning round bell, which means he's giving his answers to callers' stock questions at rapid speed."
RBC market analyst: Tech is an area of risk in the stock market," 1:48  PM ET Thu,  3 May 2018","""I do think you've got to see some other major sectors take over the leadership,"" says RBC's head of U.S. equity strategy, Lori Calvasina."
"Cramer's Exec Cut: Data-driven changes at Netflix, DoorDash and Domino's"," 7:16  PM ET Fri,  6 Sept 2019",Jim Cramer examines companies that are driving the data revolution at leading businesses.
Coca-Cola CEO on coffee strategy: We're not going head to head with Starbucks," 6:59  PM ET Fri, 16 Nov 2018",Jim Cramer sits down with Coca-Cola President and CEO James Quincey for a wide-ranging interview about his company's global strategy.
"Cramer's lightning round: If you own stock in a gold company, you can take profits here"," 7:06  PM ET Mon,  7 May 2018","Jim Cramer rattles off his take on callers' favorite stocks, including a gold producer that could have limited near-term upside."
Cramer Remix: The head and heart don't align on Citibank," 8:03  PM ET Wed, 27 March 2019",Jim Cramer breaks down why it's illogical to sell the bank's stock but emotionally very hard to own.
"Everything Jim Cramer said on 'Mad Money,' including looming earnings and economic reports"," 8:51  PM ET Fri,  6 Sept 2019","Cramer reveals what he expects to see next week in market news, chats with At Home CEO Lee Bird about dodging China tariffs and praises Lululemon's performance, among other things."
Cramer's market outlook improves after Cigna-Express Scripts deal," 6:47  PM ET Thu,  8 March 2018",Jim Cramer spells out what the major health care deal means for stocks.
"Jim Cramer blames bears, media for the public's low interest in stocks"," 6:55  PM ET Thu,  5 Dec 2019","""There are vast sums of money to be made here, and far too many people are missing out because they've been frightened away,"" the ""Mad Money"" host says."
"The future of Mattel is about a lot more than making toys, CEO says"," 6:47  PM ET Wed,  4 Dec 2019","It includes robust footprints in areas closely related to toys such as movies, television and live events, Mattel CEO Ynon Kreiz says."
Cramer Remix: Spotting stocks that will rise from the retail wreckage," 8:36  PM ET Thu, 30 May 2019",Jim Cramer explains how to find retail stories that work in a difficult environment.
Stocks would have to drop nearly 50% for the market to be fairly valued: Morgan Creek Capital," 4:28  PM ET Wed, 23 Jan 2019","The ""tech bubble 2.0 popped"" last year and it's looking just like the tech bubble of the early 2000s, Morgan Creek Capital's Mark Yusko says."
Cramer says the S&P 500's biggest 2017 losers could be prime for speculation," 7:43  PM ET Fri,  5 Jan 2018",Jim Cramer ran through the S&P 500's worst performers for 2017 and found some redeemable players in the house of pain.
Cramer swipes right on IAC stock after Tinder co-founders' lawsuit," 7:15  PM ET Thu, 16 Aug 2018","Jim Cramer recommends buying IAC's stock, especially after a lawsuit from the co-founders of subsidiary Tinder caused shares to dip. "
Abbott Labs CEO on new coronavirus test launches: 'There's a need for more'," 8:31  PM ET Mon, 30 March 2020","Abbott Labs teams are working around the clock to ramp up COVID-19 tests and to develop more diagnosis products, outgoing CEO Miles White said."
"Everything Jim Cramer said on 'Mad Money,' including Apple, GE transparency; Barstool sports"," 8:36  AM ET Thu, 30 Jan 2020",CNBC's Jim Cramer breaks down the rallies in the stocks of Apple and General Electric. He sits down with the heads of Barstool Sports and Penn National to get insight into their sports-betting partnership.
"Emergency rate cut is a 'sign of panic' from the Fed, Jim Cramer says"," 6:55  PM ET Tue,  3 March 2020","""The problem here is that we have a public health crisis that could do real damage to vast swaths of the economy. A rate cut doesn't change that,"" the ""Mad Money"" host said."
Eli Lilly CEO aims to start testing coronavirus cure 'this summer'," 8:02  PM ET Fri, 13 March 2020","""We're starting this because we believe it could work,"" Eli Lilly CEO David Ricks told CNBC in explaining the company's partnership with AbCellera Biologics."
S&P hits record high after US–China trade truce—5 experts weigh in on what's next for markets," 8:52  AM ET Tue,  2 July 2019",U.S. stocks rose after President Trump met with Chinese President Xi at the G-20 summit. Five experts discuss what this means for the second half of the year.
Cramer's lightning round: 'You want to buy Clorox right here'," 7:26  PM ET Wed, 25 March 2020","""Mad Money"" host Jim Cramer rings the lightning round bell, which means he's giving his answers to callers' stock questions at rapid speed."
Idexx Labs is counting on millennials to boost the pet-care industry," 7:39  PM ET Wed, 22 May 2019","""[Millennials] are more likely to go to the vet more frequently and more willing to listen to an advanced standard of care,"" Jonathan Ayers says."
"The action in Apple's stock tells you everything you need to know about this market, says Jim Cramer"," 7:05  PM ET Mon, 10 Dec 2018",Jim Cramer argues that the market's lack of conviction is perfectly captured by the movements in shares of Apple.
Elizabeth Warren calls for a 'grassroots' stimulus package to counter coronavirus economic impact," 8:46  PM ET Thu, 12 March 2020","Sen. Elizabeth Warren told CNBC's Jim Cramer she wants a targeted, ""big stimulus package"" that doesn't ""disproportionately"" advantage ""rich folks."""
Cramer's lightning round: Now is the time to buy Walgreens' stock," 6:59  PM ET Thu, 26 April 2018","Jim Cramer flies through his take on callers' favorite stocks in the lightning round, including a downtrodden pharmaceutical play."
"Everything Jim Cramer said on 'Mad Money,' including Fed meeting, Microsoft and Apple, Pelosi"," 8:16  PM ET Tue, 17 Sept 2019","Jim Cramer explains what to expect from the Federal Reserve's September meeting, why Microsoft and Apple's stock could soon pop, and his wide-ranging interview with House Speaker Nancy Pelosi."
Cramer's lightning round: Sell Teva—debt is not king in this environment," 7:12  PM ET Wed, 19 Dec 2018","Jim Cramer rattles off his responses to callers' stock questions, including one on a high-profile pharmaceutical stock."
Cramer: My trust is selling Facebook—you just can't like the stock as much as you used to," 6:59  PM ET Wed, 11 April 2018",Jim Cramer explains the underlying negatives in Facebook's stock after CEO Mark Zuckerberg's congressional testimony.
"'We have to raise prices' if tariffs go to 25%, says CEO of Calvin Klein parent"," 7:15  PM ET Thu, 29 Nov 2018",Jim Cramer and PVH chief Manny Chirico discuss how the Calvin Klein parent will be affected by higher tariffs and the state of retail worldwide.
Wendy's CEO to Jim Cramer: 'We have a menu that can compete' in breakfast," 6:34  PM ET Fri, 11 Oct 2019","""We have a menu that can compete, a low-investment and a high-return model for our franchise community,"" CEO Todd Penegor says of Wendy's breakfast strategy."
,,
,,
"Cramer: Dow could have 'easily' been down 1,000 points on Fed hike"," 7:12  PM ET Wed, 19 Dec 2018",Jim Cramer reviews the Federal Reserve's decision to hike interest rates by a quarter-point and spells out what could lie in store for stocks.
Cramer Remix: These stocks should be bought in this environment," 7:50  PM ET Tue, 11 June 2019",Jim Cramer reveals why blue chip stocks like Walmart and Proctor and Gamble may work best in this market.
Cramer's lightning round: Take a long-term view on Spotify," 7:02  PM ET Mon, 16 April 2018","Jim Cramer shares his take on callers' favorite stocks at lightning speed, including a newly public streaming play."
,,
,,
"Micron's surprise quarter means a windfall could be in store for AMD and Nvidia, Jim Cramer says"," 6:53  PM ET Thu, 26 March 2020","Gaming and data demands offset weakness in other areas. Those two categories could be a boon for industry peers, the ""Mad Money"" host said."
"Cramer's week ahead: McDonald's, Amazon, Chipotle, Caterpillar, Boeing and more earnings reports"," 6:58  PM ET Fri, 18 Oct 2019","""At this point in earnings season, you should simply try to stop, look and listen,"" CNBC's Jim Cramer says."
"'We've probably taken a depression off the table,' Jim Cramer says"," 8:01  PM ET Tue, 19 May 2020","""I'm not saying this market's done going down. There's always the possibility that we get more sell-offs,"" the ""Mad Money"" host said."
Cramer's investing rule for when company executives unexpectedly resign," 6:24  PM ET Tue, 19 Feb 2019","Jim Cramer says investors should sell their stock in a company when its CEO, CFO or other executives quit."
"Burlington Stores could be the next retailer to rebound, Jim Cramer says"," 8:46  PM ET Fri,  5 April 2019",Jim Cramer breaks down Burlington Stores' most recent earnings and explains why he thinks the stock is ready to rebound.
Cramer ranks his top 7 video streaming services," 6:59  PM ET Fri,  7 June 2019","""With so many media companies launching their own subscription streaming services, we need to start thinking about winners and losers here,"" the ""Mad Money"" host says."
"Everything Jim Cramer said on 'Mad Money,' including Iran uncertainty, top stocks of 2019, oil stocks"," 7:10  PM ET Fri,  3 Jan 2020","CNBC's Jim Cramer advises investors not to panic about tensions with Iran, reflects on the top performing stocks of 2019 and recommends oil stocks worth buying."
Cramer's lightning round: I endorse buying shares of Blackstone Group," 7:25  PM ET Wed, 14 Nov 2018",Jim Cramer goes against the grain and recommends the stock of investment giant Blackstone.
Cramer Remix: Higher interest rates could create the leadership this market needs," 7:04  PM ET Wed,  9 May 2018",Jim Cramer explains how bank stock leadership could emerge from higher interest rates and why that’s good news for the market.
"Salesforce and Costco are flashing buy signals to investors, Jim Cramer says"," 6:59  PM ET Fri, 29 May 2020","The ""Mad Money"" host said ""history tells me that you've gotta buy them when they're weak."""
Cramer: Charts show 'old-school' chip stocks like Intel ready to roar," 6:58  PM ET Tue,  2 Oct 2018",Jim Cramer and Carolyn Boroden inspect the charts of some key semiconductor stocks and determine that investors may see quicker gains by buying the more established plays.
"Tax cuts may be good for short-term profit pop, but long term outlook not so rosy"," 7:58  PM ET Thu,  4 Jan 2018",Concern that tax reform offers only a one-time lift to stocks and it may all be discounted before this month is over.
Cramer Remix: Apple is the greatest consumer products story ever," 7:06  PM ET Tue, 31 July 2018",Jim Cramer explains why the tech giant could have staying power as a consumer product story.
Cramer: Shares of Alphabet and Amazon can still be bought after Netflix earnings beat,"12:30  PM ET Thu, 18 Oct 2018",Jim Cramer checks in on FAANG after Netflix's earnings beat to see how shares of the technology giants are holding up.
Cramer's week ahead: Prepare for companies to adjust forecasts to new round of tariffs," 6:30  PM ET Fri,  4 Oct 2019","""Better batten down the hatches and get ready for companies to adjust their numbers going into a new round of tariffs that … they're most likely unprepared for,"" Jim Cramer says."
Cramer: 'People are too excited' about pot stocks—'it will end badly'," 6:50  PM ET Thu, 20 Sept 2018","Jim Cramer doubles down on his warning about investing in marijuana stocks like Tilray, which has been trading wildly since CEO Brendan Kennedy's appearance on ""Mad Money."""
Centene CEO calls for better education for at-risk youth as one solution to racial disparities," 8:26  PM ET Fri, 12 June 2020","""One of the things we have to do to correct this is improve the educational system in the inner city,"" health insurer Centene CEO Michael Neidorff said."
Cramer's week ahead: This is a bad time for a trade war," 6:48  PM ET Fri, 29 May 2020","""Right now, our economy's struggling and any kind of retaliation from China will make it even more difficult for us to recover."""
"Cramer: Forget FANG, the market loves WANG"," 7:14  PM ET Thu, 16 Aug 2018","Jim Cramer thinks it might be time to rethink FANG. Given Thursday's market moves, Cramer thinks WANG – Walmart, Apple, Netflix and Google – might be the new group to watch."
Cramer's lightning round: IBM's downgrade makes no sense," 6:56  PM ET Mon, 13 Jan 2020","""Mad Money"" host Jim Cramer made buy and sell calls on shares of First Horizon, IBM and more stocks in Monday's lightning round."
"Charts show Nvidia, AMD and Qualcomm have 'a lot more room to run,' Jim Cramer says"," 6:55  PM ET Wed, 13 May 2020","""In a market that's suddenly rolling over ... we need to circle the wagons around high-quality stocks that we can confidently buy into this newfound weakness,"" the ""Mad Money"" host said."
Chinese consumers are taking sides in the trade war and that's bad news for US companies: Cramer," 7:23  PM ET Fri, 11 Jan 2019",Jim Cramer flags some pain points in the U.S.-China trade war and tells investors how to gauge progress in the ongoing dispute.
"Cramer on 5 consumer staples stocks he likes right now, including Constellation Brands and Costco","11:06  AM ET Thu, 18 Oct 2018","Jim Cramer flags the power players in the consumer staples space, which includes makers of household needs like food, beverages and personal care products."
Cramer's lightning round: You're getting an opportunity in Amazon," 6:55  PM ET Fri,  9 Feb 2018","Jim Cramer tears through his take on callers' favorite stocks, including a lower-than-usual e-commerce play."
"Cramer Remix: Look out Amazon, this company could win in the battle for beauty"," 7:50  PM ET Tue,  9 July 2019",Jim Cramer reveals how Ulta could come out ahead of Amazon in the beauty sector.
Cramer's lightning round: I no longer trust Schlumberger," 6:52  PM ET Tue, 10 Sept 2019",Jim Cramer gives viewers his thoughts on callers' favorite stock picks of the day.
Cramer: 'Miracle worker' Jeff Gennette will make Macy's turnaround sustainable," 7:19  PM ET Tue, 27 Feb 2018",Jim Cramer gives credit to Macy's CEO Jeff Gennette for revamping Macy's and brightening the retailer's outlook.
Cramer: Eli Lilly's share price recovery symbolizes this market's attitude," 6:50  PM ET Mon, 11 June 2018",Jim Cramer connects the recent action in Eli Lilly's stock with how analysts are interpreting the market layout.
"Cramer's lightning round: Amazon, Shopify leave no room for this retailer"," 7:32  PM ET Wed, 17 July 2019",Jim Cramer takes calls and gives his thoughts about callers' stock picks of the day.
Cramer explains how Netflix's stock managed to taper its drop after disappointing on earnings," 6:54  PM ET Tue, 17 July 2018",Jim Cramer breaks down his theories on why shares of Netflix were able to pare their losses after the company's second-quarter earnings report failed to appease investors.
,,
Retail legend Mickey Drexler on how clothing companies can succeed in today's environment," 6:35  PM ET Fri, 11 Oct 2019","""You don't need huge assortments to shop anymore ... Focus on the best,"" former J. Crew CEO Mickey Drexler says."
"Cramer: To be a good investor, you have to understand bonds"," 6:24  PM ET Tue, 19 Feb 2019",Jim Cramer argues that investors must understand the bond market if they want to keep up in the stock market.
"Mondelez isn't feeling the heat from global consumer worries, CEO says"," 7:46  PM ET Tue, 28 May 2019",Mondelez International CEO Dirk Van de Put explains how changing consumer habits are boosting the Oreo-maker's sales.
"Nearly 3 in 5 Medicare beneficiaries oppose Medicare for All, eHealth CEO says"," 7:23  PM ET Mon,  9 March 2020","""They just don't think that those under 65 should be able to participate, and you can't really blame them,"" eHealth CEO Scott Flanders told CNBC's Jim Cramer."
Cramer's game plan: Internalizing tariffs and getting ahead of good quarters," 6:55  PM ET Fri, 21 Sept 2018",Jim Cramer shares his game plan for the week ahead and explains why tariffs may not weigh on stocks as much as investors think.
Cramer's charts show 'signs of life' for the struggling biotech sector," 6:51  PM ET Tue, 20 March 2018",Jim Cramer eyes the biotechnology sector with technician Carolyn Boroden so see if the troubled stock group can bounce back anytime soon.
Cramer's lightning round: I think Blackberry's stock is headed higher," 8:12  PM ET Mon,  5 March 2018","Jim Cramer shares his take on callers' favorite stocks at lightning speed, including one with a deluge of intellectual property."
Cramer's game plan: Expect the unexpected from both Powell and Trump," 6:19  PM ET Fri, 13 Sept 2019","After a ""monster good week"" for the market, Jim Cramer warns investors to have their guards up ahead of the Federal Reserve's highly anticipated policy meeting."
Cramer Remix: Why Netflix is the best-performing stock of 2018 in the S&P 500," 7:00  PM ET Tue, 17 April 2018",Jim Cramer lays out how Netflix is rising to overtake two other entertainment leaders.
Jim Cramer reveals what stocks to own if betting on a V-shaped recovery," 8:31  PM ET Tue, 26 May 2020","""If we don't have a giant outbreak in the states that are aggressively reopening — a big if — then a V-shaped recovery is actually on the table,"" the ""Mad Money"" host said."
"Everything Jim Cramer said on 'Mad Money,' including volatile market, Hormel, buy Bed Bath & Beyond"," 7:49  PM ET Thu, 10 Oct 2019","Jim Cramer gives investors a cheat sheet for finding safe stocks in a volatile market, sits down with Hormel CEO Jim Snee for an interview, makes a case for buying Bed Bath & Beyond and urges that the market needs an interest rate cut."
"'We need to de-stress the travel lifestyle,' says CEO of United Airlines owner"," 7:17  PM ET Wed, 26 Sept 2018","Jim Cramer sits down with Oscar Munoz, the CEO of United Continental Holdings, to hear more about how the airline is trying to improve the customer experience."
"AT&T shares can go 'much, much higher' from here if management can deliver, Jim Cramer says"," 7:51  PM ET Mon,  9 Dec 2019","A MoffettNathanson analyst last month issued a sell rating on AT&T's stock. ""Mad Money's"" Jim Cramer says the call misses the forest for the trees."
Cramer's lightning round: 'I do not like the bank stocks'," 8:24  PM ET Thu,  7 May 2020","""Mad Money"" host Jim Cramer rings the lightning round bell, which means he's giving his answers to callers' stock questions at rapid speed."
Cramer's lightning round: The turn in Advanced Micro Devices' stock is real," 7:06  PM ET Wed, 18 July 2018","Jim Cramer zooms through his take on callers' favorite stocks, including a chipmaker that's making a comeback."
Cramer makes the bull case for China's move to cut US debt purchases," 7:33  PM ET Wed, 10 Jan 2018",Jim Cramer laid out the benefits of China potentially halting its purchases of U.S. sovereign debt.
Cramer's lightning round: General Dynamics stock is a bet on a second Trump term," 8:11  PM ET Fri, 13 March 2020","""Mad Money"" host Jim Cramer rings the lightning round bell, which means he's giving his answers to callers' stock questions at rapid speed."
Cramer's lightning round: Buy Acadia Pharmaceuticals' stock at your own risk," 7:07  PM ET Wed, 28 Nov 2018","Jim Cramer zooms through his answers to callers' stock questions, including a pharmaceutical play investors have been jumping at the bit to buy."
Jim Cramer: Tuesday's relief rally created an 'opportunity' for profit-taking," 6:43  PM ET Tue,  4 Feb 2020","""I'd use this rosy moment to reposition, do some selling in stocks that are too levered to Chinese consumer travel ... I think those have got downside,"" the ""Mad Money"" host says."
Cramer's charts show there could be more pain ahead for oil," 2:09  PM ET Wed, 30 May 2018",CNBC's Jim Cramer and technician Carley Garner took to the charts to investigate the likelihood of a further drop or a possible rally in oil.
Market performance after the government reopens,"10:13  AM ET Tue, 23 Jan 2018","Since 1980 the government has shut down 12 times. Two weeks after it reopens for business stocks tend to perform well, with the Dow and S&P each gaining 3%"
Cramer: Bitcoin and PayPal are putting pressure on bank stocks," 7:03  PM ET Fri, 15 June 2018",Jim Cramer investigates why some big bank stocks are faltering even after the Federal Reserve's interest rate hike.
Jim Cramer breaks down recession fears — 'I think the yield curve linkage is wrong'," 7:22  PM ET Tue, 27 Aug 2019","""Until we get some tangible signs that the economy's picking up, you're going to have to get used to the market,"" Jim Cramer says."
Cramer Remix: Amazon is still one of the most powerful deflationary forces on Earth," 7:04  PM ET Wed,  3 Oct 2018","Jim Cramer explains why despite its wage increase, Amazon is working harder than ever to keep prices down."
Stocks have 'at least 10% to 15%' further to fall: Scaramucci," 4:58  AM ET Mon, 23 March 2020","The U.S. is in a ""protracted bear market"" and stock prices could fall further, according to Anthony Scaramucci, an investor and former White House communications director."
"Everything Jim Cramer said on 'Mad Money,' including mergers, buy Uber, PVH CEO and sell Sonos"," 8:26  PM ET Mon, 25 Nov 2019","CNBC's Jim Cramer explains what the recent mergers tell us about the stock market. The ""Mad Money"" host also explains why now is the right time to buy shares of Uber."
Cramer: GE CEO Larry Culp could have what it takes to turn the troubled power division around," 8:40  PM ET Wed, 27 Feb 2019","Jim Cramer says CEO Larry Culp's first letter to shareholders is ""the most un-GE piece of correspondence I've ever seen. The culture shock here is downright stunning."""
Cramer: Wall Street is finally having the reckoning on climate change it needs," 7:01  PM ET Tue, 14 Jan 2020","""Like it or not, sustainability now matters to the stock market,"" CNBC's Jim Cramer said."
"PayPal CFO: Military veterans have leadership, teamwork skills that 'make us a much better company'"," 8:42  PM ET Tue, 12 Nov 2019","""When employers look at the qualities that they want in candidates, military veterans have honed some of those skills in their career,"" PayPal CFO John Rainey says."
"Everything Jim Cramer said on 'Mad Money,' including no recession signs, homebuilder stocks to buy"," 8:43  PM ET Fri,  1 Nov 2019","CNBC's Jim Cramer says October's jobs report helped close the lid on recession fears, gives a preview of the week ahead in earnings, breaks down the rally in the home construction sector and targets analysts he says misjudged GrubHub."
"Recent homebuyer numbers show 'spending is just beginning' for millennials, Cramer says"," 6:37  PM ET Wed, 11 Dec 2019","""After a decade of cocooning, millennials want to buy homes that represent value, which is in keeping with the way they shop for everything else,"" CNBC's Jim Cramer says."
"Symantec acquisition would give Broadcom a 'potent combination,' Jim Cramer says"," 7:50  PM ET Mon,  8 July 2019","""If [interim Symantec CEO] Rick Hill can set off a bidding war, that would be the cherry on top,"" Jim Cramer says."
"David Blitzer on his historic career, the Dow Jones then and now"," 2:15  PM ET Wed,  3 April 2019","David Blitzer, S&P Dow Jones Index Committee, sits down with CNBC's Bob Pisani to discuss his legacy, his career and the differences he sees between the Dow Jones from when he first started to now."
"'Meaningful impact' of Toys R Us closure will end after the next quarter, Hasbro CEO says","10:19  PM ET Mon, 22 Oct 2018","Jim Cramer speaks to Hasbro Chairman and CEO Brian Goldner, who says the liquidation of Toys R Us will stop having a significant impact on his toymaker by next quarter."
Jim Cramer: 'I almost hope China reneges' on its trade promises," 6:56  AM ET Fri, 13 Dec 2019","The ""Mad Money"" host lays out why he has a hard-line stance on trade with China."
Cramer's lightning round: 'I'm surprised' Canada Goose trades so badly—it's a buy," 7:17  PM ET Wed,  6 Feb 2019","Jim Cramer tears through his responses to callers' stock questions, including one on a winter apparel play that's been a rough trader."
Cramer's game plan: Why Friday's jobs report is more important than usual," 8:51  PM ET Fri,  1 March 2019","""The one thing that might stand in the way of a continued rally ... is the non-farm payroll report on Friday,"" Jim Cramer says."
Cramer's week ahead: Wall Street is having a 'curb-your-enthusiasm moment'," 7:15  PM ET Fri,  1 May 2020","""'Sell in May and go away' is suboptimal advice, people, but this May, it just so happens that the market's run too much versus the fundamentals,"" the ""Mad Money"" host said."
Markets ready to hit new highs?,"11:01  AM ET Tue, 24 July 2018",Thursday will mark the 6-month mark since the last S&P 500 market high. CNBC's Mike Santoli joins the 'Fast Money Halftime Report' to discuss if there are enough factors at play to take the market to a new recovery period. 
,,
,,
"Everything Jim Cramer said on 'Mad Money,' including next week's earnings and coronavirus worries"," 7:43  PM ET Fri, 31 Jan 2020",CNBC's Jim Cramer looks ahead at next week's busy earnings schedule and discusses how the uncertainty around the coronavirus impacts investors.
,,
,,
Cramer's strategy session: Don't bottom-fish in Walmart's stock just yet," 7:11  PM ET Fri,  2 March 2018",Jim Cramer talks retail in a strategy session following a major intraday decline on Thursday.
Cramer's lightning round: 'You don't want to be around any company cutting dividends'," 8:24  PM ET Mon, 11 May 2020","""Mad Money"" host Jim Cramer rings the lightning round bell, which means he's giving his answers to callers' stock questions at rapid speed."
"Charts show the S&P 500 could be due for a correction, Jim Cramer says"," 8:50  PM ET Tue, 16 July 2019","""The charts, as interpreted by Carley Garner, suggest that the upside in the stock market has gotten more limited,"" Jim Cramer says."
"Calvin Klein-parent PVH CEO discloses COVID-19 diagnosis, says 'I'm fine'"," 9:51  PM ET Wed,  1 April 2020","During a recent visit to a Bronx hospital, PVH CEO Manny Chirico said he was ""shocked"" to learn that he was positive for COVID-19."
"Everything Jim Cramer said on 'Mad Money,' including market rotation, Robinhood's 10 million users"," 7:47  PM ET Wed,  4 Dec 2019","""Mad Money's"" Jim Cramer breaks down how big funds are shuffling their portfolios and where individual investors can pick stock. He sits down with the CEO of Mattel toy company and the co-founders of stock-trading app Robinhood."
,,
Cramer's lighting round: The fossil fuels sector is in the house of pain," 6:48  PM ET Mon, 11 Nov 2019","""Mad Money"" host Jim Cramer rings the lightning round bell, which means he's giving his answers to callers' stock questions at rapid speed."
,,
Cramer: We have 'real reason to be worried' about the global economy,"11:42  AM ET Wed, 10 July 2019","The weak forecast from BASF ""suggests that the global economy might be in rougher shape than that employment number might indicate,"" Jim Cramer says."
Cramer calls on investors to give Home Depot the benefit of the doubt after earnings miss," 7:25  PM ET Tue, 15 May 2018",Jim Cramer defends Home Depot's earnings call despite the company's weaker than expected quarterly report.
Information is 'the modern-day weapon' and we're always under attack: Shark Tank's Robert Herjavec," 7:06  PM ET Tue, 20 March 2018","Jim Cramer sits down with Shark Tank's Robert Herjavec to discuss Facebook, bitcoin, ransomware and the importance of data."
Cramer's lightning round: I prefer Disney to Twenty-First Century Fox," 6:57  PM ET Wed, 17 Jan 2018","Jim Cramer flew through his take on callers' favorite stocks, including an entertainment play making headlines."
"Selling software service stocks on trade worries is a 'big mistake,' Jim Cramer says"," 6:50  PM ET Tue, 19 Nov 2019","Software-as-a-service stocks ""tend to come bouncing back with alacrity because these companies are forces of nature,"" ""Mad Money's"" Jim Cramer says."
Cramer's lightning round: I'm blessing a small position in Nvidia here," 7:02  PM ET Tue, 22 Jan 2019","Jim Cramer tears through his responses to callers' stock questions, including one on a former Wall Street darling."
Nancy Pelosi says it's unclear when US economy can reopen — 'We could have a depression'," 7:50  PM ET Thu,  9 April 2020","""This is an era of entrepreneurship like none we've ever seen before because of the challenge to small businesses,"" the House speaker told CNBC."
"Cramer gets bullish on Snap after latest quarter, compares stock to Facebook's early days"," 7:38  PM ET Wed,  7 Feb 2018","Jim Cramer changes his opinion on Snap, likening the social media company's latest quarter to the early days of competitor Facebook."
Time to sell in May and go away?," 4:56  AM ET Mon,  4 May 2020","Stocks in April had a great month with the S&P 500 notching its best monthly performance in over 40 years despite coronavirus concerns. Standard Chartered Private Bank's Steve Brice weighs in on whether the old adage ""sell in May and go away"" holds true and what the outlook for risk assets is in this environment."
Cramer's charts reveal that investors' euphoria caused the stock market meltdown," 7:18  PM ET Tue, 27 Feb 2018",Jim Cramer and technician Carley Garner inspect the S&P 500's charts to understand the market's recent correction.
"Cramer's lightning round: Wait a few days, then buy Waste Management"," 6:51  PM ET Mon,  9 Sept 2019",Jim Cramer takes calls and delivers answers to viewer questions about their favorite stock picks of the day.
Cramer's favorite market indicator is signaling a potential dip," 7:09  PM ET Mon, 26 Feb 2018","Jim Cramer returns to ""Mad Money"" with a fresh take on the stock market supported by one of his trustiest indicators."
Cramer's lightning round: James Taiclet will make Lockheed Martin some money," 7:14  PM ET Mon, 29 June 2020","""Mad Money"" host Jim Cramer rings the lightning round bell, which means he's giving his answers to callers' stock questions at rapid speed."
Cramer picks his favorites in the race back to a $1 trillion market cap," 6:53  PM ET Thu, 10 Jan 2019","Jim Cramer revisits the race between Apple, Amazon, Alphabet and Microsoft to reach a $1 trillion market cap."
Cramer's game plan: 'Get ready to ride through these troubled waters'," 7:47  PM ET Fri, 22 March 2019",Jim Cramer explains an inverted yield curve does not mean a recession is coming and reveals what companies he'll be paying attention to next week.
Cramer: Investors need a new playbook now that the Fed ended rate hikes this year," 7:20  PM ET Thu, 21 March 2019",Jim Cramer gives his playbook and stock picks for a low-growth economy now that the Federal Reserve won't raise intrest rates this year.
Cramer's lightning round: Buy Paychex's stock on a good quarter," 7:15  PM ET Tue, 10 April 2018","Jim Cramer zooms through his take on callers' favorite stocks, including a conservatively run payroll operator."
"Buy these 5G stock plays if they take a dip from US-China trade news, Jim Cramer says"," 6:18  PM ET Tue, 10 Dec 2019","""At a time like this, we need big apolitical themes that work no matter what, and the best of them should work for years,"" the ""Mad Money"" host says."
Cramer: The wrong stocks are going up—here's what it means for investors," 7:37  PM ET Wed,  7 March 2018",Jim Cramer warns investors about the strength in cloud-based technology stocks.
"Retailers must 'fully commit to off-price or online' to win, Jim Cramer says"," 6:23  PM ET Thu,  5 March 2020","""Everything else is in trouble, especially in this post-coronavirus world where things are getting a whole lot tougher for the whole industry,"" the ""Mad Money"" host said."
"Cramer: 'If I had to sum up this market in a word, I’d call it extremist'"," 6:35  PM ET Tue, 24 July 2018",Jim Cramer cautions against investing in extreme moves in the market before knowing what's really going on.
Cramer lists 6 tailwinds for consumer-related stocks," 7:24  PM ET Tue,  9 Jan 2018",Jim Cramer made the bull case for consumer stocks in a defining era for traditional retailers.
Cramer: Don't be afraid to pay up for best-of-breed stocks," 6:23  PM ET Tue, 19 Feb 2019",Jim Cramer explains why investors should always seek the highest quality when buying shares in companies.
Market by midterms when President's approval below 50%," 9:45  AM ET Thu, 26 April 2018",Kensho stat of the day. Stocks tend to perform well from May through election day in midterms years when the sitting president has an approval rating below 50%. 
A potential dip? Cramer's favorite market indicator," 7:11  PM ET Mon, 26 Feb 2018","Jim Cramer returns to ""Mad Money"" with a fresh take on the stock market supported by one of his trustiest indicators."
Cramer Remix: Blast from the past Akamai is in a sweet spot for buying," 7:01  PM ET Wed, 14 March 2018",Jim Cramer circles back to a formerly red-hot tech stock making a big turnaround.
Cramer Remix: Here are the go-to names in an economic slowdown," 8:19  PM ET Wed, 15 May 2019","Jim Cramer says the ""Cloud Kings"" are a great secular trend to invest in during times of economic uncertainty."
'Shark Tank's' Daymond John: Being selfish is a key to success," 7:44  PM ET Mon, 22 Jan 2018","Jim Cramer sat down with ""Shark Tank"" investor and FUBU chief Daymond John to hear about his latest book and favorite market trends."
Cramer's lightning round: Oil refiner Total is a winner in this environment," 7:06  PM ET Mon, 24 Sept 2018","Jim Cramer shares his take on callers' favorite stocks at lightning speed, including an oil play that's benefiting from the current market layout."
Cramer Remix: You may get a better chance to buy this recent IPO,"10:58  PM ET Mon,  4 March 2019",Jim Cramer breaks down the action behind Yeti's recent moves.
"Everything Jim Cramer said on 'Mad Money,' including bullish on Tesla, millennial homebuying"," 7:49  PM ET Wed, 11 Dec 2019","""Mad Money"" host Jim Cramer breaks down why Tesla has the green light. Later in the show he reveals signs that the millennial homebuying market is heating up."
Jim Cramer says there is a key difference between the 'coronavirus recession' and Great Recession," 9:00  PM ET Tue,  7 April 2020","""I think it's incredible that there's still an appetite for risky debt here, and that could make a huge difference for an ultimate economic comeback,"" the ""Mad Money"" host said."
Cramer Remix: Chasing this stock’s high may be worth your while," 6:59  PM ET Tue, 12 June 2018",Jim Cramer breaks down how shares of RH could continue to soar.
Cramer's lightning round: Tesla is just 'too darn hard' to recommend," 7:42  PM ET Fri,  7 June 2019",Jim Cramer takes calls and delivers his thoughts on callers' stock picks of the day.
"Wall Street 'has faith' in stimulus plan, but 'total lockdown' still needed, Jim Cramer says"," 6:29  PM ET Wed, 25 March 2020","The $2 trillion legislation ""won't create demand in a time when so many consumers are fearful, and it will not defeat the coronavirus,"" he said."
Stocks hit all-time highs — these experts break down what investors should do next," 4:39  PM ET Fri, 24 Aug 2018","As stocks hit all-time highs, some fear that bull market will take a sharp turn and that history might repeat itself."
"'All hope is not lost' for cruise stocks as they near key technical support levels, trader says"," 7:42  AM ET Wed, 11 March 2020","Cruise stocks have sustained serious losses amid the global spread of the coronavirus, but ""all hope is not lost"" for the group, says Todd Gordon."
,,
Cramer: Check your bias at the door with stocks like Facebook and P&G," 7:03  PM ET Tue, 23 Jan 2018",Jim Cramer argued against selling high-quality stocks because of negative news and told investors to break the weak-handed habit.
Cramer urges investors to be wary of airline and cruise stocks — buy these 5 winners instead," 6:37  PM ET Tue,  9 June 2020","Cramer said Facebook, AMD, Apple, Amazon and Nvidia can go higher based on their strengths. ""That's why I keep going back to them, and you should too."""
Cramer's lightning round: Waving the red flag on Vodafone's stock," 7:12  AM ET Fri, 12 Oct 2018","Jim Cramer shares his take on callers' favorite stock at lightning speed, including a telecommunications play that's starting to look suspicious."
Cramer's lightning round: Take profits and sell some shares of Sonos," 7:23  PM ET Mon, 25 Nov 2019","The ""Mad Money"" host also recommends buying shares of Costco when its stock pulls back. He also does not recommend Molson Coors Brewing Company."
,,
"'These not-as-bad-as-feared quarters are good news for shareholders,' Jim Cramer says","11:24  AM ET Fri, 18 Oct 2019","Jim Cramer breaks down why shares of Union Pacific, Honeywell and Johnson & Johnson managed to rally on mixed-earnings reports."
Cramer Remix: Investors should stop worrying about Trump headlines and focus on spending," 7:02  PM ET Wed, 22 Aug 2018","Jim Cramer explains how consumer spending is what drives our economy, not political turmoil."
"The potential market sell-off would be 'a terrible thing to waste' for investors, Jim Cramer says"," 6:54  PM ET Tue, 14 Jan 2020","""So many companies [are] doing so well. I'd love to buy them, but at this point only on weakness,"" ""Mad Money"" host Jim Cramer said."
Cramer Remix: Charts suggest the market could soon get a deep correction," 4:45  PM ET Fri, 10 May 2019",Jim Cramer takes a look at the warning signals one analyst points out in the charts to find out what could lie ahead in this market.
Cramer's lightning round: Carnival's 'numbers are too high'," 7:00  PM ET Tue, 11 Feb 2020","""Mad Money"" host Jim Cramer rings the lightning round bell, which means he's giving his answers to callers' stock questions at rapid speed."
"Bitcoin is the market's new fear gauge, investor says"," 9:28  PM ET Tue, 29 May 2018","Bitcoin may be the market's new fear gauge, according to Brian Stutland of Equity Armor Investments."
,,
Cramer Remix: How you should focus on Hasbro," 7:00  PM ET Mon, 23 April 2018",Jim Cramer reveals the best move for Hasbro now that it’s put Toys R Us in the rearview mirror.
Cramer pinpoints stocks that are feeding the market in 'beast mode'," 7:27  PM ET Thu,  4 Jan 2018","Jim Cramer zoomed in on the stocks that drove the ""beast"" market to new highs on Thursday, including Dow 25,000."
Cramer: Trump's tariff threat sent investors running to domestic stocks Monday — that's a good sign," 7:34  PM ET Mon,  6 May 2019","""Normally when the market gets hammered, people wait around for a few days before putting their money back to work. Not today,"" Jim Cramer says."
Cramer's lightning round: Let Tesla shares come down more before buying," 6:50  PM ET Fri, 22 Nov 2019","""Mad Money"" host Jim Cramer rings the lightning round bell, which means he's giving his answers to callers' stock questions at rapid speed."
"Cramer's lightning round: I know people worry about Ventas, but I'm not backing down"," 7:06  PM ET Mon, 19 March 2018","Jim Cramer rattles off his take on callers' favorite stocks, including a real estate play causing a stir with investors."
Watch Trump's Twitter feed for buying opportunities: Economist," 4:38  PM ET Tue,  3 April 2018","President Trump's Twitter feed may be the best indicator of what to buy on Wall Street, says one economist. "
SoFi CEO reveals what he learned about millennial stock investing habits," 6:55  PM ET Thu, 16 May 2019","Early investors are showing ""that they don't want to put a lot of money at risk,"" SoFi CEO Anthony Soto says."
Apple may be the first company to hit $2 trillion market cap by 2021: Investor," 2:04  AM ET Wed, 15 Jan 2020","Investors should ""aggressively own these names"" as they head into 2021, says Wedbush Securities' Daniel Ives, who explains why top tech companies like Apple and Amazon have his attention as an investor."
Cramer says NXP Semiconductors is a buy despite failed Qualcomm deal," 7:06  PM ET Mon, 30 July 2018",Jim Cramer argues that NXP Semiconductors' prospects are still intact after Qualcomm dropped its bid for the chipmaker.
Cramer says index fund buying and buybacks are creating a 'stock shortage'," 6:50  PM ET Tue,  7 Aug 2018",Jim Cramer attributes the market's rally to the confluence of two drivers: increased index fund investing and corporate share buybacks.
,,
Cramer's lightning round: Don't expect anything great from GE's quarter," 6:47  PM ET Tue, 29 Oct 2019","""Mad Money"" host Jim Cramer rings the lightning round bell, which means he's giving his answers to callers' stock questions at rapid speed."
"Coronavirus the worst crisis to hit markets since Great Depression, strategist says"," 4:38  AM ET Fri, 20 March 2020","Stephen Isaacs, chairman of the investment committee at Alvine Capital Management, shares his outlook for markets amid the coronavirus pandemic."
Cramer's No. 1 fear in this market? The rally in shares of Clorox," 6:54  PM ET Mon, 15 Oct 2018",Jim Cramer explains why a surge in a stock like Clorox can mean bad news for the broader economy.
Greenlight Capital David Einhorn says hedge fund has never underperformed like this," 4:32  PM ET Wed, 21 Feb 2018",Greenlight Capitals David Einhorn says hedge fund has never underperformed like this David Einhorn Greenlight Capital suffered its worst performance ever relative to the S&P 500 in January.
Cramer's game plan: Let the market fret over oil and get ready to buy high-quality stocks," 6:59  PM ET Fri,  9 Nov 2018",Jim Cramer tells investors to tune out the panic around a bear market in oil and readies them for the week ahead.
"China is the 'first leading indicator' of a rebound in autos, Marvell Tech CEO says"," 9:37  PM ET Tue,  2 June 2020","China is showing ""very positive signs of production resuming,"" Marvell Technology CEO Matt Murphy said."
Cramer's lightning round: The case for buying the best-of-breed stock of UnitedHealth," 7:07  PM ET Tue, 31 July 2018","Jim Cramer flies through his take on callers' favorite stocks, including a health care play that's leading its sector."
Cramer: It's not just FANG—here are the other tech stocks that pushed the Nasdaq to new highs," 7:14  PM ET Mon,  4 June 2018",Jim Cramer creates a new acronym to explain how the Nasdaq hit a fresh all-time high on Monday.
Marc Benioff says employees leaving big tech is 'a message to the executives'," 7:28  PM ET Tue, 27 Nov 2018",Jim Cramer and Salesforce.com chief Marc Benioff discuss whether companies like Facebook can redeem themselves after breaching consumers' trust.
The fear gauge and strong earnings tell Jim Cramer this bottom in the stock market may be real," 6:57  PM ET Tue, 23 Oct 2018",Jim Cramer argues that the Cboe Volatility Index and strong earnings reports from key companies helped stocks recover intraday in a rally that could last.
Cramer's top 4 rules for owning stocks," 6:23  PM ET Tue,  3 Sept 2019","Jim Cramer opened up about mistakes of investing, and his rules for owning individual stocks."
"Cramer on Fed rate hike: 'Owning stocks just got harder,' but that's no reason to panic"," 7:18  PM ET Wed, 13 June 2018",Jim Cramer breaks down what the Federal Reserve's Wednesday interest rate hike means for investors.
Cramer Remix: Libra is a 'genuinely positive thing' for Facebook,"12:02  PM ET Wed, 19 June 2019",Jim Cramer breaks down Facebook's new cryptocurrency initiative and its potential impact on the stock.
Cramer points to 'China's ultimate weapon' in the trade war: Boycotts," 7:18  PM ET Thu, 19 April 2018",Jim Cramer worries that organized boycotts against U.S. products in China could escalate tensions in the burgeoning trade war.
Cramer: Tommy Hilfiger parent PVH is a buy ahead of earnings," 7:27  PM ET Fri, 23 March 2018",Jim Cramer finds six drivers behind the stock of PVH ahead of the retailer's earnings report.
Cramer Remix: Federal Reserve officials have to watch what they say,"10:57  PM ET Tue,  4 Dec 2018",Jim Cramer explains why Federal Reserve officials are doing more harm than good.
Cramer flags the two tailwinds sending the stock market to record highs," 6:58  PM ET Tue,  2 Oct 2018",Jim Cramer says employment trends and a stock shortage have allowed the stock market to continue its extended climb.
Cramer's lightning round: Ford Motor has become a 'show-me' story," 6:51  PM ET Wed, 30 Jan 2019","Jim Cramer rattles off his responses to callers' stock questions, including one on a beleaguered automaker."
"Microsoft 'might be the best tech stock in this market,' Jim Cramer says"," 7:16  PM ET Mon, 30 March 2020","Demand for cloud computing services has spiked during the coronavirus outbreak and Microsoft has been a ""huge beneficiary from the lockdowns,"" the ""Mad Money"" host said."
,,
Art Cashin: It's 'pretty obvious' the Fed is moving to the whims of the markets," 6:22  PM ET Wed, 30 Jan 2019","UBS' Art Cashin says ""there's no question"" that there was a ""Powell put"" from the Fed chairman."
Cramer's lightning round: Lam Research 'had an unbelievable run'," 6:59  PM ET Wed, 19 Feb 2020","""Mad Money"" host Jim Cramer rings the lightning round bell, which means he's giving his answers to callers' stock questions at rapid speed."
Cramer's lightning round: We are against private prison stocks," 7:07  PM ET Thu, 10 Oct 2019",Jim Cramer takes calls and delivers answers to callers' questions about their favorite stock picks in rapid speed.
"US economic momentum can hold the cycle for a 'few more quarters,' JP Morgan's Kolanovic says"," 7:26  PM ET Wed, 20 Feb 2019","""[The economy's] slowing down, but ... we think it's way above the stall speed,"" top J.P. Morgan strategist Marko Kolanovic says."
"Spotify's story is starting to mirror Netflix's, Jim Cramer says"," 8:29  PM ET Mon, 22 June 2020","Wall Street has finally bought into Spotify's podcasting strategy and ""what matters here is subscriber growth,"" the ""Mad Money"" host said."
Cramer Remix: Apple's new products prove its trillion-dollar valuation is too low," 2:44  PM ET Fri, 14 Sept 2018",Jim Cramer explains why Apple's sustained innovation is what keeps driving its stock higher.
"Camping and RV stocks are 'back in a big way,' Jim Cramer says"," 6:38  PM ET Tue,  2 June 2020","""I think the pandemic has given the industry a huge long-term boost,"" the ""Mad Money"" host said."
$9 billion money manager who called record run predicts more new highs for 2019," 3:26  PM ET Fri,  8 Nov 2019","The S&P 500 could see even more new highs this year, says Avalon Investment & Advisory Chief Investment Officer and Portfolio Manager Bill Stone."
Cramer's lightning round: Don't sell Valeant here—I believe in its CEO," 7:02  PM ET Thu, 12 April 2018","Jim Cramer flies through his take on callers' favorite stocks, including a struggling pharmaceutical name."
Cramer's lightning round: I do believe that AT&T is a good stock," 6:52  PM ET Wed, 20 Nov 2019","""Mad Money"" host Jim Cramer rings the lightning round bell, which means he's giving his answers to callers' stock questions at rapid speed."
Money managers are rotating from cyclical to cloud stocks amid slowing global growth: Jim Cramer," 6:37  PM ET Mon, 10 Feb 2020","""If you own them ... you might want to ring the register"" on part of your position, ""but you've definitely got to hold on to something,"" Cramer says."
"Investors should wait for Peloton shares to get hit in early 2020 and then 'pounce,' Jim Cramer says"," 4:45  PM ET Thu, 14 Nov 2019",Jim Cramer suggests holding off from buying shares of exercise equipment manufacturer Peloton until after its lockup on insider trading expires in March.
"Wells Fargo says the S&P 500 could test the 3,000 level"," 2:51  AM ET Thu,  4 April 2019","Kirk Hartman of Wells Fargo Asset Management says there could be another leg up for U.S. markets if earnings are ""pretty good"" and a trade deal is reached between Washington and Beijing."
Cramer floats idea for 'gloomy' ETF with Wall Street's most downtrodden stocks,"10:59  AM ET Tue, 19 June 2018",Jim Cramer proposes starting a new exchange-traded fund with the stocks that scare investors most when trade tensions run high.
"Cramer Remix: The market is about to get harder, but not impossible to navigate"," 7:35  PM ET Fri,  2 Feb 2018",Jim Cramer puts Friday’s brutal action into perspective and helped investors tackle the sell-off.
Cramer: Netflix's meteoric rise is helping the rest of FANG,"11:01  AM ET Thu, 19 April 2018",Jim Cramer pushes back against investors who hate the FANG stocks by tracking the success of streaming giant Netflix.
"Bill Ackman's bet against Herbalife was 'dangerous,' CNBC's Scott Wapner says"," 7:17  PM ET Wed, 25 April 2018",Jim Cramer and Scott Wapner discuss Wapner's new book about the epic battle between investing legends Carl Icahn and Bill Ackman.
Apple CEO Tim Cook speaks with CNBC's Jim Cramer: Full transcript,"10:37  AM ET Wed,  9 Jan 2019","Apple CEO Tim Cook talked to CNBC's Jim Cramer about iPhone sales, the Chinese economy and the future of Apple."
Jim Cramer reveals a list of stocks worth buying on a US-China trade deal," 6:54  PM ET Thu, 12 Dec 2019","""Just remember, please, these are mostly short-term trades, not investments,"" the ""Mad Money"" host says."
Cramer's lightning round: Don't shift positions on Starbucks. They're in fine shape," 8:17  PM ET Tue,  7 May 2019",Jim Cramer zips through his responses to callers' stock picks of the day.
JP Morgan: Investors are 'overreacting' so buy this market dip for big rally ahead,"10:53  AM ET Tue, 27 March 2018","J.P. Morgan predicts the S&P 500 will rise by 13 percent through year-end 2018, citing valuation and improving fundamentals."
Cramer's lightning round: Alibaba is the only Chinese stock I recommend," 7:15  PM ET Fri, 12 June 2020","""Mad Money"" host Jim Cramer rings the lightning round bell, which means he's giving his answers to callers' stock questions at rapid speed."
"Cannabis could disrupt a $500 billion market, says CEO of top marijuana maker after deal with DEA"," 7:06  PM ET Fri, 12 Oct 2018",Jim Cramer hears from Canopy Growth chief Bruce Linton about the cannabis producer's recent deal with the Drug Enforcement Administration and what Canada's legalization will mean for the marijuana industry.
Jim Cramer: These foreign drug stocks are worth betting on over domestics," 6:54  PM ET Fri, 27 Sept 2019","""If you want big pharma exposure, with fewer headaches related to U.S. politics, you could always buy a well-run foreign drug company,"" CNBC's Jim Cramer says."
Cramer's lightning round: Corning's stock is an unnecessary victim of T-Mobile-Sprint merger," 7:02  PM ET Mon, 30 April 2018","Jim Cramer shares his take on callers' favorite stocks at lightning speed, including an industrial play."
,,
Domino's plans to grow its customer base and 'overall pizza category' with new giveaway: CEO," 6:42  PM ET Wed, 30 Jan 2019",Jim Cramer gets the latest on Domino's Pizza's technological ventures with President and CEO Ritch Allison.
Cramer's lightning round: 'Don't run from' the declining medical device stocks," 7:04  PM ET Mon,  8 Oct 2018","Jim Cramer flies through his take on callers' favorite stocks, including medical device play Edwards Lifesciences."
Cramer's sell-off strategy: Don't own oil stocks for the long term," 7:33  PM ET Tue, 27 March 2018",Jim Cramer advises investors on how to manage their portfolios amid market weakness.
Goldman Sachs sees 'high probability' of a stock market correction in the coming months," 5:00  PM ET Mon, 29 Jan 2018","Goldman Sachs believes ""correction signals are flashing"" and is advising its clients to prepare for a correction."
"Paul Tudor Jones: Rising rates typically cause bear markets, but it's not at the tipping point yet"," 8:11  PM ET Fri,  2 Nov 2018",Jim Cramer and billionaire hedge fund manager Paul Tudor Jones discuss the possibility of stocks entering a bear market.
Cramer Remix: The trade war with China has shifted to tech," 7:02  PM ET Thu, 19 April 2018",Jim Cramer explains that less talk about a trade war does not mean the trade dispute is over.
"Cramer: As long as the Fed doesn't keep pushing rate hikes, stocks can keep rallying"," 7:18  PM ET Tue, 16 Oct 2018",Jim Cramer explains what led the market to soar on Tuesday after days of selling and says the strength can last if the Fed behaves accordingly.
"Cramer Remix: If the market drops tomorrow, buy this stock","11:34  AM ET Fri,  8 Feb 2019",Jim Cramer explains why Cisco could be a winner if the market heads lower.
"A tariff 'destroys more jobs than it creates,' says former Obama economic advisor"," 4:38  PM ET Wed,  7 March 2018","Tariffs won't reduce trade deficit, says former Obama economic advisor Austan Goolsbee. "
"Fresh off a key acquisition, Axon CEO touts benefits of body camera tech for police"," 7:15  PM ET Fri,  4 May 2018","Jim Cramer sits down with Axon Enterprise co-founder and CEO Rick Smith, who talks about his company's latest acquisition."
,,
"Cramer: Buy Lockheed Martin, Raytheon and Harris if Congress ups defense spending"," 7:14  PM ET Wed,  7 Feb 2018","Jim Cramer recommends Lockheed Martin, Raytheon and Harris as stocks to buy for their strong prospects and favorable economic conditions."
"Starbucks and Dunkin' are 'defying the bears' — buy on a dip, Jim Cramer says"," 7:35  PM ET Tue, 18 June 2019","""If either stock gets brought down for whatever reason ... you have my blessing to start buying,"" Jim Cramer says."
Jim Cramer: Investors must proceed with caution until we know Iran's next move," 6:37  PM ET Mon,  6 Jan 2020","""The market's rebound today may not be as crazy as it looks ... but I'm still recommending proceeding with caution"" because of the U.S.-Iran conflict, CNBC's Jim Cramer says."
Cramer: What FedEx's earnings call reveals about Larry Kudlow's views on trade," 7:24  PM ET Wed, 21 March 2018","Jim Cramer makes a connection between FedEx's post-earnings conference call and the president's newly appointed economic advisor, Larry Kudlow."
,,
Cramer's lightning round: Abiomed was on 'fire' then it 'collapsed'," 7:04  PM ET Fri,  7 Feb 2020","""Mad Money"" host Jim Cramer rings the lightning round bell, which means he's giving his answers to callers' stock questions at rapid speed."
Tim Cook to Apple naysayers: 'The ecosystem has never been stronger'," 7:27  PM ET Tue,  8 Jan 2019",Apple CEO Tim Cook addresses the negative sentiment around his company in an interview with CNBC's Jim Cramer.
"Everything Jim Cramer said on 'Mad Money,' including Fed influence, Costco's quarter, Cedar Fair bid"," 8:45  AM ET Tue,  8 Oct 2019","Jim Cramer gives a brief history of the stock market, talks Costco's quarter and Six Flags' rejected takeover bid for Cedar Fair, chats with RinggCentral CEO Vlad Shmunis and takes a look at what's at stake for trade talks later this week."
Use bitcoin to hedge fears of losses during a trade war: Bitcoin bull Brian Kelly," 8:09  AM ET Mon,  5 March 2018","Amid fears of possible trade wars, one hedge-fund manager suggests putting your money into bitcoin to protect it. "
"Cramer Remix: If the Fed cuts rates, this is a must-own stock"," 7:33  PM ET Fri, 19 July 2019",Jim Cramer tells investors to consider adding Nucor to their portfolios in the positive steel cycle boosted by the Fed and President Donald Trump.
"Cramer: At Trump's side, Larry Kudlow will be great for the stock market"," 7:15  AM ET Thu, 15 March 2018",Jim Cramer defends his longtime friend and colleague Larry Kudlow's appointment as President Donald Trump's top economic advisor.
"As investor confidence crumbles, the Fed can act to stave off a recession: Cramer"," 7:16  PM ET Thu, 15 Aug 2019","""If bond yields keep plummeting, it might not matter. We'll scare ourselves right out of this terrific multi-year expansion, for certain,"" Jim Cramer says."
Conagra CEO on revamping Mrs. Butterworth's brand: 'Perception is reality'," 8:00  PM ET Tue, 30 June 2020","""Mrs. Butterworth's was really architected to resemble a loving grandmother, but we can understand how some people may view it differently, may find it offensive,"" Conagra CEO Sean Connolly said."
Cramer: I used the stock market to pay for Harvard Law School," 7:49  PM ET Tue,  3 Sept 2019",Jim Cramer shared the story of how he learned to get an edge on the market.
Cramer's lightning round: Cigna's stock is undervalued considering its latest acquisition," 6:54  PM ET Fri, 13 July 2018","Jim Cramer delivers his take on callers' favorite stocks at lightning speed, including a health care play he thinks is incorrectly priced."
Cramer's lightning round: Peloton is the 'ultimate stay-at-home stock'," 7:39  PM ET Tue, 31 March 2020","""Mad Money"" host Jim Cramer rings the lightning round bell, which means he's giving his answers to callers' stock questions at rapid speed."
,,
Cramer's lightning round: This stock can benefit from Intel's pullback," 7:08  PM ET Thu, 25 April 2019",Jim Cramer zips through his responses to callers' favorite stock picks in the lightning round.
"Cramer's week ahead: Big week for earnings, even bigger week for vaccines"," 7:25  PM ET Fri, 17 July 2020","""We'll pay more for the earnings of the non-Covid companies if The Lancet publishes some good news from AstraZeneca's vaccine trial,"" Cramer said."
Cramer's lightning round: Tobacco stocks don't deserve your money," 7:03  PM ET Tue,  3 Dec 2019","""Mad Money"" host Jim Cramer rings the lightning round bell, which means he's giving his answers to callers' stock questions at rapid speed."
Cramer's lightning round: Iron Mountain is a buy," 7:24  PM ET Thu,  6 Feb 2020","""Mad Money"" host Jim Cramer rings the lightning round bell, which means he's giving his answers to callers' stock questions at rapid speed."
Jim Cramer: Spotify has 'no bear case' after 'game changer' quarter," 6:44  PM ET Wed, 30 Oct 2019","""When you drill down, it is clear that Spotify is firing on all cylinders. There is no bear case that I can find now,"" ""Mad Money"" host Jim Cramer says."
Cramer's lightning round: Don't sell the stock of Ametek. It's a winner," 7:19  PM ET Wed,  3 Jan 2018","Jim Cramer flew through his take on callers' favorite stocks, including an under-the-radar industrial play."
Beyond Meat CEO looks to 'win consumers' over during meat supply shortage with 'value packs'," 8:52  PM ET Wed,  6 May 2020","""We view this as a massive opportunity for us to drive trial and win consumers over into our segment,"" Beyond Meat CEO Ethan Brown said in a ""Mad Money"" interview."
"Coal is on its way out, says Vistra Energy CEO as company shuts down coal plants"," 7:24  PM ET Mon, 16 April 2018","Jim Cramer checks in with Vistra Energy CEO Curtis Morgan, who says coal is on its way out as his company looks for other renewable energy sources."
Agnico Eagle CEO: There won't be a 'substantial' number of new gold mines built," 1:26  PM ET Wed, 27 Nov 2019","""It's a lot tougher now than it was 10 or 15 years ago,"" Agnico Eagle Mines' Sean Boyd says."
"Coronavirus is powering the rush for web-based contact centers, Five9 CEO says"," 8:11  PM ET Tue, 19 May 2020",Five9 CEO Rowan Trollope said the cloud-based communications provider saw an acceleration of new companies adopting the service to continue operations.
Cramer Remix: A takeover could be Wynn’s ticket to recovery," 7:00  PM ET Thu,  8 March 2018",Jim Cramer explains why Wynn Resorts could be prime for a takeover now that CEO Steve Wynn has stepped down.
CEO of K-cup maker Keurig: Single pods in the US will be recyclable by the end of next year," 1:11  PM ET Tue, 13 Aug 2019","""It's part of a bigger program to make sure that our environmental footprint is down,"" says Keurig Dr Pepper chief Bob Gamgort."
Cramer Remix: Apple's earnings might stall the tech rally," 7:27  PM ET Thu,  1 Nov 2018",Jim Cramer warns investors not to panic in the wake of Apple's earnings. 
Cramer: Five 'perils' of investing in individual stocks,"12:05  AM ET Fri, 15 March 2019",Jim Cramer takes a look at some of the biggest headlines of the week that have rocked stocks on the market.
Cramer says it's time to slowly buy stocks — 'Nobody ever made a dime panicking'," 8:34  PM ET Mon,  5 Aug 2019","If you slowly buy the stocks of companies with great fundamentals, you will be in good shape when the smoke clears around trade tensions, Jim Cramer says."
"Cramer Remix: Go ahead, China—sell your U.S. Treasurys!"," 6:59  PM ET Tue, 19 June 2018","Jim Cramer says there are a lot of things that scare him about a U.S.-China trade war, but selling its position in U.S. Treasurys isn’t one of them."
"The problem with income inequality is not CEO pay — it's everybody else's, Jim Cramer says"," 7:00  PM ET Mon, 11 Nov 2019","""Income inequality is a real problem in this country … but the problem is not CEO pay. I think it might be everybody else's pay,"" the ""Mad Money"" host says."
Cramer's lightning round: The bears are wrong about cruise ship stocks," 7:06  PM ET Mon, 21 May 2018","Jim Cramer zips through his take on callers' favorite stocks, including a cruise line operator that might be overshooting expectations."
Cramer Remix: I need to see better earnings before recommending this stock," 8:07  AM ET Fri, 15 March 2019",Jim Cramer explains why he will not recommend Ford until the company puts up more than one good quarter.
The RealReal CEO says: 'We keep changing' to fend off fakes," 4:40  PM ET Wed, 13 Nov 2019","The RealReal is constantly updating its operations in an effort to prevent and remove counterfeit products from its website, founder and CEO Julie Wainwright told CNBC Tuesday."
"Everything Jim Cramer said on 'Mad Money,' including retail earnings, Okta and Tableau Software CEOs"," 8:23  PM ET Wed, 20 Nov 2019","CNBC's Jim Cramer breaks down the strengths and weakness behind the earnings reports in Home Depot, Lowe's, Kohl's and Target. The ""Mad Money"" host sits down with the CEOs of Okta and Tableau to get insight into the impact of technology on businesses."
"The coronavirus remains a big wild card for investors, Jim Cramer says"," 8:47  PM ET Fri, 31 Jan 2020","""There are lots of very smart people in this business, but very few of them are infectious disease experts,"" CNBC's Jim Cramer said."
Cramer calls L3Harris the best defense play to own. Here's when to pull the trigger," 7:32  PM ET Wed, 24 July 2019","The merging of L3 Technologies and Harris Corp. ""was a brilliant combination that's created the most high-tech operator in the industry,"" Jim Cramer says."
Cramer: You'll miss out if you ignore these giant stock buybacks," 7:28  PM ET Wed,  2 May 2018","Jim Cramer highlights large share repurchase programs at Apple, Boeing and others in a market that's grown sour on buybacks."
Cramer Remix: Starbucks' stock is heating up with more room to run," 9:12  PM ET Mon, 29 July 2019",Jim Cramer discusses how tech veteran and CEO Kevin Johnson has helped Starbucks gain room to run.
"Investors may think the market is reaching a top, but I'm not buying it, Jim Cramer says","10:10  PM ET Tue,  9 April 2019",Jim Cramer breaks down 10 reasons that people forecast the market could soon reverse course.
United Technologies CEO: A tit-for-tat tariff battle would be a problem for customers like Boeing," 7:20  PM ET Fri, 16 March 2018","Jim Cramer checks in with United Technologies CEO Greg Hayes, who shares his take on tariffs, trade and the state of the aerospace business."
Barrick Gold CEO: Newmont merger would deliver 'real value' in Nevada," 8:56  PM ET Thu,  7 March 2019",Jim Cramer talks with Barrick Gold CEO Mark Bristow about his company's bid for Newmont Mining.
Cramer's week ahead: China trade deal let's us focus on some big earnings reports," 6:31  PM ET Fri, 13 Dec 2019","""Now that we've got a phase one trade deal with China, we can go back to focusing on the earnings,"" the ""Mad Money"" host says. ""I think next week ... we're going to see a lot of good ones."""
,,
,,
Cramer: Charts forecast further declines for oil prices and stocks," 7:01  PM ET Tue, 20 Nov 2018",Jim Cramer and technician Carley Garner explain how action in the oil market is weighing on the broader stock market.
"CEO of animal health firm PetIQ says Walmart, retail partnerships help 'pet-parents' save money"," 6:32  PM ET Thu,  8 Aug 2019","""Our partnerships with retailers has allowed us to access a population of pets and bring our mission forward of being advocates for those pet-parents,"" PetIQ CEO Cord Christensen tells Jim Cramer."
Cramer: Stocks could 'go much higher' if the EU caves on tariffs," 6:48  PM ET Mon, 23 July 2018",Jim Cramer says that a deal between the European Union and the United States on tariffs could spark a stock market rally.
Cramer: A 'thaw' in US-China relations and weaker data gave stocks what they needed to rally," 7:20  PM ET Thu,  1 Nov 2018",Jim Cramer explains why two key pieces of news on Thursday enabled the stock market to continue its recovery rally.
"Ulta Beauty had a rough few weeks, but it's time to buy the cosmetics retailer, Jim Cramer says"," 7:07  PM ET Thu,  3 Oct 2019","""With insiders buying again and the stock looking very cheap versus its growth rate, I think Ulta's too tempting here to ignore,"" Jim Cramer says."
Cramer breaks down an odd trend emerging in the chip stocks," 7:05  PM ET Mon,  4 Feb 2019","Jim Cramer unpacks the ""bizarre"" inverse action in the stocks of the chipmakers and their suppliers."
"Cramer's lightning round: With those fundamentals, I can't recommend GameStop here"," 7:03  PM ET Tue, 18 Sept 2018","Jim Cramer shares his take on callers' favorite stocks at lightning speed, including a video-game retailer that could soon be acquired."
Cramer Remix: We’ve already been in a trade war for ages," 7:04  PM ET Fri,  2 March 2018",Jim Cramer issues a reality check on the state of trade in the U.S.
Micron CEO touts 'vibrant' demand for key products as stock hits 52-week low after earnings," 7:12  PM ET Wed, 19 Dec 2018",Jim Cramer speaks to Micron Technology CEO Sanjay Mehrotra about the chipmaker's outlook on the year ahead after a weaker than anticipated earnings report.
Cramer lists 15 sectors unaffected by Trump's tariffs on China," 7:20  PM ET Mon,  9 April 2018",Jim Cramer finds new winners in a market thrown into a frenzy by uncertainty over the Trump administration's trade policy.
,,
Cramer Remix: This market is telling you its next victim," 7:18  PM ET Mon, 29 Oct 2018",Jim Cramer explains why commercial real estate may be the next industry to fall.
"Beyond Meat maintains plans to open a production facility in Asia, despite coronavirus outbreak"," 6:49  PM ET Mon,  2 March 2020","""Right now is a moment in time for us. It's an opportunity for hyper growth, so I'm looking very seriously to Asia,"" CEO Ethan Brown said in a ""Mad Money"" interview."
Cramer's lightning round: I think FMC is bottoming and ready to come back," 7:04  PM ET Fri, 13 April 2018","Jim Cramer rattles off his take on callers' favorite stocks, including a potentially bottoming chemical manufacturer."
Cramer's lightning round: Sell Priceline parent on pricing pressure," 7:02  PM ET Fri, 11 May 2018","Jim Cramer fires off his take on callers' favorite stocks, including a travel booking play that's seeing more competition."
"Wall Street can't rally much higher without a coronavirus vaccine, Jim Cramer warns"," 6:59  PM ET Wed, 10 June 2020","""No broad-based rally from this level is sustainable without a major scientific breakthrough in the fight against Covid-19,"" the ""Mad Money"" host said."
Cramer's lightning round: BlackBerry's CEO doesn't get enough credit," 7:03  PM ET Fri,  6 April 2018","Jim Cramer flies through his take on callers' favorite stocks, including an under-appreciated intellectual property play."
"Cramer's lightning round: Moderna is speculative, but I like them"," 7:16  PM ET Wed,  5 June 2019",Jim Cramer takes calls and delivers answers to viewers' stock picks of the day.
"Sen. Elizabeth Warren: Trade deals help companies, not workers"," 8:16  PM ET Wed, 15 Aug 2018","Jim Cramer sits down with Sen. Elizabeth Warren to discuss her new bill, the Accountable Capitalism Act, and also hear her views on U.S. trade policies."
"Cramer's 5 favorite tech stocks right now, including Apple, Salesforce and Adobe"," 6:58  PM ET Thu, 18 Oct 2018","Jim Cramer reveals his top ""power"" players in the information technology space, including consumer tech plays, software giants and a fintech kicker."
Cramer: Be careful what you say – even red-hot earnings can’t hold up in this sell-off," 7:28  PM ET Tue, 24 April 2018",CNBC's Jim Cramer says CEOs need to be careful. Even the red-hot earnings can't hold up if they say the wrong thing.  
"Cramer: These companies’ earnings show that millennials are spending money on handbags, not houses"," 7:09  PM ET Tue, 14 Aug 2018",Jim Cramer gives his take on shifting consumer spending habits.
Cramer recommends buying these 17 cloud stocks based on the 'Rule of 40'," 8:21  PM ET Fri, 12 June 2020","""If the combination's over 40, you've got a good one. If it's under 40, you've got a riskier one,"" the ""Mad Money"" host said."
"Everything Jim Cramer said on 'Mad Money,' including Warren Buffett advice, retail roundup","10:01  PM ET Thu,  5 March 2020",CNBC's Jim Cramer recalled Warren Buffett's iconic long-term investment advice from the 2008 financial crisis and relayed what it means for the market today.
,,
Cramer: The market may sell off more — buy these stocks on a dip," 9:47  AM ET Fri,  2 Aug 2019","Keep your head down. Raise some cash from stocks that made big gains. And get ready to do some buying after the markets adjust, Jim Cramer says."
Cramer's lightning round: We remain very bearish on natural gas," 8:03  PM ET Mon, 22 July 2019",Jim Cramer takes calls and delivers his thoughts on viewers' stock picks of the day.
Cramer: Stocks heavily tied to China may be signaling an end to the trade war," 7:01  PM ET Tue, 11 Sept 2018",Jim Cramer argues that the action in stocks like Honeywell suggests that China could soon give in to the United States' trade demands.
It's inevitable that marijuana will be decriminalized the US: Constellation Brands CEO,"11:11  AM ET Fri,  5 Oct 2018","Jim Cramer and Constellation Brands CEO Rob Sands discuss the shifting politics surrounding the legalization of marijuana, in which Sands' alcohol distributor has a major stake."
GlaxoSmithKline CEO calls coronavirus vaccine partnership with Sanofi 'unprecedented collaboration'," 1:48  PM ET Wed, 15 April 2020","""If we're successful … we're hoping to get to hundreds of millions of doses by the end of next year,"" GlaxoSmithKline CEO Emma Walmsley told CNBC's Jim Cramer."
Cramer Remix: I think this pharma distributor is a house of pain," 8:20  PM ET Thu, 20 June 2019",Jim Cramer explains that the uncertainty surrounding health care makes an investment in McKesson risky business.
Cramer: Investors who bought Apple ahead the quarter got the call right," 7:52  PM ET Tue, 30 April 2019","""Not only did Apple deliver a nice top- and bottom-line beat, but China, the major source of weakness last quarter, is turning around,"" Jim Cramer says."
Cramer's lightning round: Do not buy Aurora Cannabis just yet," 6:49  PM ET Wed,  6 Nov 2019","The ""Mad Money"" host says to continue owning Microsoft, but back out of Kraft Heinz."
UBS predicts a S&P 500 rally next year that's 20% higher than current levels," 7:59  AM ET Fri, 14 Dec 2018","A combination of declining price-to-earnings ratios on the S&P 500, a rate hike pull back and progress in U.S.-China trade talks is a recipe for success, UBS' Keith Parker says."
Cramer: Twitter's move into the S&P 500 is a metaphor for where business is headed," 7:39  PM ET Tue,  5 June 2018",Jim Cramer muses on what Twitter's entry into the S&P 500 index means for the future of the stock market.
Cramer's favorite ways to invest in the rise of streaming services," 7:04  PM ET Fri, 25 Jan 2019",Jim Cramer reveals his top stock picks for investors looking to seize on the long-term trends of cord-cutting and over-the-top streaming.
"Zillow's move into flipping homes is like Netflix's move into originals, CEO says"," 7:16  PM ET Mon, 21 May 2018",Jim Cramer hears from Zillow Group CEO Spencer Rascoff about the company's recently announced move into flipping homes.
Cramer's lightning round: Buy this stock as a defensive play,"11:10  AM ET Wed, 22 Aug 2018","Cramer flies through callers' favorite stocks, including which company could be a good defensive play."
Cramer Remix: This industry is signaling there's no rationale for more rate hikes,"11:40  AM ET Wed, 17 April 2019","Jim Cramer says J. B. Hunt's recent remarks on the state of business should prompt the Federal Reserve to consider rate cuts, not hikes."
Cramer: Semiconductors are now showing better signs about the global economy," 9:01  PM ET Tue, 12 March 2019","Jim Cramer says semiconductor stocks are bouncing back from 2018's slump and they ""punch well above their weight."""
Cramer shares a little-known investing concept critical to buying stocks,"10:00  PM ET Fri, 30 Aug 2019",Jim Cramer explains why the idea of suitability is crucial when it comes to individual investing.
Cramer's game plan: Take on more risk as the jobs boom boosts stocks," 7:44  PM ET Fri,  1 June 2018",Jim Cramer reviews the stocks and events he's watching in the week ahead after a strong U.S. jobs report.
"Dividend payers are still 'winners in this market,' ETF analyst says. Here's why"," 9:15  AM ET Sat,  9 May 2020","As more and more S&P 500 companies cut or suspend their dividend payments, one issuer speaks to how his dividend-based exchange-traded fund is managing the shift."
"Everything Jim Cramer said 'Mad Money,' including next week's earnings, American Airlines CEO"," 7:33  PM ET Fri, 25 Oct 2019","CNBC's Jim Cramer prepares for the week ahead in earnings reports, sits down with American Airlines CEO Doug Parker to discuss 737 Max issues, and breaks down the results of Honeywell's 2018 spinoff."
Cramer Remix: The future looks bright for this beaten-down cybersecurity stock,"10:22  AM ET Tue,  6 Nov 2018",Jim Cramer explains why the sky's the limit for Symantec now that activist Starboard Value is involved.
Cramer: Look to CSX earnings for your next stock play," 7:50  PM ET Wed, 17 April 2019",Jim Cramer breaks down CSX Transportation's revenue data to discover industries and stocks that are worth making a buy.
Cramer's lightning round: Yeti is 'undervalued' and a 'long-time hold'," 7:02  PM ET Tue, 11 June 2019",Jim Cramer listens to callers and delivers his thoughts on their stock picks of the day in rapid speed.
"Everything Jim Cramer said on 'Mad Money,' including Iran reaction, oil's future, Corona seltzer"," 7:21  PM ET Wed,  8 Jan 2020","CNBC's Jim Cramer explained what Wednesday's rally means for Wall Street, broke down what he sees in oil's future and interviewed Constellation Brands CEO Bill Newlands."
Jim Cramer breaks down how to discover overlooked stock picks in this bull market," 6:50  PM ET Thu, 19 Dec 2019","""So much of successful investing is about read-throughs, dissecting the less obvious pin action when a company reports earnings,"" the ""Mad Money"" host says."
Forget the Fed — Cramer explains what to look for this earnings season," 7:25  PM ET Mon,  8 July 2019","""Thanks to the endless and sometimes pointless guessing game on Wall Street, you get a sweet deal on all sorts of terrific stocks,"" Jim Cramer says."
