Time,Headlines
22-Jan-20,"UK to press ahead with digital tax despite US pressure, Javid insists"
11-Jun-20,"Business live  Global economy to suffer worst peacetime slump in 100 years, OECD says - as it happened"
25-Mar-19,Frank Field demands action on 'rampant injustice' in the gig economy
22-May-19,Cadent handed record £44m penalty after customers left without gas
1-Jul-19,Johnson says he is prepared to increase public borrowing
29-Nov-19,The Upside weekly report  Buy nothing or give something for a good Black Friday
7-Feb-20,"Uber to be profitable by end of 2020, CEO Dara Khosrawshahi says"
5-Mar-20,Payday lender Peachy falls into administration
5-Jul-18,How would a no-deal or hard Brexit affect Jaguar Land Rover?
28-May-20,"Monsoon Accessorize on the brink, putting 3,500 jobs at risk"
3-Jun-20,Ryanair staff in France accuse airline of 'redundancy blackmail'
25-Feb-20,Greenpeace faces hefty fine after admitting defying court order
9-Jul-19,Two planes collide at Amsterdam airport causing delays
12-Jun-19,Philip Green’s Arcadia avoids administration as rescue deal backed
16-Feb-18,Dutch cow poo overload causes an environmental stink
8-Jun-20,Plus500 slips 8% as betters win on Covid-19 market volatility
16-Aug-19,Online shoppers and Amazon Prime Day lift UK retail sales
10-Jul-18,Warm weather and royal wedding help UK return to GDP growth
5-Jul-19,Competition regulator pauses Amazon's deal with Deliveroo
24-May-18,Uber to give drivers and couriers sickness and maternity cover
19-Mar-19,'Low pay won't fix itself': experts call for action on wages as election nears
9-Jul-20,Chancellor's stock peaks with 'nudge' summer statement
24-Oct-19,RBS posts quarterly loss after extra £900m put aside for PPI claims
4-Jul-18,"Big tech, desperate cities  'It's like the death of a loved one': as stores close, retail workers lose out to big tech"
25-Nov-18,"Business leader  


  The property tax system works brilliantly – if you’re a builder or wealthy homeowner"
19-Mar-19,'It could be terrible for us': how one British high street is preparing for Brexit
1-Nov-19,The dread hand of private equity ended up killing Deadspin
17-Jul-19,London house prices fall at fastest rate in 10 years
30-Nov-18,"'UK housebuilding revolution': £65,000 prefab homes go into production"
7-Feb-20,Springs-loaded: test-driving Nike's Vaporfly running shoe
26-Feb-20,"Business live  FTSE 100 hits one-year closing low, as Wall Street slides again – as it happened"
20-Sep-18,Labour pledges ban on TV gambling adverts during live sports
18-Feb-20,"UK car factories running out of parts due to coronavirus, warns Jaguar"
25-Oct-18,"British Airways: 185,000 more passengers may have had details stolen"
19-Nov-18,Nissan boss Carlos Ghosn's arrest in Japan shocks auto industry
14-Apr-19,"Sexism in advertising: ‘They talk about diversity, but they don’t want to change’"
12-May-20,"UK gig economy workers exposed to virus, union warns"
7-May-18,"William Keegan's in my view  


  Hard Brexit will create more social anger than staying put"
31-Dec-17,Businesses ‘dismayed’ at Brexit division in Westminster
31-Dec-19,"Protests at plans for salmon farm near Lochranza, on Arran"
21-Sep-18,Ex-BHS owner Dominic Chappell loses appeal against conviction
17-Mar-20,"Mountain Warehouse considers making 2,000 staff redundant"
18-Feb-19,"Facebook needs regulation to combat fake news, say MPs"
22-Oct-18,Barred from flying from a British airport – over a visa he didn’t need
27-Aug-19,The recession risk  Construction firms brace for recession as EU workers leave UK
30-Mar-20,"Business leader  


  You know change is in the air when the likes of Ashley and Martin back down"
7-May-20,'First petri dish': Sundance film festival may have been Covid-19 incubator
21-Jun-19,Donald Trump 'cancelled Iran strikes with planes in the air'
25-Feb-19,Our wide brown land  Rio Tinto gets $2m from emissions reduction fund to switch to diesel
16-Mar-20,Airlines make dramatic cuts to services and call for state bailouts
12-Jun-19,Extinction Rebellion take on BP in Trafalgar Square – in pictures
10-Feb-20,Disability charity boss jailed after stealing from pension fund
20-Sep-18,Hoarding cocoa makes sense – but it will hurt Brexit Britain
19-Mar-19,Interserve fights to keep contracts as rivals circle
17-May-18,Tata Steel unions urge benefits to be restored after £1.6bn profit
16-Oct-18,A shared passion for post offices
18-Oct-19,China's quarterly economic growth sinks to 26-year low amid US trade war
7-Oct-18,The frackers are back: but will there ever be a British shale gas boom?
31-Oct-18,A decent home should be the right of every citizen
28-Jul-19,Mnuchin is wrong: Amazon has done more good than bad for small business
9-Apr-19,Debenhams on brink of administration despite Mike Ashley's last-ditch £200m offer
27-Mar-20,Ryanair accused of ripping off passengers over rebooked flights
3-Oct-19,'We lived it': nightshift janitors lead fight to prevent sexual assault on the job
4-Jan-18,Spectre and Meltdown processor security flaws – explained
22-May-19,ITV to offer Love Island contestants more help in wake of deaths
17-Oct-19,"Unemployment figures should be 3m higher, says research"
1-May-18,"Nils Pratley on finance  


  Sainsbury's and Asda should not sing too soon"
20-Sep-18,Like shopping 30 years ago: first Jack’s customers sample new store
3-Apr-19,Edinburgh science festival charity bans fossil fuel sponsorship
8-Jul-19,To ensure a green future the UK cannot rely on free markets alone
21-Dec-18,Malaysia seeks $7.5bn damages from Goldman over 1MDB scandal
22-Apr-20,"Physical distancing will end era of cheap air travel, industry warns"
19-Jun-19,Business live  Brexit uncertainty hits UK manufacturing; London house prices drop again - business live
28-May-20,"The world wasn't ready for a Green New Deal in 2009. Today, it may be"
11-Jan-19,Renault finds no illegal payments to Carlos Ghosn in past two years
14-Aug-18,Turkish lira crash ripples through global currency markets
8-Apr-19,How the French rose up against a huge Amazon logistics centre
3-Apr-20,"130K inquiries, 1K loans: why UK government had to tweak help for small firms"
25-Jul-19,UK retailers record longest period of falling sales in eight years
13-Jan-19,"No-deal Brexit will kill startups, say eco-coffee capsule firm bosses"
23-Jul-19,The Guardian view on NHS privatisation: the £9.2bn question
27-Feb-18,The disruptors  Not On The High Street founder: 'Small firms don't have to copy big business'
24-Aug-18,BLT will survive no-deal Brexit – but it is likely to cost you more
8-May-18,Founder of Worms maker Team17 in line for £50m windfall
22-Nov-19,Factcheck  Will corporation tax increases always lower wages and raise prices?
14-Apr-19,Trump says he considered his daughter Ivanka to head World Bank
29-Nov-19,"Npower to axe up to 4,500 jobs as part of major restructuring plan"
19-May-19,Philip Green could close overseas stores as part of Arcadia rescue
22-Dec-17,Pick up a bargain with our guide to the UK winter sales
18-Apr-19,"The Guardian view on climate change campaigners: suited or superglued, we need them all"
26-Jun-18,UK epilepsy drug to become first cannabis-based medicine in US
16-Aug-18,Cooper Car Company site honoured with blue plaque
21-Oct-18,Ryanair accused of inaction over racist incident on plane
8-Jul-19,BA faces £183m fine over passenger data breach
2-Dec-19,Coal power becoming 'uninsurable' as firms refuse cover
9-Feb-18,"Facebook, Google and Netflix not ready to enter Premier League TV rights battle"
7-Mar-18,"Nils Pratley on finance  


  Why did it take the FCA four years to ban Paul Flowers?"
29-Feb-20,Japanese minister goes to Lebanon to press for Carlos Ghosn's return
5-May-20,"Business live  Virgin Atlantic to cut 3,150 jobs; UK car sales tumble - as it happened"
25-Jan-20,Gambling watchdog under fire over betting firms' role in addiction taskforce
6-Nov-19,UK betting firms commit to five pledges for safer gambling
23-Oct-19,Boeing profits fall by more than half as 737 Max scandal swirls
5-Jul-18,The upside  Wireless in Gaza: the whizz-kids making code not war
8-Apr-20,UK business survey finds firms struggling to access emergency cash
13-Sep-18,Viral publisher Unilad faces insolvency action by HMRC
17-Sep-18,Towards an economy that works for everyone
22-Apr-18,"Nils Pratley on finance  


  Why should future whistleblowers believe they will be safe?"
14-Jan-18,Ground rent: ‘We feel like prisoners in our own home’
11-May-19,UK economic growth picks up as stockpiling bolsters manufacturing
1-Jul-20,EasyJet plans to cut 727 pilot jobs and close three UK bases
18-Jan-20,Global markets rise despite slowest Chinese growth for 30 years
30-Dec-17,Homebase boss opts for three-month time-out back home in Australia
9-Apr-19,IMF says no-deal Brexit risks two-year recession for UK
25-Nov-18,McDonnell calls for check on council loans that will 'waste £16bn'
22-Jan-20,Sainsbury's chief executive Mike Coupe to step down in May
18-Feb-19,"Problem gamblers are using PayPal to spend up to £150,000 a day"
15-Jun-18,MPs threaten to publish internal Lloyds report into HBOS Reading fraud
27-Oct-19,JD Wetherspoon may have breached law over 1.9m Brexit beer mats
16-May-18,Jeremy Corbyn mocks Theresa May over Brexit divisions in cabinet
14-Jul-20,"Huawei to be stripped of role in UK's 5G network by 2027, Dowden confirms"
17-Apr-19,Democrats escalate Trump investigation with Deutsche Bank subpoenas
23-Feb-18,Why we are sceptical of antidepressant analysis
22-Sep-19,Is Thomas Cook about to go bust? Your questions answered
12-Feb-18,"First thoughts  


  Diesel is dying – let steam trains ride to the rescue"
30-Jan-20,"Project Syndicate economists  


  World leaders talked the talk at Davos but we need some real change"
7-Feb-19,Gucci withdraws $890 jumper after blackface backlash
16-Aug-19,Turkish bidder for British Steel was accused of corruption
1-Oct-18,Secret filming reveals hidden cruelty of licensed badger culls
21-Oct-19,How UK's disused mine shafts could be used to store renewable energy
22-Dec-17,"Nuclear and renewables provide record share of UK electricity, ONS says"
11-Jan-18,Jeff Bezos: where the $106bn man belongs on the all-time rich list
18-Jul-20,British Airways retires Boeing 747 fleet as Covid-19 hits travel
21-Dec-18,Sadiq Khan denies he was told earlier about Crossrail delays
13-Mar-18,"UK will save no money from Brexit for next five years, says OBR"
19-Jun-20,Carnival to sell six cruise ships as bookings dry up
21-Jan-20,France poised to drop plan to tax tech giants amid signs of US deal
19-Oct-18,Sky warns Disney and Discovery of no-deal Brexit blackout
24-Jan-19,Tobacco: a deadly business  How diplomatic missions became entangled with the tobacco industry
2-Jun-19,Nimble JD Sports leaves M&S standing in the race for a Footsie listing
19-Apr-20,Roche to commence rollout of coronavirus antibody test in UK
30-May-19,Brexit: UK car production plunges amid 'untold damage' of EU leave date chaos
17-Mar-20,"Project Syndicate economists  


  How best to fight the economic impact of the coronavirus pandemic"
8-Mar-20,The myths of both left and right stop us seeing the true story of inequality
18-Mar-18,"No CEO should earn 1,000 times more than a regular employee"
30-Mar-20,Cabin crews drafted in to help at new coronavirus hospitals
8-Jan-18,Ineos 'misled' public over fracking in Sherwood Forest
28-Dec-19,Rivals bask in bright opportunities created by Thomas Cook’s departure
20-Dec-19,Heathrow says third runway to be delayed by at least a year
9-Apr-18,"Business leader  


  The stakes aren’t as high, but this cold trade war could be very destructive"
14-Oct-19,"Business live  Nobel Prize in Economics won by Banerjee, Duflo and Kremer for fighting poverty - live updates"
12-Apr-19,Fleabag effect sees surge in sales of jumpsuits and red dresses
16-Jan-18,Tesco revamps Clubcard rewards scheme
3-Jul-18,Tell us how bus service cuts are affecting you
24-Jul-19,Caledonian Sleeper staff vote for strike action over ‘stress’
22-Dec-17,"Undercover in the chicken industry  Tesco chief must explain silence over second 2 Sisters factory, says MP"
12-Aug-19,The bank manager will see you now: is Monzo ready to grow up?
18-Jan-19,Debenhams rating cut raises fears of creditors going unpaid
18-Aug-18,Smartphone-only bank Monzo eyes billion-pound valuation
1-Oct-18,Big UK manufacturers cut jobs amid Brexit uncertainty
11-Jun-18,Labour denies toning down water industry nationalisation plans
30-Jan-18,"Project Syndicate economists  


  How to start paying off southern Europe's debts"
21-May-18,Former Tory minister plans EU customs union rebellion
8-Jan-20,Greggs to pay workers £7m bonus after vegan sausage roll success
16-May-19,The Guardian view on Richer Sounds: mutual benefits
26-Jun-19,Leon restaurants co-founder to lead review of UK food system
8-Apr-20,Global leaders urge G20 to tackle twin health and economic crises
28-Nov-18,UK car industry and Airbus cautiously back PM’s Brexit deal
17-Jun-20,Poundstretcher could close 250 UK stores
18-Jun-19,Facebook's Libra launch will extend its global domination
7-Jul-19,Channel 4 in talks with Sky over screening Cricket World Cup final – if England qualify
8-Jul-20,How Rishi Sunak could kickstart UK's post-lockdown economy
27-Mar-20,"Economics viewpoint  


  Sunak's self-employed subsidy to fight Covid-19 has faults but is fair"
16-Apr-20,EasyJet weighs up empty middle seats once coronavirus rules ease
19-Jun-19,Green blood  European-owned mine paid Guatemala just £1.4m in compulsory royalty taxes
1-Apr-20,Now is the time for the banks to show they really care about small businesses
30-May-20,Drone deliveries soar in rural Scotland during coronavirus outbreak
11-Dec-18,"WPP advertising group to cut 3,500 jobs in £300m restructuring"
27-Mar-20,Japan Airlines ditches compulsory high heels and skirts in big win for #KuToo movement
3-Feb-18,Yorkshire coal plant to close with loss of 130 jobs
5-Jun-19,"Brief letters  Mummy, where do bigots come from?"
18-Mar-19,The upside  Buyer beware: Amsterdam seeks to ban buy-to-let on newbuild homes
19-Mar-18,Gambling nearly took my life: betting terminals should have a £2 maximum stake
18-Jul-19,Debenhams seeks £50m to ease Christmas trading period
22-Dec-17,"Make supermarkets and drinks firms pay for plastic recycling, say MPs"
13-Dec-19,Pound surges after exit poll predicts huge Tory majority
12-Apr-18,"Disney must bid for Sky even if Murdoch offer fails, watchdog rules"
25-May-19,‘My flat was built in 2017 so why can't I get BT or Sky broadband?’
12-Apr-18,First UK strike action over restaurant tips looms at TGI Friday's
4-Aug-18,Business live  Apple hits $1trn stock market valuation; Bank of England raises interest rates - as it happened
31-Aug-19,"Broken capitalism  


  To rescue democracy, we must revive the reforms of the Progressive Era"
24-Feb-20,"Economics viewpoint  


  Believe the hype – budget 2020 is very important"
18-Feb-20,New chancellor Rishi Sunak sticks to 11 March budget date
21-Jun-18,Trader's €1bn deals voided after 'demo' platform mix-up
2-Nov-18,Business live  Bank of England's no-deal Brexit warning; Wall Street recovery continues- as it happened
3-Jul-18,Trump defends tariffs despite signs of trouble in global markets
26-Jul-18,Spotify beats expectations by reaching 83m subscribers
23-Apr-18,"Media blog  


  Newsagents are suffering in a sorry game of monopoly"
24-Apr-20,"Thousands of firms may fail if rescue schemes not expanded, says CBI"
14-Feb-20,RBS will change name to NatWest as Alison Rose begins overhaul
14-Apr-20,UK scraps plans to buy thousands of ventilators from Formula One group
12-Aug-18,"Super-commuters: a London salary, with lower living costs … and a beach"
27-Nov-18,George Soros's Open Society Foundations to pull out of Turkey
25-Jan-20,Why won’t our banks take a simple step to stop fraud?
16-May-19,What does cancelling Jeremy Kyle mean for ITV's reality shows?
29-Aug-19,M&S forced to change name of Porn Star Martini
31-Aug-19,Thinking outside the phone box
31-Dec-17,Adonis on Brexit: ‘No mandarin backs May. Government has broken down’
24-May-18,'We can't see a future': group takes EU to court over climate change
28-Nov-19,Factcheck  Has Boris Johnson really been opposed to austerity since 2010?
5-Jul-18,"Hardworking Britain  


  When is a catastrophe also a distraction? When it’s Brexit"
12-Sep-19,"Fruit, vegetables and wine will be scarce and costly under no-deal Brexit, warn retailers"
18-Mar-19,Interserve given 'public contracts worth £660m in run-up to collapse'
1-May-18,TSB online banking meltdown drags into second week
14-May-19,Global markets fall as China hits back at US with new import tariffs
22-Mar-20,Europe's companies retool production to fight coronavirus fallout
1-Jun-18,Credit card holders warned spending could be ‘frozen’ under new rules
16-Feb-20,The older poor are not so easily convinced to be socialist
30-Apr-20,UK car production plunged in March to lowest level since 2009
20-Dec-17,High-speed broadband to be legal right for UK homes and businesses
25-Jun-20,"Global stock market rally is a gamble, IMF warns investors"
25-Feb-20,Bullring owner Hammerson slashes dividend as portfolio dives in value
6-Jun-19,Have you been affected by what has happened with the Woodford fund?
12-Oct-19,Government signs up ferry firms for £87m in case of no-deal Brexit
5-Aug-18,£63m for a five-bed London home? It’s a snip as the super-rich cash in
19-Mar-18,Snapchat's UK ad revenue set to overtake Twitter's next year
27-Mar-18,Arizona suspends Uber’s self-driving car testing after fatality
19-Jul-19,The questionable legacy of Theresa May
14-Aug-18,Mike Ashley says he aims to keep 47 House of Fraser stores open
16-Apr-20,"Nils Pratley on finance  


  EasyJet faces anything from a boom to profitless frustration"
15-Oct-19,One-third of car firms have cut jobs amid Brexit uncertainty
21-Sep-18,Those who caused the financial crisis still haven’t been held to account
15-Jul-20,Trump claims credit for UK Huawei ban as China says move 'disheartening' – video
4-Sep-18,UK manufacturing growth hits 25-month low amid Brexit fears
12-Apr-19,Global warming could create 'greater migratory pressure from Africa'
15-May-18,Why is David Miliband talking about Brexit in a rice factory?
5-Mar-19,UK economy close to stalling amid Brexit uncertainty
3-Jul-18,UK housing means high rents and low standards
16-Mar-18,Regulator urges inquiry into breaking up big four accountancy firms
3-Nov-19,Malaysia rejects Goldman Sachs offer of $2bn damages over 1MDB scandal
31-Aug-19,Saudi Arabia shakeup brings in new oil minister and royal court chief
11-Feb-19,"Fire-risk fridges still on sale in UK, says Which?"
11-Jul-19,UK firms accused of hiring female directors for symbolic value
17-Apr-20,£400bn paid in dividends by UK companies before coronavirus crisis
18-Dec-17,Curbs on capitalism in the 21st century
14-Apr-20,The upside  The superhero firms helping out in the coronavirus crisis
15-Jan-19,Scandalous increase in school exclusions
20-Apr-20,Hotels say offer of refuge for domestic abuse victims has been snubbed
30-Apr-20,Another 3.8 million Americans lose jobs as US unemployment continues to grow
4-Apr-18,Why are unions so keen on nuclear jobs?
21-Feb-18,FCA's chair-elect admits error of judgment over tax avoidance scheme
10-Jan-18,Winter sales shopping in Oxford Street – street photography
30-Oct-19,Boeing chief to admit company made mistakes over 737 Max
20-Apr-20,British households face disposable income fall of £515 per month
12-Feb-18,UK tenants paid record £50bn in rents in 2017
16-Mar-20,Fangs out: is Blumhouse the new Hammer Horror?
9-Sep-19,Energy firms plan UK's first carbon-neutral 'industrial cluster'
31-Mar-20,Amazon workers walk out over lack of protective gear amid coronavirus
31-Mar-20,UK supermarkets ease coronavirus shopping restrictions
9-Jun-19,How one woman’s crusade against plastic sparked a new era at Waitrose
9-Aug-18,"Rents in UK will rise for next five years, experts predict"
9-Jan-20,Ikea buys west London shopping mall in city centre push
20-May-19,BP headquarters in London blockaded by Greenpeace
17-May-20,The looming economic disaster will only get worse if those leading us stick to dogma
12-Mar-20,Coronavirus prompts Poundland owner to postpone flotation
11-Jul-18,"Nils Pratley on finance  


  Ocado's share price boom is no indicator of long-term success"
22-Jan-18,Unions reach $2.3m settlement on Bangladesh textile factory safety
10-Jan-19,Chinese car sales fall for first time in more than 20 years
23-Apr-19,Shortcuts  Chummy automation: why no one wants Ant and Dec to voice the M&S tills
6-Aug-19,UK retailers experience worst July since sales records began
14-Jan-19,"Economics viewpoint  


  Is it time to trim the UK Treasury?"
3-Jun-19,Brokenshire criticised for suggesting first-time buyers dip into pension
11-Apr-19,"What does a Brexit delay mean for politics, business, citizens and the EU?"
24-Aug-18,Business live  Markets nervous amid new US-China tariffs and Trump's troubles - as it happened
16-Dec-19,House prices predicted to rise by 2% in UK – with the north leading the way
5-Feb-19,Renting furniture from Ikea? I’m not buying that idea
10-May-18,UK petrol prices to rise after Trump ditches Iran nuclear deal
10-Jan-19,Dog food made from insects to go on sale in UK for first time
25-Mar-20,Credit Suisse slashes ousted CEO's bonus by almost £2m
4-Jul-20,Boohoo booms as Leicester garment factories are linked to lockdown
9-May-18,The Daphne Project  Malta 'fuelling Libya instability' by failing to tackle oil smuggling
12-Feb-20,The Guardian view on Boris Johnson’s ‘levelling up’: there’s no quick fix
24-Mar-20,UK airlines and airports told not to expect industry-wide bailout
28-Dec-17,Barclays says Trump tax changes will knock £1bn off its profits
22-Jul-19,G4S made £14m profit from scandal-hit Brook House removal centre
16-Feb-18,"For Generation Rent, this housing crisis is far from over"
12-Dec-19,The Guardian view on Christmas shopping: the season to be spendthrift?
12-Nov-18,Adani faces questions over who will pay for Aurizon rail link upgrade
31-Mar-20,Shopping centre owner Hammerson says rent takings down two-thirds
23-May-19,Alton Towers owner Merlin urged by US investor to go private
8-Oct-18,French Connection confirms it may be up for sale
6-Mar-19,Booze cruise back in fashion as Britons stock up before Brexit
29-Oct-19,Tiffany takeover approach is all about chasing Chinese money
11-Jun-18,"Economics viewpoint  


  Theresa May misses a trick after U-turn over workers on boards"
31-Jan-19,Italy slips into recession for third time in a decade
14-Jan-18,Carillion crisis looms for government as time runs out for refinancing deal
7-Jul-20,"UK hotel bookings returning after Covid-19 slump, says Premier Inn owner"
6-Feb-19,Fracking firm Cuadrilla says earthquake rules hinder its work
5-Feb-20,Greenpeace blocks BP HQ with solar panels on new CEO's first day
9-Dec-19,Factcheck  Will the pound go up in value if Labour wins the general election?
14-Apr-19,Making your business LGBT-friendly is not just good – it's good for the bottom line
16-Jan-20,BlackRock gets praise for coal divestment. What it really needs is regulation
30-Jan-20,Business live  Federal Reserve calls coronavirus 'very serious issue' as it holds US interest rates - as it happened
1-Nov-19,UK carmakers go ahead with shutdowns despite Brexit delay
29-Mar-19,Tui says Boeing 737 Max grounding could cost firm up to €300m
12-Mar-19,"Number of empty homes in England rises to more than 216,000"
25-Jul-19,Alphabet: Google parent's profits hit $9bn amid increased scrutiny
21-Nov-18,UK ban on Kellogg's Coco Pops children's TV advert overturned
7-Aug-19,"Nils Pratley on finance  


  Sirius shareholders left hoping all the digging won't be down to them"
15-Apr-19,Rogue landlords  No rogue landlords issued with banning orders in 12 months
16-Feb-18,"Prize our public services, but don’t make privatisation a dirty word"
13-Mar-18,All change? Future of 1p and 2p coins in doubt as demand falls
11-May-19,US-China trade deal: Donald Trump insists there's no rush to secure deal
29-Apr-20,"Whirlpool extends fire fault checks to 55,000 UK washing machines"
26-Feb-20,Human disturbance increasing cannibalism among polar bears
21-Mar-19,Streaming accounts for more than half UK record label income
11-May-20,My working week  My working week: 'A 999 caller is hiding from someone with a shotgun'
14-Jul-20,Asda equal pay dispute goes to UK supreme court in virtual hearing
6-Dec-18,Brazilian Car Wash scandal draws in Glencore and Trafigura
16-Dec-19,Box office analysis: UK  Star Wars forecast to make 2019 all-time record year for UK box office
20-Apr-19,Extinction Rebellion may be our last chance
21-Oct-19,Lowest October rise in UK house prices since 2008 financial crisis
5-Jun-18,"Shortcuts  Vacation, vacation, vacation: why Kirstie Allsopp upgrades her flights – but not her children's"
27-Jun-18,Uber wins 15-month probationary licence to work in London
4-Jul-20,"Business live  UK service sector slump levels off, as China growth surges - as it happened"
22-Mar-20,UK estate agent accused of 'inhumane' sacking of staff
13-Nov-19,Half of new FTSE 100 chiefs must be women to hit gender target
21-May-20,"Target to close up to 75 stores across Australia, costing more than one thousand jobs"
9-Oct-18,"Nils Pratley on finance  


  As Facebook plays with numbers, Hammond must change game"
14-Nov-19,UK retail sales hit by surprise downturn despite big discounting
24-Jun-18,Don’t wait for worried workers to call the shots on wages
23-Dec-19,The Guardian view on Taylor Swift’s fight for her rights: empowering a new generation of artists
14-May-20,Inaction! Film companies await clear guidance before rolling cameras
23-Jan-19,Tobacco: a deadly business  How tobacco industry donations cloud debates over cigarette controls
16-Oct-18,"Nils Pratley on finance  


  Labour's shares plan for workers has glaring flaws"
17-May-20,Rightwing thinktanks call time on age of austerity
28-Oct-18,Top tipples: experts favour supermarket gins in blind taste test
27-Jul-19,Boris Johnson appoints arch-critic of HS2 as transport adviser
15-May-19,Cannes 2019: jury speaks out against 'rage and anger' of populist politicians
6-Feb-20,Britain hit by serious case of the Brexit blues as wellbeing tumbles
3-Nov-18,US-China trade deal fears and rising rates put dampener on global rally
5-Aug-18,Northern rail cancels 80 Sunday services
3-Nov-19,'They're madly checking their payrolls': the ugly truth of Australia's underpayment epidemic
6-Jun-19,'The pepper makes the product': inside Sriracha's spicy lawsuit
18-Oct-19,Energy watchdog accused of stalling electric vehicle rollout
23-Sep-19,Guardian Opinion cartoon  Martin Rowson on the collapse of Thomas Cook – cartoon
24-Jul-18,Will a no-deal Brexit make most of us poorer – and Jacob Rees-Mogg richer?
11-Jun-20,"Nils Pratley on finance  


  'Corporate kowtow to China' lands HSBC in a deep political hole"
20-Sep-19,Airlines' CO2 emissions rising up to 70% faster than predicted
7-Dec-18,Sluggish US jobs growth prompts another Wall Street sell-off
25-Jul-18,"UK pensioners' income growth outstrips wage rises, figures suggest"
16-May-19,Burberry to close one in 10 stores worldwide
9-Apr-19,Standard Chartered fined $1.1bn for money-laundering and sanctions breaches
25-Oct-19,"Nils Pratley on finance  


  Barclays deposits a large dose of common sense at the Post Office"
28-Jan-20,'Significant threat' to Chinese economic growth amid coronavirus outbreak
16-Sep-18,"Business leader  


  A decade after Lehman fell, the global economy is not better. It’s worse"
19-May-20,Legal case launched over UK's 'outdated' energy policies
16-Apr-18,"Bitcoin tools could make finance system safer, says IMF boss"
2-Jul-19,"Nils Pratley on finance  


  Neil Woodford's refusal to budge over fund fees is breathtaking"
14-Aug-19,"Economics viewpoint  


  Low interest rates benefit pensioners, not millennials"
4-May-18,VW emissions scandal: US charges ex-CEO with conspiracy and fraud
11-Nov-18,Aviation body accused of forcing out staff who raised safety fears
27-Jan-19,"Deprived northern regions worst hit by UK austerity, study finds"
23-Jun-19,Business live  Oil price keeps rising as Iran tensions build - business live
1-Jul-19,Hammond warns Johnson and Hunt over spending promises
12-Jun-20,UK GDP falls by record 20.4% in April as lockdown paralyses economy
26-Aug-19,UK banks face week of hunger strikes and protests
20-Aug-18,Timeline: Elon Musk's 'difficult and painful' 2018
16-Dec-18,Global economy fears rise as manufacturing growth slumps in China
18-Mar-19,Taking inspiration from the young climate strikers
30-Mar-20,"Viewpoint column  


  The coronavirus crisis has brought the EU’s failings into sharp relief"
16-Mar-19,"Patisserie Valerie accounts black hole now £94m, says KPMG"
8-Nov-18,Higher education reform is our priority
9-Feb-18,Quiz: who said it – Uber's Travis Kalanick or Wall Street's Gordon Gekko?
16-Aug-18,"US bosses now earn 312 times the average worker's wage, figures show"
31-Dec-17,"Sunday shops, sport and bars … inside the battle to create our modern weekend"
10-Dec-18,Hedge funds make big bets against post-Brexit UK economy
6-Jun-20,'We need to mix things up': UK retailers prepare for return of high street
17-Jan-20,Philip Green's Arcadia closes more stores after tough Christmas
23-Apr-19,Bramson v Barclays: big week for investor before AGM battle
22-Sep-19,'The men who plundered Europe': bankers on trial for defrauding €447m
12-Apr-19,French court finds Monsanto guilty of poisoning farmer
19-May-20,Strikes erupt as US essential workers demand protection amid pandemic
28-Jan-20,Global markets slide on back of coronavirus concerns in China
17-Jun-18,Rise of the machines: has technology evolved beyond our control?
16-Nov-18,Does Apple's sales slump mean the firm has finally peaked?
15-Jan-19,"Barclays on wrong side of history with climate policy, says Greenpeace"
13-Jun-18,Radio industry needs to reflect UK's diversity – media regulator
7-Feb-18,"The politics sketch  


  Listening to Carillion's bosses, you're surprised it survived so long"
16-Jan-20,The case for ... truly taking back control – by reversing the privatisation of our cities
12-Sep-18,"The railway arch economy is a British success story. Don’t kill it, Network Rail"
31-Aug-19,Brexit jitters grind UK housing market to a halt in August
4-May-19,Thomas Cook seeks to borrow £400m to stave off cash crunch
11-May-20,My wedding anniversary reminds me of an unmentionable sadness: lost restaurants
13-Jun-18,UK inflation defies expectations by remaining at 2.4%
16-Jul-20,"UK paid employment falls by almost 650,000 as Covid-19 crisis bites"
26-Jan-18,"Sky News no longer critical to broadcaster, says chief executive"
25-Dec-17,'We're here for the long haul': are independent bookshops finally back on the rise?
20-Aug-19,"Viewpoint column  


  Is US capitalism really abandoning the 'greed is good' mantra?"
17-Oct-18,"City female boss quits, chaps sigh relief. The old system grinds on"
21-Jun-18,The right sees opportunity in a crisis. Why can’t the left?
29-Mar-20,British retailers and manufacturers in 'wartime effort' to fight Covid-19
12-Dec-18,MySale shares plunge by more than 50% after profits warning
14-Jan-19,The briefing  Ion age: why the future will be battery powered
31-Dec-19,Universal Music sells €3bn stake to Chinese company Tencent
4-Feb-19,"Nissan was offered secret state aid to cope with Brexit, minister concedes"
14-Feb-18,Carillion: accountants accused of 'feasting' on company
22-Jan-19,Taking no deal off the table would leave us at the EU’s mercy
31-Jul-18,"Theresa May must push for even softer Brexit, says thinktank"
18-Dec-18,"Global pay gap will take 202 years to close, says World Economic Forum"
12-Aug-18,Why do these high-flying City types think they are role models for real women?
13-Feb-19,Digital ad market under fresh scrutiny amid competition concerns
23-Dec-19,The Guardian's Audio Long Reads  Best audio long reads of 2019: Hand dryers v paper towels
28-Aug-19,Lord Ashcroft: two Australian businesses owned by Tory and Liberal donor collapsed within a year
9-Jul-18,Carillion collapse exposed government outsourcing flaws – report
20-Sep-18,"Whoops – there go the railways, says Westminster’s answer to Mr Bean"
28-Sep-19,Boris Johnson referred to police watchdog over Jennifer Arcuri allegations
3-Feb-19,"The Guardian view on new drugs: high hopes, higher prices"
5-Aug-18,Viewers turn to Freeview after Virgin Media-UKTV dispute
18-Jul-20,Boohoo calls for licensing scheme to ensure textile factories fit to trade
30-Jan-19,The Guardian view on the US case against Huawei: the conflict sharpens
1-Mar-19,LK Bennett lines up administrators as it struggles to find backer
27-Jul-19,"The Guardian view on Boris Johnson’s government: of the rich, for the rich?"
24-Jun-18,‘Aloof and academic’ Blackwell’s comes off campus as book sales surge
28-Dec-18,The most-read Guardian Business stories of 2018
26-Apr-18,Facebook posts record revenues for first quarter despite privacy scandal
5-Jun-18,"Clarity on Brexit plan now urgent, business bosses tell Theresa May"
4-Jun-18,"I don’t like Lush’s #spycops campaign, but shutting it down is an abuse of power"
19-Jul-19,Ed Sheeran dominates UK charts with double No 1
7-Feb-18,Business leaders warn May: our patience over Brexit is running out
11-Apr-18,Former Tory MP Andrew Tyrie to head competition watchdog
6-Oct-19,"OECD tax reform plans could make inequality worse, analysis finds"
10-Mar-20,'Crash Monday' is the price we're paying for a decade of cheap money
7-Mar-19,Government throws its weight behind offshore wind power expansion
1-Feb-18,"Nils Pratley on finance  


  Capita baffles itself with its own complexity, but it's no Carillion"
3-Dec-18,UK manufacturers stockpile goods ahead of Brexit
25-Feb-20,Accountants urged to help firms worldwide combat climate crisis
10-Jun-19,Leading artists call on National Portrait Gallery to cut ties to BP
20-Jan-19,"Rogue landlords  Council pays rogue landlord £500,000 in housing benefit"
26-Jun-19,United extends ban on Boeing 737 Max after regulator finds new problem
14-Aug-19,Nuclear energy and alternatives old and new
15-Nov-19,Business live  BT claims Labour nationalisation plan would cost up to £100bn - business live
11-Jun-20,Lloyds fined £64m for unfair treatment of mortgage customers
7-May-20,Business live  US payrolls suffer record fall; UK construction and German factories slump - as it happened
22-May-19,Philip Green offers landlords 20% stake in Arcadia rescue plan
9-Apr-18,Billy Bragg to lecture central bankers on how to build a new England
25-Mar-20,"Project Syndicate economists  


  Coronavirus pandemic has delivered the fastest, deepest economic shock in history"
14-May-18,Shortcuts  New graduates want to be their own boss – here's how to do it
19-Jul-18,Cadbury to launch Dairy Milk bar with 30% less sugar
23-Aug-19,"Project Syndicate economists  


  The next global recession will be immune to monetary solutions"
13-Sep-18,John Lewis profits dive by 99% as Brexit row erupts
6-Mar-18,Brief letters  More recognition for Roger Bannister
16-Aug-18,Social media celebrities under investigation by business watchdog
23-May-19,"'Put that down, cancel that': the Guardian tracks Philip Green to Monaco"
15-Nov-19,'We saw a double sunrise': London-Sydney flight touches down after 19 hours
9-Jul-20,Kent airport gets green light to reopen as international hub
30-Jan-20,What could privatisation do to the NHS? Children's services show us
Jul-18,Pubs and retailers hope for end to CO2 shortage next week
9-Jul-19,Social stock exchange idea highlights India’s move away from foreign aid
25-Sep-19,Thomas Cook had £3.1bn hole in balance sheet before collapse
29-Jan-18,M&S one of UK retailers yet to renew safety deal in Bangladesh factories
26-Apr-18,'Facebook is a morality-free zone’: tech chief lambasted by MP
30-Apr-20,Tui cancels beach holidays until June amid coronavirus crisis
15-May-19,NHS to fund drug that prolongs lives of children with muscle-wasting disease
8-Jan-20,BP's plan for $625m deal with Premier Oil faces challenge
12-May-18,"Live  Barclays boss fined £642,430 over whistleblower incident - as it happened"
11-Dec-19,China steps in as Zambia runs out of loan options
26-Apr-18,Guardian Brexit watch  How has the Brexit vote affected the economy? April verdict
10-Jan-18,Business made simple  Bedroom business to world domination: Meet the Mentors with Trunki's Rob Law – podcast
9-Jan-19,"Heathrow may add 25,000 flights a year before third runway"
4-Jun-18,Amazon delivery firms face legal action over workers' rights
16-Feb-18,Commerce department presses Trump to impose steep tariffs on overseas steel
27-Jun-18,Thames Water drains chief's bonus over missed leak targets
29-May-18,Sterling’s dip leaves Londoners worse off – UBS survey
25-Oct-19,Supercuts hair salon owner Regis UK enters administration
10-Apr-18,WPP's Martin Sorrell could know his fate as soon as next week
22-May-18,Attorney general defies call to give £400m windfall to UK charities
26-Apr-19,Avengers: Endgame fans go to great lengths for franchise finale
17-May-19,Business live  Pound falls below $1.28 as Brexit talks collapse – as it happened
20-Mar-19,Barclays unveiled as Women’s Super League sponsor in groundbreaking deal
23-Jan-18,Business live  Davos 2018: Justin Trudeau blasts gender inequality; Modi warns against protectionism; Blanchett on refugees - Day 1 as it happened
21-Mar-18,Brief letters  Bring your brolly if you come to Ayrshire
3-Jun-19,Is a construction company right in suing a cafe over the word cat?
26-Mar-19,Anti-stall system was 'in play' on Ethiopian's Boeing 737 Max
7-Jun-18,SSE fined £1m for sending inaccurate customer statements
19-Mar-20,US airlines pushing for massive bailout gave $45bn to shareholders in five years
4-Mar-19,Ministers postpone bill debate to avoid likely defeat over tax havens
10-Jun-19,Payday lenders being 'bombarded' by spurious claims
31-Mar-19,Pension payouts for top bosses tumble in face of investor ire
1-Dec-18,UK shoppers face most expensive Christmas dinner in a decade
3-Jan-19,UK power stations' electricity output lowest since 1994
21-Dec-17,Eurostar set for busiest December on record
15-Mar-20,"Chaos as 30,000 British tourists told to leave French ski resorts"
2-Dec-19,Hollywood blockbuster boom fuels record UK cinema advertising
10-Nov-19,Thailand wants to ban these three pesticides. The US government says no
16-Jun-19,£6bn UK pension scheme moves to stub out tobacco
15-Sep-18,Rising prices set to hit traditional British Friday night dinner
6-Nov-19,Airport caviar outlets failing to warn fliers on customs limits
19-Jul-19,Gold price hits six-year high as investors await US interest rate cut
6-Apr-20,Business live  Debenhams prepares to bring in administrators as Covid-19 hits – as it happened
19-Jul-18,Luxury … chickens? Why businesses are flocking to fancy poultry
2-Aug-18,London Stock Exchange rolls out no-deal Brexit plans
10-Dec-18,UK’s nuclear plans in doubt after report Welsh plant may be axed
17-Dec-17,"Peter Preston on press and broadcasting  


  Paul Dacre and pay: how best to spend the Mail millions?"
25-Apr-18,Demise of Toys R Us and fashion chain East bring more job losses
18-Jul-18,Papa John's founder says resigning over N-word use was a mistake
9-Apr-20,Manager at major UK food supplier says staff who stay at home may be sacked
1-Aug-19,What a no-deal Brexit could mean for the UK in five charts
9-Jul-18,Nicolas Winding Refn: 'Cinema is dead. And now it is resurrected'
5-Sep-18,We can and must rebalance the economy. Here’s how
18-Jun-20,Business live  Bank of England boosts bond-buying programme by £100bn - as it happened
19-Sep-18,UK households face squeeze after surprise inflation jump to 2.7%
4-Apr-18,US and China playing a gigantic game of chicken over trade
9-Jul-20,The pelvic mesh scandal makes it clear: doctors must declare any funding
6-Nov-18,Primark heralds 'striking' sales figures but New Look says 85 stores will close
7-Feb-19,Fracking firms denied permission to relax earthquake rules
5-Sep-18,Campaigners celebrate as oil drilling at Surrey Hills site is blocked
11-Jul-18,Germany and Russia gas links: Trump is not only one to ask questions
27-Dec-17,Record numbers of tourists visit UK despite terror attacks
5-Jul-19,Today in Focus  Who owns England?
14-Mar-18,Dog dies on United Airlines flight after being forced into overhead locker
8-Jul-19,British Gas and SSE to purge petrol and diesel from fleets by 2030
28-Mar-19,Five-year passes for Wimbledon tennis will net owner £200m
13-Jun-18,"Rise in global carbon emissions a 'big step backwards', says BP"
4-Jun-20,Landlords critical as Travelodge prepares to launch CVA plan
5-Sep-18,France and UK announce agreement to end 'scallop wars'
1-Dec-18,Mattress firm tells customers beds do not record them sleeping
8-Aug-18,"Musicians in US receive just 12% of industry revenues, report finds"
14-Oct-19,Extinction Rebellion activists arrested at Bank of England protest
23-Apr-18,Could Donald Trump's lone ranger approach provide the silver bullet?
22-Dec-19,Tesco withdraws Christmas cards from sale after forced labour claims
7-Jun-20,UK could class loot boxes as gambling to protect children
28-Aug-18,Call to stop UK landowners making huge profits from speculation
7-Jun-20,"Business leader  


  The Fed deserves the praise for America’s jobs turnaround. But Trump benefits"
10-Mar-20,Coronavirus could cause fall in global CO2 emissions
25-Jun-18,What UK stands to lose if Airbus pulls out the country
6-Dec-19,The Guardian's Audio Long Reads  How our home delivery habit reshaped the world – podcast
1-May-18,TSB crisis: key questions MPs will ask bank bosses about IT crash
16-Sep-19,China's industrial growth slumps to weakest rate in over 17 years
30-Apr-20,Supermarkets urged to be kinder to single parents in lockdown
24-Apr-19,"Courtesy, curtness and my gender pay gap report"
20-Sep-18,Restaurant tries marijuana for lobsters to take the edge off being boiled
17-Dec-18,1MDB scandal: Malaysia files charges against Goldman Sachs
25-Jul-19,UK heatwave: commuters warned to avoid rail travel on Thursday
16-May-18,We can’t keep chopping down trees without harming ourselves
18-Dec-18,MEPs to scrutinise ExxonMobil's alleged role in climate change misinformation
29-Nov-18,Politics live with Andrew Sparrow  Brexit: Theresa May says McDonnell wants to overturn will of British people – as it happened
19-Mar-19,Why has the US Fed turned away from interest rate rises?
6-Jul-18,UK high street sales fall for fifth month running
9-May-19,"Your problems, with Anna Tims  Harron Homes ignored snagging issues for 18 months"
12-Mar-20,Wealthy rush to book private jets from EU to beat Trump’s travel ban
17-Apr-18,"World trade system in danger of being torn apart, warns IMF"
19-Jun-20,Andrew Tyrie quits UK competition watchdog over 'limits' of role
22-Dec-17,Tiny US soft drinks firm changes name to cash in on bitcoin mania
28-Apr-20,"Project Syndicate economists  


  Economic recovery from the Covid-19 crisis will need a balancing act"
9-Nov-18,"Injured on the job, then fired: postal workers allege mistreatment by USPS"
27-Jun-19,Vauxhall Astra to be built in UK if ministers avoid no-deal Brexit
31-Mar-20,UK government orders more ventilators for coronavirus crisis
17-May-20,Marks & Spencer joins growing list of UK firms deemed 'junk' investments
1-Jun-20,"Observer business agenda  Cybersecurity, DIY and gaming to come up trumps in FTSE reshuffle"
17-May-19,How Quorn makes the filling for Greggs' vegan sausage rolls
14-Aug-19,Rail fares to rise by 2.8% in January
17-Jun-20,Nationwide triples minimum deposit for UK first-time buyers
7-Nov-19,"Reject Wetherspoon report over pro-Brexit outlay, investors told"
4-Jun-19,Kier shares plunge more than 40% after profit warning
28-Dec-19,"Guardian Brexit watch  


  Shadow of Brexit still looms over economy: experts debate the data"
11-Apr-18,Trinity Mirror deal for Express and Star faces competition scrutiny
18-Jan-20,The Guardian view on ‘flight shame’: face it – life must change
10-Jul-19,Microsoft to open first European store in central London
26-Apr-18,"Nils Pratley on finance  


  Persimmon saga has been a shambles from start to finish"
2-May-19,UK factory exports tumble as Brexit chaos takes toll
9-Oct-18,Greggs to 'ramp up' labelling after Pret a Manger allergy deaths
10-Oct-19,Earning its crust: Pizza Express hires advisers over £1bn debt
16-Oct-19,"Business live  UK inflation sticks at 2016 low, as London house prices keep falling – business live"
19-Jan-19,"Business live  Stock markets rally on trade hopes, but UK retail sales fall - as it happened"
9-Jun-20,"Amanda Staveley exaggerated role in Barclays rescue, court hears"
17-Jan-19,Premier Inn owner says bookings are falling outside London
28-Sep-18,Amazon training videos coach Whole Foods staff on how to discourage unions
23-Aug-18,Help-to-buy pushes Persimmon profits up by 13%
17-Aug-19,"Project Syndicate economists  


  Six ways to bring the American Dream back from the dead"
20-Mar-20,Scottish hotel sacks 12 staff over coronavirus making them homeless
26-May-19,America’s 'best first job'? My story of sexual harassment at McDonald’s
9-Feb-20,Beales to close 12 of its 23 department stores
1-Feb-19,"These Tories won’t fix the rough sleeping crisis, no matter what they say"
8-Jan-20,Global research  'Guys ask for more money': why female-led startups underperform
14-May-20,BA to press ahead with job cuts plans despite furlough extension
15-Nov-18,Four more House of Fraser stores to close as rent talks fail
8-Jan-18,"Economics viewpoint  


  Brexit: why the UK economy hasn't led to buyer's remorse"
26-Jun-18,Greg Clark says Airbus should be 'listened to with respect' on Brexit
5-Oct-18,CEO’s rose-tinted view of post offices
31-Mar-20,Barclays sets net zero carbon target for 2050 after investor pressure
16-Feb-18,Wall Street picks up after early morning losses
22-Nov-18,George Soros makes £10.5m stock market bet against WH Smith
29-Jun-20,"Match Covid-19 economic stimulus with climate fight ambition, urge MPs"
9-Jul-18,No way rosé: 10m bottles of Spanish wine passed off as French
11-Mar-18,US steelworkers say Trump tariff plan has appeal – 'but about 40 years too late'
3-Feb-20,Catalytic converter theft: hybrid car owners face insurance nightmare
18-Jun-18,Eurozone braces for row with Greece over bailout exit terms
21-Oct-18,"Brexit could kill off entire industries, says Jaguar Land Rover chief"
5-May-18,Royal wedding could give £80m lift to Britain's economy
6-Nov-19,UK economy hit as service sector reports big fall in new orders
14-Jun-18,WPP chair suggests execs have done little else but placate Sorrell
25-Sep-19,The case for bailing out Thomas Cook
23-Jan-18,Trump imposes steep tariffs on imported solar panels and washing machines
3-Apr-19,"Your problems, with Anna Tims  John Lewis fails to deliver on the £10,000 makeover"
27-Dec-17,The pots of gold at the east edge of London
22-Mar-18,Spoiler alert: Bank of England's hints of May rate rise are not subtle
26-Apr-18,Adani builds coal-fired power plant in India to send energy to Bangladesh
14-Jun-18,VW fined €1bn by German prosecutors over diesel scandal
7-Apr-19,Boeing to cut 737 Max aircraft production by nearly 20%
27-Dec-18,Rail punctuality plunges to 13-year low
21-May-19,Boeing dismissed chance of 'bird strike' that may have caused second 737 Max crash
6-Mar-20,Levelling up Britain: Blyth's hopes rest on Tory promises of a new dawn
18-Mar-19,Midair collisions to metal fatigue: tragedies that changed air travel
21-May-18,Barclays bank fraud charges over $3bn Qatar loan thrown out by court
23-May-19,"The Guardian UK: Politics Weekly  May's withdrawal bill turmoil, British Steel and European elections – Politics Weekly podcast"
26-Apr-18,Waterstones bookshops bought by hedge fund Elliott Advisors
30-Nov-18,UK house prices pick up amid 'subdued' market
4-Jun-20,Journalists at Reach consider legal action after 10% coronavirus pay cuts
6-Mar-18,"Trevor Baylis, inventor of the wind-up radio, dies aged 80"
20-Dec-18,Asian shares battered after Fed raises rates for fourth time
16-Sep-19,Betfred failed to pay staff extra holiday wages for overtime work
15-Mar-18,Business live  Britain faces tax rises to eliminate deficit; trade war fears weigh on markets - as it happened
24-Jul-19,The cost of Boris Johnson: pricing up the next PM's pledges
1-Nov-18,Patisserie Valerie shareholder says bosses 'putting gun to our heads'
28-Apr-19,"On Loch Lomond’s banks, anger grows at £30m resort plan"
25-Nov-18,Taylor Swift strikes a blow for fellow artists as digital revenues soar
14-Mar-19,"Big pay rises for top earners deepening inequality, says IFS"
22-Mar-19,Half of new cars receive poor security rating over vulnerability to thefts
3-Jul-20,Boris ‘the Builder’ Johnson has found a new scapegoat: the humble newt
30-Jan-18,Only a third of rail commuters think fares are value for money
29-Aug-19,Crown Resorts: inquiry to examine whether James Packer's casino group fit to hold licence
8-Mar-20,"William Keegan's in my view  


  The ideologues of Downing St now face the opposition of events"
29-May-19,"Project Syndicate economists  


  Bernanke, Paulson and Geithner: revisiting the 2008 financial crisis"
13-Mar-18,"Tower residents told to pay £500,000 to replace Grenfell-style cladding"
31-May-19,Queensland signs off Adani's plan for endangered black-throated finch
5-Apr-18,"Nils Pratley on finance  


  Facebook board has to look past Mark Zuckerberg for reform"
9-Mar-18,Barbara Judge resigns from Institute of Directors amid racism claims
25-May-18,"Business live  Deutsche Bank to slash more than 7,000 jobs; chairman survives revolt – as it happened"
22-Jun-20,"Britain nearly went bust in March, says Bank of England"
25-Feb-20,Shortcuts  The Ashford hair boom: how does one market town support 28 hair salons?
15-Feb-19,Brazil dam disaster: police arrest eight employees of mining company
3-Jul-19,Brexit: UK economy may be shrinking on back of no-deal fears
8-Aug-18,'Hipster kryptonite': will CDs ever have a resurgence?
25-May-19,Virgin Trains takes government to court over West Coast route
26-Jan-19,Stemming the loss of small businesses
9-Oct-18,The rich say they fear Labour. It’s Brexit they should be worried about
11-Apr-18,Shortcuts  'It smells like a Lush store': taste-testing the ruby KitKat
10-Jan-18,Sainsbury's warns of challenging market as Argos sales slide
19-Nov-18,Business live  Nissan to sack chairman Carlos Ghosn over 'serious misconduct' - as it happened
29-Jun-18,Mirror publisher tops up funds to deal with phone-hacking fallout
11-Dec-18,Delayed Crossrail could cost almost £3bn more than planned
6-Nov-18,This isn’t pension equality. This is a clear injustice to older women
16-May-18,Top Novartis lawyer steps down over Michael Cohen payments
2-Apr-19,City watchdog told to review London Capital & Finance collapse
25-Jan-19,Guardian Brexit watch  How has Brexit vote affected the UK economy? January verdict
11-May-19,US-China trade war: all you need to know about Trump's tariffs
18-Jun-19,"Kier Group to cut 1,200 jobs in attempt to avoid collapse"
9-Jan-20,Peter Wollen obituary
27-Aug-19,Greece to lift debt crisis-era restrictions on sending money abroad
11-Jan-19,Tesco and M&S stockpile tinned food to prepare for no-deal Brexit
10-Jan-20,Northern nightmare on poor rail ‘service’
2-Jan-18,Ripple: cryptocurrency enjoys end-of-year surge – but will it endure?
10-Sep-19,The real cost of cheap US chicken? Chlorination is just the start
29-Aug-19,Pass notes  M&S has renamed its porn star martini. What next for sex on the beach?
15-Jul-19,City regulator fines balloon to £320m in six months
21-Mar-18,Lloyd’s of London slides to £2bn loss after major hurricanes
21-Mar-19,Bank of England holds interest rates at 0.75% amid Brexit chaos
18-Jan-18,Asda and Aldi ban sale of energy drinks to under 16s
9-Mar-19,"Brief letters  Hey guys, feel free to use la pomme"
11-Feb-20,Ursula von der Leyen mocks Boris Johnson's stance on EU trade deal
23-Aug-19,Boris Johnson pushes for George Osborne to be made IMF chief
12-Feb-19,Hammond’s Brexit ‘dividend’ claim rejected as UK economy stalls
23-Jun-19,Former Barclays boss acquitted over Qatar deal
23-Oct-18,Rogue landlords  The rogue landlord's loopholes: how the law fails renters
20-Sep-19,Ryanair boss could get €99m bonus despite shareholder revolt
31-Jan-19,Regulator criticises Thames Water over lack of effort to cut bills
26-Jun-20,Boohoo bosses in line for £150m bonus as part of incentive plan
26-Dec-19,GSK puts faith in AI to make more successful drugs more quickly
26-Mar-19,IPO mania: San Francisco braces for 'earthquake' of new tech millionaires
8-May-20,Beware Tory narrative of a workshy public
23-Apr-20,Week in geek  Do we really need a Hunger Games prequel movie?
20-Feb-19,Asic boss James Shipton faces questions over former Goldman Sachs role and 1MDB scandal
28-Dec-19,Guardian Brexit watch  UK economy faces weakest growth outside recession since second world war
9-Mar-18,Saturday interview  Economist Paul Johnson: ‘We are nowhere near out of austerity'
6-Feb-20,Fiat warns coronavirus could force closure of European plant
29-Jun-20,America's coalminers call for urgent help amid Covid-19 and industry decline
6-Mar-19,Carlos Ghosn: former Nissan chairman released on bail in Tokyo
18-Apr-18,Patrick Bousquet-Chevanne departs in latest M&S shakeup
Apr-18,"From car insurance to banking, a new digital age is dawning"
7-Jun-18,"Dangerous fake electric goods sold on Amazon and eBay, research says"
23-Nov-18,"Spark Energy goes bust and leaves 290,000 without a supplier"
11-Sep-19,"Project Syndicate economists  


  The Federal Reserve must be honest about Trump's trade war"
29-Apr-20,"British Airways plans to make up to 12,000 staff redundant"
9-May-19,"It feels like a new dawn after the storm, say Liverpool supporters"
3-Apr-18,Post-Brexit passports contract: De La Rue to appeal against decision
19-Jan-20,$1tn is just the start: why tech giants could double their market valuations
3-Apr-20,"UK retail footfall down 85% over two months, Google data reveals"
15-Aug-18,Lord Thomas of Macclesfield obituary
9-Mar-18,Maplin staff made redundant as hopes of finding buyer fade
23-Mar-20,WTAF! How is Jonah Hill swearier than Samuel L Jackson?
26-Apr-20,UK insurers face £1.2bn payouts for coronavirus crisis
8-Nov-19,"Nils Pratley on finance  


  We should mark Carney's words: global growth looks grim"
13-Nov-19,UK employment takes biggest tumble in four years
30-Jan-19,"Nils Pratley on finance  


  Is Royal Mail failing to deliver, or is the answer just lost in the post?"
9-Mar-20,Oil price plunges almost 30% as Saudis vow to step up production
16-May-19,BT unveils new logo after years of work – its name in a circle
11-Jan-20,"Trump vaunts his China trade pact – but some say it’s too little, too late"
18-Jul-18,Energy price cap is likely to go ahead after last-minute deal
26-Jun-19,UK waste firm exported 'offensive' materials including used nappies
22-Jan-18,iPhone X lifts Dixons Carphone sales
21-May-18,Australia and UK urged to strike free-trade deal to counter Trump's protectionism
4-Jun-18,Anger as wheelchair users left unable to ride trains on major route
9-Feb-19,Goldman Sachs plans to cut bonuses as 1MDB scandal deepens
25-Jun-18,"Government cautiously optimistic on Heathrow vote, says Grayling"
27-Jan-19,Ocado's secret talks with M&S could spell the end for Waitrose tie-up
15-Apr-20,Business not as usual: WeWork tries to shrug off coronavirus despite upheaval
13-Feb-20,House prices rise across UK for first time since July 2018
31-Jul-19,"Guardian Brexit watch  


  ‘No-deal Brexit talk has hit home hard’ – two experts debate the data"
25-Jul-19,Business live  Euro hits two-year low after ECB signals future stimulus – as it happened
14-Apr-19,Disney prepares to strike back at Netflix
13-Mar-20,Coronavirus forces industries across US to let employees work from home
30-Oct-19,"M&S launches 'buy now, pay later' service"
2-Jun-19,NHS underfunding is deliberate strategy
29-Sep-19,Psychic future: what next for the ‘precog economy’?
23-Mar-20,"Hidden gems from the world of research  


  Economists told us what a pandemic could do. Who listened?"
31-Oct-19,Federal Reserve cuts US interest rates for third time this year
15-Jul-20,UK launches first online service for groceries in reusable packing
31-Jul-18,Jersey Finance paid for IEA report rubbishing 'hotbeds of tax evasion' claims
18-Apr-18,"Each Brexit scenario will leave Britain worse off, study finds"
21-Feb-19,Honda's 2018 briefing undermines claim plant closure not Brexit-related
28-May-20,Covid crisis watch  How the coronavirus crisis has hit the UK's economic outlook
14-Jun-19,Business live  Donald Trump blames Iran for oil tanker attacks – as it happened
27-Feb-19,Interserve's biggest shareholder says rescue plan is 'terrible'
9-Mar-19,Dismay as John Lewis quietly drops its travel insurance
16-May-18,Carillion: 10 most shocking quotes from the report into its failure
27-Mar-20,"Nils Pratley on finance  


  UK's Covid-19 help should only go to financially sound businesses"
11-Jun-19,Neil Woodford refuses to waive fees despite pressure from MPs and FCA
14-Apr-19,"Observer business agenda  


  Unilever’s quarterly results could divide opinion like Marmite"
17-Aug-19,Labour to give councils power to seize boarded-up shops
Jul-18,Virgin airlines says it will no longer help to deport immigrants
17-Jan-20,Flybe plays down size of rescue deal as rivals step up criticism
26-Jun-19,Trump criticises Fed chairman Powell for trying to be ‘tough’
13-Nov-19,"Bank bosses acting like pilots who have parachutes their passengers don't, regulator says"
11-Apr-19,Virgin Trains is a Bransonian dystopia – good riddance to it
24-Nov-19,The upside  Good company: the capitalists putting purpose ahead of profit
15-Apr-20,Amazon sales of 'non-essentials' hit by French court ruling
13-Oct-19,Migrant labour has saved Britain from a post-referendum recession
24-Jan-19,No-deal Brexit 'poses threat to global stability' – CBI head
27-Feb-19,Delay to Brexit could mean a 'damaging double cliff-edge'
8-Jun-18,Northern rail under fire for asking to extend Lakes line closure
2-Jan-20,The world in 2050  Food in 2050: bacon grown on blades of grass and bioreactor chicken nuggets
20-Apr-18,The Guardian view on the IMF: practise what you preach
29-Jan-19,"Here in Liverpool, we know what northern austerity looks like up close"
12-Aug-18,Monsanto ordered to pay $289m as jury rules weedkiller caused man's cancer
29-Mar-19,Those gunning to be caretaker PM should take notes from Solskjær
25-Feb-18,The Guardian view on Labour and banks: not casino capitalism
21-Dec-17,The Guardian view on rape and the police: justice first
6-Mar-18,"Lego reports first sales fall in 13 years, saying 'there is no quick fix'"
11-Jun-18,Why a little French surrealism (not big chains) can save our high streets
16-Mar-20,LGIM to launch its first fossil fuel-free pension fund after pressure
17-May-20,Observer business agenda  Stelios creates an atmosphere over easyJet’s new planes
20-Jun-18,"Nils Pratley on finance  


  Keep your hands off RBS, John McDonnell"
13-May-19,"Brexit delay will harm long-term economic outlook, says Bank"
9-Jun-20,Business live  Stock markets slide after collapse in German exports – as it happened
28-Feb-20,Coronavirus fears trigger biggest one-day fall on US stock market
17-Jun-20,The US’s jaywalking laws target people of colour. They should be abolished
4-Apr-19,Tesla: production slows amid rocky start to the new year
17-May-20,UK cannabis firm bought by US-based fund in multimillion pound deal
26-Sep-19,Jaguar Land Rover to shut down UK factories for a week in November
17-Apr-18,China's ZTE deemed a 'national security risk' to UK
26-Jan-18,"Undercover in the chicken industry  Chicken safety scandal: government failed to take ‘definite action’, say MPs"
4-Jun-18,BT chief executive Gavin Patterson faces shareholder backlash
19-Mar-19,Police begin criminal inquiry into failed training firm 3aaa
16-Sep-19,Smart energy meter rollout deadline pushed back to 2024
13-Jun-18,Amazon launches its assault on sport coverage with tennis at Queen’s
9-Mar-18,"EU chiefs acting like gang leaders over Brexit threats, says Liam Fox"
28-Feb-20,Gambling Commission 'is being outgunned' by betting companies
17-Apr-18,"Cryptocurrency: New York launches inquiry, saying people lack 'basic facts'"
13-Nov-18,FirstGroup's new boss to bid for more UK rail operations despite loss
31-Jul-18,Ryanair boss gives up bonus after 2017 flight cancellation crisis
6-Dec-18,"Project Syndicate economists  


  Central bank warnings on the global economy are getting louder"
30-Dec-18,HMV is a bedrock of the British music industry – its loss would affect us all
3-Feb-20,Mike Ashley's Frasers Group snaps up stake in luxury brand Mulberry
22-Oct-19,Ban on UK flights to Sharm el-Sheikh lifted after four years
12-Dec-18,Business leaders urge MPs to end infighting after May survives vote
25-Jul-18,UK regulators could enforce minimum interest rate for savers
4-Mar-18,"Trade minister talks to US, but still doesn't know if steel tariff applies to Australia"
27-Feb-19,Bohemian Rhapsody's visual effects team 'owed thousands'
15-Aug-18,Top pay in UK up by 11% as workers’ wages fail to match inflation
21-May-20,Scotland bans Covid-19 support to firms based in tax havens
15-May-18,East Coast rail franchise 'to be scrapped' by transport secretary
4-Mar-20,"Challenges for Labour  


  Labour doesn’t need to shift right – it needs to get creative"
13-Jan-19,'Ridiculous': report Ivanka Trump could lead World Bank meets scorn
9-May-19,"Train firms' red tape hampers compensation claims, says Which?"
25-Dec-18,"More than 30,000 UK retailers in 'significant' financial distress"
16-Jan-20,"Nils Pratley on finance  


  Let's hope the no state aid to Flybe statement is true and stays true"
8-Aug-18,Austerity kills: this week’s figures show its devastating toll
1-Feb-18,Coal chiefs mock reporter as critical West Virginia media voice goes bust
17-Jul-20,World's largest oil firm agrees to carbon cuts to tackle climate crisis
18-Dec-17,"Observer business agenda  


  Bring a little Christmas cheer with a cryptocurrency"
1-May-18,Johnston Press chief Ashley Highfield quits after seven years
23-Jul-18,"Barclays to create up to 2,500 jobs at new Glasgow tech hub"
24-Apr-20,EU leaders clash over trillion-euro Covid-19 aid in online meeting
4-Sep-19,Barratt posts record £910m profit despite tough housing market
28-Jan-18,Trump ally Steve Wynn out as Republican finance chair after sexual misconduct report
22-Oct-18,A third of dual fuel tariffs will exceed government price cap
27-Feb-18,"Lack of models, not charging points, 'holding back electric car market'"
4-Jun-18,"Business live  UK government to sell £2.6bn of RBS shares, Brexit hits UK construction- as it happened"
29-Apr-20,Harley-Davidson's profits plunge amid coronavirus lockdown
7-Aug-19,More Bodyguards and Love Islands needed as UK viewers desert TV
9-Apr-19,Crown Resorts takeover bid: Wynn makes play for James Packer's casino group
16-Dec-19,"Economics viewpoint  


  The Tories need to turn on the spending taps in the north now"
28-Feb-19,M&S agrees £750m food delivery deal with Ocado
11-Jun-18,"Media blog  


  Daily Mail’s Paul Dacre is finally unseated – but the damage is done"
20-Mar-18,UK drivers to save £35 after new curbs on whiplash claims
8-Jan-20,Anger over UK's failure to ban breast implants linked to 61 cancer cases
4-Jun-20,"Rolls-Royce confirms locations of first 3,000 UK job losses"
2-Jun-19,"Observer business agenda  


  Ladbrokes owner GVC makes the running to beat pay revolt"
27-Oct-19,"Almost 1 million over-50s working nights in UK, study says"
19-Jan-19,Davos 2019: do the global elite have the will to fix the world's problems?
27-Jun-20,Can Kanye West save the Gap?
2-Aug-18,"Politics live with Andrew Sparrow  Brexit: 'At the moment we are heading for no deal by accident,' says Jeremy Hunt - Politics live"
25-Feb-20,Gina Miller demands review of Andrew Bailey as Bank of England governor
20-Jan-20,UK house prices rise at fastest rate on record
1-May-18,California ruling in favor of gig workers could deal big blow to Uber and Lyft
14-Jan-20,Vanguard refuses to sign up to climate crisis commitment
4-Nov-19,Business live  US stock markets hit new record highs amid trade deal optimism – as it happened
27-Feb-18,Struggling credit card holders could save £1.3bn under new rules
20-Feb-19,Brexit frontline  What are Brexit contingency plans for retailers and farmers?
10-Feb-18,Making millions from chaos: the fund cashing in on the stock market collapse
28-Mar-19,"Trump’s Federal Reserve pick owes $75,000 in taxes, US government alleges"
19-Jul-18,V&A's 'less scary' entrance drives up visitor numbers
25-Mar-18,Universal credit to slash benefits for the self-employed
13-Apr-18,Volkswagen announces Herbert Diess as new CEO
23-May-19,Jamie Oliver's Fifteen Cornwall still open for business
11-May-18,Concerns after potentially lethal fault found in VW Polo and Seat seatbelts
20-Nov-19,"North Sea oilfields could help contain climate change, says report"
14-Sep-18,Volkswagen to stop making its classic Beetle next year
30-Aug-19,Lewis Hamilton invests in meat-free burger chain
12-Feb-18,Anger over TGI Fridays plan to share waiters’ tips with kitchen staff
5-Dec-19,We must continue Jack and Saskia’s progressive work with prisoners
29-Mar-20,Complacency to chaos: how Covid-19 sent the world’s markets into freefall
19-Jul-18,Clothing and non-food stores hit by surprise drop in June sales
26-Nov-18,Carlos Ghosn denies using company money for luxury lifestyle
12-Feb-18,Warren Evans jobs at risk as bedmaker calls in administrators
9-Apr-19,Gizmodo and the Onion sold to equity fund in cut-price deal
15-Jul-20,The green recovery  UK government planning new green investment bank
9-Mar-19,Business live  Global economic fears mount as US job growth stalls and Chinese exports tumble - as it happened
7-Feb-19,‘Don't be fooled’: JetBlue president warned workers against joining a union
12-Mar-18,Farfetch unveils tie-up with Harvey Nichols before '£4bn IPO'
13-Nov-19,Business live  UK inflation hits three-year low; London house prices fall again – business live
29-May-18,Discovery to shut European TV hub as it mulls post-Brexit plan
25-Dec-17,"Business leader  


  Chief executives are hard to embarrass: rules on pay must get even tougher"
21-Mar-18,"Nils Pratley on finance  


  Facebook investors may want to quiz Mark Zuckerberg"
18-Nov-18,Gift cards for Christmas: it's time to kick the habit
7-Dec-18,Paul Dacre paid almost £2.7m in final year as Daily Mail editor
24-Sep-18,Politics live with Andrew Sparrow  Government publishes latest set of no deal Brexit planning papers - as it happened
14-May-18,Cornish tin mining moves closer to revival as developer plans float
28-Dec-18,"Job fears for npower staff, with ownership transferring to E.ON"
2-Sep-19,Ferdinand Piëch obituary
3-Jun-19,UK factory output shrinks on back of Brexit uncertainty
15-Sep-18,Archbishop of Canterbury to lead Wonga rescue effort
11-Jun-19,"FTSE 250 firms exposed to possible cyber-attacks, report finds"
26-Jul-18,Amazon posts record $2.5bn profit fueled by ad and cloud businesses
12-May-20,Burger King and Starbucks branches to reopen for takeaways
6-Jan-19,"Economics viewpoint  


  China's moon landing proves it is more than just a paper dragon"
18-Sep-18,"Project Syndicate economists  


  A better bailout was possible during the financial crisis"
11-Sep-18,England's employers more optimistic over Brexit than elsewhere in UK
7-Nov-19,Biggest UK fund manager invested in firms it shamed over climate crisis
4-Mar-18,"Observer business agenda  


  With more efficient homes, the UK would never fear running short of gas"
21-May-20,Matalan founder suing PwC for 'ineffective tax avoidance advice'
22-Feb-18,"94% of women in Hollywood experience sexual harassment or assault, says survey"
9-Dec-18,"Huawei CFO committed fraud in breach of US sanctions, prosecutors say"
11-Feb-20,Tui enjoys record bookings after Thomas Cook collapse
7-Jun-18,Flying improbable kites – and boats – over Heathrow options
12-Feb-20,"Bitcoin bounces back over $10,000 amid coronavirus concerns"
17-Jan-18,Bitcoin’s energy usage is huge – we can't afford to ignore it
11-May-18,Implications of the property price fall
24-Jun-20,Cineworld staff launch petition to make customer face coverings compulsory
20-Nov-19,Australian women win landmark vaginal mesh class action against Johnson & Johnson
30-Jul-18,"William Keegan's in my view  


  If our leaders won’t lead, we must vote again on Brexit"
4-Nov-19,Saudi oil giant Aramco gets go-ahead for $1.5tn stock listing
23-Mar-20,Rishi Sunak faces legal action from gig economy workers
18-Apr-18,Business live  UK inflation drops to one-year low of 2.5%; oil hits three-year high - as it happened
12-Apr-19,Railway upgrades threaten to disrupt travel over Easter
28-Nov-18,One in four UK workers covered by national living wage underpaid
20-Aug-18,"Venezuela devalues currency and raises minimum wage by 3,000%"
16-Mar-20,Trump aide Mnuchin: US does not face recession though shutdowns mount
14-Dec-18,Beat the 'crunch': new union for video games workers launches
5-Jan-18,"Virgin Trains treated me with misogynist disdain. Sadly, it’s hardly unusual"
20-Sep-18,The Guardian view on EU migration: a mutual advantage
10-Jan-19,Mothercare woes deepen after Christmas sales plunge
14-Mar-18,UK will need to impose tax rises of £30bn to balance budget – IFS
19-Dec-17,Business live  World markets driven to record highs by Trump tax bill – as it happened
22-May-20,"The green recovery  


  We now have the proof: greening the economy doesn't come at the price of prosperity"
31-Mar-20,BA suspends all Gatwick flights due to coronavirus
10-Jun-19,Hargreaves Lansdown apologises to clients in Neil Woodford funds
1-Mar-19,Barclays' former chief defends 2008 Qatari investment during trial
29-Feb-20,"When governments sell out to developers, housing is no longer a human right"
17-Jun-18,Alpha males? Surely there is a better term – how about tossers?
14-Feb-20,EU spending tens of millions of euros a year to promote meat eating
11-Feb-20,Trump's greatest vulnerability is the economy – just ask poor Americans
1-Jun-18,Asda profits fell by 10% last year after price cuts
12-Oct-19,Brief letters  Let’s hear it for the Hayses – putting Thomas Cook directors to shame
6-Feb-19,House of Palestine: the architectural wonder built by a West Bank oil tycoon
4-Jun-20,The Guardian view on business bailouts: give the state a stake
7-May-20,Don't expect a snapback for the UK economy after lockdown is lifted
21-Dec-18,UK car manufacturing output falls by a fifth as demand slumps
22-Apr-20,Admiral to give £25 car insurance refunds over coronavirus lockdown
18-Feb-19,Flybmi tells customers to seek refunds from credit card companies
26-Oct-18,London's former Stock Exchange Tower sold to Singaporean group for £385m
28-Sep-18,'Brexit fatigue' leaves British businesses unprepared for no deal
22-Jun-18,eBay and Amazon delist faulty carbon monoxide alarms
19-Nov-19,"Big profits can fuel bad corporate behaviour, new research shows"
23-May-19,"I was told of hundreds of grievance cases against Philip Green, says peer"
10-Jan-18,"Cabinet reshuffle could threaten gambling curbs, say campaigners"
24-Jul-18,"Nils Pratley on finance  


  Hammerson's grand self-assessment isn't shared by its investors"
18-Sep-19,Britain will aim for freedom of movement deal with Australia
6-Oct-19,"William Keegan's in my view  


  Brexit now only belongs to the lawless ‘party of law and order’"
27-Sep-19,Observer Design  Rick Owens: 'I love art nouveau. It's super sexy and ominous'
17-Mar-20,"Paul Schrader slams coronavirus film shutdown, says he'd rather 'die on the job'"
30-May-19,De La Rue boss leaving after losing post-Brexit blue passport contract
28-Feb-18,Consumer champions  Ecotricity gave away our promised John Lewis voucher
22-Nov-19,An Economic History of the English Garden by Roderick Floud review – finance and flowers
13-Jun-19,FCA report into RBS called a 'complete whitewash' by critics
3-May-18,Business live  MPs slam TSB boss's complacency over IT fiasco - as it happened
6-May-19,Rollercoaster ride: £5bn UK theme park faces string of delays
7-May-18,Macron’s reforming zeal will be a test of France’s appetite for change
2-May-19,Stephen Moore: Trump's Federal Reserve pick withdraws nomination
4-Jul-20,Banking apps: what do they offer – and how is your cash protected?
25-Apr-18,Persimmon investors revolt against chief's 'excessive' £75m bonus
28-Feb-19,Maggie Gyllenhaal: 'There have to be consequences for disrespecting women sexually'
29-Oct-19,Chips with Everything  All in a domain name: Chips with Everything podcast
23-Mar-20,"Business live  Fed launches unlimited QE, but markets keep falling - as it happened"
5-Jun-18,Heathrow: Grayling to confirm final plan for third runway
16-Nov-18,Whiplash bill is ruse to harm workers’ rights
6-Feb-19,The transparency project  Liberal candidate helps 'grassroots' campaign against Labor tax policy
2-Jul-18,"7,000 estate agents at risk of going to the wall, says study"
14-May-19,The Guardian view on private jails: flaws in the system
11-May-18,Not tickled pink: wine experts warn of rosé drought for UK fans
1-Feb-19,'Alexa was very busy': Amazon reports record profits and strong holiday season
14-Aug-19,Sports Direct shares tumble as it races to find new auditor
13-Sep-18,Business live  Chinese stock market hits 31-month low as Xi and Putin blast protectionism - as it happened
23-Mar-18,"Australia's exemption from Trump steel tariff is temporary, with quotas to come"
30-Jan-20,"Huawei ruling will cost us £500m, says BT"
5-Jun-19,Richard Hills obituary
18-Sep-18,"Pharmaceutical companies avoiding $215m a year in Australian tax, Oxfam says"
25-Oct-18,Saudi conference shunned by west secures £39bn in deals
13-Feb-19,"What are the different measures of inflation, and are we being conned?"
14-Feb-19,Blow for Carlos Ghosn as Renault votes unanimously for pay cut
16-Jun-20,US supreme court rules employers cannot discriminate against LGBTQ+ workers
26-Mar-19,UK satellite operator Inmarsat agrees $3.4bn takeover
6-Jul-20,Business live  UK car sales weakest since 1971; US service sector strengthens - as it happened
2-May-20,UK government faces legal challenge to lockdown from businessman
2-Mar-18,13 Picasso works bought for £113m by one London buyer
4-Mar-19,Great-grandson of John Lewis founder among contenders for chair
5-Nov-18,"Nils Pratley on finance  


  Heathrow's arrogant response to its regulator will not fly"
9-Jul-19,One-fifth of sole traders close down within a year – study
31-Aug-19,Business live  UK falls to bottom of G7 growth league – business live
13-May-19,"Business leader  


  Great fanfare as Uber gets its stock on the road, but app stalls in New York"
4-Dec-19,French workers cherish their welfare state. That’s why they’re striking
17-Feb-20,Searching for a way to defeat Trump
17-May-20,Restaurant-grade gourmet potatoes go on sale in Tesco to ease glut
22-Jan-19,Councils need more tools to cut off rogue landlords’ profits
6-Jun-18,Heathrow's third runway gets go-ahead from Chris Grayling
27-May-20,"Your problems, with Anna Tims  Pandemic cover is life or death for our hotel but our insurance won’t pay"
16-Oct-18,"Sears, once the world's largest retailer, faces the end after 125 years"
14-Dec-19,Helena Morrissey: top City boss turns Instagram fashion star
1-Mar-20,Treasury adviser: farming and fisheries are not important
14-Feb-19,"Project Syndicate economists  


  How can we tax the footloose multinationals?"
18-Dec-18,Big four accounting groups escape breakup threat from CMA
19-Jul-18,"Gaucho to file for administration, with 1,500 jobs at risk"
26-Sep-19,Grant Shapps lifts sections of speech from Chris Grayling
12-Aug-19,Drug maker 'will make $21bn from treating cystic fibrosis'
13-Dec-19,Beijing silent on US reports of China trade deal
14-Oct-18,Observer comment cartoon  Nightmare on Downing Street – cartoon
10-Jan-18,Sun makes £24m loss amid print ad slump and phone-hacking costs
22-Feb-18,"Fortescue Metals Group's new CEO earns $500,000 less than predecessor"
29-Mar-19,Republicans need more than tax cuts to woo small business
15-Oct-19,"Car finance crackdown will save buyers £165m, says watchdog"
30-Apr-19,Eurozone growth rate makes surprise rally after gloomy forecasts
26-Mar-18,GKN retracts claims of shareholder support against Melrose bid
14-Feb-19,Greg Clark accused of misleading MPs over £61m payment to Nissan
28-Nov-18,Viagogo to be forced to tell ticket buyers identity of touts
17-Jan-20,"Nils Pratley on finance  


  Limp US-China trade deal keeps investors happy – at least for now"
20-Apr-18,Tower residents spared £2m bill to replace Grenfell-style cladding
22-Mar-20,Coronavirus: UK panic-buyers urged to think of frontline workers
28-Nov-19,Business live  Wall Street hits record high after US GDP is revised up – business live
26-Jun-19,Insects tipped to rival sushi as fashionable food of the future
20-Aug-18,Nike under fire for marketing of 'menacing' balaclava
14-Oct-18,"Observer business agenda  


  Dutch farce and pay tweak still jar with Unilever investors"
1-Mar-20,"Joe Coulombe, founder of Trader Joe's, dies aged 89"
27-Aug-18,Viagogo to move UK staff to New York as European investigations mount
27-Jun-20,Business live  US stocks fall as investors fret over rising Covid-19 cases - as it happened
14-Apr-19,"Economics viewpoint  


  World leaders ignore David Attenborough at their peril"
30-Dec-17,Unions blame train firms and ministers for New Year's Eve rail strikes
3-Jan-20,"Volkswagen in 'Dieselgate' settlement talks with 400,000 German owners"
15-May-18,Capita staff used ‘excessive’ restraint on asylum seekers
10-Oct-18,ITV to sell South Bank studios
20-Apr-19,This column will change your life  Is a daily routine all it’s cracked up to be?
18-Sep-18,China hits back at US with $60bn of new tariffs
4-Oct-18,Unilad: Facebook viral publisher goes into administration
28-Jan-20,Business blog  Stocks and oil slump on fears over China virus outbreak – as it happened
10-Jun-19,"I believe Huawei is independent, executive tells UK MPs"
15-Apr-18,Beware bribery and corruption in Brexit’s new world
10-Jun-20,London landlord Shaftesbury 'will collect only 50% of rents'
16-Dec-18,"Business leader  


  Bleak midwinter for landlords as retailers demand rent cuts"
4-Jul-19,France makes a post-Brexit grab for UK's game developers
8-Apr-20,Jewish Chronicle and Jewish News to close and staff laid off
27-Apr-18,Online streaming services face '30% made in Europe' law
31-Jan-19,Tax relief 'giveaways' to wealthy cost Britain at least £4bn a year
2-Aug-18,The upside  The startup making shirts out of cow poo
14-Jan-20,"Politics live with Andrew Sparrow  Barnier says there will be checks on GB/NI trade after Brexit, despite Johnson denying this – as it happened"
28-Nov-19,"UK should contribute £20bn to UN climate fund by 2030, report says"
8-May-20,Rupert Murdoch gives up his bonus as News Corp loses US$1bn in three months
21-May-20,'Wrong signal': Norfolk coast windfarm planning delayed by up to five months
29-Jan-19,"Domino's sells more than 500,000 pizzas in record UK trading day"
7-Mar-18,Politics live with Andrew Sparrow  Brexit: Hammond says UK would reject any trade deal not including financial services - Politics live
15-Jan-20,Greggs joins up with Just Eat for nationwide delivery rollout
17-Feb-20,"Viewpoint column  


  For all the brave words, Jupiter's move is essentially defensive"
10-Jun-19,Private health firm loses NHS treatment centre contract
28-Dec-17,Gambling-style apps offered on Facebook without age checks
6-Dec-19,John Lewis to offshore contact centre jobs as UK staff laid off
6-Sep-18,Why is the curriculum so white in business schools?
16-May-18,"No new cameras on Irish border after Brexit, Karen Bradley says"
5-Oct-18,The long read  The finance curse: how the outsized power of the City of London makes Britain poorer
20-Dec-17,A victory for workers over Uber. But beware the Brexit roadblock
11-Jul-18,"End coal mining in the UK, environmentalists urge government"
3-Nov-19,"Google, here’s how to help small US businesses: generate demand abroad"
13-Feb-20,McClatchy: newspaper publisher files for bankruptcy as 'local media suffers'
13-Mar-18,There’s no light at the end of this tunnel. Just more pain
2-Aug-18,E.ON to cut 500 UK jobs as it prepares for energy price cap
14-Mar-19,University leadership  Do universities contribute enough to the UK economy?
28-May-20,"Boeing to slash more than 12,000 jobs – with further cuts to come"
5-Oct-18,Crunch time for forests and plastic pollution (including crisp packets)
13-Jul-19,"Nils Pratley on finance  


  Reckitt Benckiser's $1.4bn settlement over Suboxone verges on the farcical"
1-Jun-18,Brief letters  The worst job one could ever have?
31-May-18,Fed proposes changes to rule limiting risky trading on Wall Street
7-Jun-19,What Sir Philip Green needs to do to save Arcadia Group
19-Oct-18,UK government borrowing target back on track
13-Feb-20,Coronavirus live  First case of coronavirus confirmed in London – as it happened
12-Oct-18,Profits slide at big six energy firms as 1.4m customers switch
26-Oct-18,"Developers hog land for record 130,000 homes, analysis reveals"
14-Apr-20,Next shuts website for the day only hours after reopening
20-Aug-18,Rise in energy bills expected despite government cap
22-Mar-19,Musicians like me need to fight against the giants of YouTube and Google
1-Sep-19,Oxfam urges shoppers not to buy new clothes for a month
6-Jan-20,Women in technology  'LinkedIn for black professionals': the job site tackling racial bias
15-May-18,The long read  Has wine gone bad?
27-Feb-20,WPP shares dive amid business slowdown and staff travel restrictions
17-Jun-20,Greggs to reopen 800 stores on Thursday but warns of lower sales
6-Dec-18,Sir Terry Morgan resigns as chairman of Crossrail and HS2
23-May-19,Business live  Wall Street joins market selloff as trade war hits US economy - as it happened
28-Dec-19,Amazon's deal with Deliveroo faces in-depth inquiry
4-Aug-19,"Economics viewpoint  


  Boris Johnson takes note of Trump's game theory to keep EU guessing on Brexit"
1-Aug-19,"Capitalism is part of solution to climate crisis, says Mark Carney"
16-Jul-19,"Johnson & Johnson ran 'cunning' scheme to market opioids, attorney says"
12-Jun-19,"Revealed: Mobil sought to fight environmental regulation, documents show"
15-Jul-20,Hospitality VAT cut may not be passed on to UK consumers
20-Mar-19,UK environmentalists target Barclays in fossil fuels campaign
20-Nov-19,"Want firms to behave better? Then beef-up contracts, says IPPR"
18-Dec-19,"Book People goes into administration, with almost 400 jobs at risk"
13-May-19,"The networker  


  How Microsoft reinvented itself"
28-Sep-19,Canary Islands hold their breath for Thomas Cook fallout
24-Jan-20,HS2 was only ever about politics. And the battle will reach the heart of No 10
9-Jun-20,Majority of UK theatres and music venues 'face permanent shutdown'
14-Dec-19,Locked-in Woodford investors have lost a fifth of their money
25-Jun-20,The Booksellers review – warm study of a fast-shifting subculture
28-Oct-18,Grosvenor's £1bn build-to-rent plan could fail affordable housing test
5-Jun-19,Taking our country back to give it to Trump
23-Dec-18,"Money talks  


  Is Lithuania another Iceland banking crisis in the making?"
24-Jun-20,Living in the UK: have you been made unemployed during lockdown?
28-Sep-19,Business live  Bank of England hints at Brexit interest rate cut; eurozone confidence slides - business live
12-Apr-19,Grant Thornton's audits of Interserve to be investigated
28-Apr-20,"Politics live with Andrew Sparrow  UK coronavirus live: some non-Covid NHS treatments to restart, as 360 hospital deaths take toll to 21,092 - as it happened"
26-Dec-19,Why Chinese ‘rescues’ of western factories can turn sour for workers
8-Jul-18,Ryanair strikes: 'Their brand is built on being reliable bastards'
17-Jan-18,PMQs: May defends Carillion actions after Corbyn criticism
19-Jan-20,Luanda Leaks  Isabel dos Santos: president's daughter who became Africa's richest woman
8-Apr-20,"Covid-19 to wipe out equivalent of 195m jobs, says UN agency"
5-Apr-18,"Lights, camera but no action figures: are movie toys going out of fashion?"
25-May-18,"Deutsche Bank slashes 7,000 jobs, with City likely to take hit"
21-Oct-18,Is your business streaming music for customers? That's breaking the law
5-Feb-18,"Economics viewpoint  


  Deja vu? It's looking like 1987 again for the US economy"
26-Jan-20,Vaporfly shoes will help me reach my marathon dream. Should I use them?
18-May-18,Ikea halts new Preston store as UK profits fall
19-Feb-18,"Carillion job losses rise above 1,000"
4-Jul-19,Gas and oil firms reclassified under non-renewables on LSE
12-May-20,UK coronavirus: confusion and concern over back-to-work advice
23-Jan-18,Elon Musk lines up $55bn payday – the world's biggest bonus
1-Feb-19,Work isn’t working – but a four-day week would help fix it
9-May-18,Sunrise care homes group to pay £2m compensation over upfront fees
30-May-20,Lost Stock: 'It's like buying your future self a present'
14-Apr-20,"Which is the best option, lockdown or herd immunity? We're about to find out"
Apr-18,‘Homebase is the most disastrous retail acquisition in the UK ever’
13-Aug-18,The rise and fall of MoviePass: how 'Netflix for cinemas' fell apart
28-Jun-18,Heatwave forces UK farmers into desperate measures to save cattle
29-Jan-20,Neil Woodford investors take hefty loss as payouts begin
11-Mar-18,The rich and the right want to dynamite Dodd-Frank – and Democrats are helping them do it
1-Jun-18,'Troubled' Deutsche Bank backed by key investor after S&P downgrade
24-Mar-20,UK chemicals firm plans to build two hand sanitiser factories in 10 days
15-Mar-20,Observer business agenda  A new job and a new crisis: Andrew Bailey arrives at the Bank
28-Dec-18,Business live  World stocks volatile as Wall Street boom fades - as it happened
13-Nov-19,John Lewis Christmas ad features excitable dragon Edgar
3-Apr-20,Coronavirus is shining a light on the wretched universal credit system
28-Dec-19,"Your problems, with Anna Tims  As it’s the season of goodwill, praise be for these customer services"
25-Mar-19,Dieselgate and the unintended consequences of anti-idling drive
20-Dec-18,Business live  US stock market hits one-year low after Fed defies Trump with rate hike - as it happened
18-Sep-18,"Politics live with Andrew Sparrow  Migration report plans could increase labour shortages, business leaders say - as it happened"
10-Jan-18,Coastal states to Trump: why is Florida exempt from drilling and not us?
14-Feb-19,A380: Airbus to stop making superjumbo as orders dry up
16-Feb-18,Standard Life Aberdeen hit by Lloyds axing £109bn asset deal
24-Jun-18,Business live  Trump threatens tariff on European cars; Opec agrees to boost oil output - as it happened
13-Feb-20,"Nils Pratley on finance  


  Fuzzy and vague: why BP's climate ambitions don't cut it"
18-Jan-20,The Guardian view on Lego for adults: play is a serious business
17-Jul-19,Business live  Pound could 'hit parity' with US dollar after no-deal Brexit; London house prices slide - business live
24-Jun-18,Greece 'turning a page' as eurozone agrees deal to end financial crisis
21-May-18,Should Africa let Silicon Valley in?
20-Jun-19,Fears for UK economy rise as shoppers rein in spending again
23-Jul-18,Netflix has revolutionised television. But is its crown starting to slip?
27-Nov-18,Today in Focus  Untested and unsafe: the medical implants scandal
16-May-18,Theresa May pledges £400m to remove Grenfell-style cladding
18-Aug-18,Property buyers dive in as Turkey’s lira plunges
18-Jul-18,"As a transgender woman working in the gig economy, I'm humiliated daily"
22-Feb-20,Coronavirus: air travel demand 'will fall for first time in 11 years'
16-Jan-19,Sears to stay open after chairman wins $5bn bankruptcy auction
27-Jun-18,Mark Carney defends 'staggering' Bank of England expenses bill
16-Jan-19,Business leaders warn of 'supertanker GB' heading for the rocks
4-May-19,"US jobs report: April continues growth as 263,000 jobs added"
29-Sep-18,European markets fall after Italy's deficit-widening budget plans
6-Nov-19,SoftBank boss takes blame for £5bn loss after WeWork punt
10-Apr-18,Costly medicines and pus in milk: a Brexit trade deal that’ll make you sick
2-Apr-20,Sales of board games and jigsaws soar during coronavirus lockdown
9-Mar-20,Rishi Sunak took part in controversial US corporate raid case
20-Jun-18,EU votes for copyright law that would make internet a 'tool for control'
18-Feb-20,Coal giant Glencore says its carbon emissions will fall 30% by 2035
3-Oct-18,Boris Johnson – take aid from people and give it to elephants? Really?
17-Dec-19,Purdue payments to Sackler family surged after OxyContin fine
15-Apr-20,US government agrees on $25bn bailout for airlines as pandemic halts travel
12-Dec-18,"Box office analysis: global  Women-led films dominate at the box office, study finds"
6-Jan-20,UK services sector rebounds as Brexit uncertainty falls
26-Jul-18,Business live  Facebook suffers biggest one-day rout ever as shares tumble 19% – as it happened
3-Nov-18,British icons to throw off the white cliffs: what’s on your list?
4-Jul-18,Hammond to warn cabinet of risks of Canada-style post-Brexit deal
29-Apr-20,Charlotte Tilbury eyes £500m payout as makeup firm goes up for sale
17-Jan-19,UK inflation falls to lowest level in two years
6-Nov-18,"Nils Pratley on finance  


  William Hill takes a big punt on the US market"
12-Feb-18,Marmite maker Unilever threatens to pull ads from Facebook and Google
23-Jul-19,Ted Baker’s former boss Ray Kelvin said to be considering buyout
3-Nov-19,And they're off … £6.8bn Christmas ad spree gets under way
25-Mar-18,Fears mount for House of Fraser as it holds funding crisis talks
27-Jun-19,Bathstore collapse leaves householders inconvenienced
28-Jan-20,"Nils Pratley on finance  


  Huawei should get a limited 5G role – the US trade deal can wait"
9-Nov-18,"Your problems, with Anna Tims  Why is Barclays so slow over lost funds?"
11-Oct-18,World stock markets dive as Trump attacks 'crazy' US rate hikes
17-Jan-20,Google owner Alphabet becomes trillion-dollar company
18-Mar-19,Brexit fears dampen spring property revival as asking prices fall
25-Jun-19,Business live  Trump blasts Fed for blowing US recovery; German business confidence slides – as it happened
25-Jun-18,Tobacco: a deadly business  Special report: the children working the tobacco fields – 'I wanted to be a nurse'
8-Jun-20,"Nils Pratley on finance  


  What on earth is the boss of AstraZeneca up to with his approach to Gilead?"
8-Apr-19,Atlantic City: 'Trump turned this place into a ghost town'
18-Sep-19,"Inflation falls to 1.7%, its lowest level for nearly three years"
28-Mar-19,"Statistics, the p value and unemployment"
22-Jan-19,Jair Bolsonaro alarms climate activists with pro-business speech
26-Nov-18,May to warn MPs that rejecting Brexit deal would put UK 'back to square one'
8-Nov-18,"UK property market at its weakest for six years, says Rics"
9-Jul-20,Uber Eats to deliver your supermarket shopping with Asda tie-up
16-Sep-19,Aldi profits dive as firm focuses on expansion and price cuts
22-Nov-19,Valve reveals VR-exclusive game Half-Life: Alyx
15-Aug-18,Former Co-op director says she was sacked after equal pay claim
29-Mar-20,Which companies are coming through during the coronavirus crisis?
25-Nov-19,TSB to close 86 branches with loss of up to 400 jobs
1-Jun-20,Consumer champions  BT cut off our vulnerable father in the lockdown
27-Feb-20,Standard Chartered to miss growth targets amid coronavirus fears
10-Jan-18,"Nils Pratley on finance  


  Just writing 'Dear CEO' letters won't protect the spread-betting punters"
17-Jul-19,Zara clothes to be made from 100% sustainable fabrics by 2025
26-Sep-18,"Nils Pratley on finance  


  Unilever must better explain why it is going Dutch"
10-Jul-18,"Nils Pratley on finance  


  Government needs U-turn over mania for nuclear plants"
16-May-18,New Look’s ‘fat tax’ is wrong – where’s the loyalty to plus-size women?
23-Nov-18,Virgin Atlantic in talks over possible takeover of Flybe
30-Oct-19,UK gender pay gap for full-time workers increases
7-Oct-18,"Observer business agenda  


  Shadow banks, trade wars, Trump … clouds gather over the IMF’s paradise"
18-Jan-19,The Guardian view on nuclear power: expensive mistakes
9-Mar-20,UK supermarkets could cut petrol prices if cost of crude oil stays down
27-Apr-20,Firms receiving coronavirus help told to cut executive pay
1-Nov-19,Tesco moves to cut out plastic from range of own-brand products
1-May-20,"Nils Pratley on finance  


  Shell shows prudence on dividend, but no remorse on $16bn share buybacks"
13-Mar-20,Christine Lagarde under fire for ECB coronavirus response
31-Mar-19,Dunkerton says he has backing to return to Superdry board
4-Jun-18,Small firms face 'extermination' due to Network Rail asset sale
2-Jul-18,UK heatwave helps solar power to record weekly highs
19-Mar-18,High-interest 'doorstep loans' need to be regulated says charity
21-Jul-18,One-piece wonders: why swimsuits have put bikinis in the shade
28-Mar-19,Nationalised drug companies may be needed to 'fix antibiotics market'
16-Jul-19,Capitalism’s take on creative destruction
6-Feb-18,"East Coast could return to public sector, Chris Grayling admits"
19-Jan-20,"Economics viewpoint  


  Davos 2020 should be all about climate crisis but Trump won't admit it"
18-Nov-18,"Klarna: 'buy now, pay later' system that is seducing millennials"
24-Jun-18,Netflix boss apologises to staff after executive sacked over N-word
23-Jan-20,Record Black Friday drives Asos recovery after profit warnings
7-Mar-19,The upside  Pay figures show 50% of employers have narrowed gender gap
16-Mar-18,Conviviality seeks £50m in rights issue after financial errors
16-Jan-18,Lessons to be learned from Carillion’s collapse
23-Jan-19,Bestjet: directors of collapsed travel company referred to regulator
8-May-20,"Four in 10 pubs may soon close without extra support, says trade body"
5-Jul-19,The long read  How Britain can help you get away with stealing millions: a five-step guide
26-Aug-18,Fed chairman defends rate rise policy after attack by Trump
23-Apr-20,The US bailout was meant for small business – not giant corporations. What went wrong?
7-Jul-20,"Europe faces deep recession and UK will shrink by 10%, says EC"
6-Aug-19,The Guardian view on the end of Harland and Wolff: closed for business
3-Feb-19,New-build homes: why some owners are left feeling the cold
25-Jul-19,Why is Arkansas waging war on veggie burgers?
4-Dec-19,Swansea tidal power project launches 11th-hour £1m fundraising drive
2-May-19,Thousands of UK shops left empty as high street crisis deepens
25-Feb-19,"Guardian concrete week  


  Concrete is tipping us into climate catastrophe. It's payback time"
16-Dec-18,‘It’s essential to life’: Ofwat’s Rachel Fletcher sets a new course for water
9-Jan-20,Bank of England governor hints at interest rate cut
7-Jul-20,"Over 5,600 fossil fuel companies have taken at least $3bn in US Covid-19 aid"
1-Mar-18,Brief letters  Two wheels bad. Four wheels good
22-Jun-18,"Nils Pratley on finance  


  The Bank is betting on strong GDP for August interest rate rise"
26-Sep-19,Business live  Markets weighed down by Brexit and impeachment worries – business live
19-Dec-19,"Nils Pratley on finance  


  Bet365 chief's pay is less fascinating than where its revenues are made"
20-Sep-18,Cathay Pacific spells its name wrong on side of plane
8-Jan-18,Government urged to ban nuisance calls and texts from claims firms
25-Feb-18,‘Lloyds ruined my trip of a lifetime’
2-Nov-18,Summers could be entirely powered by clean energy by 2050
25-Mar-20,UK government helps supermarkets target deliveries to vulnerable shoppers
22-Aug-18,"Greece may still be Europe’s sick patient, but the EU is at death’s door"
13-May-20,"Britain is facing 'significant recession', says Rishi Sunak"
13-Jun-18,Wetherspoon to ditch champagne and German beer before Brexit
20-Jun-20,Ministers extend ban on evicting high street firms until autumn
5-May-18,California's economy passes UK's to become world's fifth biggest
18-Mar-20,'Whatever it takes': chancellor announces £350bn aid for UK businesses
16-Jan-19,Marks & Spencer closes 17 more stores in new blow to high street
25-Jun-18,Len McCluskey at odds with Corbyn over Heathrow expansion
8-Aug-18,Telford at 50: Could new towns offer a fresh start to millennials today?
13-Jul-18,Ryanair pilots announce two further strikes for July
25-Feb-19,Southern rail staff filmed pouring water on homeless man
17-Jan-20,Former Barclays boss accused of 'funnelling funds' to Qatar
7-Aug-18,Not so penny-wise: the last days of Poundworld
17-Jun-20,PG&E confesses to killing 84 people in 2018 California fire as part of guilty plea
20-Dec-18,Bitcoin could be overseen by UK's financial regulator
2-Oct-19,Shoppers told to avoid North Sea cod to sustain fish stocks
5-May-18,Ex-BHS owner unable to afford lawyers in pension conviction appeal
22-Oct-18,Siemens boss expected to pull out of Saudi conference over Khashoggi death
4-Mar-20,"More than 1,000 Barclays jobs hit by staff shake-up"
12-Jun-18,Christian Louboutin wins ECJ ruling over red-soled shoes
31-Jan-20,‘A romantic gift’: the sites offering hotel stays by the hour
14-Jun-18,MPs call for scrutiny of PwC auditing of Philip Green's retail empire
15-Aug-18,Berat Albayrak: the Jared Kushner of Turkey tackles its crisis
19-Jan-18,Davos gathering prompts locals to cash-in and leave
17-Mar-20,How is coronavirus affecting your high street?
24-Aug-18,"Ban diesel cars from cities, say half of UK drivers in poll"
20-Jan-19,Mike Ashley in talks over rescue bid for struggling HMV
26-Nov-18,"Project Syndicate economists  


  Does setting inflation targets cloud our view of the economy?"
3-Jul-19,FCA proposes ban on cryptocurrency products
6-Dec-18,Is the gig economy all it's cracked up to be?
9-Oct-19,Chef Tom Kerridge says £32.50 fish and chips 'easily justifiable'
19-Mar-20,UK firms scrap dividend payouts to protect against disruption
8-Feb-18,"Redrow chief: huge Persimmon bonuses ‘very, very wrong’"
19-Jan-20,"If the UK doesn’t act now, the car industry will vanish"
10-Jan-18,Government admits plans in place for Carillion collapse
8-Feb-18,ECB official backs bitcoin clampdown
25-Aug-19,UK fracking site experiences second tremor in a week
11-Nov-18,Remember when the unions could take on a dictator? These three do...
8-Nov-18,"Nils Pratley on finance  


  Persimmon chief's £75m bonus was 'issue' never likely to disappear easily"
15-Nov-19,Watchdog attacks Tory and Labour minimum wage proposals
6-Jun-19,IMF tells US record growth is costing average citizens dear
18-Nov-19,Iran supreme leader backs petrol price rises as protests spread
2-May-19,Federal Reserve snubs Trump by refusing to cut interest rates
19-Aug-19,Call for cut in stock market trading hours to aid working parents
29-Sep-19,China moves to stem damage from trade war with US ahead of talks
6-Nov-19,Spinal Tap creators settle lawsuit with Universal Music over copyright dispute
22-Mar-20,Coronavirus UK: Boris Johnson announces closure of all UK pubs and restaurants
23-Sep-19,Thomas Cook costs and Quaker ethics
6-Mar-18,"UK airlines urgently need transition deal, warns Philip Hammond"
27-Apr-18,UK economy suffers weakest period of GDP growth in five years
24-May-18,Uber shuts down self-driving operation in Arizona after fatal crash
25-Dec-18,Deliveroo criticised for sacking 100 couriers days before Christmas
10-Jan-19,"Jaguar Land Rover may cut up to 5,000 jobs"
10-Nov-19,"Bras for £2, pyjamas for £5 … how low, low prices keep Primark tills ringing"
7-Jun-18,"High street 2018: a tale of lost shops and at least 35,000 jobs at risk"
31-Mar-20,UK examines ways to make writing wills easier during Covid-19 crisis
19-Apr-18,WPP contacted by FCA to check if it is in breach of laws
31-Jan-19,Hospitality abuse: new website to encourage workers to speak out
25-Mar-19,French Muslim group suing Facebook over Christchurch video
21-Apr-20,"Project Syndicate economists  


  EU should use perpetual bonds to finance Covid-19 recovery fund"
6-Nov-18,"Asda, Morrisons and Sainsbury’s cut petrol prices by up to 2p a litre"
12-Feb-18,Trump pledges to fix infrastructure but $200bn plan falls well short
23-Mar-20,Coronavirus: giant UK pension fund says it is protecting small savers
1-May-18,Never felt more like singing the blues: Gibson guitar firm files for bankruptcy
18-May-18,NHS privately planning to develop Royal Free nurses' home into luxury flats
20-May-20,Coronavirus fallout to slow global growth in renewable energy
20-Apr-20,Workers without degrees hardest hit by Covid-19 crisis - study
9-Oct-18,'It's as if we’ve never seen a doughnut': Dublin gets a sugar rush for Krispy Kreme
1-Mar-19,"MWC 2019: folding wrist phones, 5G and quintuple cameras – 8 standout gadgets"
19-Mar-20,Will coronavirus lead to drug shortages for the NHS?
1-Mar-20,Markets expected to fall further as coronavirus hits China's economy
14-Feb-18,Network Rail says it will cut train delays by 15% in £47bn plan
13-Sep-18,IFS: UK wages have not recovered to pre-crisis levels
30-Apr-18,Hermes faces legal fight with some drivers over worker rights
14-May-20,Cruise firm Carnival slashes jobs and pay in face of Covid-19 crisis
23-May-18,Is the railway timetable change on the right track for passengers?
3-Sep-19,Pound falls to lowest level in three years as Brexit clash looms
30-Dec-18,Wells Fargo to pay $575m settlement for setting up fake banking accounts
6-Apr-18,China threatens 'Trump country' with retaliatory tariffs ahead of midterms
22-Feb-18,Earliest ever British strawberries arrive on supermarket shelves
10-Nov-19,Billionaires fear Warren and Sanders – but they should fear us all
11-Apr-20,Oil prices fall again despite Opec+ deal to cut production
5-Feb-20,Autonomy founder Mike Lynch submits himself for arrest
20-Nov-18,"Bitcoin price plunges below $4,500 mark in new 2018 low"
10-Mar-20,Coronavirus live  US announces economic measures after markets plunge on virus fears – as it happened
19-Feb-18,Apocalypse now for Britain’s retailers as low wages and the web cause ruin
1-Oct-19,Two-tier workforce: WeWork protests show dark side of outsourcing
17-May-20,UK to publish draft treaty in effort to reboot Brexit process
17-May-19,Business live  Trade war: China blasts US over Huawei blacklisting – as it happened
8-Jun-18,M&S cancels board bonuses amid profits plunge and shake-up
19-Jan-18,MPs on both sides back tax break for referendum campaign donors
22-Jan-18,Business made simple  Virtual reality and Mr Men books: companies reveal their unusual recruitment tools
25-Oct-19,Prince Charles calls on City finance to fight climate emergency
17-Oct-18,Open coalmine near Africa's first nature reserve divides community
3-Oct-18,Toyota says hard Brexit would halt UK plant as BMW warns over Mini
9-Mar-19,The verdict on 10 years of quantitative easing
9-Sep-18,Energy bills: keep up the heat even though there’s now a cap
31-Jul-18,Business live  City watchdog to take no action over RBS mistreatment of customers - as it happened
28-Nov-18,Labour plans to give customers of big firms vote on boardroom pay
28-Apr-20,Norwegian Air says most of fleet will stay grounded until 2021
4-Dec-18,"Europe's tech startups suffer from 'diversity debt', survey finds"
3-Apr-20,"US unemployment is up by 3,000% in just three weeks. Congress must act"
12-Dec-18,Rolls-Royce to stockpile parts in case of hard Brexit
24-Feb-20,"Die another day: however ugly the figures, Aston has survived again"
10-Sep-18,"Four-day working week for all is a realistic goal this century, unions say"
6-Mar-19,Firm in NHS row over cystic fibrosis drug paid almost no UK tax
10-May-19,Other lives  Audrey Simpson obituary
11-Nov-19,TSB 'may close up to 100 branches and put 400 jobs at risk'
6-Dec-18,BT removing Huawei equipment from parts of 4G network
13-Mar-20,City watchdog bans short selling of Italian and Spanish shares
26-Nov-19,'They're profiting off pain': the push to rein in the $1.2bn prison phone industry
9-Nov-18,Ryanair plane impounded in France in row over illegal subsidies
20-Jan-19,"World's 26 richest people own as much as poorest 50%, says Oxfam"
31-Aug-18,Wonga made borrowing too easy – none of us will mourn its demise
19-Dec-19,Fossil fuels fall to record low proportion of UK energy mix
10-Mar-20,How will the stock market fall affect my personal finances?
21-Jan-19,David Attenborough tells Davos: ‘The Garden of Eden is no more’
25-Sep-18,Pret a Manger sued in US for labelling products containing pesticides as 'natural'
14-Dec-18,Business live  Pound falls after May's Brexit blow in Brussels - as it happened
22-Dec-19,Nasa and Boeing confident Starliner capsule will land safely
17-Jan-18,"Interserve is not the next Carillion, says UK government"
25-Feb-20,England north-south divide set to grow with smaller towns worst hit
3-Jul-18,"Nils Pratley on finance  


  Tesco and Carrefour alliance sounds like a tough gig for suppliers"
10-Feb-18,Justice in the factory: how Black Lives Matter breathed new life into unions
22-Oct-18,Italian bank fears expected to grow after debt downgrade
22-Jun-20,Fate of $1bn in Venezuelan gold hangs in balance at high court
19-Oct-18,Persimmon CEO walks away from interview when asked about £75m bonus – video
22-Jan-19,"Nils Pratley on finance  


  Come on Sir James, future-proof Dyson against what?"
18-Sep-19,Sir Michael Edwardes obituary
19-Jul-19,"Nils Pratley on finance  


  Where Asos profits will come from is anyone's guess"
22-Nov-18,New price cap plan to stop excessive rent-to-own fees
18-Mar-18,Fiona Phillips: I was paid far less on GMTV than Eamonn Holmes
28-Aug-19,Boris Johnson's words on UK battery sector 'not matched by action'
24-Jun-19,Straight outta Brompton: company predicts ebikes future
3-Dec-19,"Sky to create 2,000 jobs with new Elstree TV and film studio"
3-Nov-19,My time on The Apprentice taught me a lot about black men in business
19-Mar-20,The most vulnerable people are missing out in panic-buying spree
13-Feb-19,Liberty London department store could be sold for £350m
10-Feb-20,Waitrose to launch charm offensive as Ocado switches to M&S
21-Dec-17,Last-minute Christmas shopping guide: there is still time to save the day
17-Jan-18,Brexit uncertainty prompts employers to cut graduate jobs
20-May-20,"Nils Pratley on finance  


  Treasury finally closes bonus loophole to firms receiving Covid-19 loans"
30-Nov-18,Collapsed Intu bid reveals bricks-and mortar retailers' fight for survival
16-Dec-19,"Who needs a $120,000 banana when you can get a $120,003.99 Popeyes sandwich?"
25-Sep-18,Outclassed: the secret life of inequality  #MeToo's hidden activists? Working-class women
4-Nov-19,"If the rich don’t pay tax, they’re welcome to leave"
20-Oct-19,Boeing may have ‘unknowingly’ misled regulators about crash-linked software
17-Sep-19,Lack of decent jobs fuels UK drugs trade
13-Oct-19,"Financial leaders must prepare for risks such as Brexit, says regulator"
11-Jun-18,Women in technology  Starling Bank founder: improve diversity in banking to avoid another financial crisis
12-May-20,Carmaking starts up again as Bentley and Toyota workers return
26-Jul-18,Does Facebook's plummeting stock spell disaster for the social network?
17-Oct-18,"UK pay growth rises to 3.1%, the highest in almost a decade"
5-Jun-19,Sir Philip Green agrees to put £25m into Arcadia pension fund
1-Jun-18,Brief letters  Let’s have three strikes at the dispatch box too
6-Mar-19,"Troika laundromat  UK partnerships moved billions through Baltic to Europe, data shows"
24-May-18,Tiffany's regains its lustre as focus on youngsters drives sales surge
10-Jun-19,Regulator asked by MPs to reveal details of contact with Neil Woodford
5-Jan-18,One female director for every 22 men: Hollywood's stark diversity problem
3-Jun-19,Global airline industry cuts profit forecast by more than a fifth
21-Jan-19,"North-east England will be hit hardest by no-deal Brexit, says CBI"
19-Apr-18,Black men arrested at Philadelphia Starbucks feared for their lives
25-Aug-19,"The £45,000 deposit for our first home was stolen and the banks did nothing"
11-Oct-18,Patisserie Valerie faces '£20m accounting hole' and winding up order
7-Jun-18,"Nils Pratley on finance  


  Philip Hammond jumps the gun with RBS shares sale"
12-Mar-19,Ethiopian Airlines crash: Boeing faces safety questions over 737 Max 8 jets
17-Sep-18,Boohoo boss in line for £50m bonus if share price rises by 180%
21-Feb-18,Business live  FCA chair-elect admits 'error of judgment' over tax avoidance vehicle – as it happened
16-Jan-18,MPs demand action on electrical white goods safety
13-Jul-18,The long read  Nevis: how the world’s most secretive offshore haven refuses to clean up
20-Oct-19,"Goliath review: Wall Street, Main Street … and Warren as McGovern 2.0?"
13-Aug-19,ExxonMobil plans £1.6bn sale of North Sea oil and gas stakes
2-Dec-19,Fossil fuel lobbyists push to dilute EU anti-greenwash plan
14-May-19,"Nils Pratley on finance  


  Metro Bank's attempts to carry on as normal are getting ridiculous"
28-Apr-20,Consumer champions  Why is Eurostar setting a deadline for using its vouchers?
28-Mar-18,Business breakthroughs  'It just went mad' - meet the people behind the popcorn boom
4-Oct-18,Robin Hood of the Alps pays for costly mistake after banking on trust
31-Jan-18,Business made simple  Worried a robot will replace you? Treat AI as an opportunity
31-Dec-19,Carlos Ghosn's escape puts spotlight on the former aide left behind
5-Mar-19,EU banks could face panicky trading after no-deal Brexit
10-Mar-20,St Albans firms in group appeal against soaring business rates
23-Oct-19,Roman Quaedvlieg to be first witness at hearings into Crown corruption allegations
29-Mar-19,City watchdog fines Goldman Sachs £34.4m for misreporting
23-May-18,Fox told to engage with Comcast despite rival bid benefit to Murdoch
4-Feb-18,Observer New Review Q&A  Alex Gibney: ‘Every business Trump touched withered and died’
12-Jun-18,Brexit is a red herring when it comes to the plight of UK fishermen
27-Feb-20,"If it were up to small business owners, Trump would get his second term"
3-Jul-19,"Belfast could be Singapore-style tax-free zone, says Johnson"
21-May-18,Shell faces shareholder challenge over climate change approach
11-Nov-18,New Goldman Sachs boss faces 1MDB fallout
8-Jun-20,Lookers auditor resigns as car dealership delays results again
19-Jul-18,"Don’t give Manchester town hall project to cladding-row firm, say residents"
26-Apr-20,Alone and disconnected: the woman left unable to call her dying partner
23-Aug-18,British universities criticised over pursuit of Egyptian links
22-Feb-18,"Brexit will knock 5% off wage growth, says Mark Carney"
1-Oct-18,"Project Syndicate economists  


  How the IMF can manage the global economy better"
7-Jun-19,Bank overdraft fees: all you need to know about the changes
11-Sep-18,Morality is the new profit – banks must learn or die
13-Mar-20,Business live  Wall Street and FTSE 100 plunge on worst day since 1987 – as it happened
28-Sep-18,TUC wants clampdown on 'poverty pay' in gig economy jobs
27-Jun-19,UK accused of ignoring obligations on aviation emissions
4-Jun-20,British Airways shuns Priti Patel meeting over quarantine plans
4-Jan-19,Ex-Credit Suisse bankers arrested in $2bn fraud investigation
13-Feb-20,Touts found guilty of fraud over £11m ticket reselling scheme
3-Dec-18,British Gas engineers rebel against pension changes
18-Nov-19,John Lewis to offer 'experience playgrounds' in bid to reinvent stores
3-Dec-19,Climate emergency: Lagarde says ECB must step up action
19-May-20,German company allegedly cons Warren Buffett out of €643m
1-Mar-19,Business live  UK factories stockpile at record pace; Canada joins global slowdown - as it happened
12-Apr-18,The upside  World's first electrified road for charging vehicles opens in Sweden
1-Dec-19,"Business leader  


  To drive out the tax avoiders, the EU must reimburse states that depend on them"
19-Apr-18,Centenarian club: wealthiest investors expect to reach 100
25-May-18,UK retail sales come in from the cold with a 1.6% rise in April
10-Jul-20,Royal Mail fined £1.6m for late deliveries and stamp overcharging
17-Mar-20,Which? calls for all banks to adopt anti-fraud measures
19-Jun-20,Life in the time of corona  Air travel during the pandemic: what should I know – and how safe is it?
2-May-19,Business live  US Federal Reserve rejects Trump's pressure and leaves rates unchanged -as it happened
16-Jul-19,Pearson shifts to Netflix-style subscription model for textbooks
13-Nov-19,'Heavenly' Italian beach to charge entry fee to cut overcrowding
16-Jan-18,The Guardian view on Carillion: reaping the consequences of corporate greed
3-Jul-18,"Business running out of patience on Brexit, warn City organisations"
22-Jan-20,"Lloyds, Halifax and Bank of Scotland to charge overdraft rate of up to 49.9%"
5-Jun-19,Packaging-free trial: Waitrose hits the ground running
3-Feb-19,"Observer business agenda  


  Disney superheroes join battle of the streaming services"
7-Jan-20,Sajid Javid focuses on 'decade of renewal' as 11 March budget date set
4-May-20,Small firms inundate UK banks with coronavirus loan requests
4-Jun-19,Labour could speed up plans to reveal details of UK property owners
10-Jul-18,"Cool down nuclear plan because renewables are better bet, ministers told"
11-May-18,Business live  Bank of England governor Mark Carney defends leaving interest rates on hold again - as it happened
9-Apr-20,"Nils Pratley on finance  


  Rishi Sunak should take a share of blame for Tesco dividend anger"
23-Jan-20,World Bank chief's Davos snub dashes hopes of climate consensus
26-Feb-18,Newsquest targets Archant as newspaper consolidation gathers pace
31-Dec-17,UK housebuilders to prefabricate hundreds of homes in factories
24-Jun-20,"White household income in UK 63% higher than black households, ONS finds"
1-Feb-18,Facebook posts $4.3bn profit as Zuckerberg laments 'hard year'
28-May-19,Ex-Tesco boss backs Liverpool arts school
21-Nov-19,Saudi Arabian oil firm Aramco hires 25 banks to work on flotation
21-Feb-19,Just Eat shares slide as rival Uber Eats delivers cut in fees
25-Jun-18,Jeremy Hunt hits back at Airbus over Brexit warnings on jobs
16-Jul-20,UK banks may have to flag up plans to shut branches or cash machines
5-Nov-18,Traidcraft eyes young ethical consumers with rescue plan
30-May-19,BoE warns markets may be underplaying risks to global economy
17-Jul-18,A hotline to Satan: why is the ex-CEO of Vodafone making a film version of Faust?
5-Sep-19,Sajid Javid promises largest spending rise in more than 15 years
21-Jan-18,Readers' hopes for 2018: what would you like us to cover this year?
24-Oct-18,EU and Italy face off over populist government's budget
1-Apr-20,UK banks agree to scrap £8bn dividends amid recession fears
17-Jan-18,The IMF has choked Tunisia. No wonder the people are protesting
12-Feb-18,Barclays Bank charged again by SFO over Qatar loan
17-Jun-20,Business live  Global stocks extend rally as UK inflation eases - as it happened
4-Sep-18,Business live  Pound falls as UK factory growth stumbles and Brexit uncertainty grows - business live
17-Apr-18,"M&S to close distribution centre, putting 450 workers at risk"
12-May-20,Easing lockdown: outdoor meetings just one of the back-to-work guidelines
10-Sep-18,Digested read  21 Lessons for the 21st Century by Yuval Noah Harari – digested read
1-Oct-18,Co-op extends price guarantee in funeral battle with Dignity
7-May-19,Adani refuses to commit to size of 'scaled-down' Carmichael coalmine
24-Jun-20,Timber from unsustainable logging allegedly being sold in EU as ethical
29-Oct-18,Warpaint London says pre-Christmas slump has dented profits
1-Apr-20,Government set to make decision on UK's largest coalmine
19-Nov-18,Will Generation Z buy into high streets’ latest effort to lure shoppers?
29-May-19,Netflix and Amazon score billion pound revenue in battle with UK broadcasters
5-Feb-20,Vodafone to remove Huawei from core European networks
7-Dec-18,Ted Baker boss was given formal warning for shoving executive
11-Dec-19,"The empty doorway  


  Homelessness is a national disgrace. Let’s make Britain humane again"
11-May-20,Pubs fear disaster after being left out of plans to ease lockdown
27-Sep-19,"Blaming pilots for ailing profits could lead to more strikes, BA told"
26-Apr-18,"Guardian Brexit watch  


  Is it time to raise interest rates? Experts debate the Brexit watch data"
Apr-18,GKN will be stripped and sold for parts by ghouls who have no interest in making things
15-Sep-19,"Economics viewpoint  


  Labour's tax on City deals would be a big vote winner"
9-Dec-19,Joe Biden: prosecute companies that stop workers forming unions
8-Apr-20,"Coronavirus putting world on track for new Great Depression, says WTO"
10-May-18,EU rushes to arrange crisis meeting with Iran over nuclear deal
21-May-20,Changing the way food is grown and paid for
18-Feb-19,Flybmi passengers: what rights do they have?
11-Aug-19,'I never slept a wink': an ill-fated trip on the Caledonian Sleeper
12-May-20,Business blog  Global shares fall as optimism fades on coronavirus lockdown easing – as it happened
14-Aug-19,US politics live  Stacey Abrams decides not to run for president in 2020 – as it happened
14-May-20,"Right now, the only thing staving off a collapse in the social order is the state"
10-Jan-19,"Viewpoint column  


  Don't blame job losses at Jaguar Land Rover and Ford on Brexit"
20-Jan-19,China's economic growth slowest since 1990 amid trade war with US
1-Feb-18,Contingency plans being made for Barnet's contracts with Capita
20-Aug-18,"Economics viewpoint  


  Greece's bailout is finally at an end – but has been a failure"
17-Dec-17,Hundreds to lose jobs as Britvic shuts down Norwich factory site
11-Apr-18,"Littlewoods owner to close three sites putting 2,000 jobs at risk"
7-May-19,East London council claims victory with deal on NatWest loans
21-May-20,UK economy set for slow rebound from 'unprecedented slump'
29-Aug-19,Big supermarkets still selling knives to children
4-Mar-19,"'Sizeable compensation': Adani could sue if leases cancelled, executive says"
29-Oct-18,Key points from budget 2018 – at a glance
4-May-20,"When lockdown eases, don't rely on the goodwill of bosses to keep their staff safe"
9-Dec-18,Turkey reprieve: one in 12 dream of meat-free Christmas dinner
28-Mar-19,Deutsche Bahn to sell UK rail and bus operator Arriva
2-Jan-20,Government misses minimum wage target set by Tories in 2015
11-Oct-18,Leading film industry figures join forces to launch London Screen Academy
12-Jun-18,"Chuka Umunna, there’s no excuse for unpaid ‘student placements’"
15-Aug-18,Elon Musk's tweets investigated for possibly breaking law: reports
7-Jun-18,Poundworld prepares to appoint administrators in bid to avert collapse
10-Sep-18,Ask the experts: homebuying  I think an estate agent has misled me – can I recover my costs?
27-Nov-18,Business live  Carlos Ghosn ousted as Mitsubishi chairman; Draghi warns eurozone is slowing - as it happened
5-Sep-19,London's 19% economic surge underlines divide with rest of England
3-Mar-18,E.ON hikes bills for 1m customers on coldest spring day on record
28-Feb-18,Toys R Us and Maplin: what are consumers' rights?
12-Oct-18,IMF boss defends Federal Reserve after Trump calls it 'crazy'
26-Jan-18,John McDonnell: I'm in Davos to tell the elite they are held in contempt
10-Apr-19,The Guardian view on crowdfunding schools: lessons in unfairness
11-Mar-20,Chancellor boosts high earners with action to end pensions ‘tax trap’
2-Jul-18,"'We're righting a wrong,' say the artists taking on YouTube"
17-Mar-20,Coronavirus: UK must ramp up public spending in 'wartime situation' – budget watchdog head
22-Jun-18,Greg Clark: securing free movement for UK workers in EU is vital
18-Sep-19,Car dealer Pendragon predicts bleak year as it reports first-half loss
17-Feb-19,Oscars reverses plan for ad-break presentations after industry outcry
30-Dec-18,Brexit page-turners are flying off the shelves
16-Mar-20,Planning applications for UK clean energy projects hit new high
16-Dec-18,UK fracking policy faces court challenges
13-Feb-19,Business leaders demand May answers 20 questions on trade
25-Jan-19,"No-deal Brexit will disrupt UK economy, says Philip Hammond"
28-Jun-18,CO2 shortage spreads to crumpets as Warburtons hit by crisis
11-Oct-19,WeWork founder Adam Neumann loses multibillionaire status
1-Jun-18,Capita and FDM Group face legal action from former employees over exit fees
8-Nov-18,Wanted: radical economist to boost UK economy. Cash prize: £150k
27-May-18,"Observer business agenda  


  RBS’s profits offer the boss some shelter from shareholders"
13-May-20,UK furlough Q&A: All you need to know about the coronavirus job retention scheme
5-Nov-18,"Ryanair was 'woeful', say lawyers for racially abused passenger"
15-Jun-18,The private-public model is still the best option for our railways
26-Mar-19,British Airways flight to Düsseldorf lands in Edinburgh by mistake
20-Apr-20,"William Keegan's in my view  


  The time is ripe for a coronavirus coalition government"
23-Mar-20,Rishi Sunak has given us wartime finance fit for wartime economic conditions
5-Aug-18,"Observer business agenda  


  Cineworld’s US gamble looks like a winner as Brits hit the beach"
18-Oct-18,"Thatcher, Noor Inayat Khan ... or Del Boy? Battle launched to be face of new £50"
5-Feb-18,Janet Yellen disappointed Trump did not propose second term as Fed chair
24-Nov-19,UK companies hit by sharpest activity drop since Brexit vote
24-May-20,It's tough out there. But some small businesses have prospered
1-Apr-20,British American Tobacco working on plant-based coronavirus vaccine
7-Jun-19,Why tariffs could be Trump's undoing
12-Oct-18,Sky chief executive receives £37m after Comcast takeover
21-Oct-18,"Austerity harms hunt for sexual abuse gangs, says ex-prosecutor"
15-Sep-18,"Big banks must never again be 'master of the economy', John McDonnell to warn"
28-May-20,Daily Mail owner's print advertising revenues plunge by 70%
5-Nov-19,Anger as government lists Grenfell firm as approved contractor
22-May-18,Food industry in England fails to meet sugar reduction target
5-Oct-18,World markets rattled by US inflation concerns
4-Oct-18,"Nils Pratley on finance  


  Aston Martin's reverse shows there is still too much hype in flotations"
1-Jun-18,Business live  World leaders hit back at Trump over 'totally unacceptable' tariffs – as it happened
19-Mar-20,'Suddenly I have no paycheck': layoffs and cuts for workers rocked by coronavirus
3-Dec-19,Consumer champions  Why does John Lewis act as if it is above the law?
12-Jan-18,Online fashion retailer Boohoo doubles sales over festive period
12-Oct-18,Coast fashion chain closes high street stores
20-Aug-18,It’ll take more than shopping to save our debt-addled economy
13-Jan-19,"Observer business agenda  


  Can Persimmon start building a better reputation?"
18-Mar-19,"Banks discriminating against the vulnerable, finance expert says"
15-May-19,Greggs' vegan sausage rolls fuel profit boom
9-Jun-20,"Britain will not seek to extend Brexit transition period, says minister"
9-Sep-19,"William Keegan's in my view  


  The reality of no-deal Brexit can no longer be distorted"
27-Feb-18,Guardian Opinion cartoon  Martin Rowson on Jeremy Corbyn's Brexit speech – cartoon
29-Jan-18,Superdry founder bags £18m after Brexit profits boom
9-Sep-18,Have the 'too big to fail' banks really met their Waterloo?
14-Jan-20,UK house sales rising after Boris Johnson's election win – Savills
22-Apr-19,"William Keegan's in my view  


  Europe’s patience with bumbling Brexit Britain is remarkable"
24-Apr-19,Names in the frame to be Bank of England governor
29-May-18,‘Worst store’ in Britain? Here’s why I still love WH Smith
18-Jul-19,Slug & Lettuce owner to snap up UK's biggest pub chain for £3bn
5-Mar-19,"Nils Pratley on finance  


  Going out of fashion? There's staleness in the Ted Baker boardroom"
9-Mar-18,Minister criticises 'snowflake' artists who opposed arms firm sponsorship
13-Aug-19,National Grid 'had three blackout near-misses in three months'
6-Jan-20,Observer business agenda  Black Friday is the thief of retailers’ Christmas gladness
6-Dec-19,UK house prices rise despite uncertainty over Brexit and election
23-Mar-20,The Fed is running out of options to stave off a coronavirus depression
18-May-18,Hotel Chocolat fires new salvo at Waitrose in chocolate war
1-Oct-19,Thomas Cook auditors investigated by accounting watchdog
30-May-18,"It might now belong to billionaires, but I laud Pret for its people power"
5-Mar-20,British Gas and VW unveil three-year electric vehicle deal
3-Jan-19,New lithium hydroxide factory in Western Australia wins federal approval
14-Nov-18,It took a UN envoy to hear how austerity is destroying lives
5-Apr-20,What do UK firms think of Sunak’s emergency Covid-19 loan scheme?
18-Dec-17,Ryanair pilots suspend one-day strike in week before Christmas
24-Feb-19,"Are you being scanned? How facial recognition technology follows you, even as you shop"
5-Feb-19,Apple to pay 10 years of back taxes to France
29-Oct-19,The fight to stop Nestlé from taking America's water to sell in plastic bottles
28-Sep-19,"Money talks  


  Five figures that show why you should be worried about pensions"
22-Oct-18,Staff in line for payouts after Morrisons loses data leak appeal
10-Feb-18,Power firms win UK subsidies for new electricity cables across the Channel
12-Aug-19,Asda signs up its fridges to keep the UK warm this winter
1-Dec-19,"Shenzhen, vaping capital of the world, holds its breath as health concerns spiral"
6-Mar-18,How to prevent a Brexit food crisis? Dig deep for fair pay on farms
8-Jun-20,US has officially entered first recession since 2009
9-Oct-18,Even Tory councils are now calling on ministers to ease the pain of cuts
18-Dec-19,Pound slides to pre-election levels in wake of bid to outlaw Brexit extension
6-Mar-20,Why UK high street retailers want urgent reform of business rates
3-Apr-20,PlayStation and Moonpig's UK sales soar amid virus crisis
Apr-18,Ex-Uber boss was paid $4m by investor that acquired 17.5% stake
17-Jan-18,"Four lessons the Carillion crisis can teach business, government and us"
31-Jul-18,Cities of the New Silk Road  Follow the New Silk Road
24-Mar-20,Some travel firms and airlines refusing to issue refunds – Which?
30-Dec-19,Number of teenagers starting businesses up eightfold since 2009
9-Jan-19,Sears liquidation looms after $4.4bn takeover deal faulters
23-Mar-20,BlackRock pledges $50m for vulnerable people during Covid-19 outbreak
22-May-18,"Tesco shuts its non-food website, Tesco Direct"
25-Apr-18,"Nils Pratley on finance  


  Did high cost of further delay make TSB upgrade too soon?"
30-Jan-18,Independent booksellers could join forces to compete with chains
19-Nov-18,Brief letters  Spending a penny during Welsh winter
20-Dec-19,Fighting fatbergs: 'This is now a huge environmental issue'
15-Sep-19,Council investment in shopping malls surges to £1bn
19-Dec-19,EU court rules Airbnb does not require estate agent licence
19-Jun-18,Visa admits 5m payments failed over a broken switch
22-Apr-20,Legal & General warns firms to act fairly during coronavirus crisis
2-Jan-20,"US election, Brexit and China to sway the markets in 2020"
29-Jan-18,Presidents Club scandal: property firm loses major backer
6-Nov-19,Tories blocked from using Treasury to attack Labour plans
29-Jan-19,Discovery of biggest UK gasfield in a decade raises industry hopes
15-Oct-19,"Telstra chairman defends executive pay, saying 'kids are earning $5m playing Fortnite'"
20-Oct-19,Regulator acts after ‘illegal’ airport parking scheme collapses
27-Dec-18,Sir Martin Sorrell: Facebook row hasn't deterred advertisers
26-Jun-19,Ikea gets green light to build affordable homes in UK
16-Nov-18,UK banks urged to justify 'staggering' level of branch closures
26-Jan-18,Channel 4 hits sweet spot with Bake Off as it seeks new sponsor
6-Mar-19,Just Eat and HelloFresh tap into appetite for home-delivered food
17-Mar-20,Skywriting and skytyping could return to UK skies
13-May-19,Tax season was good news for small businesses – and bad for job seekers
21-Aug-19,UK tech firms secure record amount of foreign investment
26-Mar-19,IMF chief joins calls for big tech firms to pay more tax
30-Dec-19,Tesla delivers first China-made cars from $5bn Shanghai factory
5-Jan-18,Will a 25p charge change Britain's throwaway coffee cup culture?
25-Feb-20,Farmers pile pressure on UK government over chlorinated chicken
21-Feb-18,"Nils Pratley on finance  


  Who presided over the RBS scandal?"
8-Oct-19,Recruitment firms warn Brexit and China trade war will hit profits
4-Nov-19,McDonald's chief executive out over relationship with employee
3-Oct-19,Ted Baker shares plunge as it suffers £23m first-half loss
28-Nov-18,Fed chair Jerome Powell softens line on interest rate rises after Trump attack
14-May-20,Chinese threat prompts calls for UK to toughen company takeover laws
4-Jun-20,"UK car industry's 2,000 job cuts underline gloomy prospects"
13-Mar-20,'Hammer blow': UK live music sector faces coronavirus disaster
8-May-20,US Nasdaq index recovers all of 2020's losses triggered by Covid-19
14-Apr-19,"The problem with Debenhams – it’s not just indebted, it’s dull"
25-Jul-19,Unilever warns it will sell off brands that hurt the planet or society
2-Jun-20,The government's new film production guidelines risk massive damage to UK industry
28-Feb-18,"Nils Pratley on finance  


  Comcast's cute timing has tangled Rupert Murdoch's Sky plans"
25-Feb-19,UK and US agree post-Brexit derivatives trading deal
23-Mar-18,EasyJet suspends pilots over dancing cartoon cockpit video
9-Feb-19,Mike Ashley makes surprise bid for Patisserie Valerie
16-May-18,Deliveroo to give staff £10m share pot – but couriers will miss out
25-Mar-20,Stock markets rally after Federal Reserve starts printing money
15-Apr-20,A whopper? Watchdog bans ads for Burger King 'vegan-suitable' Rebel
29-Oct-19,Britannia Hotels rated sector's worst chain for seventh year in a row
7-Jun-18,"Business live  House of Fraser to shut half its stores, costing up to 6,000 jobs - as it happened"
19-Jul-18,Premier Foods may sell brands to calm shareholders
21-Mar-18,"Facebook, Google and Amazon could pay 'fair' tax under EU plans"
27-Apr-18,Snapchat hopes for second time lucky with new Spectacles launch
6-Aug-19,Barneys New York files for bankruptcy
25-Nov-18,"Economics viewpoint  


  Tories need to be better than tepid over UK's industrial strategy"
21-Nov-19,"WeWork announces 2,400 employees to lose their jobs"
16-Jan-19,'We're about to be thrown under a Boris bus': businesses on a no-deal Brexit
3-Jan-19,Let’s make 2019 the year of a green new deal
18-Nov-18,William Goldman obituary
16-Dec-19,Consumer champions  Halifax has been a pain over moving cash between my accounts
1-Feb-18,Ex-BHS boss Dominic Chappell issued with £10m pension bill
31-Jan-20,PG Tips and Lipton Tea poised for sale as young people switch to coffee
4-Jan-19,Eurostar expands London-Amsterdam service to three trains a day
28-May-19,Hopes of saving British Steel rise as potential buyers emerge
24-Apr-18,TSB online banking failure prompts complaints
6-Jan-20,Transport for Wales is on the right track
8-Apr-19,Nissan shareholders sack Carlos Ghosn from company board
23-May-18,"Nils Pratley on finance  


  M&S's latest 'radical' restructure may not be bold enough"
28-Nov-19,TRNSMT music festival boss: 50-50 gender balance is 'a while' away
18-Feb-20,"HSBC to cut 35,000 jobs worldwide as profits plunge"
30-Apr-20,JD Wetherspoon plans to reopen pubs in June
24-Feb-19,Aston Martin to publish first full-year figures since float
13-Sep-18,"No-deal Brexit could tip UK into recession, warns Moody's"
13-Jul-18,"UK passes 1,000 hours without coal as energy shift accelerates"
16-May-19,How other countries are responding to Trump's Huawei threat
24-Oct-19,"Project Syndicate economists  


  Trump's weaponisation of the dollar could threaten its dominance"
17-Dec-18,Asos shares crash 38% after shock profit warning
16-Jan-19,Asos rival Boohoo draws strong sales from young shoppers
31-Aug-19,"Shop less, live more – save the planet. It doesn’t sound that bad to me"
24-Oct-19,Mike Pence says NBA is 'acting like a wholly owned subsidiary' of China
27-Feb-18,German court rules cities can ban diesel cars to tackle pollution
1-Feb-18,Global demand propels eurozone factories into full throttle mode
24-Apr-18,"Number of zero-hours contracts in UK rose by 100,000 in 2017 – ONS"
27-Feb-18,"Whistleblower warned Carillion bosses about irregularities, MPs told"
23-Jan-19,Marks & Spencer aims for simplicity in womenswear
1-Mar-18,A visit to Toys R Us or Maplin shows why they are doomed
14-Jun-20,Belgian transport minister in row over 34-mile trip in private jet
1-Mar-20,Britain’s economy dangerously exposed as coronavirus fear grips global markets
29-Aug-18,Drawing money: images of Bank print workers go on display
16-Feb-18,"Home ownership among young adults has 'collapsed', study finds"
30-May-19,"Project Syndicate economists  


  Neoliberalism must be pronounced dead and buried. Where next?"
5-Nov-18,Keys to prosperity in the north’s great cities
3-May-20,China and Australia: how a war of words over coronavirus turned to threats of a trade war
30-Apr-20,Facebook reports slowest quarterly growth since going public
13-Mar-19,UK economy rebounds in January despite Brexit uncertainty
5-Mar-18,One in three of UK's top 100 restaurant groups are lossmaking – study
16-Apr-18,One in three UK millennials will never own a home – report
4-Mar-19,Troika laundromat  Q&A: what is the 'Troika Laundromat' and how did it work?
30-Dec-17,Global markets end on record high after adding $9tn in 2017
6-Jul-20,Pret a Manger: full list of stores to close
29-Jan-20,UK supermarkets move to cut antibiotic use in farming
21-Jun-18,Netflix paid no UK corporate tax last year – and got a €200k rebate
10-Dec-19,Mothercare losses deepen as sales continue to slide
10-Aug-18,DNA ancestry tests may look cheap. But your data is the price
14-Oct-18,"It survived a Nazi air raid, but now Patisserie Valerie is in a deep hole"
8-May-20,Ohio urges employers to report workers fearful of returning to work
15-Aug-18,The Guardian view on record employment: Not the whole picture
29-Apr-20,"How will the US reopen? Slowly, bit by bit, but we may never return to 'normal'"
23-Aug-19,Hasbro buys Peppa Pig owner Entertainment One in £3.3bn deal
21-Oct-18,Scottish Power to invest in solar energy for the first time
27-Feb-19,Project Loud France: Rihanna's new fashion label gets a name – and funding
24-Mar-20,Lockdown 'leads gamblers from sports bets to riskier choices'
11-Sep-18,UK GDP growth lifted by hot weather and World Cup
19-Feb-18,Change taxation to build a better society
22-May-18,Is anyone really desperate to see Solo: A Star Wars Story?
14-Mar-19,FCA plans to ban or cap investment platform exit fees
11-Jan-20,Boeing: internal emails reveal chaos and incompetence at 737 Max factory
20-Dec-19,Goldman Sachs 'close to $2bn settlement' over 1MDB scandal
18-Feb-20,Coronavirus live  Japan to trial HIV antiretroviral drugs on Covid-19 patients – as it happened
28-Aug-18,"First thoughts  


  The housing crisis will not be solved by curbing speculation alone"
1-Oct-18,Royal Mail shares plunge after profit warning
27-Nov-18,Property downturn could reduce number of affordable homes built by 25%
14-Oct-18,Saudi shares tumble after journalist's disappearance
20-Nov-19,We need honesty on the pitfalls of freedom of movement
14-Aug-19,The Guardian view on Brexit and the economy: storm clouds on the horizon
9-Feb-18,UK trade deficit grows as oil price rise pushes up cost of fuel imports
14-Aug-18,'We can just pray to God': Turks struggle as lira crisis bites
25-Feb-18,"Yes, I might have wandered, but my heart truly belongs to Colonel Sanders"
8-May-20,Homebuyers 'plotting move to country' amid increased home working
19-May-20,Ryanair chief accuses UK of mismanaging coronavirus crisis
4-Dec-19,"Factcheck  Would Labour really save families more than £6,700 a year?"
11-Apr-18,IMF boss says world trade system in danger of being torn apart
26-Jan-18,'They are like animals': French shoppers brawl over cut-price Nutella
11-May-18,Melrose shareholders revolt against directors' £42m bonuses
13-Nov-19,Monopolies cost Americans $300 a month. We're no longer the land of free markets
1-Feb-18,Industrial landscape should be protected
16-Dec-18,"Observer business agenda  


  Fed chairman in Trump’s sights as interest rate decision looms"
6-Jan-19,"China's faltering economy gives US stronger hand in trade talks, Trump says"
30-Aug-18,Thomas Cook sued over illness at Egyptian hotel before couple died
6-Feb-19,Troubled government contractor Interserve agrees rescue deal
30-Nov-18,Sark agrees deal with power supplier to avert blackout
12-Feb-18,The Guardian view on George Soros: the best of the 1%
8-Feb-18,"‘Illegal, I know’: DPD boss admits using phone while driving – video"
8-Jan-18,Tesco launches own-brand vegan range amid rise in plant-based eating
12-Mar-18,Downbeat reports take shine off UK chancellor's upbeat message
5-Feb-19,"Nils Pratley on finance  


  Is Barclays' activist agitator demanding too risky a U-turn?"
9-Apr-18,Ask the experts: homebuying  Housing association charges 100% fees for selling a shared-ownership flat
23-Jun-20,Jordan smoking rates highest in world amid claims of big tobacco interference
10-Oct-18,"Body parts scandal: serious questions remain, says Labour"
10-Dec-18,Watchdog targets 'anti-competitive' ports deal involving NSW government
25-Jan-20,New York City votes to ban cashless businesses in step against discrimination
17-Jul-18,Love Island did not breach rules showing Dani Dyer's 'distress'
23-Jan-19,"David Davis trousering £96,000 for part-time roles since cabinet exit"
10-Apr-18,Russian firms and rouble hit heavily by Trump sanctions
11-Apr-19,Primark defies high-street exodus with Birmingham megastore
23-Jun-19,Facebook co-founder: Libra currency could give firms excess power
29-Apr-20,Airlines and oil giants are on the brink. No government should offer them a lifeline
28-Mar-18,"Business live  Shire jumps on possible offer from Japan's Takeda, markets nervous after tech shakeout - as it happened"
4-Oct-19,"US adds just 136,000 jobs in September amid signs of slowdown"
19-Jan-18,Macron rebuffs post-Brexit City deal unless UK pays into EU budget
14-Nov-19,Neoliberalism and the European Union
28-May-19,Bernie Sanders to demand Walmart raise 'poverty wages'
30-May-20,"Renault to cut 14,600 jobs as part of €2bn cost-saving plan"
24-Jan-20,Australian who helped Peter Thiel bankrupt Gawker sues ex-business partner
30-Aug-19,Huawei's next flagship phone blocked from using Google apps
19-Jun-20,MPs call for 'triple lock' on pensions to be temporarily suspended
6-Jun-18,Business live  UK government clears Comcast and Fox takeover bids for Sky – as it happened
15-Jan-19,Business live  Recession fears grow as eurozone factories stumble and China's exports fall - as it happened
11-Jul-18,Global investors rattled as all-out trade war moves step closer
8-Nov-19,"Innovative packaging  Recycle, reuse, but don’t always replace: experts debate how to cut plastic waste"
24-Jul-18,"Nils Pratley on finance  


  The City will applaud Ryanair's tough stance only if it gets results"
6-Aug-19,John Lewis and Mac Cosmetics cancel 'back to school' makeup class
28-Jul-18,Twitter stock plunges 20% in wake of 1m user decline
22-Feb-18,"Grogonomics  


  The IMF doesn’t share the government’s heroic growth prediction"
15-Apr-18,Tougher MOT tests from May will put diesel drivers in the line of fire
2-Dec-19,The Guardian's Audio Long Reads  How big tech is dragging us towards the next financial crash – podcast
28-Jan-18,Five things we learned at Davos 2018
1-Aug-19,Holiday chaos looms as attempts by BA to block pilot strikes fail
20-Dec-18,Adani ordered to pay almost $12m for work on scrapped Carmichael rail line
2-Apr-18,"Economics viewpoint  


  Government's Easter pay rise is not all it's cracked up to be"
18-Jan-18,"Apple says it will pay $38bn in foreign cash taxes and create 20,000 US jobs"
25-Sep-18,Former UBS trader to remain in detention as he fights deportation
14-Jan-19,UK advertising market faces recession under no-deal Brexit
30-Sep-19,"Project Syndicate economists  


  Christine Lagarde must jump-start change in Europe's economy"
5-May-18,You're the expert  Should I get rid of my Isa and buy Lloyds Bank shares instead?
6-Jan-18,House of Fraser seeks to cut store size and rent bill after tough Christmas
22-Nov-18,'Thank you is enough': parents discourage festive gifts to teachers
14-Apr-19,Financial Times thrives by focusing on subscriptions
21-Mar-18,Chiltern Firehouse developer bidding to build east London film studio
20-May-19,UK rail timetables change again as industry reels from annus horribilis
16-Mar-19,Carphone Warehouse: are you entitled to compensation?
7-Feb-19,Kid Rock's Made in Detroit restaurant sued over alleged racial discrimination
26-Jun-19,Gavin Woodhouse: entrepreneur says he is ‘a man who delivers’
9-Feb-19,Heathrow stockpiling rubber gloves from EU for post-Brexit searches
26-Feb-19,Guardian Brexit watch  Brexit uncertainty slows economy and raises risk of job losses
1-Aug-19,Ladbrokes Coral hit by £5.9m penalty over vulnerable gamblers
13-Mar-18,"Nils Pratley on finance  


  Melrose’s £8bn GKN bid may succeed – but it's still too mean"
29-Mar-18,Ikea reveals 6.1% gender pay gap for UK retail business
12-Nov-18,Government's FOBT decision influenced by 'discredited' report
27-Mar-19,Regulated online pharmacies like ours can be trusted
28-Feb-19,Labor to establish national fuel reserve to boost emergency stocks
7-Jan-20,Renewables beat fossil fuels on 137 days in greenest year for UK energy
17-Dec-17,The Guardian view on Ryanair’s model: a union-friendly company?
20-Sep-18,This land is your land  Private firefighters and five-star hotels: how the rich sit out wildfires
27-Aug-18,Multiple complaints made to Thomas Cook about hotel where UK couple died
18-Nov-19,"Economics viewpoint  


  Why is UK unemployment still low? We are working longer hours"
24-Feb-19,"Grogonomics  


  We can no longer rely on coal for our future prosperity. We must plan for life without it"
14-May-20,Tesco chief executive handed £6.42m pay package
17-Mar-20,"Dixons Carphone to close 531 stores, with loss of 2,900 jobs"
15-Nov-18,Aston Martin ready to fly car parts to UK if Brexit deal collapses
4-Jun-18,Microsoft is buying code-sharing site GitHub for $7.5bn
1-May-19,"Small business owners: be smart with marketing, and don't mess with LGBTQ"
Apr-18,Corbyn: interests of City speculators put above jobs in GKN takeover
19-Jul-19,Amazon is spending big to retrain employees – and so should you
9-Aug-19,UK car industry in brace position ahead of Brexit deadline
1-Apr-19,"Business live  EasyJet issues Brexit warning, as crisis turns UK into 'laughing stock' - as it happened"
31-Mar-19,"Business leader  


  Raft of woeful forecasts spells an end to Trump’s economic bragging rights"
4-Dec-19,Trump says China-US trade deal could wait until after 2020 election
26-Jan-20,Teenagers campaign for 'traffic light' labels on food packaging
2-Jun-19,Royals to serve as extras in Donald Trump’s victory lap of UK
26-May-19,Monsoon founder seeks CVA to avoid fashion chain's collapse
29-Apr-20,World's stock markets soar on coronavirus treatment hopes
10-Jan-18,Majestic Wine toasts strong sales of English festive fizz
26-Jun-19,FirstGroup chairman to stand down
12-Jun-19,Arcadia: from its roots with Burton in 1903 to near collapse
27-Apr-20,Business live  More than 4m UK workers furloughed during coronavirus crisis - as it happened
11-Feb-20,"HS2 to go ahead, Boris Johnson tells MPs"
23-Jul-18,"No-deal Brexit risks 'civil unrest', warns Amazon's UK boss"
11-Dec-18,The labour market is thriving – but interest rates won't be rising just yet
13-Apr-18,The role of apprenticeships in the UK economy
3-Dec-19,The Guardian view on Boris Johnson’s poverty plan: spread it widely?
10-Jul-20,Other lives  Mike Wilson obituary
29-Oct-19,"Number of IT failures at banks and other firms is unacceptable, say MPs"
4-Aug-18,George Soros-backed firm unveils superfast broadband rollout in UK
6-Apr-18,Fight the power of the frackers by changing energy supplier
3-Apr-18,Spotify goes public with a bang after flag snafu to mark first day of trading
14-Aug-19,Trump says he delayed China tariffs as Christmas gift to US shoppers
1-Mar-19,The evolution of Ernie: the National Savings & Investment machine
30-Dec-18,"Economics viewpoint  


  Things to watch out for in 2019? Doom and plenty of gloom"
5-Mar-19,OxyContin maker Purdue Pharma reportedly exploring bankruptcy
16-Apr-20,UK school and hospital caterers vow to cut meat served by 20%
2-Mar-20,"Post the 2008 crash, there’s not much central banks can do to limit the impact of coronavirus"
13-Jun-19,What impact could oil tanker attacks have on global economy?
3-Jan-18,"Nils Pratley on finance  


  Chris Grayling's soft-shoe shuffle reveals rotten state of UK rail system"
20-May-20,Ice-cream vans return to England's streets as coronavirus lockdown eases
13-Jul-18,Business live  Markets shrug off trade fears but pound falls on Trump Brexit comments - as it happened
25-Sep-19,Germany throws Thomas Cook subsidiary a €380m lifeline
21-May-20,What would negative interest rates mean for mortgages and savings?
22-Aug-18,Chancellor finds extra wriggle room in time for next budget
4-Mar-18,Xi’s wretched turn to despotism is born of frailty. Dictatorship will begin to crumble
7-Sep-19,Brexit chaos 'making business planning impossible'
25-Feb-19,'Proper old-school glamour': Guardian Oscar nominee's week in Hollywood
20-May-20,M&S takes £145m hit on unsold stock as clothing sales fall 75%
4-Jul-20,English pubs pour first pints for customers since lockdown began
7-Feb-19,"No-deal Brexit could revive mobile roaming fees, minister confirms"
30-Jan-20,BBC announces 450 jobs will go in newsroom shake-up
4-Dec-18,Trump takes on General Motors (guess who wins?)
6-Mar-19,"Nils Pratley on finance  


  Brexit won’t bother the City – but everyone else should worry"
16-May-18,"Number of billionaires worldwide surged to 2,754 in 2017"
18-Jan-18,Not to be sniffed at: more Norwegians turn from cigarettes to snuff
6-Mar-18,Thousands of UK homes without water as thaw continues
10-Dec-19,Thousands were paid to use extra renewable electricity on windy weekend
19-Feb-18,"Average price of newly marketed home rises above £300,000 again"
22-Apr-18,What would a base rate rise to 2% mean for your mortgage?
28-Mar-19,Competition watchdog to investigate funeral sector as prices escalate
27-Aug-19,Germany on brink of recession as business confidence nosedives
21-Jan-20,Greenpeace hits out at Davos banks for $1.4tn climate hypocrisy
11-Dec-18,Obsession with grammar schools just leaves poor children behind
8-May-18,The long read  How the chicken nugget became the true symbol of our era
30-Apr-19,US lobbies mobile phone firms in anti-Huawei campaign
7-Sep-19,Why ruin Stonehenge to shave a few seconds off a car trip?
26-Jun-20,Yorkshire building society relaunches 90% mortgages for first-time buyers
29-Nov-18,UK funerals industry under investigation for high prices
14-Feb-19,Passengers loved it but the Airbus A380 never took off with buyers
26-Aug-19,British citizens born in US risk having UK bank accounts frozen
26-Sep-19,Monzo closes premium packaged account to new customers
6-Aug-18,Brief letters  World history seen via a shop window
1-Feb-18,Nice approves life-extending drug for patients with incurable breast cancer
5-Mar-20,US markets in sharp drop amid rollercoaster over coronavirus
15-Aug-18,Turkish lira rebounds as finance minister vows to defend currency
20-Feb-20,"Viewpoint column  


  Conservative majority sent us on a shopping spree? Pull the other one"
11-Sep-19,Margrethe Vestager gets second term in EU competition job
28-Nov-19,"Nils Pratley on finance  


  The great pensions wheeze: why an executive pay revolution hasn’t happened"
23-Dec-18,A disorderly no-deal Brexit will drive business to desperate measures
16-May-19,Why we are troubled by elitist inequality review
8-Jul-20,Rishi Sunak unveils stamp duty holiday and hospitality VAT cut
23-Apr-19,Trump makes U-turn to support Harley-Davidson as profits fall amid tariff war
14-Sep-18,A history of Herbie: the VW Beetle over the years – in pictures
9-Jun-19,Brief letters  Foxed by Basil Brush and his lost decades
29-May-18,WH Smith rated UK's worst high street shop by Which? readers
1-Feb-19,TSB computer meltdown bill rises to £330m
1-Jul-20,Boris Johnson's 'loose change' is hardly Roosevelt's New Deal
22-Apr-19,Shopping centres and DIY stores struggle in Easter sunshine
25-Oct-18,Uproar over fresh delay to £2 cap for bets on fixed-odds betting machines
6-Jun-19,German food minister slammed over Nestlé 'PR' video
11-Apr-20,Coronavirus: 100 days that changed the world  The inequality virus: how the pandemic hit America's poorest
13-Jan-20,Lloyds warns staff to expect first bonus cut in four years
25-Apr-18,Pass notes  Royal Mail’s Shakespeare mix up turns a tragedy into a farce
25-Jan-19,"Business live  George Soros blasts China over AI, totalitarianism and 5G at Davos - as it happened"
6-Aug-18,EU acts to protect firms from Donald Trump's sanctions against Iran
21-Feb-18,The outsourcing cock-up that has left KFC customers feeling peckish
19-Jan-19,Patisserie Valerie locked in talks over banking lifeline
14-Jan-20,Flybe on the brink as government urged to step in
11-Oct-18,"Ten years after its near-collapse, RBS is still a toxic brand"
5-Jul-19,Other lives  Tony Hall obituary
8-Jul-19,"Nils Pratley on finance  


  British Airways fine shows GDPR has given watchdogs teeth"
11-Dec-19,Saatchi isn't working: ad agency crisis deepens as directors and co-founder quit
2-Apr-18,Civil liberties groups pressure tech companies to take ‘security pledge’
6-Nov-19,Controversial US takeover of defence firm Cobham hits new delay
15-May-18,Elon Musk says Tesla planning 'thorough reorganization'
1-Oct-18,Insolvencies in UK building firms rise 20% after Carillion collapse
18-Jul-18,Netflix subscriber slowdown could mark streaming giant's peak
16-Apr-18,Arrest of two black men at Starbucks for 'trespassing' sparks protests
28-Dec-17,"UK economy boosted by wage growth and rising output, two surveys say"
10-Jul-19,"Nils Pratley on finance  


  Only big fines will change how the auditors audit"
17-May-19,How you and your government can tackle air pollution
12-Mar-20,Trafford Centre and Lakeside owner warns it could go bust after £2bn loss
18-Jan-18,Not taking the biscuit: MPs decline 'unsolicited' gifts from 2 Sisters boss
29-May-18,The Guardian view on Corbynomics: more creativity please
15-Jan-18,How are you being affected by the Carillion liquidation crisis?
18-Mar-20,Rishi Sunak promises special measures for coronavirus-hit airlines
21-Jan-20,EasyJet reports strong first quarter boosted by Thomas Cook collapse
11-Apr-20,Call for super-rich to donate more to tackle coronavirus pandemic
16-Feb-18,Airbus incurs €1.3bn charge for delay in delivering military transport planes
9-Aug-19,"Elitist, insular and too male – but economists are not mad scientists"
30-Dec-17,"2017's top business stories: Whole Foods, hackers and a giant rabbit"
12-Nov-19,"Banking tech could lead to discrimination, says ex-regulator"
25-Jan-18,Google CEO: we're happy to pay more tax
15-Jan-20,Activists cheer BlackRock's landmark climate move but call for vigilance
4-Aug-19,"The networker  


  Technology may not create inequality, but it certainly enables it to thrive"
13-Mar-18,'Fight fire with fire': IMF's Lagarde calls for bitcoin crackdown
29-Feb-20,British Airways owner and easyJet warn of coronavirus impact
8-Feb-18,Gambling firms defy calls to stamp out sexist behaviour at event
30-May-18,Government urged to use RBS majority stake to veto branch closures
22-Apr-20,Coca-Cola and Pepsi falling short on pledges over plastic – report
17-May-18,Brief letters  Suffer hay fever? Don’t blow your nose
13-Dec-19,Competition watchdog investigates Viagogo over £3bn StubHub takeover
5-Feb-18,"Jared Kushner's property empire had to thrive under Trump, right? Wrong"
19-Jul-18,"Women in top jobs not a priority for shareholders, MPs told"
11-May-18,"Customs union only way to prevent hard border in Ireland, says Major"
19-Apr-20,Queensland offers Virgin Australia $200m if it keeps headquarters in Brisbane
1-May-18,Brief letters  Time for a better definition of job
23-Jan-19,Financing is improving for female-led startups – but there’s a long way to go
16-Jun-20,Who’s worse: the ravers who broke lockdown or the shoppers queueing on the high street?
24-Aug-18,Are teachers’ pitiful salaries driving many to moonlight as Airbnb hosts?
6-May-19,I can’t guarantee to give you a better life. I’ll leave that to the charlatans
15-Jul-20,Virgin Atlantic agrees £1.2bn rescue deal amid coronavirus slump
10-Jul-19,"Superdry turnaround will take up to two years, says co-founder"
25-Mar-20,"Nils Pratley on finance  


  The UK airline industry should first ask their own shareholders for bailouts"
2-Jul-18,Trump's EU trade war costing manufacturers in US and eurozone
8-Apr-20,"Cumbrian oil services firm 'ready to make 2,000 ventilators a week'"
19-Dec-17,China aims to drastically cut greenhouse gas emissions through trading scheme
15-Apr-20,Coronavirus outbreak could cost world's airlines up to $314bn
30-Mar-20,EasyJet grounds entire fleet of planes because of coronavirus crisis
13-Apr-18,Sainsbury's recalls beetroot over fears it may contain glass
30-May-20,British car industry produced just 197 cars last month
1-Mar-19,I backed Sadiq Khan – but now his racist minicab policy has betrayed me
31-Jul-18,Ryanair boss threatens to move jobs to Poland in face of walkouts
19-Sep-19,84% of care home beds in England owned by private firms
8-Dec-19,"Business live  US economy smashes forecasts with 266,000 new jobs in November - business live"
9-Jul-18,"Mothercare to close 60 stores, putting 900 jobs at risk"
29-Sep-18,Mulberry: how to sell British heritage to a global market
16-Sep-18,Francis Fukuyama: ‘Trump instinctively picks racial themes to drive people on the left crazy’
25-May-18,"First thoughts  


  Stop scrimping, Theresa May – or the NHS’s 70th birthday will be its last"
24-Sep-18,US companies take advantage of weak pound to buy UK firms
27-Sep-18,"Nils Pratley on finance  


  Big business should look in mirror before damning Labour plans"
16-Mar-20,Uber rival Bolt facing legal action over minimum wage and workers' rights
12-Dec-19,BT to let sport fans buy monthly pass to watch matches for first time
14-Nov-18,Bahraini royal sued for failing to pay £27m to meet Bollywood stars
11-Jan-20,Ousted Boeing CEO Dennis Muilenburg to receive $60m in stock and pension
22-Sep-19,Credit cards: interest rates hit a record high
28-Dec-17,Business live  FTSE 100 hits record high; Bitcoin falls as South Korea announces crackdown - as it happened
30-Aug-18,Aston Martin races to become player as global luxury brand
14-Jan-18,Molly tries to shuffle the pack
23-Dec-19,Don’t glaze over. This statistic holds the key to UK prosperity
2-Jul-19,Footwear chain Office could close stores as part of restructure
14-Jul-20,"After mixed messages and mess-ups, Johnson bows to the inevitable"
14-Jun-20,Observer book of the week  The Price of Peace by Zachary D Carter review – how liberals betrayed Keynes
7-Feb-19,One of UK's last coal power stations to close due to rising costs
