sentiment,text
positive,"This combined with foreign investments creates interesting opportunities for Solteq ."
positive,"""For the first nine months of 2010 , the company 's net profit rose to EUR41m from EUR30m for the corresponding period of 2009 ."""
neutral,"Under the terms of this agreement Lextel Group has committed to an opening order of EUR3 .75 m for Benefon mobile units to be co-branded with Capitel for the China market ."
positive,"""At the end of the review period , Nordic Aluminium 's order book stood at EUR 8.77 mn compared to EUR 7.04 in 2005 ."""
neutral,"Finnish food industry companies are interested in the opportunities provided by Ukraine ."
neutral,"""According to Sweden 's Minister for Local Government and Financial Markets , Mats Odell , the decision to sell the State 's shares in telecom group TeliaSonera can only be carried out in cooperation with the State of Finland ."""
positive,"""Finnish steel maker Rautaruukki Oyj ( Ruukki ) said on July 7 , 2008 that it won a 9.0 mln euro ( $ 14.1 mln ) contract to supply and install steel superstructures for Partihallsforbindelsen bridge project in Gothenburg , western Sweden ."""
positive,"The main strength of the cooperation project lies in merging the know-how of two large companies ."
negative,"Cash Flow from Operations for the most recent quarter also reached a eight year low ."
neutral,"""With sales of $ 12.7 billion over the last twelve months ending October , 2010 and over 9,200 stores in 35 states , Dollar General is the nation 's largest small box discount retailer ."""
positive,"Orders received grew by 55 % year-on-year to EUR732m ."
positive,"Operating profit rose to EUR 1.6 mn from EUR 1.1 mn in the corresponding period in 2006 ."
positive,"""In addition to fireplace exports , demand for lining stone has exceeded the level of the earlier part of the year and will continue to be clearly brisker for the remainder of the year ."""
positive,"""The three year turn-around program is expected to ensure Salomon 's future competitiveness , the company said ."""
positive,"""Luxembourg-registered investment fund Amber Trust II has won the final approval of Lithuania 's Competition Council to acquire 29.6 percent of Sanitas , the country 's largest pharmaceutical producer ."""
neutral,"The Symbian Foundation plans to revise its procedures for testing and signing software after digitally signing a trojan for its Symbian mobile phone operating system by mistake ."
positive,"""In the second quarter of 2010 , the group 's net profit rose to EUR 3.1 million from EUR 2.5 million in April-June 2009 ."""
negative,"""The Finnish national carrier said net loss in April through June was euro26 million , down from a net profit of euro13 million a year earlier ."""
positive,"The deal strengthens Ramirent 's position especially in the industrial sector and in large investment projects ."
positive,"""`` We 're delighted with the move '' says Morna Cowie , co-owner , above , `` it 's double the size of our current shop and has a lovely feel to it . ''"""
neutral,"""Under the contract , Ericsson will more than double the number of radio base stations in the Elisa network over the coming year ."""
neutral,"""Fortum needs a clear signal of commitment from the Government that the permit is available before the company will start the next round , Kuula says ."""
neutral,"""Most of the raw materials come from Europe and the US and are paid in euros or US dollars , while sales take place in rubles ."""
positive,"""Finnish IT consultancy Satama Interactive Oyj posted a net profit of 1.4 mln euro $ 2.0 mln for the first nine months of 2007 , compared to a net loss of 462,000 euro $ 664,000 for the same period of 2006 ."""
positive,"""Seppala 's revenue increased by 0.2 % to EUR10 .1 m. In Finland , revenue went down by 2.4 % to EUR6 .8 m , while sales abroad rose by 6.2 % to EUR3 .3 m. Sales increased in all the Baltic countries as well as in Russia and Ukraine ."""
positive,"""Our strong company brands - ESL Shipping , Leipurin , Telko and Kaukomarkkinat - aim to be the market leaders in their sectors ."""
neutral,"""YIT CORPORATION SEPT. 24 , 2007 at 13:30 CORPORATE RELEASE STOCK EXCHANGE RELEASE YIT 'S CAPITAL MARKETS DAY IN LONDON , SEPT. 26 , 2007 On Wednesday , September 26 , 2007 , YIT will hold a Capital Markets Day for investors and analysts in London ."""
neutral,"""ALEXANDRIA , Va. , Jan. 9 -- United States Patent no. 7,862,685 , issued on Jan. 4 , was assigned to Kemira Chemicals Inc. ( Marietta , Ga. ) ."""
positive,"Finnish consumer packaging manufacturer Huhtamaki Oyj said it swung to a net profit of 84.1 mln euro $ 105.6 mln in the first nine months of 2006 from a net loss of 2.6 mln euro $ 3.3 mln in the same period of 2005 ."
neutral,"""Jun. 14 , 2009 ( AOL Weblogs delivered by Newstex ) -- Looks like the E71 is about to be upstaged as Nokia 's ( NYSE : NOK ) premier business-class smartphone -- someone in Espoo 's just hit the corporate YouTube account with this promo video for an E72 ."""
positive,"The concept enables a commercially affordable way to manufacture high-quality TCO coated glass for the solar industry ."
neutral,"""Swedish engineering consultant firm Etteplan is to establish a unit in town Borl+Ænge , by the turn of the month March-April 2008 ."""
positive,"Finnish handling systems company Cargotec Oyj ( HEL : CGCBV ) said today that it won a EUR 13 million ( USD 16.6 m ) contract to deliver MacGregor hatch covers for ships ordered by Norwegian shipowner Grieg Shipping ."
positive,"Demand was brisk as expected and order levels have remained high ."
neutral,"SAMPO PLC Jarmo Salonen Head of Investor Relations and Group Communications tel. +358 10 516 0030 Distribution : NASDAQ OMX Helsinki The principal media Financial Supervisory Authority www.sampo.com This announcement is distributed by Thomson Reuters on behalf of Thomson Reuters clients ."
positive,"""The transaction will have a positive impact of around EUR2m on earnings , which Ruukki will recognize during the fourth quarter of this year ."""
neutral,"hu will offer a further discount of between 25 % and 50 % on selected books ."
neutral,"Aspo 's Group structure and business operations are continually developed without any predefined schedules ."
neutral,"Nokia Corp of Finland Tuesday said it has received a unified device managment contract with Finnish operator Elisa Oyj ."
positive,"Operating profit increased to EUR 14.0 mn from EUR 4.9 mn in the corresponding period in 2005 ."
neutral,"The agreement includes application maintenance and support services ."
negative,"""Copper , lead and nickel also dropped ... HBOS ( HBOS ) plummeted 20 % to 70.3 pence after saying this year+ ??"""
neutral,"Alfa group will have 43.9 % of voting stock in the new company and Telenor 35.4 % with a free float of 20.7 % ."
neutral,"Radiation and today is a full service house expert in radiation and nuclear safety issues ."
positive,"Finnish sports equipment maker Amer Sports Oyj ( HEL : AMEAS ) said today that its net loss narrowed to EUR 16.9 million ( USD 22.3 m ) in the second quarter of 2010 from EUR 23.2 million in the corresponding period a year earlier ."
positive,"1 Block lamp Harri Koskinen 's light was introduced in 1996 and has been a bestseller ever since ."
neutral,"""Alma Media holds 70 % of this company , the remaining shares being owned by the company 's key employees ."""
neutral,"""In this way , the industry 's starting point has been the consumers ' needs ."""
negative,"""Exports of goods fell by 59 % , and imports by 16.7 % ."""
neutral,"""Participants at any of the book discussions or other special events , or visitors to the car dealership were eligible to enter the drawing for the 2005 silver , four-door Altima ."""
neutral,"""Cencorp , headquartered in Virkkala , Finland , develops and supplies automation solutions to the electronics and semiconductor industry that enhance productivity ."""
positive,"""The company said that its investments in the new market areas resulted in sales increase in Sweden , Poland , Russia and Lithuania ."""
neutral,"The Engines in Asia-Pacific industry profile is an essential resource for top-level data and analysis covering the engines industry ."
neutral,"Absolut Bank is exploring the possibility of further borrowing ."
positive,"Finnish fibers and plastic products maker Suominen Corporation said its net loss narrowed to 1.6 mln euro $ 2.0 mln in the first nine months of 2006 from 2.16 mln euro $ 2.7 mln in the same period of 2005 ."
neutral,"""Nurminen Logistics provides high-quality logistics services , such as railway transports , terminal services , forwarding , special and heavy transports and medical transports ."""
positive,"Cash flow from operating activities is estimated to be positive ."
neutral,"""SAN FRANCISCO ( MarketWatch ) -- Nokia Corp , the world 's largest cell-phone maker , is using the Consumer Electronics Show in Las Vegas to introduce a high-end , thin folding phone , according to a media report Monday ."""
positive,"""Finnish dental care group Oral Hammaslaakarit Oyj posted a total net profit of 849,000 euro $ 1.1 mln in the first nine months of 2006 versus a net loss of 331,000 euro $ 421,000 in the same period of 2005 ."""
neutral,"""Panostaja owns a 68.77 pct of share capital and the voting rights of Suomen Helasto shares following an exchange of shares which was carried out on May 30 , 2007 ."""
neutral,"Its market share is 6 percent according to AC Nielsen 's 2008 data ."
neutral,"""Sarantel , based in Wellingborough , UK , designs high-performance antennas for portable wireless devices ."""
neutral,"""Metso Oyj said it has sold its spreader roll manufacturing business and related assets in the town of Nokia , southern Finland , to a group of Finnish investors , who will operate the business under the name of Finbow Oy ."""
neutral,"""Following the registration , the share capital of Biotie is EUR 52,556,678.10 ."""
positive,"EuroChem Head of Corporate Finance Alexander Gavrilov said : `` I am pleased that we have once again confirmed that EuroChem is able to attract long-term funds at attractive rates ."
positive,"""SINGAPORE ( ICIS ) -- ( 1 ) Kemira and Indian water infrastructure firm ( 2 ) IVRCL have agreed to form a join venture which includes a new inorganic coagulant manufacturing facility in Andhra Pradesh state , India , the Finnish water treatment chemicals maker said on Tuesday ."""
positive,"""`` With this agreement , we can continue our good cooperationand at the same time release capital that has been tied up in ourmachinery operation ."""
neutral,"""The official opening of the office , located in Prague , will be celebrated on May 20 ."""
negative,"""According to the Latvian business register , Uponor Latvia closed in red with LVL 99,000 EUR 139,538.17 USD 194,556.48 on turnover of LVL 2.346 mn for 2009 ."""
neutral,"Aspo 's net sales in 2006 totaled EUR 225.9 million ."
neutral,"South America and Asia are other promising markets ."
neutral,"""The companies will divest to UPM Fray Bentos pulp mill and Forestal Oriental , a company specialising in eucalyptus cultivation ."""
neutral,"""Rockwell Collins is a provider of flight deck , cabin and information management solutions for business aircraft operators ."""
positive,"The company is well positioned in Brazil and Uruguay ."
negative,"""Vanhanen said the strike would be `` extremely damaging '' as some 1,300 participants and reporters begin to arrive in Finland for the one-day EU summit with Russian President Vladimir Putin in Lahti , about 100 kilometers ( 60 miles ) north of Helsinki ."""
positive,"`` We are proud to contribute to the creation of a world-class airport facility with KONE 's innovative People Flow TM solutions ."
neutral,"""The new majority owners of Aspocomp Thailand Co. , Ltd are certain private persons belonging to immediate circle of Aspocomp 's present Joint Venture partner , Saha Pathana Inter-Holding Plc. ."""
positive,"""The OMX Nordic 40 ( OMXN40 ) index , comprising the 40 most traded Nordic stocks on the Nasdaq OMX exchange , closed up 1.29 % at 1,084.47 points on Friday ."""
positive,"TomTom has given assurances that it will continue to sell maps to competitors if it wins EU approval ."
positive,"Passenger volumes rose by 8.4 % in the accounting period ."
neutral,"The acquisition price was not disclosed ."
neutral,"The most significant challengers in the market are Logset and Sampo-Rosenlew ."
positive,"""Tallink claims the watertight doors of both Vana Tallinn and Regina Baltica , including their electrical systems , are fully in working order ."""
negative,"Peer Peugeot fell 0.81 pct as its sales rose only 6.3 pct from the same period last year ."
positive,"Mr Lee said he hoped that Neste 's move will ` pave the way for more collaboration projects between our two countries ' ."
negative,"Sanoma News ' advertising sales decreased by 22 % during the year ."
neutral,"""Tecnotree 's convergent charging solution includes functionality for prepaid and post-paid billing , charging and rating of voice calls , video calls and raw data traffic for both mobile and fixed networks ."""
positive,"""`` Overall , we 're pleased with the startup curve ... and we 're pleased with the quality of the paper , '' Stora spokeswoman Patricia Dietz said Tuesday ."""
positive,"Operating profit excluding non-recurring items increased by 27 % to EUR 81.9 mn from EUR 64.4 mn in the corresponding period in 2008 ."
neutral,"The Estonian parliament was set to vote on amendments to the excise duty law on Wednesday that would add 0.42 kroons to the price of a liter of diesel and 0.45 kroons to the price of a liter of gasoline from the start of 2010 ."
neutral,"""That address also happens to house Italian megamart Eataly , meaning that `` Come on , kids , we 're going to the Toy Building ! ''"""
neutral,"Also the traditional grapevine carries a lot of weight ."
neutral,"""OMEO ( www.omeo.se ) employs 55 and expects net sales of some 23 mln euro ( $ 29.8 mln ) for fiscal 2006-2007 , ending April 30 , 2007 ."""
negative,"""HELSINKI Thomson Financial - Shares in Cargotec fell sharply in early afternoon trade after the cargo handling group posted a surprise drop in April-June profits , which overshadowed the large number of new orders received during the three months ."""
positive,"""In the beginning of this year , Wartsila had secured an order to deliver four gas-fuelled main engines and propulsion machinery for the same vessel ."""
negative,"""It generated an operating loss of EUR 96.3 mn , down from a profit of EUR 43.9 mn ."""
neutral,"Operating loss landed at EUR39m including one-offs and at EUR27m excluding one-offs ."
positive,"""Neste oil 's board proposed 1.00 eur dividend for the full-year 2007 , compared with 0.90 eur a year ago ."""
neutral,"""After the sale , Outokumpu 's share of the technology unit will be reduced to some 12-20 percent ."""
neutral,"The Insolvency Act regulates the amount of debt that borrowers are permitted to write off ."
neutral,"""Incap , headquartered in Oulu , Finland , is a electronics contract manufacturer with some 750 employees in Finland , Estonia and India ."""
neutral,"""The company has the poser , who wants to impress people with the latest handset ."""
neutral,"""`` We hope to clarify our policies to Finnish businesses where there are any gray areas , '' Motlanthe said ."""
negative,"Applying for summer work is seen as laborious and stressful ."
negative,"Pretax loss totalled EUR 162.3 mn compared to a profit of EUR 253.5 mn in 2007 ."
positive,"""`` After the share purchase is completed , financing will also be provided to expand Latvia 's broadband infrastructure and to develop new areas of business , including acquisitions of other companies . ''"""
positive,"""The total delivery volume of paper businesses in 2010 was 1,155,000 tonnes , up from 1,132,000 tonnes in 2009 ."""
positive,"""The company has established a 3G base station at about 17,000 feet at the foot of Mount Everest that will enable mountain climbers at the 29,035-foot summit to surf the Internet and even send videos of their exploits ."""
neutral,"""In the end , Sanoma News wants to secure its foundation with the savings ."""
neutral,"""Panostaja , headquartered in Tampere , Finland , is an investment company focusing on small and medium-sized Finnish companies operating in the traditional industries ."""
neutral,"""With this , the company will exit the contract manufacturing service segment ."""
positive,"The Group aims to increase its net sales and comparable operating profit in 2006 ."
neutral,"""Thanks to the development of a system that enables it to trace the origin of all the palm oil that it uses , it knows exactly where and how its palm oil has been produced ."""
neutral,"Some of the lay-offs will be implemented using part-time employment contracts ."
neutral,"The electricity requirement of networks will grow with the new mobile generation ."
neutral,"Rautaruukki aims to find work from the group 's other locations for those who have been made redundant ."
positive,"""Via the move , the company aims annual savings of some EUR 3 million USD 4.3 m , the main part of which are expected to be realized this year ."""
negative,"""`` Adjustment to the fall in price level , in contrast , has been less effective ."""
positive,"Finnish Bank of +_land 's consolidated net operating profit increased from EUR 4.8 mn in the first quarter of 2005 to EUR 6.4 mn in the first quarter of 2006 ."
positive,"Finnish Outotec has been awarded a contract to supply a new zinc roaster with gas cleaning and sulphuric acid plant for the OZK Kardzhali zinc smelter in Bulgaria ."
negative,"""Frost sold shares for $ 19 million at $ 6.06-7 .12 per share , compared with Friday 's high of $ 11.33 and low of $ 10.14 ."""
positive,"Satama 's net sales would be higher than the year before ."
neutral,"""ALEXANDRIA , Va. , Dec. 22 -- United States Patent no. 7,854,608 , issued on Dec. 21 , was assigned to Outotec Oyj ( Espoo , Finland ) ."""
positive,"""This is Done Logistics ' largest order in Norway , the diversified group said ."""
neutral,"Also the development of online businesses will continue ."
neutral,"Curators have divided their material into eight themes ."
neutral,"""Of course , you 'll have direct access to Nokia 's Ovi store , so you 'll have lots of fun downloading your favorite media ."""
neutral,"""Paper company M-real calculated that if 100,000 biscuit cartons are made using a 25gsm lighter board , the CO2 saved over the course of 12 months would be equal to that generated by driving 1,000 km by car ."""
positive,"Nordea Group 's operating profit increased in 2010 by 18 percent year-on-year to 3.64 billion euros and total revenue by 3 percent to 9.33 billion euros ."
positive,"Net profit was 35.5 mln compared with 29.8 mln ."
positive,"The District Court of Helsinki dismissed all charges as the court of first instance in 2005 ."
neutral,"""Tikkurila has an interesting growth strategy , which we support ."""
neutral,"Finnish Nordic Aluminium is starting employer-employee negotiations in Finland that concern all staff groups ."
positive,"""Of the sales price , a sales gain of some 3.1 mln euro ( $ 4.5 mln ) will be recognized in Incap 's earnings for 2007 ."""
neutral,"""Elisa Corporation will disclose its financial statements for 2006 on Thursday , 8 February 2007 ."""
negative,"SRV lowered its net sales estimate for the whole of 2008 due to uncertainties in housing sales ."
neutral,"The deal was worth about EUR 1.2 mn ."
negative,"""In food trade , sales amounted to EUR320 .1 m , a decline of 1.1 % ."""
neutral,"""Okhta Center area is expected to have about 700,000 square metres of office premises by 2016 ."""
positive,"Ramirent is the leading construction machinery rental company in Finland with annual sales of EUR 134 million in 2009 and operating nationwide through 83 outlets and 612 employees ."
negative,"""Operating profit , excluding non-recurring items , totalled EUR 2.2 mn , down from EUR 2.7 mn in the corresponding period in 2008 ."""
neutral,"The dual-fuel engines of the vessel can operate on liquefied natural gas LNG with low emissions ."
positive,"""According to the company 's updated strategy for the years 2009-2012 , Basware targets a long-term net sales growth in the range of 20 % -40 % with an operating profit margin of 10 % -20 % of net sales ."""
neutral,"""The new company will likely hold an IPO on the NYSE or another international stock exchange , according to Altimo which manages the Alfa Group 's telecommunications assets and TeliaSonera 's agreement , which has been published on the website of the U.S. Securities and Exchange Commission ."""
negative,"""A total of 16.5 mn passenger ship journeys took place in the northern Baltic Sea in 2007 , slightly down from 16.5 mn in 2006 ."""
neutral,"Aviation Systems Maintenance is based in Kansas and generated net sales of USD 2.6 million for 2008 ."
positive,"""Under the agreement GeoSentric will provide GyPSii-powered hotel information and reservation services to visitors to China , including such popular cities as Beijing and Shanghai ."""
neutral,"Investments in product development stood at 6.0 mln euro ( $ 8.8 mln ) ."
neutral,"""no compensation for its news , opinions or distributions ."""
neutral,"Our purchase to pay solutions enable companies to gain visibility and control over business-critical financial processes ."
neutral,"Aldata said that there are still a number of operational aspects to be defined between it and Microsoft and further details of the product and market initiatives resulting from this agreement will be available at a later date ."
neutral,"- Counter your competitor 's strengths and target their weaknesses ."
negative,"""26 October 2010 - Finnish environmental management company Lassila & Tikanoja Oyj ( HEL : LAT1V ) , or L&T , said today its net profit declined to EUR20 .9 m for the first nine months of 2010 from EUR27 .6 m for the same period a year earlier ."""
negative,"Operating profit in the fourth quarter went down to EUR3m from EUR4 .2 m for the corresponding period of 2009 as it included costs of growth projects ."
positive,"""For the current year , Raute expects its net sales to increase and the operating result -- to be positive ."""
neutral,"Vianor sells tires for cars and trucks as well as a range of other car parts and provides maintenance services ."
positive,"The growth of net sales has continued favourably in the Middle East and Africaand in Asia Pacific ."
neutral,"""Unbelievably , the company that makes them - Fiskars Corporation - was formed in 1649 when a Dutch merchant named Peter Thorwoste was given a charter to establish a blast furnace and forging operation in the small Finnish village of Fiskars ."""
neutral,"""CapMan has six investment areas CapMan Buyout , CapMan Technology , CapMan Life Science , CapMan Russia , CapMan Public Market and CapMan Real Estate , and each of them has a dedicated team and funds ."""
positive,"""Last year , Lemminkainen completed the Kouvola K-supermarket contract ."""
neutral,"""The remainder of its revenues will come from technology agreements with other firms , InterDigital said ."""
positive,"""The previously concluded adaptation measures concerning the other personnel are adequate for the time being , Raute said ."""
neutral,"""The alliance aims to tap pocketable mobile computers , netbooks , tablets , mediaphones , connected TVs and in-vehicle infotainment systems ."""
neutral,"Operating profit for the quarter April-June 2006 amounted to EUR182 .2 m on sales of EUR3 .62 bn ."
neutral,"""In the spring 2006 , a total of 386,530 Stock Options 2002 B were annulled ."""
neutral,"- Cash flow from operating activities before investments was EUR 0.8 -1.2 million ."
positive,"Those will be partially offset by a 186 mln eur gain on the sale of its Celbi pulp plant in Portugal ."
negative,"""Operating profit , excluding non-recurring items , totalled EUR 1.0 mn , down from EUR 1.6 mn ."""
neutral,"""The parties have also agreed that L+Ænnen Tehtaat has the right to sell the remaining shares in Suomen Rehu to Hankkija-Maatalous 15 months after the purchase of the majority holding , at the earliest ."""
neutral,"Raute is listed on the Nordic exchange in Helsinki ."
neutral,"""The huge bridge girders will be delivered to the site from our plant in Ylivieska , Finland ."""
neutral,"""Nordstjernan will make the offer in approximately one month , in September 2007 ."""
neutral,"Finnish silicon wafer technology company Okmetic Oyj OMX Helsinki : OKM1V said on Wednesday 17 September that it will invest EUR6m in its sensor wafer business during 2009 ."
neutral,"The adjustments concern staff in both the Specialty Papers and the Fiber Composites segments ."
neutral,"""Nordea Bank AB publ holds 6.000 Alma Media shares , representing 0.008 % of share capital and voting rights ."""
positive,"These companies will be able to keep their market positions ."
neutral,"""Nokia OYJ 's production site at Bochum , Germany , posted profit before interest of 134 mln eur for 2007 , Capital reported in an excerpt of an article to be released tomorrow , citing internal documents ."""
neutral,"""CompaniesandMarkets.com provides a wide range of research reports , industry statistics and competitive intelligence on the industrial sector ."""
neutral,"""The repayment of EUR 105 million debenture bonds is related to the Company 's previous announcement on October 21 , 2009 to collect irrevocable selling commitments from the holders of its subordinated debenture bonds ."""
neutral,"""Additionally , the company will use the solutions to automate the preparation of financial statements according to IFRS standard ."""
positive,"""Both operating profit and sales for the three-month period increased , respectively from EUR0 .3 m and EUR13 .1 m , as compared to the corresponding period in 2005 ."""
neutral,"""He answers questions on how many visitors Conversations gets , how big the team is and what the problems are when setting up social media channels ."""
neutral,"`` Russia is ready to participate in an open tender for Lattelecom 's privatization ."
positive,"""Efore 's presence here also opens up new and interesting development opportunities for our students , '' the dean of the Faculty of Electronics , Communications and Automation at TKK said ."""
neutral,"""At the request of Finnish media company Alma Media 's newspapers , research manager Jari Kaivo-oja at the Finland Futures Research Centre at the Turku School of Economics has drawn up a future scenario for Finland 's national economy by using a model developed by the University of Denver ."""
positive,"The contract was signed in August with Papua New Guinea-based Lihir Gold Ltd ASX : LGL ."
neutral,"""Cargotec 's share capital after the increase totals 64,046,460 euros ."""
positive,"This bold spinning 360 red fabric design is set beautifully on Ercols Napoli sofa ."
positive,"More staff has been recruited in Japan to further complement its network of close to 50 service locations in more than 20 countries worldwide ."
positive,"""Operating profit was EUR 11.4 mn , up from EUR 7.5 mn ."""
neutral,"Work on the assignment has already started and is due for completion in spring 2011 ."
positive,"Sales rose to 300.9 mln eur compared with last year 's 276.1 mln eur and in line with 299 mln eur consensus figure ."
neutral,"Kesko has previously published a stock exchange release concerning the deal on 7 February 2007 ."
positive,"This is a much better process than using virgin paper as it requires less transportation of wood pulp from places like Finland and Canada ."
neutral,"Glaston also has efficiency measures in all other units ."
neutral,"""We bring a new , committed leadership and business and strategic know-how to the company that we buy ."""
positive,"""OUTOTEC OYJ PRESS RELEASE , FEBRUARY 19 , 2008 AT 11.00 AM Outotec has won two large minerals processing technology orders from Mirabela Mineracao do Brasil Ltda , Brazil and from Cumerio Med JSCo , Bulgaria ."""
negative,"""Finnish management software solutions provider Ixonos Oyj net profit decreased to 369,000 euro ( $ 575,000 ) for the first quarter of 2008 from 669,000 euro ( $ 1.0 mln ) for the same period of 2007 ."""
neutral,"The company admits that 36 months is a relatively short time when operating in Russia ."
neutral,"The non-recurring costs caused to Talentum 's Premedia business area by the restructuring will amount to 2.0 mln euro $ 2.7 mln and will be included in the company 's financial results for the second quarter of 2007 ."
negative,"Danish company FLSmidth has acknowledged that it has violated a patent held by Finnish Metso ."
neutral,"""The operations to be sold include manufacturing units in Finland , France , Poland and Turkey , as well as sales units in Germany and Lithuania ."""
neutral,"""The product advisory does not apply to any other Nokia-branded battery , the company said ."""
neutral,"The fine print is here ."
positive,"""Of the price , Kesko 's share is 10 mln euro $ 15.5 mln and it will recognize a gain of 4.0 mln euro $ 6.2 mln on the disposal which will be included in the result for the second quarter of 2008 ."""
positive,"""` This is a repeat order to follow successfully installed 159 elevators in the same Delhi metro system , ' Kone spokeswoman told Thomson Financial News ."""
neutral,"Around 50 percent of the world 's ro-ro fleet is over 25 years old and needs to be scrapped for environmental reasons ."
neutral,"""Finnish investor Scanfil Oyj ( HEL : SCF1V ) said last Friday it has bought 57 million shares , or 32.96 % , in Norwegian contract electronics manufacturer Kitron ASA ( OSL : KIT ) for NOK 143.9 million ( USD 24.4 m-EUR 18.1 m ) ."""
neutral,"- Profit before taxes was EUR 105.9 82.7 million ."
neutral,"""The start of the negotiations , relating to Glaston 's efficiency program , was announced in October ."""
neutral,"The divested activities had net sales of EUR 145.1 million in 2009 and an operating profit of EUR 8.9 million ."
neutral,"SHARE REPURCHASE 11.01.2008 In the Helsinki Stock Exchange On behalf of Sampo plc Danske Bank A-S Helsinki Branch"
positive,"Finnish forest machinery manufacturer Ponsse has agreed with Volvo on the start of cooperation in Latin America ."
neutral,"Jacobs has been supporting Storengy 's investment of developing storage sites since 2006 as owner 's engineer ."
neutral,"The Notice in its entirety with other proposals from the Nomination Committee and the Board will be published at least four weeks before 28 April on the company 's website and in Post - och Inrikes Tidningar and Dagens Industri ."
neutral,"""Ahlstrom Corporation STOCK EXCHANGE ANNOUNCEMENT 23.4.2007 Ahlstrom Corporation will publish its first quarter financial results 2007 on Friday , April 27 , 2007 approximately at 8.30 a.m. Finnish time ."""
positive,"The companies have agreed on long-term cooperation to mechanise harvesting in Stora Enso 's eucalyptus plantations in Southern China ."
positive,"Self-service and automation are in a bigger role now and Fujitsu 's global resources will be exploited effectively ."
neutral,"""Of these shares 29,659,239 are held by the Company or its group companies and the number of outstanding shares and voting rights attached to the shares thus amounts to 322,705,218 ."""
neutral,"""LONDON ICIS -- Tikkurila has completed the sale of its powder coatings business to Finnish industrial coatings firm Teknos Group , the Finland-based decorative paints company said on Wednesday ."""
negative,"""Divisional sales demand in the half remained `` inconsistent '' , it added ."""
neutral,"""Metsaliitto will sell 1.1 million B shares of Neomarkka , accounting for about 18.3 pct of Neomarkka 's equity and about 12.7 pct of the voting rights ."""
negative,"""Finnish Suominen Corporation that makes wet wipes , nonwovens , and flexible packaging is starting employer-employee negotiations at its Tampere plant in Finland to lay off about 25 employees ."""
negative,"""Operating profits in the half were  0.8 m , down from  0.9 m as Glisten invested in the brand and the management team ."""
neutral,"""At the beginning of the subscription period on May 2 , 2006 the share subscription price under B option right is EUR 10.22 per share ."""
negative,"""Finnish electronics contract manufacturer Scanfil reports net sales of EUR 58.9 mn in the second quarter of 2007 , down from EUR 62.4 mn a year earlier ."""
neutral,"The company also said that the deployment of the Danish 4G network continues and it expects to cover 75 % of the Danish population in 2011 ."
neutral,"The four-year contract between the bank and Ski Sport Finland will bring the bank 's advertisements to skiers helmets and caps ."
positive,"""Selects Third Party Logistics Leader Transplace for Best-in-Class Technology , Procurement Capabilities ; Leading Specialty Packaging Manufacturer Employs Complete 3PL Solution for Supply Chain Visibility and Transportation Efficiency to Increase Service Levels and On-Time Deliveries"""
positive,"""In banking , Sampo A was unchanged at 14.24 eur and Nordea rose 0.42 pct to 9.51 eur ."""
neutral,"""The 10,000-odd square metre plot that Stockmann has bought for the Nevsky Center shopping center is located on Nevsky Prospect , St Petersburg 's high street , next to the Vosstaniya Square underground station , in the immediate vicinity of Moscow Station ."""
positive,"""According to Finnish pension insurance company Varma , Varma was the recipient of over two thirds of the revenue of the earnings-related pension cover that was under competitive tendering in Finland ."""
neutral,"""A data processing unit collects the data , calculates RVR values and provides the data to users via various interfaces ."""
negative,"The maritime administration said the ships had ignored warnings about the icy conditions ."
positive,"""Operating profit was EUR 24.5 mn , up from EUR 23.0 mn ."""
positive,"""Finnish construction company YIT Oyj said on November 13 , 2007 it won a 70 mln euro $ 102.8 mln contract to construct the new office building for local property company Tapiola Real Estate Oy ."""
positive,"""We aim to ensure that Vacon is in good shape when capital expenditure starts to pick up again , '' comments Vacon Plc President and CEO Vesa Laisi ."""
neutral,"""The company has delivered the technical infrastructure , used by NAV for their data warehouse and business intelligence initiatives ."""
neutral,"The presentation material can be viewed on the company 's website in English after the conference ."
neutral,"""Veidekke , headquartered in Oslo , Norway , is a Scandinavian construction and property development group with some 6,350 employees in Norway , Sweden and Denmark , with an annual turnover of NOK16 .4 bn ."""
neutral,"""The venture , which will be 51 % owned by Kemira and 49 % by IVRCL , will operate an inorganic coagulant manufacturing facility , to be built in Vishakapatnam Vizag in the state of Andhra Pradesh and to kick off operations in the second half of 2011 ."""
positive,"""HELSINKI ( Thomson Financial ) - Kone said it has won four orders in Saudi Arabia , United Arab Emirates and Qatar worth 40 mln eur ."""
neutral,"The MET is located in the Central Business District ( CBD ) of Bangkok ."
neutral,"""Biohit Oyj develops , manufactures and markets liquid handling products and diagnostic test systems for use in research , healthcare and industrial laboratories ."""
neutral,"""Tekla provides 3D software for building and infrastructure engineering , with a focus on building information modelling of steel and concrete structures from design to construction ."""
neutral,"Recently the company decided to build a second identical plant at the same site due to be commissioned toward the end of 2008 ."
positive,"""HELSINKI ( AFX ) - Shares closed higher , led by Nokia after it announced plans to team up with Sanyo to manufacture 3G handsets , and by Nokian Tyres after its fourth-quarter earnings report beat analysts ' expectations , dealers said ."""
neutral,"The company 's board of directors would propose a dividend of EUR0 .15 per share for 2005 ."
neutral,"Operating profit totaled EUR 18.6 mn or 8.3 % of net sales ."
neutral,"QPR ProcessGuide is available as a system solution with centralized storage and management of process content as well as a standalone desktop version ; QPR ProcessGuide Xpress ."
neutral,"""BasWare is headquartered in Espoo , Finland ."""
neutral,"""---------------------------------------------------------------------- -------------- Munich , 14 January 2008 : BAVARIA Industriekapital AG closed the acquisition of Elcoteq Communications Technology GmbH in Offenburg , Germany , with the approval of the"""
neutral,"""According to product manager Lassi Hietanen , building a power plant that burns mixed waste in Helsinki may not be a good idea because this reduces the production of combined power plants using natural gas ."""
neutral,"You will hear the latest insights and updates on Citycon 's strategy as well as the latest news from all the business units ."
neutral,"Its other well-known brands include fitness equipment maker Precor and U.S. - based ball sports equipment maker Wilson ."
neutral,"""Kaukopartio Oy has acquired specialized knowledge in Far Eastern operations , and industrial sourcing services are their core competence ."""
neutral,"COPYRIGHT AFX News and AFX Financial News Logo are registered trademarks of AFX News Limited"
positive,"""However , the bottom-line result improved thanks to positive financial items ."""
neutral,"""Baltic Pearl CJSC , a subsidiary of Shanghai Foreign Joint Investment Company , is developing a project in St Petersburg , comprising about a million square meters of residential space , two hospitals and several schools and nurseries ."""
negative,"""Agricultural newspaper Maaseudun Tulevaisuus had 318,000 readers , representing a decrease of 6 % ."""
neutral,"""Mr Ashley , deputy executive chairman of Sports Direct , sold a 43pc stake in the company for more than pounds 900m at the time of the float ."""
neutral,"Status : Agreed"
neutral,"`` Ruukki is now included on DJSI World for the second year running and the European DJSI STOXX for the third year running ."
neutral,"Vacon controls a further 5 % of the company via investment fund Power Fund I. EUR 1.0 = USD 1.397"
neutral,"The solution will be installed in the USA to support the North American operations of the customer ."
neutral,"""It would be premature to talk about dates , volume and the investment procedure , '' he said ."""
neutral,"""The floor area of the Yliopistonrinne project will be 7,900 sq m and the building 's gross area will total 12,800 sq m. A total 25.1 % of the facilities have been let ."""
positive,"NASDAQ-listed Yahoo Inc has introduced a new service that enables Malaysians to take their favorite Internet content and services with them on their mobile phones ."
neutral,"""`` Of course , we are in talks with all those coming up with new projects that involve material handling , '' Konecranes President and CEO Pekka Lundmark said , when asked whether it was talking to Reliance Industries for supplying equipment to its upcoming refinery in Jamnagar ."""
neutral,"Finnish Stockmann Group 's mail order unit Hobby Hall has launched a trial marketing campaign in Russia ."
positive,"""ADP News - Nov 13 , 2008 - Finnish printed circuit board PCB maker Aspocomp Group Oyj OMX : ACG1V said today that its net loss narrowed to EUR 2 million USD 2.5 m in the first nine months of 2008 from EUR 57"""
neutral,"""Finnish bank Pohjola Bank Plc HEL : POH1S said today that it will issue a EUR 40 million USD 51.2 m index-linked bond , Pohjola Tutkimuksen Tahdet VIII-2010 Pohjola Research Stars VIII-2010 , on October 27 , 2010 ."""
positive,"It estimates the operating profit to further improve from the third quarter ."
positive,"""STX Finland Oy signed a a preliminary agreement for the building of an environmentally friendly , new generation cruise ferry for Viking Line to manage on between Turku , Finland , and Stockholm , Sweden withViking Line ABP ."""
positive,"The social plan negotiations were part of the three year turn-around program which is expected to ensure Salomon 's future competitiveness ."
neutral,"The order is related to renewing the network of the telecommunications operator ."
positive,"""The financial impact is estimated to be an annual improvement of EUR2 .0 m in the division 's results , as of fiscal year 2008 ."""
neutral,"""In 2006 the company 's net sales amounted to approximately EUR259m and it has some 8,000 employees ."""
positive,"""Earnings per share for January-June 2010 were EUR0 .30 , an increase of 20 % year-on-year EUR0 .25 ."""
negative,"""Result before taxes decreased to nearly EUR 14.5 mn , compared to nearly EUR 20mn in the previous accounting period ."""
neutral,"""U.S.-based T Corp. is in talks with Scandinavian telecoms company TeliaSonera to sell its stake in Uzbek cellular operator Coscom , an executive at Coscom told Interfax ."""
negative,"They are also upset that some of the machinery and work is taken over to Poland ."
neutral,"""The buyer is real estate owner Propertos Oy , but the companies have agreed not to disclose financial details of the deal ."""
positive,"It is in line with its plans to focus on selected growth segments and streamline corporate structure ."
neutral,"Three students from Universiti Sains Malaysia have won a study trip to Helsinki ."
neutral,"STUK today is a full service house expert in radiation and nuclear safety issues ."
neutral,"""Swedish telco TeliaSonera is teaming up with Friends , a Swedish organization against bullying , to fight bullying of children and teenagers via electronic channels ."""
positive,"""Pretax profit totalled EUR 2.0 mn , compared to a loss of EUR 159.2 mn in the fourth quarter of 2008 ."""
positive,"The executive group will participate in the adjustments with a fixed-term 5 % salary cut ."
neutral,"""Professional and consumer applications include personal navigation , personal safety , field and workflow management , and asset tracking ."""
neutral,"Finnish industrial group Ruukki Group Plc OMX Helsinki : RUG1V said on Friday 14 November that its furniture business segment Incap Furniture has concluded personnel negotiations that were started at the end of September ."
neutral,"""Since the registration of the shares subscribed in a directed share issue , the new number of Panostaja shares and voting rights is 41,733,110 ."""
neutral,"""The business area has operations in Finland , Sweden , Denmark , Estonia , Latvia and Lithuania ."""
positive,"The bank sees a potential for Getinge share to rise ."
neutral,"""Other measures included increasing synergies and economies of scale within the Grimaldi Group and personnel adjustments , divestments and redelivery of excess tonnage ."""
neutral,"""Technopolis has set aside a plot of land measuring 4.6 hectares to build the park , Mikkonen said ."""
positive,"""According to the CEO of Nordea Bank Estonia Vahur Kraft , Nordea Finland and Stockmann have been cooperating for more than ten years ."""
positive,"We hope to increase traffic volumes with the opening of Freight One Scandinavia . ''"
negative,"""Lassila & Tikanoja 's operating profit excluding non-recurring and imputed items for the second quarter was EUR11 .3 m , down from EUR13 .8 m a year ago ."""
neutral,"Affecto has helped SKAT to set up the platform and has previously delivered several Business Intelligence projects for SKAT ."
neutral,"""`` My wife is looking forward to getting a paycheck again , '' he quipped recently as a six-knot current swirled around his anchored and heavily sponsored jet sled ."""
negative,"""Seven-month sales of Ragutis , which is controlled by the Finnish brewery Olvi , declined by 11.2 percent , to 15.41 million liters , and the company held 9.89 percent of the market ."""
neutral,"""The company is in charge of all natural gas storage activities in France , Great Britain , and Germany ."""
neutral,"""Cramo is a service company specialising in construction machinery and equipment rental and rental-related services , as well as the rental and sale of modular space ."""
positive,"Lemcon signed an investment cooperation agreement with the Kaluga regional administration last November ."
positive,"A & euro ; 4.8 million investment in 13.6 % of Lewa netted Deutsche Beteiligungs & euro ; 21 million ."
neutral,"""Mercator will use the software for its logistic , retail and wholesale operations in Slovenia and its other markets in southeastern Europe ."""
neutral,"""On the following workday customers can check from their home computers how their purchases are divided between different ingredient groups , how much energy various products contain and what is the nutritional content of all purchases ."""
neutral,"Neste Oil Corporation Refining Operation Asset Summary Report Summary Neste Oil Corporation Refining Operation Assets Summary Report is an essential source for company data and information ."
neutral,"""Finnish silicon wafers maker Okmetic Oyj said on September 17 , 2008 that it will invest a total of 15 mln euro $ 21.3 mln in its sensor wafer business ."""
negative,"The dismissed staff members will now take the matter to court unless it can be settled outside ."
neutral,"""I can say categorically , no , ' Wahlroos was quoted as saying by the paper , when asked about Sampo 's interest in making a bid for RSA ."""
negative,"""Paper companies were in negative territories , with Stora Enso R shedding 1.62 pct to 12.73 eur , UPM-Kymmene down 0.80 pct at 18.64 eur and M-real B 0.18 pct lower at 5.57 eur ."""
neutral,"""In June it sold a 30 percent stake to Nordstjernan , and the investment group has now taken up the option to acquire EQT 's remaining shares ."""
neutral,"""Financial Statements include the consolidated financial statements of the Group , the Board of Directors ' Report , the Auditors ' Report and the Corporate Governance Statement ."""
positive,"""However , Simdax will remain available in the markets where it already has been approved as it has marketing authorisations or submitted applications in more than 40 countries , Orion added ."""
neutral,"""The market making in accordance with the agreement will begin on September 24 , 2009 ."""
neutral,"The winner does not have to be present to win ."
positive,"""Earnings per share for the quarter were also higher year-on-year at 0.33 eur versus 0.27 , and above market expectations of 0.28 eur ."""
positive,"""Profitability ( EBIT % ) was 13.9 % , compared to 13.1 % in the previous-year period ."""
negative,"Finnish waste management and cleaning group Lassila & Tikanoja Oyj ( L&T ) net profit went down to 32.2 mln euro ( $ 47.7 mln ) for 2007 from 35.3 mln euro ( $ 52.3 mln ) for 2006 ."
neutral,"The Group 's revenue in 2009 amounted to EUR 70 million and the company currently employs approximately 780 people ."
positive,"""The EBITDA was EUR116m compared to EUR115m , corresponding to an EBITDA margin of 33 % ."""
positive,"""For the full 2010 the company expects its net sales and operating result to improve from the previous year , saying that a positive operating result and its amount will depend on the order intake by the end of the summer ."""
neutral,"""As a condition to the deal , Savcor Alfa has to have bought Photonium and Akseli Lahtinen Inc. 's business operations prior to the deal ."""
neutral,"""They are responsible for their own operations , customer relationships , and the development of these ."""
neutral,"Net sales in 2007 totalled EUR 329 million and the operating margin was over 19 % ."
neutral,"The terms and conditions of the Stock Option Scheme 2008 are available on the Company 's internet pages www.sanoma.com ."
negative,"Operating profit fell to EUR 23.26 mn from EUR 32.86 mn ."
neutral,"The value of the confirmed aircraft orders totals EUR 2bn ."
neutral,"""ALEXANDRIA , Va. , March 28 -- Pertti Salmi and Hanna Vuolteenaho , both of Oulu , Finland , and Sami Viitasaari of Ii , Finland , have developed an ornamental design for a handset , the U.S. Patent & Trademark Office announced ."""
positive,"""Benefon , a wireless and GPS technology company , will supply Karputer with its TWIG navigation platform , a GPS satellite navigation and voice guidance service ."""
negative,"Earnings per share EPS in 2005 decreased to EUR0 .66 from EUR1 .15 in 2004 ."
positive,"28 October 2010 - Finnish wood products technology supplier Raute Oyj HEL : RUTAV said today it swung to a net profit of EUR3m for the first nine months of 2010 versus a net loss of EUR5 .2 m for the same period a year earlier ."
positive,"""Profit per share was EUR 1.03 , up from EUR 0.87 ."""
positive,"""Operating profit for the three-month period increased from EUR1 .2 m , while revenue increased from EUR20 .2 m , as compared to the corresponding period in 2005 ."""
neutral,"""A coker crane will be supplied to Tesoro Corporation 's Golden Eagle Refinery in Martinez , California , while a similar crane will be delivered to BP 's Castell refinery in Spain ."""
neutral,"""POYRY PLC Additional information by : Martin Kuzaj , President , Industry Business Group , Finland Tel. +358 10 33 21179 Sanna Paivaniemi , Director , Investor Relations , Poyry PLC , Finland Tel. +358 10 33 23002 Poyry is a global consulting and engineering company dedicated to balanced sustainability ."""
positive,"""Last week , the Finnish metals and technology group announced plans to sell more than 80 percent of its technology unit to further the company 's strategic goal of becoming the world 's largest stainless steel maker ."""
negative,"Pretax profit decreased to EUR 33.8 mn from EUR 40.8 mn in the fourth quarter of 2005 ."
neutral,"In 2008 Stockmann earned 3.398 million lats in profit on 48.012 million lats in turnover ."
neutral,"""According to Finnish financial services group Sampo 's CEO , Bj+¦rn Wahlroos , Danish Danske Bank 's acquisition of Sampo Bank for EUR 4bn was the largest cash deal in Finland 's economic history ."""
positive,"TELECOMWORLDWIRE-7 April 2006-TJ Group Plc sells stake in Morning Digital Design Oy Finnish IT company TJ Group Plc said on Friday 7 April that it had signed an agreement on selling its shares of Morning Digital Design Oy to Edita Oyj ."
negative,"Operating profit fell from EUR 7.9 mn in the second quarter of 2005 to EUR 5.1 mn in the second quarter of 2006 ."
neutral,"""QPR has an established international customer base , spread over 70 countries in 2009 , and a variety of organizations including banks , manufacturing companies , service companies and government authorities ."""
neutral,"Finnish consumers prefer to buy the cheapest beer brand ."
positive,"""The Nokian tyre proves its high safety excellently in the important driving qualities stability with mark 1.4 , handling 1.5 and braking on wet road with 1.9 ."""
neutral,"The firm generated sales of 187 mln eur in 2005 ."
positive,"""Martela said plans to expand its recycled furniture business elsewhere in Finland , too ."""
neutral,"""Elisa Corporation , headquartered in Helsinki , is a Finnish telecomms company offering private and corporate customers a comprehensive range of telecomms services ."""
neutral,"""ALEXANDRIA , Va. , Nov. 5 -- Risto Kontturi of Rajamaki , Finland , and Jari Ylinen of Hyvinkaa , Finland , have developed an automated transportation system with a user-controlled transport selection ."""
neutral,"""In 2009 , Lee & Man had a combined annual production capacity of close to 4.5 million tonnes of paper and 300,000 tonnes of pulp ."""
positive,"""In the reporting period , the company 's operating profit grew by 43.2 % to EUR 6 million ."""
neutral,"""No price was given for the transaction , which merges two London companies that have worked together on a number of projects including delivery of timetables for Britain 's National Express East Coast rail networks ."""
positive,"""Its main business area , the Glass Machinery Group of Glaston Technologies , is the global market leader in glass processing machines ."""
positive,"Earnings per share EPS rose to EUR 0.11 from EUR 0.03 ."
neutral,"""Headline of release dated March 26 , 2008 should read : Acacia Subsidiary Enters into Settlement Agreement for Rule Based Monitoring Technology with F-Secure ( sted Acacia Technologies Licenses Rule Based Monitoring Technology to F-Secure ) ."""
positive,"""The seminar introduced modern , clean technologies and products , financial tools and sponsorship programs for energy and environment projects as well as the potential to develop clean energy in Vietnam ."""
neutral,"""The estimated turnover of the new company is LVL 2,5 million EEK 40 million ."""
positive,"""Forestries were also higher , driven by yesterday 's bullish analyst comment on Stora Enso in Dagens Industri , dealers said ."""
neutral,"""Finnish drug distributor and wholesaler Oriola-KD Oyj said on October 11 , 2006 it named Anne Kariniemi vice president of its Logistics and Sourcing department as of January 15 , 2007 ."""
negative,"""Since the association 's data do not cover sales figures from about 100 small local breweries and sales of imported beer products , the actual market shares of its members are smaller than those given in the report ."""
neutral,"It will provide heating in the form of hot water for the sawmill 's needs ."
positive,"""Sales climbed 19.2 pct to 1.002 bln eur , surpassing the 953 mln eur consensus figure ."""
neutral,"""Sanoma also has an Executive Committee , in accordance with the Company 's Articles of Association , that prepares proposals for matters to be decided or noted by the Board of Directors ."""
neutral,"Uponor maintains its full-year guidance for 2010 ."
neutral,"""The total restructuring costs are expected to be about EUR 30mn , of which EUR 13.5 mn was booked in December 2008 ."""
positive,"""Following the acquisition , Relacom will strengthen its presence in Finland , serving operators and office market with mobile and fixed networks construction , installation and maintenance services ."""
positive,"`` I warmly welcome Michael Frei to Outotec ."
neutral,"`` Printed fabrics and related design expertise have always been the core of Marimekko 's business and brand ."
neutral,"The technology park will be built near St. Petersburg-based Pulkovo airport ."
neutral,"Operating profit for the quarter April-June 2006 amounted to EUR42 .9 m on net sales of EUR156 .3 m."
negative,"""Finnish electronics contract manufacturer Scanfil had net sales of EUR 52.2 mn in the first quarter of 2007 , down from EUR 60.1 mn a year before ."""
neutral,"Other shareholder entitlements became effective today ."
positive,"Stockmann MasterCard has widened the scope of this cooperation to Estonia and Latvia ."
neutral,"""Stora Enso has also had meetings with the labor authorities , Employment and Economic Development Centres and representatives of the government in order to find solutions ."""
positive,"""`` The transaction strengthens our position ... in design and branded goods , '' said Fiskars president and CEO Heikki Allonen , pointing out that the two groups have relatively few overlapping operations ."""
neutral,"The goal is significant expansion in Finland and in the northern Baltic region ."
neutral,"""With Aldata , we can help retailers ensure that their merchandising and selections reflect customer demand and their evolving shopping behavior . ''"""
neutral,"The GeoSolutions team further provides an intriguing new technology combining GPS and Mobile-based technologies together with Internet-based social networking ."
neutral,"""The Board established a Remuneration Committee with following members : - Sari Baldauf Chairman - Tapio Hintikka - Heikki Westerlund In addition , the Board decided to appoint a Nomination Committee at a later stage ."""
neutral,"Danske Bank is Denmark 's largest bank with 3.5 million customers ."
neutral,"KONE is listed on the Nordic Exchange in Helsinki ."
positive,"""The Basware Connectivity services allow companies to handle purchase to pay processes online and make their internal processes more efficient , '' said CEO Ilkka Sihvo , Basware Corporation ."""
positive,"""`` We are delighted to welcome Elisa to our Board of Directors , '' said Garry McGuire , CEO of RMG Networks ."""
positive,"Finnish department store chain Stockmann Oyj Abp net profit rose to 39.8 mln euro ( $ 56.8 mln ) for the first nine months of 2007 from 37.4 mln euro ( $ 53.4 mln ) for the same period of 2006 ."
neutral,"Pharmaceuticals - Spain This brand-new market analysis gives a clear overview of the actual situation and future outlook of the pharmaceutical market in Spain ."
neutral,"The group said it intends to initiate within this year the process of buyout of minority shareholders of Ragutis with the aim of becoming the sole owner of the company ."
neutral,"""There have been 15 initial public offerings announced in Sweden this year , compared with two during the same period a year earlier , Bloomberg data shows ."""
positive,"""Growth was strongest in F-Secure 's operator ISPs , mobile operators and cable operators business ."""
positive,"With this appointment Kaupthing Bank aims to further co-ordinate Capital Markets activities within the Group and to improve the overall service to clients ."
positive,"""ADP News - Feb 25 , 2009 - Finnish printed circuit board PCB maker Aspocomp Group Oyj HEL : ACG1V said today it swung to a net profit of EUR 300,000 USD 385,000 for 2008 versus a net loss of EUR 65.3 million"""
neutral,"""Elcoteq Dongguan was established in 1999 in the Nancheng District of Dongguan , China and is one of Elcoteq s four volume manufacturing plants in the Asia-Pacific region ."""
negative,"""Antti Orkola , president of Kemira GrowHow 's Industrial Solutions unit , told Thomson Financial News the company has put off opening the mine as prices of phosphate have been ` quite depressed for a long time ' . '"""
neutral,"""The latest result included per-share charges of 5 cents for stock compensation , 1 cent for research and development and 1 cent for strategic investments ."""
neutral,"""In Finland , the launch of tie-in sales of 3G mobile phones did not cause a dramatic rush in mobile retail outlets during the first few days ."""
neutral,"""Swedbank Hypotek - Is to issue a benchmark , fixed rate covered deal in Euros , maturing January 2010 ."""
positive,"Kone 's net sales rose by some 14 % year-on-year in the first nine months of 2008 ."
positive,"Deliveries have started and the network will be ready for a launch soon ."
positive,"It will combine and renew the contents and functionality of the current systems for funding and online service as well as their maintenance ."
neutral,"Approval by shareholders of Cencorp in accordance with Finnish law ."
positive,"""Pre-tax loss totaled EUR 0.3 mn , compared to a loss of EUR 2.2 mn in the first quarter of 2005 ."""
positive,"""With the extension of the new contract for a further eight engines , the plant will now produce over 100 MW , it said ."""
positive,"That topped consensus forecasts for earnings of 0.21 euros a share ."
neutral,"Componenta will also offer a five-year subordinated loan for subscription by the public ."
neutral,"Basware offers full support for all SAP versions starting from SAP 4.5 ."
negative,"""Operating profit for the six-month period decreased from EUR21m , while net sales increased from EUR436 .9 m , as compared to the corresponding period in 2007 ."""
neutral,"""Economic development in China is no longer taking place only on the East coast and in the Shanghai area , Vauramo says ."""
neutral,"Finnish electrical components maker Salcomp Oyj ( HEL : SAL1V ) announced today the launch of its latest Twist charger platform ."
positive,"""Estonian telecoms company Elisa 's customer numbers cross 400,000 TALLINN , Oct 22 , BNS - The Estonian telecommunications company Elisa won approximately 50,000 new clients in the nine months of this year , bringing the number to 401,800 by the end of September , the company said ."""
neutral,"""The acquired plant has an annual capacity of some 300,000 tonnes and most of its production is sold to domestic customers ."""
neutral,"""LONDON AFX - UK and European brokers ' recommendations issued today , as collated by AFX News from a range of market sources ."""
neutral,"CORPORATE IT UPDATE - ( C ) 1995-2009 M2 COMMUNICATIONS LTD Finnish technology group Teleste Corporation ( OMX Helsinki : TLT1V ) reported on Wednesday ( 4 February ) an operating profit of EUR5 .6 m on net sales of EUR108 .7 m for the year 2008 ."
positive,"""Revenue from July to September grew 21 percent to EURO 2.3 billion , the Finnish company said Thursday ."""
neutral,"Earnings per share EPS in 2005 amounted to a loss of EUR1 .26 ."
positive,"""Finnish Talentum reports its operating profit increased to EUR 20.5 mn in 2005 from EUR 9.3 mn in 2004 , and net sales totaled EUR 103.3 mn , up from EUR 96.4 mn ."""
neutral,"""The interim report for the first quarter is published on May 8 , 2009 ."""
negative,"Net sales have been eaten by the weak US dollar ."
neutral,"""The company had earlier said that it was considering different strategic options for the struggling low-cost mobile operator , including a divestment of its holding ."""
neutral,"It 's not ."
neutral,"""As a result , the number of personnel in Finland will be reduced by 158 ."""
neutral,"""Under the agreement , Pfizer has been funding Biotie 's research activities on the PDE10 phosphodiesterase 10 inhibitor program since its start in late 2006 and has the sole authority to develop discovered compounds ."""
neutral,"We offer our customers solutions based on renewable raw materials ."
neutral,"""STOCKMANN plc COMPANY ANNOUNCEMENT February 20 , 2007 , at 13.40 An annual summary of Stockmann 's stock exchange and financial press releases in 2006 is available on the company 's website at the address www.stockmann.com ."""
neutral,"""Addus ' services include personal care and assistance with activities of daily living , skilled nursing and rehabilitative therapies , and adult day care ."""
neutral,"Finnlines has six ships under construction in China with deliveries scheduled between the first quarter of 2011 and the final quarter of 2012 ."
negative,"""Finnish Food Workers ' Union SEL plans to hasten its collective bargaining with a two-day strike that would begin on 7 April 2010 , in Finland ."""
negative,"Operating cash flow after investments totalled EUR 61.3 mn compared to EUR 75.3 mn in the corresponding period in 2007 ."
neutral,"""The report profiles 158 companies including many key and niche players including major Nonwovens manufacturers such as Ahlstrom Corporation , Asahi Kasei Corporation , Buckeye Technologies , Inc. , EI ."""
neutral,"The Remote Radio head module will be available at 4W power for 2.5 GHz and 3.5 GHz TDD frequency bands ."
neutral,"The new shares will provide the shareholders with full shareholder rights ."
neutral,"""Bids or offers include at least 1,000 shares and the value of the shares must correspond to at least EUR4 ,000 ."""
neutral,"""Headquartered in this city , the company is nearly 75 years old and focuses on science-based innovation and technology for environmental measurement ."""
positive,"""One of the installed elevators will be a double-deck elevator , which enables more efficient use of the building 's core space ."""
neutral,"""Upon establishment , the plan is directed to approximately 20 persons ."""
neutral,"""Retail chain Suomen L+Æhikauppa was given the index 5.8 , airline SAS 5.8 , TeliaSonera 's broadband 6.1 , German retail chain Lidl 6.1 , Tele Finland 's mobile subscriptions 6.1 , Tallink shipping line 6.3 , and power company Helsinki Energy 6.3 ."""
neutral,"The shipyard hopes the regional government in Andalusia can offer its some form of financial support ."
neutral,"""Founded in 1923 , Finnair is one of the world 's oldest airlines and flies to 60 destinations with a fleet of 63 aircraft , employing 9,500 people ."""
neutral,"""The port facilities ' throughput is 250,000 TEUs and 7.5 mln tons of general cargo ."""
positive,"With the new production plant the company would increase its capacity to meet the expected increase in demand and would improve the use of raw materials and therefore increase the production profitability ."
neutral,"IonPhasE 's second major owner is venture capital firm Aura Capital ."
neutral,"A total of $ 78 million will be invested in the project ."
positive,"""Proving that good cellphone design is truly a work of art , the website for the Nokia 6131 provides a colorful canvas for the expression of mobile-inspired sentiments ."""
neutral,"All depends on financing ."
neutral,"""The inaugural speech will be given by Hannu Kyrolainen , Finland 's Ambassador to the Czech Republic ."""
neutral,"""The composite body is coated with a hard coating layer produced by thermal spraying , and the coating is ground . ''"""
positive,"""29 September , 2010 Finnish waste management and recycling company Lassila & Tikanoja expands its operations in Russia by introducing its recently completed recycling plant in the city of Dubna near Moscow ."""
negative,"""In addition , the company will reduce a maximum of ten jobs ."""
positive,"EuroChem CFO Andrey Ilyin said : `` This facility marks another important step for EuroChem in securing the long-term financing necessary for our potash and other strategic projects '' ."
negative,"EB announced in its stock exchange release on November 18th 2008 that J.T. Bergqvist has resigned from the chairmanship and membership of the Board of EB ."
neutral,"""The orange-handled scissors from Fiskars are part of the permanent design collection of the Museum of Modern Art in New York , as well as the Philadelphia Museum of Art ."""
neutral,"The interchange of Editors-in-Chief is a part of publisher 's goal to enhance job circulation in all personnel groups ."
neutral,"""Neste Oil said it will build a biodiesel production facility in Rotterdam , the Netherlands , at an estimated cost of 670 million euros , naming France-based Technip as the project 's main contractor ."""
neutral,"""The share capital of Alma Media Corporation (business ID 1944757-4)is EUR 45,031,513.80 and it is divided into 75,052,523 shares ."""
neutral,"""Neste Oil s refineries have a combined crude oil refining capacity of approximately 260,000 barrels a day ."""
neutral,"Finnish beverage company Olvi is one of the last listed companies in Finland that has not yet published its financial result for the second quarter of 2009 ."
neutral,"In 2005 Cargotec 's net sales exceeded EUR 2.3 billion ."
neutral,"""The process , technology , project management , basic engineering and quality assurance within Forest Industry will be consolidated in Vantaa , southern Finland ."""
neutral,"""PCS Digital Guatemala has been using Tecnomen 's prepaid system in Telgua fixed networks as well as code division multiple access , or CDMA , and global system for mobile communication , or GSM , since 2003 ."""
negative,"Diluted earnings per share ( EPS ) declined to EUR 0.78 from EUR 1.76 ."
neutral,"The event can also be viewed as a live audio webcast at www.ahlstrom.com ."
neutral,"Donations to universities The Annual General Meeting authorized the Board of Directors to donate max ."
positive,"""Finnish silicon wafer technology company Okmetic Oyj ( OMX Helsinki : OKM1V ) reported on Thursday ( 7 August ) an operating profit of EUR5 .3 m for the period January-June 2008 , up from EUR3 .3 m in the corresponding period in 2007 ."""
positive,"The economic occupancy rate of Sponda 's property portfolio rose to 91.2 % from 88.8 % in 2006 ."
neutral,"""The share issue , derogating from the pre-emptive right of the shareholders and comprising some six million new shares at market price , will be offered for subscription by shareholders , holders of capital notes and by professional clients ."""
neutral,"The proposal of the shareholders to elect Mr. Hannu Krogerus to the Board is based on his long and unrivalled experience and knowledge of all matters related to Elcoteq ."
positive,"The cooperation will double The Switch 's converter capacity ."
neutral,"Rihko said the sale will enable the company to concentrate on its grain-based business ."
neutral,"The value of the order is USD 2.2 mn ."
neutral,"Ruukki is restructuring commercial and industrial construction operations in pursuit of permanent improvements whilst adjusting operations to market conditions ."
neutral,"""Tecnomen 's system features a new range of value-added services for prepaid and post-paid billing , charging and rating of voice calls , data traffic , or any kind of content services in both mobile and fixed networks ."""
negative,"The company reported today an operating loss of EUR0 .1 m on net sales of EUR4 .5 m for the first quarter 2008 ."
neutral,"The investment would be some EUR5m ."
negative,"The low capacity utilisation rate in steel production considerably increases the fixed costs per unit of steel produced ."
neutral,"""Dopplr members share personal and business travel plans privately with their networks , and highlight interesting places to stay , eat and explore in cities around the world ."""
positive,"Sales increased due to growing market rates and increased operations ."
positive,"Panostaja Oyj s ( Panostaja ) Board of Directors decided on 16 December 2010 on a new long-term incentive and commitment plan for members of the management team ."
neutral,"""`` The enterprise value of the Fray Bentos pulp mill and Forestal Oriental totals approximately euro1 .6 billion , '' UPM said ."""
positive,"""We are very pleased with the fine co-operation between the two countries in recent times , he said ."""
neutral,"""They re in a race with Google to get lots of users onto their service as social networking creates new business models , said Martin Garner , a London-based analyst with CCS Insight ."""
neutral,"""The business had gross written premiums of EUR152 .4 m (  91.5 m ) in 2000 , a net combined ratio of 133 % and 175 staff in total with offices in the UK , Germany and Benelux ."""
neutral,"The company said that it has agreed to a EUR160m unsecured credit line from lenders ."
neutral,"""` This order is included in Wartsila 's order book in the second quarter , ' the company added ."""
neutral,"The company 's net sales in 2010 totalled MEUR 311.4 with an operating margin of 13.9 per cent ."
positive,"""Turun kaupunkin , Finland based company has awarded contract to Lemminkainen Talotekniikka Oy for electrical installation work ."""
neutral,"Rubin says he expects Capman to announce 1-2 additional transactions in 2009 ."
neutral,"The first phase will be completed by the end of 2012 ."
neutral,"The Company said that previously EB delivered a custom solution for LG Electronics and now is making it commercially available for other mobile terminal vendors as well as to wireless operators ."
neutral,"""The floor area of the Yliopistonrinne project will be 7,900 sq m 85,030 sq ft and the building 's gross area will total 12,800 sq m. A total 25.1 % of the facilities have been let ."""
neutral,"The company 's board of directors has proposed a dividend of EUR0 .12 per share for 2006 ."
positive,"""In addition to Russia , we now seek additional growth in Ukraine ."""
neutral,"The issue came up in connection with discussion with local municipalities concerning the sale of water to industrial facilities ."
positive,"A profit is still on target ."
neutral,"""It now owns 80,565 shares in Amer Sports Corporation , equaling 0.11 % of the company 's share capital and voting rights ."""
neutral,"""Oriola-KD , headquartered in Espoo , Finland , is a leading distributor of pharmaceutical and healthcare products with 1,300 employees in the Nordic and Baltic countries ."""
neutral,"""The Polish business employs about 1,000 people , and it had net sales of about EUR 70mn in 2007 ."""
neutral,"Mr. Koistinen joins from Nokia Siemens Networks where he has held various senior sales management and business development positions since 1997 ."
neutral,"""In 2010 , the Marimekko Group s net sales were EUR 73,297 thousand ( EUR 72,473 thousand ) and operating profit was EUR 8,169 thousand ( EUR 6,291 thousand ) ."""
neutral,"""Latin America currently accounts for approximately 40 % of sales at Finnish BSS-OSS and VAS supplier for telecoms operators Tecnotree , company president and CEO Eero Mertano told BNamericas ."""
positive,"""Cargotec Corporation , Press Release , August 26 , 2008 at 10 a.m. Finnish time Cargotec 's MacGREGOR business area providing marine cargo handling and offshore load handling solutions has received significant offshore crane retrofit order ."""
neutral,"""The project will be a 2 x 600 MW coal-fired power plant , located some 420 km south of Hanoi , the company said ."""
neutral,"""UPM is the biggest producer of magazine paper in Europe , with a market share of over 30 pct , and it is likely to say that prices in the segment were at best flat during the quarter , analysts said ."""
neutral,"Finland 's dominating rail company VR is planning to set the infected passengers for long-distance trip in a separate carriage ."
neutral,"""Under the agreement , Japrotek will deliver nine storage tanks in the volume range of 1,000 cu m to 3,000 cu m with included agitators ."""
neutral,"""Garmin fell 4.5 percent to $ 34.53 at 1:33 p.m. in New York , while Google slid 0.7 percent at $ 576.50 ."""
positive,"""The Vaisala Group is a successful international technology company that develops , manufactures and markets electronic measurement systems and products ."""
neutral,"""Following its strategy , Tikkurila has established a fully-owned sales company TOO Tikkurila in Almaty , Kazakhstan , for marketing decorative paints under the Finnish Tikkurila brand and the Russian Teks brand ."""
neutral,"""The familiar blue , white , and red HK seal has received a more authentic look ."""
positive,"""The fourth quarter saw Rapala swing back to a pretax profit of 1.5 mln eur from a year earlier loss of 1.2 mln on the back of a 30 pct uplift in sales to 44.8 mln eur , and a stronger performance in North America ."""
neutral,"""Finnish W+Ærtsil+Æ that provides power solutions for the marine and energy markets has opened a Service Centre in Murmansk , in Russia ."""
neutral,"The cranes would be installed onboard two freighters ordered by Singaporean ship owner Masterbulk ."
positive,"Unit costs for flight operations fell by 6.4 percent ."
negative,"""In the Baltic countries , sales fell by 40.2 % , and in Russia , by 23.2 % in terms of euros , and by 10.7 % in terms of local currency ."""
neutral,"Gunneflo will be responsible of Oriola-KD 's Pharmaceutical Trade business in Sweden ."
positive,"CDLI highlights the companies that provided the most comprehensive response to the Carbon Disclosure Project CDP information request ."
neutral,"""Swiss bank Credit Suisse International will act as an investor in the locomotive manufacturing plant , the Astana administration said ."""
neutral,"""In Switzerland , Teleste have been an established supplier of products for a long time and its primary customers include cable and fiber-to-the-home ( FTTH ) operators ."""
positive,"""( ADP News ) - Finnish handling systems provider Cargotec Oyj ( HEL : CGCBV ) announced on Friday it won orders worth EUR 10 million ( USD 13.2 m ) to deliver linkspans to Jordan , Morocco and Ireland ."""
positive,"""The subscriptions increase Cargotec 's share capital by 36,780 euros ."""
neutral,"The value of the orders is about EUR 70mn ."
neutral,"The purchase price was not disclosed ."
neutral,"""BAWAG - Is to issue a benchmark , covered deal ."""
neutral,"The customer is local company Etera Mutual Pension Insurance Co and the principal tenant of the unit will be media company Alma Media Corp HEL : ALN1V ."
neutral,"The volume of investments in the two phases of the project is estimated at USD 300mn ( EUR 215.03 mn ) ."
positive,"The company plans to expand into the international market through its subsidiaries and distributors from 2011 onwards ."
neutral,"""We serve a broad range of customers , including construction and process industries , shipyards , the public sector and households ."""
neutral,"""UPM is talking to Myllykoski+ s creditor banks -- Nordea ( STO : NDA ) , Nordic Investment Bank and Danske Bank+ s ( CPH : DANSKE ) Sampo Bank -- over a deal , the paper said ."""
neutral,"""The company has decided to stop the operations of Ruukki Construction Division in Latvia and Lithuania , and concentrate the production and logistics in Parnu , Estonia in 2009 ."""
positive,"""Besides we have increased the share of meat in various sausages and are offering a number of new tastes in the grill products and shish kebabs segment , '' Paavel said ."""
neutral,"""schwalm ( at ) outotec.com Eila Paatela , Vice President - Corporate Communications tel. +358 20 529 2004 , mobile +358 400 817198 e-mail eila ."""
neutral,"""The Stockmann department store will have a total floor space of over 8,000 square metres and Stockmann 's investment in the project will have a price tag of about EUR 12 million ."""
positive,"The company also estimates the already carried out investments to lead to an increase in its net sales for 2010 from 2009 when they reached EUR 141.7 million ."
neutral,"""Equipment will be manufactured in Vaahto 's workshop in Hollola , Finland and is scheduled for shipments during the first quarter of 2009 ."""
neutral,"""Erkki Jarvinen , President of Rautakirja and the head of the Sanoma Trade division , will leave his current tasks in spring 2009 for a similar position outside the Sanoma Group ."""
neutral,"The company operates power plants in the Tyumen and Chelyabinsk regions and in the Khanty-Mansi Autonomous District ."
neutral,"Two of these contracts are for turntable anode vibrocompactors that will be delivered to Gansu Hualu Aluminum Co Ltd and another unnamed costumer ."
neutral,"It helps our stakeholders get a better understanding of our operations and the challenges in stainless steel business ."
negative,"- The Group - s result before taxes was EUR -1.9 ( -3.0 ) million ."
positive,"""`` We are delighted to announce our support for Intel based handheld platforms , the capabilities of which have made our development easier and faster ."""
positive,"The long-term contract is global ."
neutral,"Delivery is expected to take place later this month ."
neutral,"Sales fell abroad but increased in Finland ."
positive,"""Net interest income was EUR 39.3 mn , up from EUR 32.7 mn ."""
neutral,"The company distributes Hiab 's products as well as other products ."
neutral,"""Local government commissioner of +_m+_l , Kurt Svensson , says he will contact the management of Finnish company Componenta to find out if there are any alternatives to the company 's decision to close down its plant in +_m+_l ."""
neutral,"""The outsourcing agreement , which covers equipment and depots in Turku and Tampere , will run for five years , Cramo said on Thursday ."""
negative,"""Insurer Axa ( PAR : CS ) slid by 5.35 % to EUR 14.15 , after Citigroup and ING slashed their targets on the stock ."""
neutral,"""The Division also includes joint sales , marketing and controlling functions for these units ."""
neutral,"""In the method the smelt spouts 2 are separated from the working area 6 by a shielding wall 8 , 10 arranged movable in relation to the smelt spouts ."""
positive,"""In the third quarter , net sales increased by 12 % year-on-year to EUR159 .5 m , or by 6 % at comparable currency rates growth ."""
neutral,"The deal also includes a ten-year maintenance agreement ."
positive,"Its market share widened to 48.51 percent from 48.31 percent a year earlier ."
positive,"Finnish Bore that is owned by the Rettig family has grown recently through the acquisition of smaller shipping companies ."
neutral,"""Ahlstrom , headquartered in Helsinki , Finland , is a global company involved in the development , manufacture and marketing of high performance fibre-based materials ."""
neutral,"""The total investment in the Vantaa plant extension will amount to around 10 million euro , and Okmetic 's share of the investments will be worth around 2.7 million ."""
neutral,"The combined capital of these funds is expected to be EUR 100mn-150mn ."
neutral,"6 October 2010 - Finnish paints and coatings company Tikkurila Oyj HEL : TIK1V announced today the launch of Tikkurila ProHouse method for protection of wooden surfaces via treatment with Ultra Pro waterborne products ."
negative,"""( ADPnews ) - May 4 , 2010 - Finnish cutlery and hand tools maker Fiskars Oyj Abp ( HEL : FISAS ) said today its net profit declined to EUR 12.9 million ( USD 17m ) in the first quarter of 2010 from EUR 17 million in the correspond"""
positive,"It also said its third quarter diluted EPS came in at 0.34 eur compared with 0.16 eur in the same quarter a year ago ."
neutral,"Elcoteq SE is Europe 's largest contract electronics maker and has set up a unit in Bangalore in association with Avista Advisory of Mumbai ."
neutral,"The ship unloader is totally enclosed along the entire conveying line to the storage facilities ."
positive,"""The GeoSolutions technology will leverage Benefon 's GPS solutions by providing Location Based Search Technology , a Communities Platform , location relevant multimedia content and a new and powerful commercial model ."""
neutral,"""Previously , it projected the figure to be slightly lower than in 2009 ."""
neutral,"""The sale will be finalized in September or October , the company said ."""
neutral,"""According to Saarioinen 's Managing Director Ilkka M+Ækel+Æ , the food industry sector has a significant excess of production machinery ."""
negative,"""Tornio Works employs 2,300 of whom more than 1,800 have been in the scope of the fixed-period or part-time temporary layoffs in April-October period ."""
positive,"""Finnish pulp and paper machinery maker Vaahto Group Oyj swung to a 1.1 mln euro $ 1.4 mln net profit in the fiscal 2005-06 , ended August 31 , 2006 , from a 249,000 euro $ 319,000 net loss in the fiscal 2004-05 ."""
neutral,"Why not give your bedroom a cool makeover for summer ."
neutral,"`` They 've already allocated money for the inventory ."
negative,"""( ADPnews ) - Feb 3 , 2010 - Finland-based steel maker Rautaruukki Oyj ( HEL : RTRKS ) , or Ruukki , said today it slipped to a larger-than-expected pretax loss of EUR 46 million ( USD 64.5 m ) in the fourth quarter of 2009 from a"""
neutral,"""The Filter Tips cover the volume range from 0.1-1200 -ðl including new sizes for 10 , 20 , 100-120 , 200 , 300 , 1000 and 1200 -ðl volume capacities ."""
positive,"""At the same time profit of the company increased by 10 % in H1 and reached Ls 79,000 ."""
positive,"Finnish business software group AffectoGenimap Oyj said it had signed an agreement to acquire all the shares in Swedish sector company Intellibis Ab for 12 mln euro ( $ 15.8 mln ) on a debt-free basis ."
neutral,"Deliveries by Outotec will take place over 30 months ."
neutral,"Basic banking activities continued as normal ."
positive,"Kazgiprotsvetmet and Outotec Finland have signed an agreement on strategic cooperation in the marketing and providing of minerals processing and metallurgical plants and related services in Kazakhstan and the surrounding countries ."
positive,"EPS grew to 0.04 eur from 0.02 eur ."
positive,"""Operating profit surged to EUR21m from EUR106 ,000 ."""
neutral,"""The equipment is designated to Bollore Africa Logistics terminal Societe d'Exploitation du Terminal de Vridi SETV in Abidjan , Ivory Coast and the delivery is scheduled to start in March 2010 ."""
neutral,"The first charging stations will be made available already in 2008 and a whole network is to be ready in 2010 ."
positive,"""Both operating profit and net sales for the six-month period increased , respectively , from EUR13 .8 m and EUR143 .6 m , as compared to the corresponding period in 2007 ."""
neutral,"""In Finland , 71 % of paper and paperboard is reclaimed ."""
positive,"""Investors will continue being interested in the company 's share although it is not quite cheap , Affarsvarlden said ."""
neutral,"Construction is scheduled to start in April-June 2007 and to be completed in early 2008 ."
neutral,"""The order consists of outsourced application management , support and planning for Tecnotree and third-party applications ."""
positive,"Finnish Cargotec 's Kalmar has received a significant order from the US Department of Defense ."
positive,"""Lee & Man Paper and Metso have a long and prosperous co-operation , a good example of which are the Changshu and Hongmei kraftliner machines delivered earlier ."""
negative,"Glaston 's net profit for the third quarter of 2007 dropped to 2.4 mln euro ( $ 3.5 mln ) from 3.5 mln euro ( $ 5.1 mln ) for the corresponding period of 2006 ."
positive,"Finnish elevators and escalators maker KONE Corporation said on Tuesday ( 18 March ) that it has received a major order from Sir Robert McAlpine to supply all elevators and escalators for the Watermark Place project in the City of London ."
neutral,"""MANAVIGATOR-November 1 , 2010-Deal snapshot : SWEDISH PEAB BUYS EQUIPMENT RENTAL FIRM CRAMO Swedish construction company Peab AB ( STO : PEAB B ) announced the acquisition of equipment rental company Cramo Entreprenadmaskiner AB from Finnish group Cramo Oyj ( HEL : CRA1V ) ."""
neutral,"""The dividend will be paid on April 15 , 2008 to each of the shareholders who on the record date of April 8 , 2008 have been entered in the list of shareholders kept by the Finnish Central Securities Depository Ltd. ."""
negative,"""Commission income decreased to EUR 3.8 mn , compared to EUR 4.6 mn in the third quarter of 2007 ."""
neutral,"""Stockholm-based Nordea Bank ( STO : NDA ) said yesterday it had hired Casper von Koskull to lead its corporate merchant banking and capital markets unit , effective 1 September ."""
neutral,"Production is scheduled to start by the end of April 2007 ."
neutral,"This ideally placed them in a position to tap into the potential of clean technology ."
neutral,"""In 2007 , Contempus generated revenue of NOK 69.3 ( approx ."""
neutral,"Related links : Flexiblebaseloadoperation TheWartsila32generating set Gasconversions This is the shorter of two versions of this press release ."
neutral,"""OTHER  North-Rhine Westphalia - Is to issue a benchmark , 5 year fixed rate deal in Euros ."""
neutral,"The financial statements release will be available after publishing on the Company 's internet pages at www.cargotec.com ."
neutral,"""The contractor of the shopping center , China State Construction Engineering Corporation , has previously built e.g. airports , hotels and factories for large international customers in different parts of the world ."""
neutral,"""CDP was established on the initiative of institutional investors ; however , the annually published results also interest an increasing number of customers and other interest groups of the reporting companies ."""
negative,"""`` Uncommonly weak snow conditions in nearly every market have affected our first quarter result , '' Chief Executive Roger Talermo said ."""
positive,"""Finnair PLC carried a record 8.8 million passengers in 2006 , an increase of 3.5 percent on the previous year , the Finnish national carrier reported Tuesday ."""
neutral,"GyPSii service supports ten different languages including Korean and Russian ."
negative,"down to EUR5 .9 m H1 '09 3 August 2009 - Finnish media group Ilkka-Yhtyma Oyj ( HEL : ILK2S ) said today its net profit fell 45 % on the year to EUR5 .9 m in the first half of 2009 ."
positive,"HELSINKI AFX - Outokumpu Technology said it has signed a 3.5 mln eur agreement with Mongolia 's Erdenet Mining Corporation for the engineering of the first HydroCopper plant to be built at the Erdenet mine site ."
neutral,"""Cargotec 's brands , Hiab , Kalmar and MacGREGOR , are global market leaders in their fields and their solutions are used on land and at sea - wherever cargo is on the move ."""
negative,"Operating profit decreased to EUR 11.2 mn from EUR 16.6 mn ."
neutral,"""More than 50,000 tonnes of asphalt mix will be used in the contract ."""
positive,"Ruukki forecast a 15-20 % annual sales growth and a positive pretax result for 2010 ."
neutral,"""The chain has been trying to cut its own costs , pressuring vendors such as fitness equipment manufacturer Precor to slash prices ."""
neutral,"""Also in Latvia , we act as a partner for bakery customers in both production and product development ."""
positive,"Construction volumes meanwhile grow at a rate of 10-15 percent annually ."
negative,"""However , the suspect stole his burgundy Nissan Altima ."""
negative,"Earnings per share were at loss of EUR0 .24 ."
positive,"""Meanwhile , Nokia said that it will be able to deliver a complete range of services from deployment operations to consulting and integration to managed services as a result of the buyout ."""
neutral,"Cargotec will also move Hallberg-Ivarsson 's service and installation business under the same roof with its service center for Kalmar and MacGregor solutions in Gothenburg ."
neutral,"""Includes company and brand share data by category , as well as distribution channel data ."""
neutral,"The annual value of the contracts is estimated at USD 2mn over the next three years ."
positive,"""In the Homeware area , Fiskars provides leading branded products for home , kitchen , and interior design ."""
neutral,"Customers include hotels and restaurants as well as wholesalers and some retailers ."
positive,"Through this transaction we are able to participate in developing the industry ."
positive,"The company reports a loss for the period of EUR 0.4 mn compared to a loss of EUR 1.9 mn in the corresponding period in 2005 ."
neutral,"""Tyrv+Æinen is of the opinion that the airline has been repeating this for some time already , however ."""
positive,"The company will use the assets for strengthening its balance sheet and financial position ."
neutral,"""Customers wave cards in front of the reader to make payments , similar to `` touch and go '' cards used in transport systems ."""
positive,"The acquisition of Boomeranger Boats Oy is in line with the Done Solutions strategy of developing its business through company acquisitions ."
neutral,"The increase range will vary up to 10 % ."
neutral,"Export accounts for about one tenth of the company 's annual turnover of one billion kroons ."
positive,"""Due to rapid expansion , the market share of Tallink in terms of passenger carriage through Tallinna Sadam Port of Tallinn totaled 55 percent in November against 45.7 percent in November 2005 ."""
positive,"It therefore seems that Finnish shipping company Viking Line will get the subsidy it needs to order its new LNG-fuelled vessel ."
neutral,"Niam offer financial investors a high return via investments in funds that in turn invest in all types of properties ."
negative,"""ADP News - Feb 13 , 2009 - Finnish retailer Kesko Oyj HEL : KESBV said today its total sales , excluding value added tax VAT , stood at EUR 661.3 million USD 853.1 m in January 2009 , down 15.2 % year-on-yea"""
neutral,"""The talks concerned about 160 people in Finland and the initial estimate was for about 35 redundancies , Fiskars said ."""
negative,"""UPM said the move will lower net profit by  x20ac 385 million US$ 520 million in the second quarter , mainly due to impairment charges ."""
negative,"""Scanfil , a systems supplier and contract manufacturer to the communications sector , will give notice to 20 productional employees , and temporarily lay off 15 employees at the company 's plant in Sievi , in Finland ."""
positive,"Net interest income increased by 4.5 % to EUR 31.4 mn from EUR 30.0 mn in 2004 ."
negative,"""According to Finnish petrol station chain St1 's managing director Kim Wiio , the company was forced to make purchases with rising prices in the first half of 2008 , and now consumer prices are going down almost daily due to competition ."""
neutral,"The output of the contracts totals 72 MWe ."
neutral,"A CUT ABOVE Bring the outdoors in with these birch-branch coasters ."
negative,"""Production levels have been agreed with producers a long time ago , so a fall in consumption will lead to losses ."""
positive,"ABB Deutsche Bank upgraded its recommendation on Swiss-Swedish engineering group ABB Ltd. to ` Buy ' from ` Hold ' ."
neutral,"""Finnish real estate company Sponda Oyj said on April 11 , 2008 it would build Vuosaari Harbour Service Center at the Port of Helsinki ."""
neutral,"""In 2007 , Alma Media 's operating profit was about EUR 53mn ."""
neutral,"""ALEXANDRIA , Va. , March 15 -- Jaakko Vilo of Turku , Finland , has developed a panel press ."""
positive,"""Net sales will , however , increase from 2005 ."""
positive,"""`` Several growth initiatives in the chosen geographic areas are already ongoing , '' it continued , noting Lindex opened its first store in the Czech Republic this autumn in Brno ."""
positive,"Under this agreement Biohit becomes a focus supplier of pipettors and disposable pipettor tips to VWR customers throughout Europe ."
neutral,"""New Delhi , July 17 -- Sahlberg Teppo , Kallio Timo and Mustonen Tuomas of M Real OYJ , Espoo , Finland have developed novel markings and methods of producing the same ."""
negative,"Net profit fell by almost half to +â 5.5 million from +â 9.4 million at the end of 2007 ."
negative,"F-Secure also point out the logical weakness in the sequenced numbers of a card approach that has apparently already been utilised ."
neutral,"The recruits who have completed the K-retailer trainee program are qualified to start a career as independent retailers in K-stores ."
neutral,"The negotiations concern 246 salaried and senior salaried employees and are scheduled to be completed in six weeks ."
neutral,"""It started with software that was capable of retrieving the data typed into the computer keyboard ( `` keyloggers '' ) , and then more complex mechanisms arrived on the scene , such as phishing and pharming ."""
neutral,"""The Russian gas giant invested another 46 million litas in the company in late 2004 and now owns 99.5 percent of its stock capital , which amounts to 86.936 million litas ."""
negative,"Finnish forest industry group Stora Enso Oyj issued on Thursday ( 20 March ) a profit warning for the first quarter 2008 ."
neutral,"Marathon estimates the value of its remaining stake in Protalix at $ 27 million ."
positive,"Finnish Aldata Solution has signed a contract of supply its G.O.L.D. system to two French retail chains ."
positive,"""Exports accounted for 65.4 % of net sales , representing an all time record for the company ."""
negative,"""As part of the reorganisation measures that will take place in spring 2006 , Tamglass Finton will start personnel negotiations that will affect its entire staff of 33 ."""
neutral,"""The add-on order contains , among others , control valves and instrumentation as well as complete mill engineering and electrification with Metso drive controls ."""
neutral,"4 January 2011 - Finnish media company Alma Media Corporation HEL : ALN1V said today its online recruitment service Monster Oy will partner with local newspaper publisher Suomen Lehtiyhtyma in listing job advertisements ."
positive,"The layoffs were aimed at reaching an annual savings target of 1.5 billion euros $ 2 billion by the end of 2010 ."
neutral,"Measures will be launched immediately and are due to be finalized in the first quarter of 2010 ."
neutral,"Market data and analytics are derived from primary and secondary research ."
negative,"Earnings per share ( EPS ) dropped to EUR 0.21 from EUR 0.31 ."
neutral,"""As part of the reorganization , Kauko-Telko Ltd will be divided into Telko Ltd , Leipurin Ltd , Hamina Terminal Services Ltd and Kaukomarkkinat Ltd. ."""
neutral,"""`` This agreement is a direct result of LCC 's strategy and plan that was announced earlier this year , '' said Dean Douglas , LCC 's chief executive officer ."""
neutral,"ZAO YIT Moskovia builds housing in Moscow and its surrounding cities ."
neutral,"Eriikka S+¦derstr+¦m has previously held several positions in finance and control at Nokia Networks including acting as the Business Group Controller and having the corporate controller position at Nokia Siemens Networks ."
negative,"""Paper stocks were among the biggest fallers , with Stora Enso down 2.30 pct to 14.01 eur , M-real down 2.86 pct to 5.09 eur and UPM-Kymmene 1.14 pct lower at 19.10 eur ."""
positive,"The diesel margin has remained high ."
neutral,"Mobile data transfer is expected to increase explosively in the LTE era ."
negative,"""The steelmaker said that the drop in profit was explained by the continuing economic uncertainty , mixed with the current drought in bank lending , resulting in a decline in demand for its products as customers find it increasingly difficult to fund operations ."""
positive,"`` We are pleased to welcome Tapeks Noma into Cramo group ."
positive,"""The sale , which will result in a gain of some EUR 60 million in the second quarter of 2010 for Oriola-KD , supports the Finnish company 's strategy to focus on pharmaceutical wholesale and retail operations ."""
neutral,"Pharmaceuticals - Belgium This brand-new market analysis gives a clear overview of the actual situation and future outlook of the pharmaceutical market in Belgium ."
negative,"""The company 's profit totaled Ls 578,100 in H1 2007 , down 30.9 % year-on-year ."""
positive,"The EPS improved to EUR0 .38 from EUR0 .27 ."
neutral,"""Demonstrations of the broad capabilities of the Mobility Business Suite will be organized during the 3GSM World Congress in Barcelona , from February 12th to 15th ."""
neutral,"""However , two of the previously ordered sets will start producing electricity at the end of October 2010 , it said ."""
neutral,"""`` These patronage refunds reward members that use the fee-based services that make a positive contribution to CenCorp 's operating results , '' said Bill Walby , CenCorp CEO ."""
neutral,"Underground parking facilities will also be built on the basement floor ."
positive,"""2010 16 July 2010 - Finnish steel maker Rautaruukki Oyj HEL : RTRKS , or Ruukki , said today it turned to a net profit of EUR20m in the second quarter of 2010 from a net loss of EUR94m in the corresponding period last year ."""
positive,"""Tiimari Latvian representative Ineta Zaharova said that the company earned LVL 122,000 in 2005 profit , which is 20 times more that in 2004 ."""
positive,"""And the broker repeated its ` buy ' rating , based on expectations that current restructuring will lead to a clear improvement in performance in Europe in 2007 ."""
neutral,"RusHydro has an agreement to transfer its stakes in OESK and the five ERCs into the trust management of Inter RAO ."
neutral,"""Componenta is a metal sector company with international operations and production plants located in Finland , the Netherlands , Sweden and Turkey ."""
neutral,"""Supported Nokia phones include : N96 , N95-8GB , N95 , N93-N931 , N92 , N85 , N82 , N81 , N80 , N79 , N78 , N77 , N76 , N75 , N73 , N72 , N71 , E90 , E71 , E70 , E66 , E65 , E62 , E61-E61i , E60 , E51 , E50 , Touch Xpress 5800 , 6220 Classic , 6210 Navigator , 6120 Classic , 6110 Navigator , 5700 , 5500 , 5320XM ."""
neutral,"""In his current position , Manty has worked since 1996 ."""
neutral,"""INTERNET BUSINESS NEWS - -_ 1995-2006 M2 COMMUNICATIONS LTD As part of a drive to protect users of its Internet banking service , Barclays Bank has announced that it is to recommend F-Secure Internet Security to its customers ."""
neutral,"""However , the offering will probably not be made at the current valuation , which partly derives from the deal in which the company was merged into a stock market shell ."""
positive,"""Nokia also noted the average selling price of handsets declined during the period , though its mobile phone profit margin rose to more than 22 percent from 13 percent in the year-ago quarter ."""
neutral,"Finnish Civil Aviation Administration decided to temporarily reopen Finnish capital 's Helsinki airport since 3 p.m. to 11 p.m. Monday local time ."
positive,"This will bring cost savings of about EUR 3mn a year ."
positive,"""The company is now intensifying its smelter operations and increasing its annual production capacity to 230,000 tonnes of copper ."""
positive,"""The agreement will provide The Switch with double the converter capacity , whilst opening up further manufacturing locations in China ."""
neutral,"""After the sale , Savcor Group Ltd will comprise Savcor ART , a corporate function and an investment in Cencorp Corporation ."""
neutral,"The machines will cease production by the end of February 2007 ."
neutral,"Finnish home decoration and arts and crafts retailer Tiimari Plc ( OMX Helsinki : TII1V ) reported on Monday ( 18 August ) an operating loss of EUR3 .3 m on net sales of EUR33 .9 m for the period January-June 2008 ."
positive,"""Fiskars has a strong portfolio of international brands , which include Fiskars , Iittala , Gerber , Silva and Buster ."""
positive,"""Both operating profit and turnover for the three-month period increased , respectively from EUR0 .9 m and EUR8 .3 m , as compared to the corresponding period in 2005 ."""
neutral,"Comptel Corporation will publish its financial statements for 2008 on 12 February 2009 ."
neutral,"The expanded plant is scheduled to be operational by the middle of October 2009 ."
neutral,"The total investment of the project will be approximately EUR 36m ."
neutral,"""GUANGDONG , October 26 , SinoCast -- Nokia Telecommunications Dongguan branch entered into a letter of intent to open a Nokia Class in Qingyuan Polytechnic , Qingyuan City of Guangdong Province ."""
neutral,"""ALEXANDRIA , Va. , Oct. 6 -- United States Patent no. 7,804,288 , issued on Sept. 28 , was assigned to Vacon Oyj ( Vaasa , Finland ) ."""
neutral,"Changes to the as-built models from the design were communicated to the subcontractors to accommodate them into the steel and GRC glass reinforced concrete fabrication process ."
neutral,"""Capman , the Finnish alternative asset manager , has made an acquisition for its Helsinki-focused vehicle , Real Estate Fund I. The fund has bought a seven-story office built in 1973 that underwent refurbishment at the end of the 1990s ."""
positive,"""According to ACNielsen 's ScanTrack study for the period week 10 of 2005 to week 9 of 2006 , Coca-Cola is the market leader in soft drinks in Finland ."""
neutral,"The terms of the transactions remained undisclosed ."
positive,"Finlan 's listed food industry company HKScan Group controlled companies in the Baltics improved revenues by EUR 3.5 mn to EUR 160.4 mn in 2010 from EUR 156.9 mn in the year before ."
positive,"""With the launch of new 3G handsets , Nokia aims to become the winner in China 's 3G market as it did in the 2G market ."""
neutral,"""The maximum grade of the veneer yield is calculated , based on the dimensions and grades of the veneer products , as well as by iterating the places of the peeling axes and simulating the peeling process ."""
negative,"Loss for the period totalled EUR 15.6 mn compared to a profit of EUR 6.3 mn in 2008 ."
positive,"LONDON MarketWatch -- Nokia nok said it 's won a five-year services contract to run Hutchison Essar 's network operations in nine locations in India ."
neutral,"""MILAN ( AFX ) - The Italian shipping group Grimaldi has increased its stake in the Finnish company Finnlines to 35.4 pct from the 30.5 pct held in June , according to news agency ANSA ."""
neutral,"""Honkarakenne mainly exports large luxury log houses to Russia to be used as one-family houses or holiday homes ; 70 % of sales go to the Moscow region , about 20 % to the St Petersburg region , and the remainder to other locations ."""
positive,"""Finnish engineering and technology company Metso Oyj said on May 27 , 2008 it completed the acquisition of paper machinery technology from Japanese engineering company Mitsubishi Heavy Industries ( MHI ) for an undisclosed sum ."""
negative,"Last year 's third quarter result had been burdened by costs stemming from restructuring in the US ."
negative,"""Finnish power supply solutions and systems provider Efore Oyj said its net loss widened to 3.2 mln euro $ 4.2 mln for the first quarter of fiscal 2006-2007 ending October 31 , 2007 from 900,000 euro $ 1.2 mln for the same period of fiscal 2005-06 ."""
neutral,"Poyry 's net sales in 2007 amounted to about EUR 720 million and it employs 7400 experts ."
positive,"Synergy benefits will start to materialise in the second quarter ."
neutral,"Their names have not yet been released ."
neutral,"Honkarakenne Oyj - a world-leading manufacturer of genuine wooden homes - will be sponsoring Finnish crosscountry skier Virpi Kuitunen for the next three years ."
neutral,"""HELSINKI AFX - Salcomp , the mobile phone charger manufacturer , said it has appointed Markku Hangasjarvi as its new CEO , following the resignation of Mats Eriksson ."""
neutral,"Neste Oil will offer outplacement services to the 111 employees to be reduced ."
neutral,"""In addition to software development , the new design unit will provide for mechanical engineering and electronics design ."""
neutral,"""Digia will also set up two subsidiaries , Digia Norway AS and Digia USA Inc. ."""
neutral,"""Ahlstrom , headquartered in Helsinki , Finland , is a global leader in the development , manufacture and marketing of high performance fibre-based materials ."""
neutral,"""L&T is operative in Finland , Sweden , Latvia , Russia and Norway ."""
neutral,"""In 2008 , it generated net sales of EUR 9.3 million USD 13.1 m ."""
positive,"""The shopping center to be opened in St. Petersburg , Russia in November 2010 will turn the cash flow of Finnish department store chain Stockmann 's Russian operations positive for the first time in 2011 ."""
neutral,"Finnish plumbing and heating systems supplier Uponor announced a company-wide cost reduction program in August 2008 ."
negative,"""Sales at the Tiimari business went down by 8 % to EUR 11.8 million , while Gallerix stores saw 29 % growth to EUR 2 million ."""
neutral,"Nokia has enough users to do just as well ."
neutral,"The last job losses related to these reductions will take place during 2010 ."
neutral,"""Metso is a global supplier of sustainable technology and services for mining , construction , power generation , automation , recycling and the pulp and paper industries ."""
neutral,"The total amount of subscription prices was recorded in the fund for invested non-restricted equity ."
neutral,"The shares carry a right to dividend and other shareholder rights as from their registration with the Finnish Trade Register ."
positive,"""Mobile phone shipments jumped 26 percent to almost 112 million units , while Finnish company 's global market share rose to 39 percent from 36 percent ."""
positive,"( I&H ) in a move to enhance growth ."
positive,"""( Filippova ) A trilateral agreement on investment in the construction of a technology park in St Petersburg was to have been signed in the course of the forum , Days of the Russian Economy , that opened in Helsinki today ."""
neutral,"The report will be emailed within 2 business days of an order ."
negative,"""Operating profit for the 12-month period decreased from EUR28 .2 m while net turnover increased from EUR313 .42 m , as compared to the financial year 2004 ."""
neutral,"""The facility will have a lettable area of some 19,000 sq m. The plot for the plant , located in the Ratasmaki business park , will be purchased from the City of Forssa ."""
neutral,"""According to Soosalu , particular attention was paid to residents privacy and security in the design of the Aleksandri Street building ."""
positive,"Pretax profit rose to EUR 17.8 mn from EUR 14.9 mn in 2005 ."
neutral,"""City24 users can search for homes and properties in all areas where City24 is active , even outside their own country ."""
neutral,"15 November 2010 - Finnish energy company Fortum Oyj HEL : FUM1V said today it and partners started negotiations to establish a new operating model for energy supply in the Turku region of western Finland ."
positive,"This assignment strengthens Poyry 's position as an international provider of engineering and project services to the chemical process industry ."
neutral,"Elisa has commissioned Finland 's Poyry Telecom Oy to conduct a study of reception in some of Estonia 's largest cities besides Tallinn ."
positive,"""`` After a long , unprofitable period the Food Division posted a profitable result , which speaks of a healthier cost structure and a new approach in business operations , '' Rihko said ."""
neutral,"Panostaja is a financially secure Finnish multi-field corporation that creates healthy companies and company entities ."
positive,"""The company 's operating income ( EBIT ) totalled EUR 0.0 mn , up from EUR -0.3 mn year-on-year ."""
neutral,"""As part of the reorganisation , Pohjola Insurance 's 250 field staff for private customers will join the payroll of local cooperative banks from the beginning of October 2008 ."""
positive,"Mr Kivimeister said John Deer former Timberjack stands to win in the situation : it controls around 60 % of Estonia 's forest machinery market ."
neutral,"""The commission found evidence of several meetings to discuss the cartel , including one in a Brussels restaurant in November 1997 at which the companies discussed price increases ."""
negative,"Net sales decreased to EUR 220.5 mn from EUR 470.0 mn in the corresponding period in 2009 ."
neutral,"The CVs of the proposed members are available for viewing from 12 March 2008 onwards on the Internet at www.sampo.com/ir ."
neutral,"""The engine has an electrical output of 18,321 kW , making it the largest gas powered generating set in the world ."""
neutral,"""says Brian Burton , Head of IT Security , Vodafone UK ."""
neutral,"""At first , Solteq 's services to companies operating in the St. Petersburg area will include maintenance and material management systems and data collection solutions ."""
neutral,"Yvonne Jones is owner of Chameleon Interiors ."
neutral,"""The new company , DiaPol S.r.l. , would manufacture tools meant for glass and stone pre-processing ."""
neutral,"The Diameter Protocol is developed according to the standards IETF RFC 3588 and IETF RFC 3539 ."
positive,"Finnish Rautaruukki has been awarded a contract to supply and install steel superstructures for the Partihallsf+¦rbindelsen bridge in Gothenburg in Sweden ."
negative,"""Operating profit was EUR -0.1 mn , down from EUR 1.3 mn ."""
neutral,"""A corresponding increase of 85,432.50 euros in Ahlstrom 's share capital has been entered in the Trade Register today ."""
neutral,"The Group 's revenue in 2008 amounted to EUR 94 million and the company currently employs approximately 730 people ."
positive,"""We are honored to be recognized by Gartner as a specialist in Business Process Modeling and Analysis , in the company of many of the largest software vendors in the world ."""
neutral,"""The money will be spread mainly over 2011 and 2012 , the company said ."""
positive,"""The metal has gained 41 percent this year as demand from China , the world 's largest user , increased ."""
neutral,"""pct lower at 4,442.10 ."""
neutral,"""The Daily Graphic newspaper , in October , reported an initiative being embarked upon by the Fidelity Bank to partner Ghana Post , which has offices across the country , to offer financial services to the unbanked and under-banked in the country ."""
neutral,"""The transaction is subject to a final agreement between the parties , approvals of their decision-making bodies and approval by the Finnish Competition Authority ."""
neutral,"""The offer of some 30 million shares aimed to raise more than  x20ac 500 million US$ 640 million , was expected to be completed by Oct. 9 , Outokumpu said ."""
positive,"The EPS outlook was increased by 5.6 pct for 2007 and 7.0 pct for 2008 ."
negative,"Hobby Hall 's sales decrease 26 pct due to implementing a new information system that involved changing in the principal of posting sales ."
negative,"""ADPnews - Jul 17 , 2009 - Finland-based steel maker Rautaruukki Oyj Ruukki HEL : RTRKS said today it slipped to a net loss of EUR 184 million USD 259.7 m for the first half of 2009 from a net profit of EUR 2"""
neutral,"The financial details of the acquisition were not disclosed ."
neutral,"It has sold one half of its business operations and will enter the Helsinki Stock Exchange via the back door through an innovative buyout arrangement with Kasola ."
neutral,"Each share is entitled to one vote ."
positive,"""On the other hand , Montevideo said that having the two mills working in the area will generate jobs ."""
neutral,"""The total number of voting rights is 74,612,523 ."""
neutral,"The shops are located in the capital region and the Paijat-Hame region ."
neutral,"The building will house product development and test laboratories ."
neutral,"""Aspo 's strong company brands - ESL Shipping , Leipurin , Telko and Kaukomarkkinat - aim to be the market leaders in their sectors ."""
positive,"""According to Bosse , the present cooperation is beneficial to all parties , however ."""
neutral,"""The company generates net sales of about 600 mln euro $ 775.5 mln annually and employs 6,000 ."""
positive,"The energy-efficient data center will be built by combining an effective energy solution with state-of-the-art technology ."
neutral,"""At some point , it will spread also to Iran and Iraq ."""
positive,"""Iggesunds Bruk in Sweden is one of the most advanced , fully integrated pulp and paperboard mills in the world ."""
negative,"""The pulp production in Finnish Kemij+Ærvi will also be liquidated and about 1,100 employees loose their jobs ."""
positive,"The pipeline is strong ."
neutral,"""The manufacture of CPPs will be undertaken at the existing Export Oriented Unit EOU at Wartsila 's factory at Khopoli , near Mumbai ."""
neutral,"Travel expenses would be reimbursed in accordance with the travel policy of the company ."
positive,"The insurer anticipates its share in Nordea 's net profit to be significant ."
negative,"""YIT 's Baltic sales in the first three quarters of 2008 totaled 106.2 million euros , representing a drop of 29 percent year on year ."""
positive,"""India 's trade with Russia currently stands at four billion dollars , growing 9.6 per cent in fiscal 2007 ."""
positive,"""Finland 's leading metals group Outokumpu said its fourth-quarter net profit more than tripled on the back of strong global demand for stainless steel , soaring base metal prices and proceeds from the sale of its technology unit ."""
negative,"The production is to be liquidated before June 2009 and 325 employees loose their jobs ."
neutral,"Exel is headquartered in Mantyharju in Finland ."
positive,"""Both operating profit and net sales for the 12-month period increased , respectively from EUR21 .5 m and EUR196 .1 m , as compared to 2005 ."""
neutral,"""In the third quarter of 2007 , net sales totaled EUR 25.95 mn , and operating profit EUR 3.88 mn ."""
positive,"""We are glad that our long co-operation with SODRA continues '' , comments Stig-Goran Sandberg , Affecto 's Area Manager for Baltic operations ."""
neutral,"Lemmink+Æinen started the manufacture of roofing felt in 1920 and the production of asphalt in the 1930s ."
neutral,"""Prothious Engineering ( www.prothious.com ) employs more than 1,000 and has a large portfolio of projects and an annual detailing capacity of more than 100,000 tonnes ."""
neutral,"He is a member of the Board of numerous com-panies and a shareholder of the Boardman Ltd board specialist net-work ."
neutral,"""An additional amount , capped at EUR12m , is payable in cash upon the achievement of certain financial performance targets in 2007 ."""
positive,"""However , Biohit estimates its total net sales will continue to grow in 2009 , and that favourable trends in net sales will lead to a profit in 2009 ."""
positive,"""The company 's scheduled traffic , measured in revenue passenger kilometres RPK , grew by just over 2 % and nearly 3 % more passengers were carried on scheduled flights than in February 2009 ."""
negative,"""The largest restructuring is planned for Italy , where negotiations on about 40 job cuts are to be initiated today , the company noted ."""
neutral,"The value of the multi-year agreement is over EUR 2mn a year ."
neutral,"""According to HK Ruokatalo , almost all the meat used by the company comes from Finland ."""
neutral,"""This will be done domestically and in neighboring markets , both organically and through acquisitions ."""
neutral,"Amanda Capital has investments in 22 private equity funds and in over 200 unquoted companies mainly in Europe ."
neutral,"`` We could be there ."
negative,"The Group 's order portfolio decreased from EUR 42.9 mn in 9-2007 to EUR 33.3 mn in 2-2008 ."
neutral,"""The remaining amount will be funded through debt , the Danish bank said ."""
positive,"""The combination of all services enabling us to offer a complex and strengthened service chain not only limited to the Baltic port connections but also for getting access to the world wide Grimaldi Network into the Mediterranean , Africa and North America `` says Uwe Bakosch ."""
positive,"""Stockmann and Swedish sector company AB Lindex entered into an agreement on September 30 , 2007 , whereby Stockmann , or a wholly-owned subsidiary of it , will make a public tender offer for all of Lindex 's issued shares ."""
neutral,"A 2001 agreement expired earlier this month ."
neutral,"The shares subscribed will be eligible for trade on the following day from the registration ."
neutral,"The original patent was filed in Finland under application No. ."
positive,"""Finnish energy company Fortum Oyj said on November 13 , 2007 it was granted an environmental permit to build a biofuel-fired combined heat and power CHP plant in Vartan harbor in eastern Stockholm ."""
positive,"""Both operating profit and net sales for the 12-month period increased , respectively from EUR4 .7 m and EUR26 .7 m , as compared to 2004 ."""
neutral,"""Some 3.8 mln euro ( $ 5.2 mln ) of the base acquisition price will be paid in cash and the rest through a subscription offering of a total of 850,000 new Ixonos shares ."""
neutral,"Protalix is developing genetically engineered proteins from plant cells ."
positive,"""Operating profit totalled EUR 0.4 mn , up from an operating loss of EUR 0.8 mn year-on-year ."""
neutral,"""The tests , conducted at Nokia Siemens ' LTE center of competence in Espoo , Finland , follow the company 's production start of LTE-ready Flexi Multiradio Base Stations for the 800 MHz band in April 2010 , and complement earlier tests with Nokia on the 2100 MHz and 2600 MHz bands ."""
neutral,"""In January-September 2007 , operating profit totaled EUR 20.5 mn ."""
neutral,"""The price of the 10,000 kroon par value bonds was 9663,51 kroons in the primary issue ."""
positive,"One of my colleagues summed up the E7 quite aptly when he remarked : `` Fantastic hardware ."
neutral,"""Technopolis , St. Petersburg 's Telecommunications University and the Russian Support Fund for Legislative Initiatives signed a protocol of intent in May of this year to set up a technopark in St. Petersburg on the base of the St. Petersburg Telecommunications University ."""
neutral,"About Dopplr Dopplr is a service for smart travellers ."
neutral,"""` Patja has worked well for us for more than a decade , and Fujitsu 's new bid was competitive ."""
neutral,"Airbus will attempt to evacuate up to 873 people within 90 seconds ."
negative,"""The offer , deemed too low by Finnlines ' board , stands until 4 pm tomorrow ."""
neutral,"The company 's board of directors will propose a dividend of EUR 0.14 for 2008 at the annual general meeting ."
neutral,"The project also implies an underground parking lot for 56 vehicles ."
neutral,"""For 2009 , Incap expects revenue of some EUR 70 million ."""
negative,"Orion 's net profit for the third quarter of 2007 decreased to 36.5 mln euro ( $ 52.1 mln ) from 40.3 mln euro ( $ 57.5 mln ) a year earlier ."
positive,"The company 's market share is continued to increase further ."
neutral,"The smaller molecules improve the grip of the tyre at top-speed driving ."
negative,"Net sales dropped by 6 % year-on-year to EUR 11.9 million ."
neutral,"This PC application allows users to copy files and other data from their Nokia mobile device to their computer as well as create backup content ."
neutral,"The company is studying the feasibility of focusing most of its processed meat production in the Vantaa facilities and the processing of fresh meat in the Forssa facilities ."
positive,"Poyry is recognized as one of the world 's leading advisors to the global forestry industry ."
neutral,"""Finnish AC drives manufacturer Vacon is acquiring the AC drives business of TB Wood 's , part of the US group Altra Holdings ."""
positive,"""Finnish silicon wafers manufacturer Okmetic Oyj said on June 29 , 2007 it signed an agreement with Nordea Bank Finland Plc , the local subsidiary of Swedish commercial bank Nordea Bank AB , which will refinance Okmetic 's syndicated bank facility which amounts to some 20 mln euro ( $ 26.9 mln ) ."""
neutral,"""Ahlstrom Corporation Anne Pirila Director , Financial communications Distribution : Helsinki Stock Exchange Main media Ahlstrom in brief Ahlstrom is a leader in the development , manufacture and marketing of high performance fiber-based materials ."""
positive,"""narrows to EUR2 .8 m 9-mo '09 29 October 2009 - Finnish software and hardware developer Elektrobit Oyj HEL : EBG1V , or EB , said today that its net loss narrowed to EUR2 .8 m for the first nine months of 2009 from EUR35 .6 m for the same period a year ago ."""
neutral,"The adjustment measures will be carried out in phases to secure the delivery capability ."
positive,"UPM-Kymmene has generated seventeen consecutive quarters of positive Cash Flow from Operations ."
neutral,"""CapMan , with offices in Helsinki , Stockholm , Copenhagen and Oslo , manages Nordic buyout , mezzanine , technology , life science and real estate funds with approximately EUR2 .6 bn in total capital ."""
positive,"Net sales revenue per passenger is expected to increase ."
neutral,"""As of August 2008 , Glaston 's North Asian sales and service region is upgraded to a new market area , North Asia ."""
neutral,"""Argentine agricultural export company Calafate has tapped compatriot firm Finnegans for a software solution , the latter company said in a statement ."""
neutral,"The newspaper 's best sales asset is high quality journalism and journalistic content ."
neutral,"""The Nokia Music Store begins trading on Tuesday , selling singles and albums as well as live music streaming ."""
neutral,"The prices of stainless steel also rose in Europe ."
neutral,"Scanfil plc is a global contract manufacturer and systems supplier for communication and industrial electronics ."
negative,"""Operating profit fell to EUR 35.4 mn from EUR 68.8 mn in 2007 , including vessel sales gain of EUR 12.3 mn ."""
positive,"According to Deputy MD Pekka Silvennoinen the aim is double turnover over the next three years ."
neutral,"""So far the company has awarded more than $ 350,000 worth of tools and materials ."""
positive,"Profit for the period increased from EUR 2.9 mn to EUR 10.5 mn ."
neutral,"""Name of Applicant : Jot Automation OYName of Inventor : Mammila Tuomo , Piirainen Mika and Kellokoski MikaApplication No. : 2424-KOLNP-2008 ADate of filing of Application : 16-06-2008Publication Date : 30/01/2009"""
neutral,"""Conference Call To participate via a conference call , please dial in 5-10 minutes before the beginning of the event : +44 0 20 7162 0025 Europe or +1 334-£323-£6201 USA ."""
neutral,"Rapala aims to move the distribution unit Ragot from Loudeac in Bretagne and the distribution unit Waterqueen and the fishing line supplier Tortue from Saint Marcel in Central France to Morvillars ."
negative,"Net sales fell by 33 % from the third quarter of 2008 to EUR 130.5 mn ."
neutral,"Vaisala 's board of directors will propose a dividend of 0.85 euro $ 1.24 per share at the company 's annual general meeting ."
neutral,"The arrangements do not apply to the group 's units outside Finland ."
neutral,"The solid fuel is heated before sludge is mixed therein . ''"
neutral,"""BAVARIA Industriekapital AG 's 2006 revenues were EUR 333 million , with an EBITDA of EUR 51 million ."""
positive,"""Finnish-owned contract manufacturer of electronics Elcoteq Hungary Kft has announced plans to recruit more than 650 new staffers to fulfill new orders in P+_cs , where the company has two plants ."""
neutral,"""The total service concept also includes technology services , with which Raute supports its customers throughout the entire life cycle of their investments ."""
negative,"Operating profit fell to EUR 6.2 mn from EUR 8.5 mn in the third quarter of 2007 ."
neutral,"This solution is an extension to the existing online mediation solution delivered earlier by Comptel and IBM ."
neutral,"CS Cabot 's main consumers on the Czech and Slovak market are tires producers Barum Continental and Matador Continental ."
neutral,"The earnings in the comparative period included a capital gain of EUR 8mn from the sale of OMX shares ."
neutral,"Being successful requires providing a level of quality that satisfies our customers and partners ."
neutral,"We make available the following brand-new market analyses : Cement - UK Cement - Poland Cement - Belgium These analyses give a clear overview of the actual situation and future outlook of the cement industry in some European countries ."
neutral,"""`` Soon after , the collisions started . ''"""
positive,"Kalmar has been awarded a new 5-year contract to supply its Rough Terrain Container Handler RTCH ."
neutral,"""The evidentiary hearing in the Investigation is scheduled for April 21 - May 1 , 2008 ."""
neutral,"""`` The industry is coming to an interesting fork in the road as both handset manufacturers and wireless carriers attempt to serve as the portal for Web-based service to your wireless handset , '' he wrote ."""
neutral,"Public services will also be available ."
neutral,"""Purchase it for the 12MP snapper , if nothing else ."""
neutral,"""This action follows personnel negotiations concerning Elcoteq SE , Finnish Branch , Elcoteq Finland Oy and Elcoteq Design Center Oy ."""
neutral,"""Seller is the Finnish Elcoteq Group , the largest European electronics manufacturing services company ."""
neutral,"""One can even receive on the spot alerts as soon as jobs are posted , putting you at the front of the queue for opportunities ."""
negative,"""Thanks to the internet , consumers compare products more than previously and Finnish companies are not competitive ."""
positive,"""In addition , Kone signed a two-year maintenance contract for the escalators ."""
positive,"""Finland 's national carrier Finnair PLC carried a record 8.5 million passengers in 2005 , an increase of 4.5 percent on the previous year , the airline reported Tuesday ."""
neutral,"""The guidance has been set at 90 basis points over mid-swaps , the report said ."""
neutral,"The difference can be explained by the fact that two shipping companies have stopped operating in the Gulf of Finland ."
neutral,"""With this subscription , Fortum 's ownership in TGK-10 has increased to slightly over 76 % of shares and voting rights ."""
neutral,"""The Company operates through four principal divisions : Consumer Packaging ; Office Papers ; Speciality Papers , as well as Market Pulp and Energy ."""
negative,"As a result of the negotiations the employment of 130 blue - and white-collar employees at the Oulu plant would be terminated ."
neutral,"""Neste Oil Corporation is a refining and marketing company concentrating on clean , high-quality traffic fuels ."""
neutral,"""GS Engineering will install the valves at a liquefied natural gas LNG plant it has built for UAE LNG extraction and gas plants operator GASCO in Ruwais , UAE ."""
neutral,"""Cramo Plc is a service company specialising in construction machinery and equipment rental and rental-related services , as well as rental and sale of modular space ."""
neutral,"""The new company will buy from Baltic Pearl CJSC a lease right to 8.1 hectares for the construction of a mall with a gross area of 140,000 sq m 1.5 million sq ft ."""
positive,"""ADPnews - Jun 30 , 2009 - Finnish stainless steel maker Outokumpu Oyj HEL : OUT1V said yesterday it signed a three-year EUR 900 million USD 1.3 bn revolving credit facility ."""
positive,"Operating profit rose to EUR 3.11 mn from EUR 1.22 mn in the corresponding period in 2009 ."
neutral,"Teleste has some 30 offices worldwide and is listed on the Nordic Exchange in Helsinki ."
neutral,"""Its customers include local companies Slo Oy , Kiilto Oy , Toptronics Oy , Normark Suomi Oy , Pellonpaja Oy and Mansner Oy ."""
negative,"""20 October 2010 - Finnish environmental management company Lassila & Tikanoja Oyj HEL : LAT1V , or L&T , said Monday it expects its operating profit , excluding non-recurring items , for the whole 2010 to be slightly lower than in 2009 ."""
positive,"The expansion aims to attract new customers both in Finland and abroad ."
neutral,"Finnlines said that the deal is part of its strategy to focus on its core businesses ."
positive,"""In the first nine months of 2010 , the company 's net loss narrowed to EUR 415,000 from EUR 7.4 million for the corresponding period of 2009 ."""
neutral,"Juha Haapakoski will continue as Editor-in-Chief with budget responsibility also with the new publisher ."
positive,"""Via the move , the company aims annual savings of some EUR3m , the main part of which are expected to be realized this year ."""
positive,"""In its financial report , published on Friday , SEB said its net profit soared to SEK6 .745 bn in 2010 from a year-earlier SEK1 .114 bn and proposed a 50 % dividend increase to SEK1 .50 per share ."""
positive,"`` NTC has a geographical presence that complements Ramirent 's existing network and brings us closer to our customers in the East Bohemia region in the CzechRepublic . ''"
neutral,"This organization will assume the responsibility for operations in Russia ."
positive,"""The growth in the activeness of Talentum 's customers , which started at the end of 2009 , continued during the reporting period , the company stated ."""
negative,"""The poorest index figure was given to Finnish power company Fortum , 4.5 ."""
neutral,"""Vaisala , headquartered in Helsinki in Finland , develops and manufactures electronic measurement systems for meteorology , environmental sciences , traffic and industry ."""
negative,"The total number of filling stations has been on the decrease recently ."
neutral,"- Provides summary of the medical equipment pipeline products that the company is developing ."
neutral,"""As with other stakeholders , COMPTEL has been involved in the workshops , meetings and filed comments on the issues of greatest importance to the competitive sector of our industry ."""
neutral,"The layoff talks were first announced in August ."
neutral,"Calls to the switchboard and directory services have decreased significantly since our employees now have up-to-date contact information from all their colleagues and customers on their phone and can place the call directly ."
neutral,"""The natural source of isoprene is the tree species Hevea brasiliensis , also known as the rubber tree ."""
neutral,"""The world of glass is coming to Egypt and we invite Visitors from all around the world to attend Glass World Exhibition 2009 , Register Now at www.glassworldex.com"""
positive,"""Repair and maintenance business accounted for net sales of EUR 645.3 mn , up from EUR 563.6 mn ."""
neutral,"Total value of the contract is about EUR 10mn ."
neutral,"""The decision reflects the underutilisation of the line , which produces nonwovens used in medical and wipes applications as well as for the automotive industry ."""
neutral,"Her last position in Nokia Siemens Networks was head of Business Human Resources NSN global IT ."
neutral,"""Changes being announced today will be effective after the close of trading on Friday , June 19 , 2009 ."""
neutral,"""Cargotec 's sales totalled EUR 3.4 billion in 2008 and it employs approximately 10,500 people ."""
neutral,"Financial details were not disclosed ."
neutral,"- Tikkurila inspires you to color your life ."
neutral,"""Yara Suomi Ltd also provides nitrogen chemicals and technical nitrates to various sectors of industry , as well as products used in environmental protection ."""
neutral,"They will be sunk to a depth of some 360-380 metres and fixed to the bottom mud by vacuum ."
neutral,"""Founded in 2000 , BioView automates laboratory tests , especially diagnostic tests for cancer ."""
neutral,"""Weber convinced his friend Ray Ostrom , who owned a Lake Street sporting goods store , to sell the lures ."""
neutral,"The inventor was issued U.S. Patent No. ."
neutral,"The StoneGate product is centrally manageable and suited for both physical and virtual environments ."
neutral,"""With the second phase of the new Innova building , Tecnopolis presence in Jyvaskyla will increase to a total of approximately 62,000 floor square meters ."""
positive,"""Mr Priit Kasak , Balti Metsamasina 's owner , said the Rakvere-based company wishes to increase Valmet 's market share from 27 % to a third in a couple of years ."""
neutral,"Nordic Walking was first used as a summer training method by cross-country skiers ."
positive,"Stora Enso owns 43 percent of Bergvik and earns therefore SEK 1.5 bn on the value appreciation ."
neutral,"The business development initiatives in North America are headed by Lynn Shanahan ."
neutral,"Finnish Bank of +_land will launch its long-term pension savings account at the beginning of June 2010 ."
neutral,"""Auburn 's sales in 2007 were CAD 41 million ( approximately EUR 27 million ) , and the company employs some 150 people ."""
neutral,"Nordea 's chairman of the board Hans Dalborg has informed the nomination committee that he will not be up for re-election at the Annual General Meeting in 2011 ."
neutral,"Fortum is now considering taking part in nuclear energy projects outside of Finland ."
positive,"""Uponor made an operating profit of EUR 151.0 mn , up from EUR 143.7 mn , which made 2007 a record year ."""
neutral,"""Aspocomp Group , headquartered in Helsinki , Finland , develops interconnection solutions for the electronics industry ."""
positive,"The agreement expands Tekla Structures ' scope of use to bridge design ."
neutral,"`` The issues identified by Stonesoft affect a range of content inspection technology ."
neutral,"Vaisala 's expertise in lightning data and information systems is based on extensive experience and investment in R&D ."
neutral,"The duration of the lay-offs per employee will vary from one to six weeks ."
neutral,"""A total of 15,000 new Citycon shares with a nominal value of EUR 1.35 per share were subscribed between 17 and 23 March 2006 exercising the A-B-C options based on the company 's stock option plan 1999 ."""
neutral,"""Via the plant , the Belgian company will feed 8.4 MW of electricity into the distribution grid and will be able to deliver up to 14 MW of heat ."""
neutral,"The Kyroskoski investment is to be completed in late 2011 and the +_+Ænekoski investment in the spring of 2012 ."
neutral,"""The divested company is part of TietoEnator 's business area Government , Manufacturing & Retail ."""
positive,"EBIT excluding non-recurring items was estimated to increase from 2009 ."
neutral,"Alma Media 's net sales in 2009 totalled MEUR 307.8 with an operating margin of 13.5 per cent ."
neutral,"The invention carries International Patent Publication No. ."
neutral,"""The share sale , to foreign and Finnish investors , is expected to raise some euro300 million ( US$ 380 million ) ."""
positive,"TeliaSonera TLSN said the offer is in line with its strategy to increase its ownership in core business holdings and would strengthen Eesti Telekom 's offering to its customers ."
neutral,"""According to Tyrv+Æinen 's estimation , Japan is a very essential location in terms of Finnair 's Asian strategy ."""
negative,"Operating profit decreased to EUR 16mn from EUR 21.1 mn in 2008 ."
neutral,"Risk exposure by Non-life Insurance  Moving 12-month  Expenses by function in Non-life Insurance excluding expenses for investment management and expenses for other services rendered Non-life Insurance investment portfolio by allocation"
neutral,"TN means that the handset supports TeliaSonera 's Telia Navigator global positioning system service ."
negative,"""Loss after financial items totalled EUR 9.7 mn , compared to a profit of EUR 1.3 mn in the corresponding period in 2008 ."""
neutral,"Finnish property investment company Citycon plans to issue directed subordinated convertible bonds to institutional investors ."
neutral,"""We know that it exists , '' Artemyev said ."""
negative,"""Raute reported a loss per share of EUR0 .86 for the first half of 2009 , against EPS of EUR0 .74 in the corresponding period of 2008 ."""
neutral,"BM4 middle layer headbox will be equipped with a dilution control system ."
positive,"""Ragutis , controlled by the Finnish brewery Olvi , achieved a 5.7 percent rise in beer sales to 22.6 million liters and held a 10.75 percent market share ."""
neutral,"""Finnish newspaper publisher Sanoma , of media group SanomaWSOY , is merging its free sheets Uutislehti 100 and Metro as of mid-September 2008 to form a new free sheet to be named Metro ."""
neutral,"The company closed last year with a turnover of about four million euros ."
neutral,"""The dollar bounced back after hitting another record low against the euro , which reached $ 1.41 for the first time ."""
neutral,"""The reason for this is St. Petersburg status as a capital , one of the participants in the meeting quoted Chikunov as saying ."""
neutral,"""The company designs and manufactures high-quality clothing , interior decoration textiles , bags , and other accessories ."""
positive,"""Brazilian non-profit interbank Camara Interbancaria de Pagamentos CIP has acquired solutions from US business integration solutions provider Sterling Commerce , the latter company said in a statement ."""
neutral,"Solidium now holds 5.0 per cent of the shares Solidium Oy has acquired 5.0 per cent of the shares in Tieto Corporation for approximately EUR 58 million ."
neutral,"""The company operates a U.S. division in Lisle , Ill. ."""
neutral,"It also confirmed its earnings guidance for the whole 2009 issued in its report for the whole 2008 ."
neutral,"The company 's main shareholders Lihakunta and Itikka Osuuskunta have both made a commitment to acquire shares worth EUR 20mn ."
neutral,"The total emissions reduction from 1999 to 2017 will be thus 41 % ."
neutral,"""Previously , the plant was expected to be completed by the end of 2008 ."""
negative,"The fair value of the company 's investment properties went down to EUR2 .769 bn at the end of September 2009 from EUR2 .878 bn a year earlier ."
negative,"""ADPnews - Aug 3 , 2009 - Finnish media group Ilkka-Yhtyma Oyj HEL : ILK2S said today its net profit fell 45 % on the year to EUR 5.9 million USD 8.4 m in the first half of 2009 ."""
neutral,"""Country : , Finland Sector : Construction-Real Estate Target : Pohjolan Design-Talo Oy Buyer : CapMan Oyj Vendor : Ruukki Group Oyj Deal size in USD : 102.6 m Type : Divestment Status : Agreed"""
neutral,"The company negotiated an amendment to the financial covenants of the present credit agreements in regard to the situation on 30 September 2010 ."
neutral,"""Ahlstrom 's 5,700 employees serve customers via sales offices and production facilities in more than 20 countries on six continents ."""
neutral,"Nokian Tyres ' tyres are considered genuine winter tyres in Russia ."
negative,"""Operating profit totalled EUR 9.6 mn , down from EUR 42.0 mn the year before ."""
neutral,"""Finnish property investment company Citycon will expand and refurbish +_kersberga shopping center in Stockholm , in Sweden ."""
neutral,"""The changes will take effect on 1 January 2010 , and they are not estimated to have an impact on the number of employees ."""
neutral,"Together they generate Aspo 's goodwill ."
positive,"""comparable operating profit totaled EUR 854mn , up from EUR 730mn in 2004 ."""
neutral,"The statutory negotiations at headquarters are part of this decrease ."
neutral,"No financial detail were available ."
negative,"""Shares in Royal and Sun Alliance continued to slide back from a 12-month high of 172p last month , after a potential suitor ruled itself out of a takeover bid ."""
neutral,"""Financial , strategic and operational factors are considered ."""
neutral,"""'s Outokumpu Technology business will begin trading on the Nordic Exchange in Helsinki starting Oct. 10 , becoming the sixth company to list on that exchange this year , the company said Friday ."""
neutral,"""The platen edges in contact with the band are provided with a seal having a protrusion directed towards the middle area of the platen , and means are provided to exert and maintain a pressure in the volume defined by the platen , the band and the seal . ''"""
neutral,"Martela is a front runner in providing innovative solutions and customer service Martela designs and supplies interior solutions for working environments and public spaces ."
neutral,"Pharmaceuticals - Poland This brand-new market analysis gives a clear overview of the actual situation and future outlook of the pharmaceutical market in Poland ."
neutral,"""`` After the transaction , Tikkurila has no powder coatings-related operations , '' the company said ."""
neutral,"The fair value of CapMan Plc 's own investments on 30 September 2008 amounted to MEUR 59.8 ."
neutral,"The share subscription period for stock options 2007A is between 1 April 2010 and 31 March 2012 ."
neutral,"The purchase sum is about EUR 10mn US$ 12.97 mn ."
neutral,"The original contract was signed last summer ."
neutral,"""Net sales in 2010 were about EUR 2.0 billion , of which international operations accounted for roughly a quarter ."""
positive,"""According to HKScan Finland , the plan is to increase J+Ærvi-Suomen Portti 's net sales to EUR 80mn to EUR 100mn ."""
positive,"""The decision to sell a share in Lenenergo was reached in line with Fortum 's strategic plans to invest mainly in generating assets in Russia , while Lenenergo is a grid company , the press release said ."""
neutral,"""Sukhraj Dulai , of the 2900 block of Boni Sue Court , a cul-de-sac on the city 's north side , started the vehicle and went inside his house about 8 a.m. Tuesday , leaving the garage door open ."""
neutral,"Basware Einvoices Oy will be merged into the parent company during the present fiscal period ."
neutral,"The commission said the hydrogen peroxide and PBS market was worth about 470 million euros in 2000 ."
neutral,"""Currently , 95 % of Trainers House 's revenues are attributed to the Finnish market ."""
neutral,"""When cruising , the revs fall as less engine output is required ."""
neutral,"""Established in 1989 , CapMan manages Nordic buyout , mezzanine , technology , life science and real estate funds with approximately EURO 3 billion $ 4 billion in total capital ."""
neutral,"""YIT acquired investment rights to a 10,000 square metre residential project in Yaroslavl and to a 16,400 square metre project in Moscow ."""
neutral,"Any investment or investment activity to which this communication relates is only available to relevant persons and will be engaged in only with relevant persons ."
positive,"""Thereby , the company will expand its offering to North , Central and South America ."""
neutral,"Net profit in the period in 2009 was ( EURO ) 29 million ."
neutral,"Renesas Mobile Europe Ltd has approximately 470 employees in Oulu ."
neutral,"""The total scholarship amount was 40,000 euros and the recipients were chosen on the recommendation of fine arts universities and sports associations ."""
neutral,"""`` The new agreement is a continuation to theagreement signed earlier this year with the Lemminkainen Group , whereby Cramo acquired the entire construction machine fleet ofLemminkainen Talo Oy Ita - ja Pohjois Suomo , and signed asimilar agreement , '' said Tatu Hauhio , managing director ofCramo Finland ."""
neutral,"""In the fourth quarter of 2006 , OKO Banks expects the operating environment for Banking and Investment Services to remain similar to that in January-September 2006 ."""
positive,"Increased trust of our clients in YIT can be seen as apartment sales accelerated ."
neutral,"""To see more of New Haven Register , or to subscribe to the newspaper ."""
neutral,"Nokia is requesting that the companies stop making and selling the mobile phones and pay monetary damages and costs ."
neutral,"This is due to the postponement of the decision-making of projects in the negotiation phase from the earlier estimation ."
positive,"The new technology improves the glass quality and consistency while increasing throughput ."
positive,"""TietoEnator itself uses Nokia 's Intellisync Mobile Suite 's wireless email , calendar , and device management capabilities , and the company will now extend these services to its customers ."""
neutral,"""The most popular paper by far was Kesko 's loyal customer magazine Pirkka with 2,462,000 readers ."""
neutral,"The company 's model is based on developer contracting construction projects and customer focused project management ."
negative,"""Only the driver was left in the car with the suspect , who was kidnapped and forced at gunpoint to drive to Durham ."""
neutral,"""The handset also features a Media Bar for quick access to favorite media and applications , including music , photos , YouTube or Ovi Share ."""
neutral,"Ramirent Finland is the domestic unit of machinery rental company Ramirent Oyj HEL : RMR1V ."
neutral,"""Body ES Vostok also owns stakes in power sales companies MosenergosbytBody ( RTS : MSSB ) ( 50.9 % ) , Altaienergosbyt ( 100 % ) , Saratovenergo ( RTS : SARE ) Body ( 48.36 % ) and Tambov Power Sales Company ( RTS : TASB ) ( 49.01 % ) , all ofBodywhich it received from the distribution balance ."""
negative,"""External net sales from the printing business fell by 43.7 % , partly due to the termination of the printing contract between Ilkka-Yhtyma 's printing house I-print Oy and sector player HSS Media AB in December 2009 and the fall in printing prices ."""
neutral,"""The order includes a new Crecent former , headbox , and reel ."""
positive,"""EPS for the quarter came in at 0.36 eur , up from 0.33 eur a year ago and ahead of forecast of 0.33 eur ."""
neutral,"""`` We have a group of 120 volunteers made up of Digicel employees who will manage the distribution ... Over the next week , they will distribute the 19,000 tents to more than 150 organizations , '' Digicel Haiti CEO Maarten Boute said ."""
neutral,"Symphony Services provides development services for Aldata GOLD ."
negative,"18 March 2010 A leakage in the gypsum pond was detected today at the Talvivaara mine ."
neutral,"""According to L+Ænnen Tehtaat 's CEO Matti Karppinen , the company aims to deliver fish products to its customers a day earlier than it currently does ."""
neutral,"""ALEXANDRIA , Va. , Nov. 19 -- Erkki Aho , Elimaki , Finland , has developed a method and apparatus in conjunction with a shoe press ."""
positive,"""Thanks to his wide contact network and good knowledge of market and business environment , he will give a great contribution to the further development of our Indian operations '' , tells Incap 's President & CEO Juhani Hanninen ."""
neutral,"Kaupthing Bank will publish its annual results for 2007 before markets open on Thursday 31 January ."
neutral,"""Oka specialises in new construction , renovation work of residential and non-residential building as well as premises for industrial and logistical use ."""
neutral,"""SSH Communications Security Corporation is headquartered in Helsinki , Finland ."""
neutral,"Image data produced by the browser at the phone server is converted into a bitmapped image that is sent to the handset for display . ''"
neutral,"In July it and Quadriga Capital sold their Lewa GmbH pump-making business to Japan 's Nikkiso Co. ."
neutral,"Salcomp Manufacturing Oy will pay EUR 35 million in cash to Salcomp in connection with the implementation of the sale and transfer of the Business ."
negative,"`` Those uncertainties cloud the long-term outlook . ''"
neutral,"Earnings per share EPS in the first quarter amounted to a loss of EUR0 .20 ."
neutral,"""The company targets sales of Ls 27.1 mn ( Ls 23.498 mn ) and a profit of Ls 300,000 ( Ls 371,500 ) in 2007 ."""
positive,"Finnish pharmaceuticals company Orion 's net sales rose to EUR 190mn in the first quarter of 2009 from EUR 180mn in the first quarter of 2008 ."
neutral,"""Of the company 's net sales , 38 % was acquired in Finland , 21 % in other European countries , 40 % in Asia , and 1 % in the US ."""
positive,"Sanoma Magazines Finland 's net sales grew to EUR 140.1 mn from EUR 131.8 mn ."
positive,"Operating profit improved by 44.0 % to ER 4.7 mn from EUR 3.3 mn in 2004 ."
neutral,"The aforementioned shareholders have informed that they will propose to the Annual General Meeting that the number of members of the Board of Directors shall be five and that besides the present members of the Board of Directors also Mr Lassi Noponen shall be elected to the Board of Directors ."
positive,"""And earlier this month , the company signed a deal with India-based information technology services giant Wipro Technologies to transfer and sell its radio access related R&D activities in Berlin ."""
neutral,"The bridge is part of the highway 14 development project ."
neutral,"""Apart from Nordea , also Ergo is competing for the position among the top three pension funds providers in Estonia ."""
positive,"""`` We have tailored our solutions to meet Solel 's technical requirements , and the result is both cost-effective manufacturing and highest-quality reflectors . ''"""
neutral,"""NORDIC BUSINESS REPORT-17 January 2006-Efore Plc inaugurates new plant in Estonia -_ 1998-2006 M2 COMMUNICATIONS LTD Finnish power electronics manufacturer Efore Plc said on Tuesday ( 17 January ) that it was inaugurating its new plant in Parnu , Estonia ."""
positive,"""Strongest growth was seen in the new markets in Russia , the Czech Republic , and Slovakia ."""
positive,"""Vaahto Pulp & Paper , of Finnish Vaahto Group , has been awarded an order to renovate Finnish-Swedish forest industry company Stora Enso 's paperboard machine at the Ingerois Board Mill in Finland ."""
neutral,"The agreement with JM is one in a series of contracts that TeliaSonera has signed in recent months with residential construction and real estate management companies in Sweden ."
neutral,"Sanoma Magazines International will invite other shareholders holding approximately 15 % of the shares to sell their shares ."
neutral,"The company has some 410 employees and an annual turnover of EUR65 .4 m. Vaahto Group is listed on the Nordic Exchange in Helsinki ."
neutral,"""Estonia 's Agriculture Minister Helir-Valdor Seeder is in Finland on a two-day visit , in the course of which he will meet with his Finnish counterpart Sirkka-Liisa Anttila ."""
negative,"""`` We cut our frequency to New York last year , which explains the fall , '' he said ."""
neutral,"The dividend will come on top of the 0.45 eur on A shares and 0.43 on K shares it has already paid on last year 's accounts ."
neutral,"""The company 's objective is to offer the best people flow experience by developing and delivering solutions that enable people to move smoothly , safely , comfortably and without waiting in buildings in an increasingly urbanizing environment ."""
negative,"""Profit before taxes decreased by 9 % to EUR 187.8 mn in the first nine months of 2008 , compared to EUR 207.1 mn a year earlier ."""
neutral,"""CapMan 's first real estate fund , which had a total investment capacity of ( EURO ) 500 million and closed in June 2005 , invested in commercial properties in the Helsinki metropolitan area ."""
neutral,"Fortum had previously bought the state-held stake in TGK-10 from RAO UES during its reform ."
neutral,"Nordea will coordinate the syndicated loan ."
neutral,"The value of the three-year contract is estimated at EUR40m ."
positive,"""EPS from continuing operations came in at 0.30 eur , up from 0.17 ."""
neutral,"""RK Group , headquartered in Vantaa , Finland , is one of Europe 's leading machinery rental services ."""
neutral,"The government has instead proposed an exchange of the state 's stake in LMT to TeliaSonera 's stake in Lattelecom ."
positive,"""( ADP News ) - Feb 6 , 2009 - Finnish fishing tackle company Rapala VMC Corp ( HEL : RAP1V ) said today its net profit rose to EUR 19.2 million ( USD 24.6 m ) for 2008 from EUR 17.5 million for 2007 ."""
neutral,"Construction is expected to be completed in the summer of 2011 ."
neutral,"""`` As defences mature , attackers develop Trojans that are equipped with content filters to detect online banking activity for capturing account details using methods such as form grabbing , screen shots , video captures , keylogging and injection of form fields ."""
neutral,"""In accordance with the terms and conditions of Alma Media 's 2006 option program , the share subscription price for the 2006A option rights was EUR 4.88 per share and the book countervalue EUR 0.60 per share ."""
neutral,"The goal is to secure the company 's profitability and competitiveness ."
negative,"""ADP News - May 29 , 2009 - Bank of America BofA downgraded today its ratings on Swedish-Finnish paper maker Stora Enso Oyj HEL : STERV and on Finnish sector player UPM-Kymmene Oyj HEL : UPM1V to `` underperf"""
neutral,"Incap Corporation Stock Exchange Release 4 May 2010 at 8.30 a.m. INCAP CORPORATION 'S DIRECTED SHARE ISSUE WAS SUBSCRIBED IN FULL The Board of Incap Corporation has approved the subscriptions of directed share issue ."
negative,"""In Finland , OP-Pohjola 's staff union is boycotting the group 's insurance sales tasks because the company has refused to take the sale of insurance into account in determining wages ."""
positive,"UPM-Kymmene has generated thirty-one consecutive quarters of positive EBITDA ."
negative,"""Finnish Suominen Flexible Packaging is cutting 48 jobs in its unit in Tampere and two in Nastola , in Finland ."""
neutral,"""Alma Media Corporation Press Release 15 March 2010 TYRVAAN SANOMAT AND PAIKALLISSANOMAT BEING BOUGHT BY SUOMEN PAIKALLISSANOMAT Two local papers , Tyrvaan Sanomat and Paikallissanomat , appearing in Sastamala and its neighbouring municipalities , are to be bought by Suomen Paikallissanomat Oy ."""
negative,"""Operating loss before non-recurring items was EUR 0.9 mn , compared to a profit of EUR 11.5 mn in 2008 ."""
positive,"Sponda will record a profit from the sale of 8.5 mln euro ($ 12.4 mln)."
negative,"11 August 2010 - Finnish measuring equipment maker Vaisala Oyj HEL : VAIAS said today that its net loss widened to EUR4 .8 m in the first half of 2010 from EUR2 .3 m in the corresponding period a year earlier ."
negative,"Expense ratio was 102.6 % compared to 92.9 % in the corresponding period in 2005 ."
positive,"Commission income rose by 25.7 % to EUR 16.1 mn from EUR 12.8 mn in 2004 ."
neutral,"""Jukka Hienonen , the current Finnair CEO , will step down at the end of January 2010 ."""
neutral,"""Currently it operates a fleet of eight carriers , as well as nine pushers and barges ."""
neutral,"""Nokia Siemens Networks provides mobile and fixed network infrastructure , communications and networks service platforms , as well as professional services , to operators and service providers ."""
neutral,"""Our in-depth expertise extends to the fields of energy , industry , urban & mobility and water & environment ."""
neutral,"""Altogether CapMan employs approximately 150 people in Helsinki , Stockholm , Copenhagen , Oslo , Moscow and Luxembourg ."""
positive,"The parties have agreed to negotiate definitive distribution and license agreements by the end of June 2010 ."
neutral,"""The company , employing 6,400 , reported net sales of 620 mln euro $ 823.2 mln for 2006 ."""
neutral,"""According to the company , the lay-offs will be temporary ."""
positive,"""We succeeded in increasing our market share of sold apartment '' , comments Mr Kari Kauniskangas , Head of YIT International Construction Services ."""
positive,"Finnish mobile operator DNA will function as a subcontractor to Maingate and will be responsible for telecommunications connections ."
neutral,"Another problem is cola-flavoured long drinks ."
neutral,"""The company will use the money for product development and research activities through 2013 in its key markets Finland , Germany , Italy and France ."""
positive,"He believes that the soy-oats have a good chance of entering the UK market ."
positive,"""`` Nokia 's Calling All Innovators Africa competition has been specifically launched to enable developers to create locally relevant , best-of-breed mobile applications . ''"""
negative,"""`` There 's the issue of thieves stealing them from building sites , '' said Mr Smith ."""
negative,"55 workers in +_m+_l will be affected by the close-down ."
positive,"""Commission income increased by 22 % to EUR 4.4 mn , and lending volume rose by 13.5 % ."""
neutral,"""Motorola accounted for 11.5 percent of the South Korean handset market as of the end of April , Samsung held 55 percent and LG Electronics 19 percent , according to Korea-based ATLAS Research Group ."""
neutral,"The new name of the Sanoma Division will be Sanoma News ."
negative,"Repeats sees 2008 operating profit down y-y ( Reporting by Helsinki Newsroom ) Keywords : TECNOMEN-RESULTS"
neutral,"News Corp. 's MySpace.com Web site will display submissions for the expanded Broadband Emmy Awards as part of an effort to identify aspiring video artists ."
neutral,"""As a result of the merger , the largest professional electronics and telecommunications technology contract manufacturing center in Finland will be formed in Sievi ."""
neutral,"""After completion of the acquisition , Poyry 's oil and gas expertise will cover multi-discipline engineering and consulting services across the complete oil and gas asset lifecycle , including deepwater engineering services ."""
neutral,"The opening of the portal is part of the expansion strategy of Alma Media 's Marketplaces business unit ."
positive,"""For the first nine months of 2010 , Talvivaara 's net loss narrowed to EUR 8.3 million from EUR 21.9 million for the same period of 2009 ."""
positive,"The transaction is in line with Aspo 's strategy to expand in the Baltic Sea region and in the eastern markets ."
neutral,"Nordea Bank has a large share and vast experience in the Nordic credit card market ."
neutral,"""The report profiles 614 companies including many key and niche players worldwide such as Black & Decker Corporation , Fiskars Corporation , Fiskars Brands , Inc. , Husqvarna Outdoor Products Inc. , K+S Group , Ryobi Technologies , Inc. , The Scotts Miracle-Gro Company , and Van Group , Inc. ."""
neutral,"As a part of the agreement 10 employees from the John Deere Forestry documentation functions will transfer to DokuMentori Oy ."
neutral,"""Following the registration , the number of issued and outstanding shares of Basware is 12,890,829 ."""
neutral,"The contracts comprise turnkey orders for RoRo systems for two RoRo-cruise vessels under construction for Viking Line and Tallink ."
negative,"""In Sweden , there is an oversupply of pharmacies ."""
neutral,"Basware Business Transactions Service enables the customer to receive and send invoices in an electronic format ."
neutral,"Altogether 150 subjects with mildly elevated cholesterol levels participated in the four-month long intervention ."
neutral,"""The Liquid Handling segment offers laboratory equipment and accessories , including mechanical and electronic pipettes , and disposable tips used in the research institutions , universities , and hospitals , as well as in the pharmaceutical , food , and other industries under the Biohit brand ."""
neutral,"""Nevertheless , the development can not be allowed to ruin the print newspaper , which continues to be Sanoma News ' main medium ."""
neutral,"""Harold W. Young is an independent broker working closely with several retailers including Ahold USA , Market Basket , CVS , BJ 's Wholesale Club , Hannaford and Cumberland Farms ."""
positive,"""According to Kesko , the company agreed with the city administration about lease of the building in 2006 , its resettlement and construction of a five-star hotel Hilton for 120 rooms ."""
negative,"Sales at the unit slumped last year after the industry was hit by poor snowfall in the major resorts in the winter of 2006-07 ."
neutral,"""The NTSB said investigators are set to conduct sight distance tests on July 18 , using trains similar to those involved in the accident ."""
neutral,"""It 's even a little bit higher than Yara 's multiples on itself , ' an analyst in Helsinki said ."""
neutral,"It has some 30 offices worldwide and more than 90 pct of its net sales are generated outside Finland ."
positive,"Teleste and Sentry 360 have formed an integration partnership between Sentry s advanced 360-degree immersive camera product line and Teleste s enterprise video management systems ."
neutral,"More than 80 special events in the three counties during four months were hosted by the library system and its nine branch libraries ."
neutral,"The firm builds components for mobile phones and other communications products ."
neutral,"`` Nokia is just interested in bring Nokia to the market . ''"
neutral,"`` Fixed Mobile Convergence solutions represent a key value proposition in today 's communication market ."
neutral,"EB will hold the exclusive rights to market the new entity 's product ."
neutral,"Mobile communication and wireless broadband provider Nokia Inc NYSE : NOK today set new financial targets and forecasts for Nokia and the mobile device industry and also for Nokia Siemens Networks and the mobile and fixed infrastructure and related services market ."
neutral,"Dragonfly Love is another video shot from start to finish using the Nokia N8 ."
positive,"""Adjusted for changes in the Group structure , the Division 's net sales increased by 1.7 % ."""
neutral,"The value of the orders is over EUR 10mn ."
neutral,"""Together with Latvia , Cramo will operate 54 rental outlets in the Baltic States ."""
neutral,"""The company said that currently the French distribution unit Ragot is located in Loudeac , Normandy , the distribution unit Waterqueen and line supplier Tortue in Saint Marcel in mid-France and the hook manufacturing unit VMC and hook distribution unit VMC Europe in Morvillars ."""
neutral,"""` We respect their decision ... the discussions are now closed , ' said Kai Telanne , Alma Media 's CEO ."""
positive,"""Viking Line 's cargo revenue increased by 5.4 % to EUR 21.46 mn , and cargo volume increased by 2.4 % to 70,116 cargo units ."""
neutral,"Talentum acquired a 47.5 pct stake in Varesvuo Partners in 1997 and the remaining in 2002 and 2005 ."
negative,"""Biohit said that it will reduce the number of leased personnel by 10 , and lay off 10 of its own personnel ."""
negative,"""As a result , the company has decided it will implement fixed-term temporary lay-offs ."""
neutral,"The company does not disclose the sum it applied for ."
neutral,"The expansion is to be finalized in the autumn of 2009 ."
negative,"The hack had been extra nefarious because the tweets activated without being clicked on - it was enough for Web surfers to move their mouse cursors over them ."
neutral,"""In addition to the Tulikivi Corporation , he is also currently a member of the Board of the following companies : Altia Corporation , J+Ærvi-Suomen Portti Osuuskunta , Osuuskunta KPY , Profile Vehicles Oy and Voimatel Oy ."""
neutral,"No financial information was provided ."
positive,"Return on investment was 16.6 % compared to 15.8 % in 2004 ."
neutral,"There did not seem to be enough hours in a day for Pekkarinen ."
positive,"Altimo and TeliaSonera said yesterday that Usmanov would be welcome to join the new company ."
neutral,"""The city will invite , however , a public procurement tender for the tailor-made public furniture , such as park benches , litter receptacles , public toilets , as well as bus shelters , street lights , and other ."""
neutral,"The intent of the article was to focus attention on the fact that the development model that China had followed was very different than the model that India had followed ."
positive,"Cargotec Germany GmbH has been awarded a contract by Stadtverwaltung Mainz for chassis bodies under Open procedure ."
neutral,"""In the Baltic countries , Atria 's target is organic growth ."""
neutral,"The medium-term operative targets of the company remain unchanged ."
neutral,"""Thus the group 's balance sheet will have about EUR25 .8 m of goodwill , the company added ."""
positive,"The company also said that in Poland a profitability program has been launched at the Oborniki steel frame and sandwich panel plant ."
neutral,"The Company turnover amounted to MEUR 27.9 in 2007 ."
positive,"""Ragutis , which is based in Lithuania 's second-largest city Kaunas , boosted its sales last year 22.3 per cent to 36.4 million liters ."""
neutral,"""Poyry is a global consulting and engineering firm focusing on the energy , forest industry and infrastructure & environment sectors ."""
neutral,"""Arto Ryymin , born 1964 , will replace Juhani Kaisanlahti who has worked as acting EVP , Healthcare & Welfare since August 2007 ."""
neutral,"""After the restructuring , UPM 's average paper machine capacity in Europe will be 320,000 tons ( 350,000 short tons ) in coated magazine paper and 420,000 tons ( 460,000 short tons ) in coated fine paper ."""
neutral,"""Proha Plc ( Euronext :7327 ) announced today ( 19 May ) that its fully-owned subsidiary , Safran Software Solutions AS , has agreed to sell its 49 % share of Safran North America LLC to a SNA Holding AS , an investment group based in Norway ."""
neutral,"""In addition , MIDs are always online and enable full Internet browsing ."""
neutral,"""Tecnomen , headquartered in Espoo , Finland , develops messaging and charging solutions for telecomms operators and service providers worldwide ."""
neutral,"Upon completion of the sale Proha would get some USD12 .7 m for its stake in Artemis ."
neutral,"""In December , Amer announced the dismissal of CEO Roger Talermo , who had headed the company since 2006 ."""
neutral,"""Tyrvaan Sanomat , published twice a week by Tyrvaan Sanomat Oy , appears in Sastamala and Kiikoinen ."""
positive,"""Basware Corporation stock exchange release August 31 , 2010 at 16:25 Basware signed a large deal with an international industrial group Basware will deliver Invoice Automation solution and Connectivity Services to an international industrial group ."""
negative,"""Samsung currently occupies third place and lost ground during the quarter , dropping by 1.8 % to an 11.1 % share overall ."""
neutral,"Finnish Talvivaara Mining Co HEL : TLV1V said Thursday it had picked BofA Merrill Lynch and JPMorgan NYSE : JPM as joint bookrunners of its planned issue of convertible notes worth up to EUR250m USD332m ."
neutral,"""Steek , which was set up in 2002 , is based in Bordeaux , southwestern France ."""
neutral,"""The mall will be financed on a parity basis by Pearl Plaza LLC , the joint venture company established by the Chinese investor Shanghai Industrial Investment Holdings Co Ltd , and SRV Group ."""
positive,"""Both operating profit and net sales for the 12-month period increased , respectively from EUR10 .5 m and EUR28 .8 m , as compared to the financial year 2004 ."""
neutral,"""It is the first oil company to join RSPO and commits fully to sustainable sourcing of feedstocks for the production of its NExBTL biodiesel , it said ."""
negative,"""The decision means temporary lay-offs of fixed duration at the company 's Nastola and Jyvaskyla units , in southern and central Finland , respectively ."""
negative,"""As a result of these transactions , the aggregate holdings of Burrill Life Sciences Capital Fund , L.P. has decreased below 5 per cent of the total number of shares and votes of the Company ."""
positive,"""`` The priority for 2009 was to strengthen the company 's balance sheet and increase cash flow , '' CEO Hannu Krook said ."""
neutral,"Finnish food industry company L+Ænnen Tehtaat is planning changes to its fish product business ."
neutral,"""A. Le Coq Special was developed for the bicentenary of the company and the trade mark , the brewer said ."""
neutral,"Kemira shares closed at (  x20ac ) 16.66 ( $ 22US .71 ) ."
positive,"""Earnings per share ( EPS ) for the first quarter 2007 amounted to EUR0 .07 , up from EUR0 .04 ."""
positive,"Stora Enso 's third-quarter pre-tax profit doubled to EUR 197mn ."
negative,"Border Guard Service has banned the mooring of the company car-shipping ferry on its test travel at the railroad-car terminal of the Russian port as the border checkpoint is not yet ready ."
positive,"""The apartment block will be well-located , in easy reach of the city center and close to both a school and kindergarten ."""
neutral,"NWC ANALYSIS :"
neutral,"""The Swedish Maritime Administration has closed the Furusund Channel , which Viking Line normally charters en route to Stockholm ."""
positive,"Operating result including non-recurring items rose to EUR 146mn from a loss of EUR 267mn in 2009 ."
neutral,"""An estimated 30 pct of mobile calls are made from the home , and France Telecom hopes that 15 pct of its Orange clients will sign up for the service by the end of 2008 ."""
positive,"""Operating profit was EUR 11.07 mn , up from EUR 8.65 mn ."""
neutral,"The contract is for next year ."
positive,"The company feels these leases are prime locations due to several producing formations in the immediate area ."
positive,"""Key shareholders of Finnish IT services provider TietoEnator Oyj on Friday rejected a hostile EUR1 .08 billion $ 1.67 billion offer from buyout shop Nordic Capital , giving new life to a possible counter offer from Blackstone Group LP and Norwegian telecom Telenor ASA ."""
neutral,"""And when it has lifted the veil on the various types of customer for which it designs its phones , the result is social stereotyping taken to a fine art ."""
negative,"EPS dropped to EUR0 .2 from EUR0 .3 ."
positive,"""The subdivision made sales revenues last year of EUR 480.7 million EUR 414.9 million in 2008 , and operating profits of EUR 44.5 million EUR 7.4 million ."""
neutral,"Welcome !"
neutral,"The value of the total investment is about EUR 600mn ."
negative,"23 April 2010 - Finnish construction and engineering company Outotec Oyj HEL : OTE1V said today it slipped to a net loss of EUR7 .3 m in the first quarter of 2010 from a net profit of EUR12 .5 m in the corresponding period last year ."
neutral,"Le Lay succeeds Walter G++nter and will be based in Finland ."
neutral,"""According to Rautaruukki , the company wants to promote the use of emission-free energy sources ."""
negative,"Net sales decreased to EUR 91.6 mn from EUR 109mn in the corresponding period in 2005 ."
neutral,"The online ice chart shows no ice in the area of Estonia 's sea ports on the coast of the Gulf of Finland ."
neutral,"""Incap Contract Manufacturing Services Pvt Ltd , a subsidiary of Incap Corporation of Finland , is acquiring the manufacturing unit of the TVS Electronic Ltd at Tumkur , near Bangalore , for Rs40 crore ."""
neutral,"Nordea was the cheapest also for a couple in their 30s with debt ."
neutral,"""Currently Glaston employs approximately 1,500 persons ."""
neutral,"""The Hayward , Calif.-based target designs active , casual and dress footwear , as well as boots and sandals ."""
neutral,"The new location is n't the only change Wellmont has in store for its air transport service ."
neutral,"""A In August 2007 , Latvijas Finieris ordered all production lines for a new green veneer mill to be built in Ukmerge , central Lithuania ."""
neutral,"""The Costanza light , with an aluminum base and washable shade , comes in white , pistachio , orange , blue and red ."""
positive,"Vacon 's cash flow from operations grew to EUR 37.1 mn from EUR 21.9 mn a year ago ."
neutral,"""`` These tests are part of a larger campaign which includes various customer trials and demonstrations to make LTE on 800 MHz commercially viable by this summer , '' Nokia Siemens head of LTE business line , Reino Tammela , said ."""
neutral,"""Price talk is in the mid-market swaps plus 105 bps area and the leads are Barclays , BNPP , UBS and CBA ."""
positive,"`` Demand for sports equipment was good in 2005 ."
neutral,"""Also , CBA is to issue a benchmark , 10 year fixed rate deal in Euros ."""
neutral,"Affecto has participated in the program for the development of the Norwegian pension system since 2007 ."
neutral,"Incap Contract Manufacturing is a subsidiary of Incap Corporation of Finland ."
neutral,"""These new units will be built at Cargotec 's state of the art manufacturing facility in San Antonio , Texas , USA , which started operations in 2009 ."""
neutral,"""The deal , already approved by shareholders , will be carried out in the first half of 2011 ."""
neutral,"You 're not alone ."
neutral,"Profit after taxes totaled EUR 12.1 mn ."
positive,"""These financing arrangements will enable the company to ensure , in line with its treasury policy , that it has sufficient financial instruments at its disposal for its potential capital requirements ."""
neutral,"The company expects its net sales for the whole 2009 to be at previous year levels ."
neutral,"Inha Works has invested in its product development and market research ."
neutral,"The employee negotiations are to address measures needed to adjust the operations to the present production situation ."
neutral,"""The company is owned by the State of Finland and the European Aeronautic Defense and Space Company EADS N.V. Tekla is an international software company that provides solutions for building and construction , energy distribution and municipalities ."""
positive,"Sales for the Department Store Division increased by 15 % and sales for the clothing store subsidiary Seppala increased by 8 % Meanwhile sales for Hobby Hall decreased by 12 % ."
neutral,"""In February 2011 , new wording of Identity Documents Act that makes Mobile ID a state-approved electronic document as of February 1st 2011 entered into force ."""
positive,"""The 50-50 joint venture , to be called Nokia Siemens Networks , will be comprised of Nokia 's network business group and Siemens ' carrier-related operations , creating estimated synergies of 1.5 billion euros ( $ 1.9 billion ) by 2010 , Nokia said ."""
neutral,"""The acquisition is part of Suomen Helasto 's strategy to expand the LukkoExpert Security chain , Suomen Helasto CEO Kimmo Uusimaki said ."""
neutral,"Why not subscribe to the magazine ?"
neutral,"""Cathay Forest 's strategy is to develop sustainable , regenerative forest assets ."""
neutral,"""Jussi Pesonen , member of the Sampo Board since 2006 , will renounce his seat in Sampo Board ."""
negative,"""In January-June 2010 , diluted loss per share stood at EUR0 .3 versus EUR0 .1 in the first half of 2009 ."""
neutral,"He said : `` It is for sale again and we will be actively marketing it ."
neutral,"Satama and Trainers ' House will remain as names and independent brands of the business areas ."
neutral,"""Ahlstrom 's 5,800 employees serve customers via sales offices and production facilities in more than 20 countries on six continents ."""
neutral,"M. and a Master of Business Administration MBA ."
neutral,"""The study is expected to provide proof of pharmacodynamic activity in humans , corroborate the safety profile and establish dose ranges for further therapeutic studies ."""
neutral,"The contract includes heating plant equipment and associated installation work ."
neutral,"Exel wants to serve its industrial customers with individual products ."
negative,"- Net sales for the period are expected to fall well below that of last year and the result after non-recurring items is expected to be in the red ."
neutral,"""The utility will also provide services related to electricity management , such as hedging trades and risk management and reporting ."""
positive,"Nokia and Elisa will work together to bring a superior mobile gaming experience for Elisa customers ."
neutral,"""Thus , SysOpen Digia has , in accordance with Chapter 14 Section 21 of the Finnish Companies Act 29.9.1978 - 734 , obtained title to all the shares of Sentera that are to be redeemed ."""
positive,"Clothing chain Sepp+Æl+Æ 's net sales increased by 7.0 % to EUR 30.8 mn ."
neutral,"""Our customers come from the following countries : UK , USA , Spain , France , Italy , Germany , China , Sweden , Norway , Netherlands , Austria , Belgium , Switzerland , Czech Republic , Serbia , Finland , Canada , Russia , Ukraine , Portugal , Denmark , Ireland , South Korea , Estonia and Liechtenstein ."""
positive,"""Raute posted a net profit of 1.8 mln euro $ 2.6 mln for the third quarter of 2007 , compared to a net loss of 299,000 euro $ 430,000 for the corresponding period of 2006 ."""
neutral,"Strategic and operational business information is objectively reported ."
neutral,"Kemira 's partner in the project is St. Petersburg Water Works ."
positive,"""The move is aimed at boosting sales , cost-efficiency and market share in Finland ."""
negative,"""The period-end cash and cash equivalents totaled EUR6 .5 m , compared to EUR10 .5 m in the previous year ."""
positive,"""Operating profit was EUR 139.7 mn , up 23 % from EUR 113.8 mn ."""
neutral,"The company 's share is listed in the Mid Cap segment of the NASDAQ OMX Helsinki ."
neutral,"""The Tecnomen Convergent Charging solution includes functionality for prepaid and post-paid billing , charging and rating of voice calls , video calls , raw data traffic and any type of content services in both mobile and fixed networks ."""
neutral,"""It includes the company 's new , highly powerful , compact and scalable Flexi Multiradio 10 Base Station ."""
positive,"""Dubbed Nokia Money Solutions , company officials say the initiative would seek to bridge the gap between the banked and unbanked in developing countries ."""
neutral,"OP-Pohjola Group 's capital adequacy ratio under the Act on Credit Institutions stood at 12.1 % and Tier 1 ratio at 12.1 % ."
neutral,"""The order comprises all production lines for a plywood mill , company said in a statement received by Lesprom Network ."""
negative,"""Belarus OAO Lidskoe Pivo brewery , based in the Grodno Region , reported a 1.1 % decrease in output to 1.045 million decaliters in January-March 2010 , a representative in the administration of the company told ."""
positive,"""As the largest elevator market in the world , Chinese output of elevators continued to rise to 262,000 units in 2009 , up about 5 % yr-on-yr ."""
neutral,"""The company has also supplied more than 200 MW of power generating equipment for a number of projects in Papua New Guinea , including 12 engines of the Wartsila 32 type to Lihir Gold ."""
positive,"EBIT margin was up from 1.4 % to 5.1 % ."
positive,"""Advertising and circulation revenues grew by 3.4 % and by 0.4 % , respectively ."""
neutral,"""In addition , YIT has reserved EPI Russia the right to expand the logistics center by about 100,000 m2 ."""
neutral,"""In 2009 , KONE had annual net sales of EUR 4.7 billion and approximately 34,000 employees ."""
neutral,"""ALEXANDRIA , Va. , July 11 -- Hannu Kahonen of Juuka , Finland , has developed an ornamental design for a handle for fire pit door , the U.S. Patent & Trademark Office announced ."""
positive,"""Lead production , in turn , should increase to 60,000 tonnes through 2009 in what would be a twofold increase from current capacity levels , Zahariev said ."""
positive,"Lean System supports change management and component purchasing extremely well ."
neutral,"The amendment will not incur additional costs ."
positive,"""Ruukki Romania , the local arm of Finnish metal producer Ruukki , increased its capital by 900,000 euro ( $ 1.14 mln ) through cash contribution , it was reported on September 19 , 2006 ."""
neutral,"Russia wants to utilise its huge forest reserves in a very different way from what has been done so far ."
neutral,"""Of Bavelloni 's and NST 's joint ventures , Bavelloni Tools , completes semiproducts that are produced in Italy into high-quality tools that will be sold under the DiaPol brand ."""
neutral,"""Elite Residence Tower , a new development by Tameer , is located at the heart of Dubai Marina ."""
neutral,"Finnish department store group Stockmann is planning to acquire about EUR 141mn through a directed issue and a rights offering ."
neutral,"""Neste Oil will publish its third quarter 2008 results on Friday , 24 October 2008 at approximately 9 am ( EET ) ."""
neutral,"""Companies evaluated in the report include Aladdin , CA , F-Secure , Kaspersky , Marshal , McAfee , Microsoft , Panda , Proofpoint , Sophos , Symantec , Trend Micro , Tumbleweed , and Websense ."""
neutral,"""New Chairman of the Board of Directors , Mr Chaim Katzman , will give a presentation and answer questions ."""
negative,"""ADPnews - Sep 28 , 2009 - Finnish silicon wafers maker Okmetic Oyj HEL : OKM1V said it will reduce the number of its clerical workers by 22 worldwide as a result of personnel negotiations completed today ."""
neutral,"Altimo previously agreed a similar deal with Telenor to merge their stakes in VimpelCom and Kyivstar-GSM ."
neutral,"ND = Not disclosed ."
positive,"""It currently employs about 750 people and expects headcount to reach 1,000 by end of 2007 ."""
neutral,"The contract value amounts to EUR 2.4 million ."
negative,"""Operating profit for the 12-month period decreased from EUR2 .9 m while turnover increased from EUR24 .5 m , as compared to the financial year 2004 ."""
neutral,"The site will cover over six hectares ."
neutral,"""The estimated value of the contract is EUR12 .4 m. Vaisala , headquartered in Helsinki in Finland , develops and manufactures electronic measurement systems for meteorology , environmental sciences , traffic and industry ."""
neutral,"""These include software development for internet and mobile telephone content , communications , value-added software , financial services , security applications , systems integration and electronics , '' EBRD informed ."""
positive,"Airbus has 100 firm orders for the A350 and 89 nonbinding commitments ."
neutral,"No financial details were disclosed ."
neutral,"The transaction value is CAD 15 million approximately EUR 10 million ."
positive,"""Finnish GeoSentric , a developer and provider of solutions , products , and technologies for location based services , has preliminary agreed on a EUR 6mn short-term funding with its leading investor ."""
positive,"- Operating profit rose by 26.9 % to EUR 105.8 ( 83.4 ) million ."
neutral,"""Outotec 's delivery covers the engineering , supply and construction of a circulating fluid bed calcination plant with a capacity of 1,600 tons of alumina per day ."""
neutral,"Each option right entitles the holder to subscribe for one new share at a subscription price of EUR0 .045 during the subscription period which ends on 31 December 2013 ."
positive,"The acquisition of Kaupthing Sverige will bring a significant positive non-recurring addition to the group 's performance ."
positive,"""The CL51 is designed to measure cloud base height and vertical visibility in all weather conditions , which makes it an ideal instrument for meteorological applications that rely on reliable cloud height detection ."""
neutral,"""Tip of the week Panfish like bluegills are great fun to catch , especially for children new to fishing ."""
positive,"""Sales came in at 241 mln eur , compared with 211.4 mln , and also beating consensus forecasts of 235 mln eur ."""
positive,"""` After fixing our home-base , cutting costs and closing the non-profitable units , we are now looking at going forward , ' she said ."""
neutral,"`` With this new version it is very important for us to introduce a BIM process that is based on the detailed building information model ."
neutral,"""The mall is part of the Baltic Pearl development project in the city of St Petersburg , where Baltic Pearl CJSC , a subsidiary of Shanghai Foreign Joint Investment Company , is developing homes for 35,000 people ."""
neutral,"`` Our research shows that access to information technology has been one of the limiting factors for most small businesses especially when they work in a heterogenous network based environment ."
neutral,"""Back then , Tikkurila 's former owner , Finnish chemicals company Kemira Oyj HEL : KRA1V , distributed an 86 % stake to Kemira shareholders to facilitate the divestment and listing of Tikkurila ."""
negative,"The real estate company posted a net loss of +  x201a -õ 59.3 million +  x201a -õ 0.21 per share compared with a net profit of +  x201a -õ 31 million +  x201a -õ 0.11 per share for the corresponding quarter of 2007 ."
neutral,"The initial estimated total value was 1744900 EUR and the final award value was 1744900 EUR ."
neutral,"Finnish Honkarakenne that specialises in the building of log houses is planning to use pine from Russian Karelia ."
positive,"Operating profit rose to EUR 27.8 mn from EUR 17.5 mn in 2008 ."
neutral,"""The device offers multimedia performance along with a host of productivity applications , including live stock prices ."""
positive,"""`` Our decision and resolve on MeeGo is only stronger , '' she continued ."""
positive,"Ponsse projects the forest machine markets to improve more than expected in 2010 from the previous year ."
negative,"One of the challenges in the oil production in the North Sea is scale formation that can plug pipelines and halt production ."
neutral,"""Compagnie de Financement Foncier - Is to issue a benchmark , 10 year covered deal in Euros ."""
neutral,"""The Tekla Structures 16 installation has been built according to Microsoft 's requirements for the Windows 7 certification , the Company added ."""
neutral,"""Following the issue , the number of shares in the Swedish company will grow by 9 % ."""
neutral,"The hull of the vessel was built one block at a time and Ruukki delivered the plate material for each block as construction progressed ."
neutral,"""Finnish printed circuit boards ( PCBs ) maker Aspocomp Group Oyj said on December 4 , 2006 it named Henry Gilchrist senior vice president of the group 's Asian operations , as of January 8 , 2007 ."""
positive,"""Nokia controls more than 50 percent of phone sales in India and Africa , and has a strong prosition on most other emerging markets ."""
neutral,"""The Finland-based company says it will move into an existing 260,000-square-foot facility in September ."""
neutral,"Temporary layoffs in these units have already started ."
neutral,"""Empresa de Desarrollo Urbano de Quito , INNOVAR-UIO , Ecuador has commissioned Poyry to prepare a feasibility study for a new urban rapid mass transit system ."""
positive,"The acquisition will considerably increase Kemira 's sales and market position in the Russian metal industry coatings market ."
positive,"""However , sales returned to growth in April-June 2010 , CEO Pekka Eloholma said ."""
neutral,"The contract will take effect in 2009 for a five or ten year period ."
positive,"The company 's strength is its Apetit brand ."
positive,"Uponor improved its performance in spite of the decrease in residential construction in the US ."
neutral,"""The corresponding increase in the share capital due to these subscriptions with the warrants , in total EUR 1,860.74 , was registered with the Finnish Trade Register on January 4 , 2008 ."""
neutral,"""The contracts between Raute Corporation and Muling Kemian Wood Products Co. , Ltd. , which were announced on 3 November 2010 , have taken effect ."""
neutral,"The impact on TietoEnator 's net sales for 2008 from the purchase is expected to be some 11 mln euro $ 15.9 mln ."
neutral,"""`` That 's a very high figure on the European scale , '' Noop said , recalling however that this also includes beer bought by Finnish tourists ."""
positive,"""Satama 's net profit for the third quarter of 2007 rose to 275,000 euro ( $ 395,000 ) from 270,000 euro ( $ 388,000 ) for the same period of 2006 ."""
negative,"Layoffs will also take place at the Suomussalmi and Kuhmo plants this autumn as a result of codetermination negotiations held there ."
negative,"""Stora Enso Oyj , the largest papermaker , in October said it would close four mills ."""
positive,"""AUSTIN , Texas , Sept. 6 -- Texas Department Of Transportation awards contract for Teleste Video Compression and Distribution Equipment ."""
negative,"""Tallink Silja attributes the significant drop to problems with the booking system that was taken into operation in October , the sale of trailer ferry ` Sky Wind ' and the route between Stockholm and Riga , which has won passengers from the Helsinki-Stockholm route ."""
negative,"In February the Elcoteq group sold its St Petersburg facility ; according to unconfirmed information the reason could have been supply problems because of the Russian customs service ."
positive,"Sports equipment sales also progressed well owing to the prolonged winter season ."
neutral,"The previous offer was 3.4 % of voting rights and 12.3 % of capital ."
positive,"""However , sales volumes in the food industry are expected to remain at relatively good levels in Finland and in Scandinavia , Atria said ."""
neutral,"The company reported net sales of 302 mln euro $ 441.6 mln and an operating margin of 16 pct in 2006 ."
neutral,"""The building will house , for example , Respecta Oy 's Jyvaskyla premises , as well as other companies to be announced later , says Samuel Koivisto , Director of Technopolis operations in Jyvaskyla ."""
positive,"""Kesko pursues a strategy of healthy , focused growth concentrating on sales and services to consumer-customers ."""
neutral,"The measures result from the statutory joint negotiations with employees which started in February and concerned all operations in the country ."
neutral,"Elcoteq has a global network of After Market Service sites which have a long experience in serving Consumer Electronics and Systems Solutions customers ."
positive,"""STORA ENSO , NORSKE SKOG , M-REAL , UPM-KYMMENE Credit Suisse First Boston ( CFSB ) raised the fair value for shares in four of the largest Nordic forestry groups ."""
positive,"1 November 2010 - Finnish textile and clothing company Marimekko Oyj ( HEL : MMO1V ) announced on Friday the opening of its first concept store in Seoul in cooperation with Japanese sector player Look Inc ( TYO : 8029 ) ."
neutral,"""The selling consortium includes funds managed by OKO Bank 's venture capital unit , Bio Fund Management and Finnish Industry Investment , a government-owned investment group ."""
neutral,"""UK 's Sarantel to outsource part of its processes to Elcoteq plant in Estonia LONDON , Oct 13 , BNS - The British miniature antennas maker Sarantel has signed an agreement to outsource its assembly test and supply chain processes to the plant of Elcoteq in the Estonian capital Tallinn ."""
neutral,"""Cargotec 's sales totalled EUR 3.4 billion in 2008 and it employs approximately 11,000 people ."""
neutral,"""Liquid handling products include electronic and mechanical pipettes , disposable tips as well as pipette maintenance and calibration services for research institutions , healthcare and industrial laboratories ."""
neutral,"The identity of the buyer is not yet known ."
positive,"""The stock price rose 70.0 ores or 0.9 % to close at SEK77 .65 , ending a two-day streak of losses ."""
positive,"""The company also said on November 16 , 2006 its Real Estate Fund I Ky signed an agreement with Finnish window maker Fenestra Oy to build a window plant in Forssa , southern Finland ."""
neutral,"""Yesterday , Legrand issued its E300 million fixed rate deal maturing 2017 ."""
negative,"""Operating loss totaled EUR 0.8 mn , compared to a profit of EUR 0.5 mn ."""
negative,"""Jan. 6 -- Ford is struggling in the face of slowing truck and SUV sales and a surfeit of up-to-date , gotta-have cars ."""
neutral,"The company supports its global customers in developing new technologies and offers a fast route from product development to applications and volume production ."
neutral,"""`` As a part of the Eseries business promise , the Nokia E50 has been equipped with a variety of email solutions in a small and stylised package , '' said Dave Grannan , general manager , Enterprise Solutions , Nokia ."""
positive,"""The production capacity can be tripled without any major additional investments , the company said ."""
neutral,"""The deal includes the entire personnel of PlanMill Oy , who will transfer to the new company as so-called old employees ."""
positive,"The aim is to achieve EUR 2.5 mn yearly savings ."
neutral,"""As reported June 26 , `` both circuits continued to alternately report the track as vacant and then occupied almost constantly from June 17 , when part of the track signaling device was replaced , to the time of the crash , according to the Metro source . ''"""
neutral,"""Regulatory News : The Nomination Committee of Cybercom ( STO : CYBE ) , which is unanimous in its proposal , proposes the election of Jon Risfelt as the new Chairman of the Board ."""
negative,"Export declined by 6 percent to 16.4 million liters ."
positive,"Both loans will be used to finance strategic investments such as shopping center redevelopment projects and refinancing of maturing debt ."
neutral,"The cooperation with airBaltic is expected to lead to the transfer of Finncomm to the ownership of airBaltic in time ."
positive,"""In Q1 of 2010 , Bank of +_land 's net interest income increased from EUR 9.1 mn to EUR 9.7 mn ."""
positive,"The expansion includes the doubling of the floor space and the addition of more lifting capacity and production equipment ."
neutral,"""N +1 Group will pay EUR16 .5 m of the transaction price upon closing , and the remaining sum in 2012 ."""
positive,"""Finnish lifting equipment maker Kone Oyj said on October 4 , 2007 it won an order worth 15 mln euro $ 21.2 mln to deliver a total of 53 custom designed elevators to Norwegian shipbuilder Aker Yards ASA ."""
neutral,"The devices also contains Finnair 's own application for compiling customer feed-back and ideas for product development ."
neutral,"""In Asia earlier , Japan 's Nikkei index fell 0.62 percent and Hong Kong 's Hang Seng Index rose 0.56 percent ."""
neutral,"Nokia is also negotiating the product portfolio of the new company ."
negative,"""In the Baltic states the company reports net sales of EUR 11.9 mn , down from EUR 14.2 mn , and an operative EBIT of EUR -2.2 mn , down from EUR -1.7 mn ."""
positive,"""After the reporting period , BioTie North American licensing partner Somaxon Pharmaceuticals announced positive results with nalmefene in a pilot Phase 2 clinical trial for smoking cessation ."""
negative,"""The prosecutor is also demanding Outokumpu pay a fine of EUR 800,000 at most ."""
neutral,"The company does not at present hold any of its own shares ."
positive,"""`` The Intel Atom processor has had tremendous success in the marketplace since its launch over 2 years ago , '' said Pankaj Kedia , director of global ecosystem programs for Intel Corp. 's Ultra Mobility Group ."""
neutral,"Finnish glass technology group Glaston Corporation ( OMX Helsinki : GLA1V ) reported on Thursday ( 14 August ) an operating profit of EUR6 .5 m on net sales of EUR201 .5 m for the period January-September 2008 ."
neutral,"""Cramo , headquartered in Vantaa , Finland , rents construction machinery and equipment , as well as rents and sells modular space ."""
neutral,"""A total of 1,800,000 stock options were issued in the 2003 stock option scheme ."""
positive,"""It combines a perfect price performance with sophisticated management facilities , the company said ."""
neutral,"""`` In Ukraine , too , we act as a partner for major bakery clients in both production and product development ."""
neutral,"The newspapers of Alma Media and Arena Partners will enter a cooperation agreement on using Alma 's marketplace services in their respective regions ."
negative,"""Net sales of Kyro 's main business area , Glaston Technologies , a manufacturer of glass processing machines , decreased to EUR 161.5 mn from EUR 164.1 mn in January-September 2005 ."""
positive,"Cargo volume increased by approximately 5 % ."
neutral,"It is also in the process of taking a seat on CapMan 's board - a course which has the support of CapMan management ."
neutral,"""The company will also shut one paper machine in Finland and one in Austria , as well as two label paper machines in Finland for up to 10 months , Helsinki-based UPM said yesterday ."""
neutral,"""Under a preliminary estimation , the technology park will measure about 50,000 square meters ."""
neutral,"""It expects revenue between $ 8.4 billion and $ 8.7 billion , compared to analyst estimates of $ 8.67 billion ."""
neutral,"Niklas Skogster has been employed by the ABB Group in various positions concerning the development of operations ."
negative,"The operating margin came down to 2.4 % from 5.7 % ."
neutral,"The following information was released by Comptel : Tomorrow the Chairman of the Federal Communications Commission is scheduled to deliver the National Broadband Plan to Congress ."
positive,"""The circuit 's overall production rate on a weekly basis is now in excess of an average of 40,000 tonnes per day , with volumes in excess of 50,000 tonnes per day being reached on individual days ."""
positive,"Operating profit rose to EUR 3.2 mn from EUR 1.0 mn in the corresponding period in 2008 ."
negative,"Net sales fell by 5 % from the previous accounting period ."
neutral,"The organization that is a member of the Russian auto sector union MPRA has become active since Tikkurila acquired Russian paint company Kraski Teks in 2006 ."
neutral,"BioTie North-American licensing partner Somaxon Pharmaceuticals started a phase II-III clinical study in patients suffering from pathological gambling and a pilot phase II study in nicotine addiction smoking cessation ."
negative,"""As a result , the company will temporarily lay-off 25 % of the whole personnel , approximately 270 persons at Kirkkonummi and Nivala factories ."""
positive,"Ramirent s Danish subsidiary Ramirent A-S has today signed an agreement to acquire the business assets of the machinery rental company Jydsk Materiel Udlejning located in West Jutland ."
positive,"Both the net sales and operating profit were record high in the company 's history ."
neutral,"""from BUSINESS LINE , May 16 , 2008 Sriperumbudur , May 15 - Nokia 's two key suppliers - Aspocomp and Wintek - are likely to start operations within three months in the Nokia Telecom Park at Sriperumbudur , 45 km west off Chennai ."""
neutral,"As a consequence of the merger the number of administration personnel at the factories will be reduced by six ."
positive,"The stock rose for a third day on Tuesday bringing its three-day rise to GBX10 .50 or 1.8 % ."
positive,"Exports grew 16.5 percent to 19.1 million liters ."
neutral,"Production at the plant will be based on Neste Oil 's proprietary technology that can use a flexible input of any vegetable oil or animal fat ."
neutral,"It moved into the No. 2 spot in 2000 when it merged steel operations with Avesta Sheffield to form AvestaPolarit ."
positive,"""Progress Group , QPR 's representative in Saudi Arabia and North Africa , has signed a framework agreement for a long term strategic relationship with ISE ."""
positive,"""Previously , the company had guided for EBIT and sales growth of 20 pct and 10 pct respectively for this year ."""
neutral,"""The corresponding share capital increase , EUR 1,012,945.50 was entered in the Trade Register today ."""
neutral,"""`` Every partner will be allowed to buy a quantity of electricity corresponding to their share in the consortium , at production cost , '' a letter of intent said ."""
neutral,"Runway Visual Range is a calculated assessment of the distance that a pilot can see down a runway ."
neutral,"The category was marked by maturity and the recession ."
negative,"""According to CEO Matti Perkonoja of the parent company HKScan , the company 's performance in the first quarter of 2010 has remained clearly below the level of the corresponding period in 2009 ."""
positive,"These measures are expected to produce annual cost savings of EUR 1.5 million starting in 2007 ."
neutral,"""Founded in 1985 , Quatrocon 's clientele consists of public sector builders , central trading companies and major construction firms ."""
positive,"""I use natural fibers to make the clothes more comfortable , to allow your skin to breathe and to be eco-friendly ."""
negative,"Finnish sports equipment company Amer Sports said it has decided to lay off 370 workers from its Salomon division in France ."
neutral,"Filmiteollisuus Fine Ab will be transferred to Talentum Oyj in the form of a subsidiary ."
positive,"""Operating profit was EUR 9.8 mn , compared to a loss of EUR 12.7 mn in the corresponding period in 2009 ."""
negative,"The move was triggered by weak demand for forestry equipment and the uncertain market situation ."
neutral,"""Combined with the Basware Enterprise Purchase to Pay portfolio , it provides a high level of automation for procurement and invoice workflows ."""
neutral,"Finnish navigation device manufacturer Benefon that is changing its name to GeoSentric reports net sales of about EUR 1.1 mn in the second quarter of 2007 ."
neutral,"""If Honkarakenne starts production there , it will need a partner for sawmill operations ."""
positive,"""The brokerage said 2006 has seen a ` true turning point ' in European steel base prices , with better pricing seen carrying through the second quarter of 2006 ."""
neutral,"An Android app will be coming soon ."
neutral,"The Financial Statements and Interim Reports will be released around at 9.00 a.m. ( Finnish time ) on the given dates ."
neutral,"""During the rally , which was authorized by the city administration , a consulate official came out to the workers , spoke to them and took a letter from them ."""
neutral,"""Operating profit for the six-month period decreased from EUR111 .9 m , while sales increased from EUR1 ,275 m , as compared to the corresponding period in 2006 ."""
neutral,"The credit covers approximately 70 % of the ship 's price ."
neutral,"The plans will result in the introduction of new and highly specialized manufacturing methods and also entail changes to personnel at the facility ."
neutral,"""Teollisuuden Voima Oyj , the Finnish utility known as TVO , said it shortlisted Mitsubishi Heavy s EU-APWR model along with reactors from Areva , Toshiba Corp. , GE Hitachi Nuclear Energy and Korea Hydro & Nuclear Power Co. ."""
positive,"With this acquisition Panostaja Oyj further expands its business area specialising in digital printing ."
neutral,"""LCS 's services cover the whole life cycle of software and information systems , from process modelling and tailored software development , to hosting services , solution management , maintenance and support ."""
positive,"""Savon koulutuskuntayhtyma , Finland based company has awarded contract for specialist agricultural or forestry machinery ."""
positive,"""SysOpen Digia Plc , Press release , 7 February 2006 IBM Finland has rewarded its most distinguished partner companies for 2005 ."""
positive,"""I am looking forward to contribute to SRV 's success with my competence '' , says Taneli Hassinen ."""
positive,"""Finnish airline Finnair has won a deal with the UK public sector to be the official airline for flights from London Heathrow to Osaka in Japan , as well as flights between Manchester in the UK and Helsinki in Finland ."""
negative,"""In a media advisory , the NTSB said that after subsequent testing , `` the train detection system intermittently failed . ''"""
neutral,"""The important thing now is to keep the bank 's existing 15,000 customers ."""
neutral,"""Nokia said that its next generation mobile gaming platform makes it easy for people to find , buy , play and share rich and immersive games on a range of Nokia devices ."""
neutral,"The negotiations will concern the plant 's department producing winded roving that employs 10 people ."
positive,"Finnish plumbing and heating systems supplier Uponor Corporation ( OMX Helsinki : UNR1V ) said on Tuesday ( 12 August ) that its board of directors has authorised the management to proceed with a company-wide cost reduction program ."
negative,"""The announcement pushed Freenet shares down 6.3 % , or EUR0 .71 , in Frankfurt trade to EUR10 .65 as investors gave up hope United Internet AG and Drillisch would pursue their own takeover and breakup of Freenet ."""
positive,"""Xerox and Stora Enso have teamed up to tailor the iGen3 to the short-run , on-demand packaging market ."""
neutral,"""LLC , a voice and data management solution provider to wireless companies with operations worldwide , will be transferring its U.S. deployment operations to the Finnish mobile giant , which includes civil works and site acquisition services ."""
positive,"""At the seminar , a memorandum of understanding on co-operation was signed between the Finnish Kemira Company and Vietnam National Chemical Corporation ."""
neutral,"""The transaction covers a building lot of 46,763 sq m and factory buildings of 19,631 sq m. Since the autumn of 2007 , when Scanfil discontinued its production operations in Oulu , the facilities have been partly leased to other parties ."""
neutral,"`` We know there are some of our own people out there . ''"
neutral,"The board further said the company omitted to tender for a substantial part of the works and as such they had rightfully been found non-responsive by the evaluation team ."
neutral,"""If the employee leaves the company within the duration of the cover , the money invested to ensure commitment is returned to the company ."""
positive,"`` Ixonos has a rich heritage in developing leadership experiences in the smartphone segment ."
neutral,"""As of July 2 , 2007 , the market cap segments will be updated according to the average price in May 2007 ."""
neutral,"""Marimekko makes all sorts of colorful little impulse buys `` umbrellas , baby bibs , change purses `` and they 're all for sale , the better to take advantage of shoppers who ca n't commit to furniture but want a piece of the action ."""
positive,"Revenue grew 12 percent to (  x20ac ) 3.6 billion ( US$ 4.5 billion ) ."
neutral,"""Fortum is looking to invest in several new production units , including a new waste-fired unit at its Brista combined heat and power ( CHP ) plant and a biofuels-based production unit at Vartan CHP plant ."""
positive,"""Nevertheless , its market share rose to 49.14 percent from 48.51 percent a year earlier ."""
neutral,"The transaction is planned to be financed with a EUR40m market-based loan granted by Standard Chartered Bank Hong Kong ."
positive,"""Tieto offers Aktia a good foundation and the required support services for implementing the update project , ' says Juha Volotinen , responsible for Aktia 's web services ."""
neutral,"""At the same time , the market for automated liquid handling devices is already larger than that for pipettes , according to Biohit ."""
neutral,"No decision on such sale of the now issued or existing treasury shares to YA Global has been made yet ."
neutral,"""Meanwhile , Alfa owns 25.1 % of MegaFon through Altimo , and 4.99 % of Turkcell via an 18.5 % stake in Cukurova Holding ."""
neutral,"""Following the impact , the Altima hit a utility pole , causing a live electric line to fall onto the roadway ."""
neutral,"""The Point Village , designed by Scott Tallon Walker , will include a shopping center , office premises , a hotel and a cinema ."""
neutral,"""`` Over the years , the color orange has become synonymous with quality ."""
positive,"The 2015 target for net sales has been set at EUR 1bn and the target for return on investment at over 20 % ."
positive,"Operating profit rose to EUR 103.4 mn from EUR 23.2 in the corresponding period in 2006 ."
neutral,"Almost the entire office building will be occupied by Metso ."
positive,"Return on equity stood at 18.3 % compared to 15.4 % in the third quarter of 2005 ."
neutral,"The orders also include a few high-power drives for the control of seismic compressors ."
negative,"""Net sales for the financial year 2006 are expected to amount to about EUR20m and the operating result EBIT is expected to be a loss , as announced before ."""
negative,"""SSH COMMUNICATIONS SECURITY CORP STOCK EXCHANGE RELEASE OCTOBER 14 , 2008 AT 2:45 PM The Company updates its full year outlook and estimates its results to remain at loss for the full year ."""
neutral,"""Aldata Solution Oyj Thomas Hoyer CFO More information : Aldata Solution Oyj , Thomas Hoyer , CFO , tel. +358 45 670 0491 Aldata in brief Aldata Solution is one of the global leaders in supply chain software for retail , wholesale and logistics companies ."""
negative,"Subscription sales decreased slightly ."
positive,"UPM-Kymmene is one of the world 's leading printing paper producers with production in 15 countries and a sales network covering more than 170 companies ."
neutral,"""+_lemiste City is the environment for a knowledge-based economy providing work for 3,300 people with the total turnover of its companies amounting to EEK 5.4 bn , '' said +_lo P+Ærnits , chairman of the supervisory board of +_lemiste City and Mainor ."""
neutral,"Oriola-KD is a spin-off of Finnish pharmaceutical group Orion Oyj 's wholesale division ."
positive,"""The developers of that project predict that once it is completed in April 2009 , Skanssi will attract some 4.5 million visitors annually ."""
neutral,"""In addition , the contract includes modification of the effluent treatment plant at Follum ."""
neutral,"""The copying , republication or redistribution of AFX News Content , inculding by framing or similar means , is expressly prohibited without the prior written consent of AFX News ."""
neutral,"Pharmaceutical market in Netherlands Global Research & Data Services published recently a market analysis about the pharmaceutical markets in Netherlands ."
neutral,"""Finnish Sampo-Rosenlew manufactures approximately seven forest machines monthly , and about half of machines are exported ."""
neutral,"""LKAB , headquartered in Lulea , Sweden , is a high-tech mining company producing upgraded iron ore products for the steel industry ."""
neutral,"""Viking Line has also been forced to alter its timetable so that ferries traveling from Stockholm to Helsinki , Finland , only depart at night ."""
neutral,"""Deliveries are to start later in 2010 , and the volume will increase in the years 2011-2012 ."""
neutral,"A. Le Coq had a market share of 41.3 percent and rival beverage group Saku 32.1 percent ."
positive,"Acquisitions have been made and businesses have been well integrated ."
negative,"Revenue in the quarter fell 8 percent to ( EURO ) 2.4 billion compared to a year earlier ."
neutral,"""The reasons behind the estimate include the rise in 2008 rent levels and several fully-leased office and retail properties , which were completed and added to the company 's investment property portfolio ."""
positive,"""According to Karhinen , OP-Pohjola is an exciting enterprise because the cooperation will bring huge opportunities for customers and the company itself ."""
negative,"Aspocomp has a large factory in China and a factory building project in India that was halted due to financing problems ."
positive,"Validating our fgVoIP client through Symbian Signed represents a significant step forward in accomplishing this goal ."
neutral,"Finnish fibers and plastics producer Suominen Corporation OMX Helsinki : SUY1V reported on Wednesday 22 October an operating loss of EUR0 .8 m on net sales of EUR55 .2 m for the third quarter of 2008 ."
positive,"The training modules aim at strengthening the public accounting abilities and fulfilling communal project management ."
neutral,"The shares shall be acquired according to the Rules of NASDAQ OMX Helsinki and otherwise according to the rules related to acquisition of the company 's own shares ."
neutral,"""Based on negotiations with personnel , some 20 % have indicated their willingness to move to the new location ."""
negative,"""The tightened competition situation in the production automation market has affected net sales during 2006 , Cencorp said ."""
neutral,"""So far as is known , he did not sell shares that he owns personally ."""
positive,"About Nokia Nokia is a pioneer in mobile telecommunications and the world 's leading maker of mobile devices ."
neutral,"""Finnish IT consultancy Satama Interactive Oyj said on November 13 , 2006 that Jarmo Lonnfors took up the position of CEO ."""
positive,"`` The additional flight linking Mumbai with Helsinki was dictated by the strong traffic demand between Asia and Europe ."
neutral,"The order is included in Metso 's fourth quarter 2007 order backlog ."
positive,"President and CEO Mika Vehvil+Æinen says the positive signs are first and foremost emerging outside Finland ."
positive,"""Quarterly diluted EPS on continuing operations came in at 0.21 eur , compared with last year 's 0.12 eur ."""
positive,"Latvenergo has ordered a significant expansion to the Tekla Xpower network information system ."
neutral,"Price talk is in the Euribor plus 2 bps area and the sole lead is Citigroup ."
neutral,"""mr Bakman sees also expansion options on the Tallinn-Helisnki link , claiming however , that operating the link with only a single ship is not enough ."""
neutral,"Finnish construction company YIT HEL : YTY1V said it had agreed to take over German facility engineering and facility systems firm Caverion for EUR73m USD90 .3 m ."
neutral,"The first group of customers to be trained will be paint-shop owners and their assistants ."
positive,"Finnish silicon wafers manufacturer Okmetic Oyj said it swung to a net profit of 4.9 mln euro $ 6.3 mln in the first nine months of 2006 from a net loss of 1.8 mln euro $ 2.3 mln a year earlier ."
positive,"""In Lithuania , operating profit rose to EUR 190,000 from EUR 70,000 in the corresponding period in 2005 ."""
positive,"""Ixonos estimates that it will hire 20 specialists in mechanical engineering , electronics design , and R&D for its new unit in Jyvaeskylae by the end of 2009 ."""
neutral,"""Through its partnership with Finnish Paulig 's Danish subsidiary Oscar , Puljonki acquired a sales organization in the European market ."""
neutral,"Capital base and capital adequacy measurement is based on approaches under Basel II ."
neutral,"""The inventors are Bylander Johan , Ponten Fredrik and Lundberg Jorgen ."""
neutral,"The agreement includes the entire process of managing Mercator 's supply chain in all regions where the company is currently present ."
positive,"""Cencorp estimates that its net sales in the last quarter will be as earlier stated , EUR4 .3 m to EUR5 .0 m , and operating profit (EBIT)is estimated to be positive ."""
neutral,"""The tanks will be delivered to a company which is currently building a chemical tank farm in Antwerp , northern Belgium ."""
neutral,"Electricity consumption grows with higher frequencies ."
positive,"Singapore in May 2011 1 July 2010 - Finnish air carrier Finnair Oyj ( HEL : FIA1S ) said today it will open a daily route to Singapore on 30 May 2011 as part of its growth strategy in Asia ."
neutral,"It posted a turnover of 4.5 mln euro $ 6.1 mln and an operating profit of 1.5 mln euro $ 2.0 mln for 2006 ."
neutral,"The joint venture is planning a quick timetable for negotiating the lease of the potential wind farm areas and for charting the feasibility of the wind farms ."
neutral,"The veneer and plywood industry in Sweden is quite small despite the raw material resources ."
positive,"""Net sales surged by 18.5 % to EUR167 .8 m. Teleste said that EUR20 .4 m , or 12.2 % , of the sales came from the acquisitions made in 2009 ."""
neutral,"""At some point in 2010 , all separate company names , such as Palmberg , Tekmanni , Lemcon , Forssan Betoni , Suonenjoen Betonituote , among others , will disappear ."""
neutral,"""Rohwedder Group is an automotive supplies , telecommunications and electronics industry provider for customers in Europe , North America and Asia ."""
neutral,"""Together , Yahoo and Nokia said they will continue to deliver Internet experiences that address the core needs of consumers , developers , operators and advertisers ."""
neutral,"This release is not an offer of securities for sale into the United States or elsewhere ."
neutral,"The number of customers is one of the most important parameters in determining the price of electricity networks ."
negative,"""( ADP News ) - Feb 12 , 2009 - Finnish construction company Lemminkainen Oyj ( HEL : LEM1S ) said today its net profit decreased to EUR 63.5 million ( USD 81.1 m ) for 2008 from EUR 80.6 million for 2007 ."""
negative,"""Finnish shipping company Finnlines , of the Grimaldi Group , reports its net sales decreased to EUR 241.8 mn in January-June 2009 from EUR 384.0 mn in the corresponding period in 2008 ."""
neutral,"""Some 250 people , of whom more than 200 are workers , will be retiring from the Raahe Works between 2008 and 2011 ."""
neutral,"These module products will be available for trials during 3Q-07 and for volume deliveries during 4Q-07 ."
positive,"Sanoma Magazines ' net sales are estimated to grow in 2006 ."
negative,"Incap Furniture is presently negotiating staff cuts ."
neutral,"The result before taxes was a loss of 25.0 million euros ."
neutral,"""PGE Belchatow runs the 4.44 GW Belchatow coal-fired power plant , and Fortum has intentions to start a CCS demonstration project jointly with Teollisuuden Voima Oyj ( TVO ) - another Finnish utility - at the their jointly owned 565MW Meri-Pori coal-fired facility ."""
positive,"SKF 6 April 2010 - Alandsbanken has given a `` buy '' recommendation on Swedish industrial company SKF AB ( STO : SKF B ) with a share price target of SEK150 ."
positive,"""In recent months , Capman has taken significant steps to simplify its operations , CEO Lennart Simonsen said ."""
neutral,"I thank Jarmo Ukonaho warmly for his contribution and wish him all the best in the future challenges . ''"
positive,"The volumes are expected to increase during the next few years ."
neutral,"""The most interesting export markets will be Russia , the Baltic countries and Scandinavia ."""
positive,"""Finnish metal products company Componenta Oyj ( HEL : CTH1V ) said today its net loss narrowed to EUR 500,000 ( USD 680,000 ) in the last quarter of 2010 from EUR 5.3 million for the same period a year earlier ."""
neutral,"Delivery will start immediately in June 2008 and will be completed in 2008 ."
neutral,"""Last July , the group said it intended to relocate warehouse and office space in Loudeac and Saint Marcel to Morvillars , in the east of France , where it already operates a hook manufacturing and distribution unit ."""
neutral,"""In connection with the deal , Digia will employ 19 persons from Nokia in Oslo and in Silicon Valley in the USA ."""
positive,"The acquisition is part of Ramirent 's strategy to strengthen its position in selected locations ."
neutral,"The companies aim to close the deal before the end of the year ."
negative,"""Based on the first quarter result , existing order backlog and new order prospects , the company expects that full-year sales will contract by 25 % from 2008 , the gross margin will stay at a healthy level , and the operating profit margin will be lower than in 2008 due to lower sales volume ."""
neutral,"Elcoteq SE is listed on the Nasdaq OMX Helsinki Ltd. ."
positive,"Net sales surged by 30 % to EUR 36 million ."
positive,"""In Sweden , operating profit for the period under review totaled EUR 3.4 mn , up 30.8 % from the corresponding period in 2005 ."""
neutral,"""AGJ recorded EUR 43 mln sales in 2006 , most of which was generated by exports to customers in Western Europe , the statement said ."""
negative,"The company 's previous estimate was for a lower revenue than the year-ago EUR 93.9 million ."
neutral,"""Prior to the transaction , whose financial terms have not been disclosed , Alma Media owned 40 % of Kotikokki net ."""
neutral,"Officials did not disclose the contract value ."
positive,"""Tieto was looking for an energy solution which would best support the idea of sustainable development , and we were happy to be able to provide such a solution , saysJouni Haikarainen , Vice President , Fortum ."""
neutral,"""According to Heikkil+Æ , more than just `` refreshment and energy '' will soon be found in soft drinks also in Finland ."""
positive,"""Fiskars Brands report net sales of EUR 145.8 mn , up from EUR 138.4 mn ."""
positive,"This is the second successful effort for the financial investor this year ."
neutral,"Technopolis said before the protocol was signed that the techno-park would be built at a site covering more than six hectares in the Neudorf special economic zone and that it planned to invest 200 million euros in the project until 2009 inclusive ."
neutral,"""JVC will stop producing DVD players in Brazil : JVC do Brazil , a subsidiary of Japan 's JVC group announced it will stop the production of DVD players in Brazil ."""
positive,"""With the measures , Suominen Corporation aims to ensure the competitiveness of the Flexible Packaging business in the long term ."""
neutral,"""The chilled meat products category led the meat , fish and poultry market in Finland , accounting for a share of 31.4 % ."""
neutral,"Marketing will use Tikkurila 's existing infra structure and local knowledge in Russia ."
neutral,"Tikkurila acquired a majority stake in Kolorit Paints in the autumn of 2004 ."
neutral,"""Vehvilainen , who is currently the chief operating officer at Nokia Siemens Networks , will join Finnair on 5 January 2010 and take over as CEO effective 1 February 2010 ."""
neutral,"""You need to be ready when the window opens up , Rosberg said ."""
positive,"Sony Ericsson and Nokia dominated the list of best-selling handsets with five models each ."
neutral,"""Products include Consumer Electronics devices such as mobile phones and their accessories , set-top boxes , flat panel TVs as well as System Solutions products such as infrastructure systems , modules and other industrial segment products ."""
neutral,"Finnish component supplier Componenta Corporation ( OMX Helsinki : CTH1V ) reported on Tuesday ( 15 July ) an operating profit of EUR46 .2 m on net sales of EUR386 .0 m for the financial period January-June 2008 ."
positive,"""`` Lidskoe Pivo 's investment program foresees the integrated modernization of production , updating transport and logistics infrastructure and developing new marketing instruments , '' Mikshis said ."""
neutral,"The net sales of Healthcare Trade business in 2009 were EUR 145.1 million EUR 155.2 million and operating profit EUR 8.9 million EUR 7.9 million ."
neutral,"""Since inception in 1999 , Access ' stable management team has remained disciplined and focused on the proactive screening , selection and management of European small to mid-market buy-out funds of funds and mandates ."""
neutral,"""The contract value amounts to about EUR11m , the company added ."""
neutral,"""After the signing , the total amount of Aspo 's revolving credit facility agreements is EUR 50 million , which replaces the formerly valid agreements of EUR 80 million ."""
neutral,"""After the transaction , M-real will own 30 % in Metsa-Botnia and UPM -- 17 % ."""
negative,"The company expects its net sales for the whole 2009 to remain below the 2008 level ."
neutral,"""Construction work on the Helsinki Music Centre is to start this autumn , with the total cost of the project estimated at 140 million euros ."""
neutral,"Bertrand Sciard has been the vice chairman of the board of directors of Aldata Solution since April 2007 ."
neutral,"Net sales are expected to remain on the same level as in 2007 ."
positive,"The court found TelecomInvest 's arguments convincing ."
neutral,"It is planned to set up the A class business center in the two top storeys of the complex ."
neutral,"""Editor 's note : Grimaldi generated a 1.7 bln euro ( $ 2.182 bln ) turnover in 2005 , ANSA reported on May 29 , 2006 ."""
positive,"The Group also has a strong global position in other fishing categories ."
positive,"The company 's advantage in pricing can be seen in the significantly lower prices offered by the new unmanned stations ."
positive,"""Finnair expands : Finnair plans to add more flights on routes to Hong Kong , India and Russia ."""
positive,"""Kesko Agro Eesti , the retailer and wholesaler of grain , agricultural and warehousing machinery and accessories , had net sales of 81 million euros in 2007 , an increase by one-tenth over the preceding year ."""
positive,"""The company 's net profit rose 11.4 % on the year to 82.2 million euros in 2005 on sales of 686.5 million euros , 13.8 % up on the year , the company said earlier ."""
negative,"`` Capital expenditure on energy efficiency has unfortunately fallen along with the decline in the economy ."
positive,"Grapevine city officials in September approved $ 35 million in tax rebates and grants for the expansion ."
neutral,"Metso Paper 's delivery will comprise an Advantage DCT 200 tissue machine including quality control and distributed control systems ( QCS-DCS ) ."
neutral,"The platform would continue to be the development framework for Symbian and MeeGo ."
neutral,"The emerging markets that Raisio has chosen to enter so far are marked by relatively low per capita food consumption ."
neutral,"Stichting Pensioenfonds ABP : 4 118 122 shares representing 5.19 % of the share capital and voting rights ."
neutral,"""Investments span across various product and investment types , including retail , hospitality , office , and residential , with interests in real-estate portfolios , non-performing loans and corporate restructurings ."""
positive,"""Atria will launch a campaign in September to promote the CampoMos brand on the Moscow market , he said ."""
neutral,"""EQ Bank forecasts Olvi 's net sales at EUR 67mn in the second quarter of 2009 , and operating profit at EUR 6.4 mn ."""
neutral,"Following the increase the company+EUR TM s capital totals 5.5 mln Romanian lei $ 1.98 mln-1 .56 mln euro ."
positive,"""Consolidated operating profit excluding one-off items was EUR 30.6 mn , up from EUR 29.6 mn a year earlier ."""
neutral,"""The Board of Directors proposes to the Shareholders ' Meeting on 18 March 2010 that the company would pay dividend for the financial year January 1 - December 31 , 2009 , EUR 0.02 per share ."""
negative,"Finnair 's total traffic decreased by 8.7 % in terms of revenue passenger kilometres ."
negative,"""Operating profit excluding non-recurring items decreased to EUR 6.2 mn from EUR 16.8 mn in 2007 , representing 2.3 % of net sales ."""
neutral,"""In the Czech Republic , the profiling unit at Ostrava will be closed and the machinery will be relocated to Ruukki 's bigger plants in Hungary , Poland and Romania by the end of the first quarter of 2009 ."""
neutral,"Tielinja generated net sales of 7.5 mln euro $ 9.6 mln in 2005 ."
negative,"Vaisala 's net profit for the third quarter of 2007 dropped to 3.0 mln euro ( $ 4.3 mln ) from 6.8 mln euro ( $ 9.8 mln ) for the same period of 2006 ."
positive,"Rapala said it estimates it will make savings of 1-2 mln eur a year by centralising its French operations at one site ."
neutral,"""As a part of the plan , the Board of Directors decided to transfer a maximum of 330,000 shares held by the company in a share issue against payment directed to Aspo Management Oy , a holding company acquired by the management ."""
negative,"""At the close , the OMX Helsinki 25 was 0.01 pct lower at 3,067.64 points and the OMX Helsinki was down 0.05 pct at 10,321.46 points on over 1.343 bln eur of turnover ."""
negative,"Rivals say Qualcomm has fewer patents on 3G phones than on earlier versions and should lower its rates ."
positive,"""Mformation and Nokia noted they have established interoperability agreements that cover commercially proven , standards-based management of mobile devices , as well as mobile device security and mobile application management ."""
neutral,"A paper mill in the central Maine town of Madison soon will have a new owner ."
neutral,"Atria chose the DeLight to attract consumers in the 25-45 age group to its Atria Fresh range of microwaveable meals ."
positive,"Earnings per share were higher at 0.48 against 0.37 a year before and ahead of market consensus of 0.40 eur ."
neutral,"The corrected chapter is in its entirety below ."
negative,"""National Conciliator Juhani Salonius , who met both parties on Wednesday , said they were too far apart in their views for him to propose mediation ."""
positive,"""Both operating profit and turnover for the nine-month period increased , respectively from EUR2 .4 m and EUR43 .8 m , as compared to the corresponding period a year ago ."""
positive,"""London 's leading shares today jumped almost 100 points , or 1.7 % , as the market opened ."""
negative,"The total need for staff cuts corresponds to about 300 man-years ."
positive,"""`` P&O Ferries now has a very efficient and powerful vessel for its Dover to Calais route , '' head of the shipbuilder 's Rauma yard , Timo Suistio , said ."""
positive,"1 February 2011 - Finnish textile and clothing company Marimekko Oyj HEL : MMO1V said today its preliminary operating profit grew to EUR8 .2 m in 2010 from EUR6 .3 m in 2009 ."
neutral,"""The copying , republication or redistribution of AFX News Content , including by framing or similar means , is expressly prohibited without the prior written consent of AFX News ."""
neutral,"""1 p.m. Central office of Nordea Bank 19 3-ya ulitsa Yamskogo Polya , Building 1 Telephone : 495 777-34-77 ext. 3932 , 3931 03.02.2011 Unimilk - EGM 03-04 .02.2011 XVI international business-summit Food Business Russia 2011 will take place ."""
positive,"Raute said it has won an order worth around 15 mln eur to supply several plywood production lines to mills operated by Russian wood products company Sveza Group ."
neutral,"He will report to CapMan Plc 's CEO Heikki Westerlund ."
neutral,"""The study evaluated the safety , tolerability and pharmacokinetics of repeated doses of intravenously administered antibody in 26 patients with active plaque psoriasis ."""
neutral,"""In parallel , TeliaSonera has decided to conduct a compulsory acquisition ."""
neutral,"The deal means that ten persons in three countries will transfer to Tieto ."
negative,"""Profitability ( EBIT % ) was 13.6 % , compared to 14.3 % in Q2 2009 ."""
neutral,"The divested stake represented about 2.7 m shares in Okmetic 's capital ."
negative,"Full-year operating result for 2008 was 3.6 million negative ."
neutral,"""The total donation amount is EUR 1,115,000 ."""
neutral,"No blind-spots coming from 1 vantage point allows investigators to see the whole story in high resolution with no unbroken video ."
neutral,"""S&P has kept its `` sell '' rating , while Nordea and UBS have reaffirmed their `` buy '' recommendations ."""
positive,"""As a result , the company currently anticipates net sales to increase and the operating result to be positive ."""
neutral,"""On Dec. 1 , Grimaldi acquired 1.5 million shares and a 50.1-percent stake in Finnlines ."""
neutral,"`` People who enjoy mobile games are often the same customers who enjoy experimenting with new mobile services and content ."
neutral,"Automation makes it possible to conduct several tests simultaneously ."
neutral,"""When the negotiations were started , Neste Oil anticipated that 450 people would be affected ."""
neutral,"""While the company did not indicate the level of investment in the unit , it said that has purchased the equipment of Nokia Corporation 's mobile phone R&D laboratory in Jyvaeskylae ."""
positive,"""Mika Stahlberg , VP F-Secure Labs , said , `` We are excited and proud that F-Secure has been recognized by AV-Comparatives as the Product of the Year ."""
positive,"""In September 2010 , the Finnish group agreed to buy Danish company Rose Poultry A-S for up to EUR23 .9 m in a combination of cash and stock ."""
positive,"These moderate but significant changes resulted in a significant 24-32 % reduction in the estimated CVD risk ."
positive,"""Kesko Agro Lietuva , the agricultural machinery and grain trader and another member of the Kesko Group , boosted its sales by 42.9 percent to 13.4 million euros , VAT inclusive ."""
neutral,"""At 10.58 am , Outokumpu declined 2.74 pct to 24.87 eur , while the OMX Helsinki 25 was 0.55 pct higher at 2,825.14 and the OMX Helsinki added 0.64 pct to 9,386.89 ."""
neutral,"""With this acquisition the wireless modem unit and its approximately 1,100 employees were transferred to Renesas Electronics Corporation ."""
positive,"""MADISON , Wis. , Feb. 6 - PRNewswire - -- Fiskars announces that the United States Patent and Trademark Office has granted a trademark registration for the color orange on its iconic scissor handles ."""
positive,"Cash flow from operations rose to EUR 52.7 mn from EUR 15.6 mn in 2007 ."
negative,"They will cover all Forest Industry 's units and employees in Finland and concern temporary and permanent lay-offs ."
positive,"""Jawad Williams scored 23 points in an impressive debut for Jerusalem , with Jason Rich adding 18 and Yuval Naimi chipping in with 16 points for Hapoel , which visits the yellow-and-blue next week ."""
negative,"""At 10.33 am , Huhtamaki was the market 's biggest faller , 8.69 pct lower at 11.35 eur , while the OMX Helsinki 25 was 0.32 pct higher at 3,332.41 , and the OMX Helsinki was up 0.47 pct at 11,687.32 ."""
negative,"""During the strike , Finnair estimates to incur a net loss of between EUR2m and EUR2 .5 m per day ."""
neutral,"Vacon recently announced plans to build its North American headquarters at 5 Business Park in Chambersburg ."
neutral,"The company is presently examining whether the project would be financially feasible ."
positive,"The plan is estimated to generate some EUR 5 million ( USD 6.5 m ) in cost savings on an annual basis ."
positive,"""With the acquisition , the company will expand its offering to North , Central and South America , it said ."""
neutral,"Delhaize Le Lion has selected the Aldata G.O.L.D. Vocal PDA solution on the Motorola WT4090 PDA terminal ."
negative,"Operating profit fell to EUR 20.3 mn from EUR 74.2 mn in the second quarter of 2008 ."
positive,"`` Residentialconstruction in particular has picked up in several markets ."
negative,"Nokia will certainly disagree with Qualcomm 's views on the patent situation ."
positive,"Cramo Group 's financial targets for 2010-2013 are sales growth higher than 10 percent per year ; return on equity above 15 percent ."
negative,"""In Q1 of 2009 , Bank of +_land 's net interest income weakened by 10 % to EUR 9.1 mn ."""
neutral,"""The total number of shares in the company will be 585,236,987 Innofactor group Innofactor offers its customers comprehensive solutions in the Microsoft environment ."""
neutral,"The writing and publication of Lemmink+Æinen - s history is a continuation of earlier collaboration between Antti Tuuri and the company ."
neutral,"""It is also set to launch a messaging service in the next few days , which would enable users to access their e-mail accounts on MS Exchange ."""
neutral,"""The latest date for registration is on 4 April , 2006 ."""
neutral,"`` We are selling an information systems development business to the Finns ."
neutral,"Around 250 of these reductions will be implemented through pension arrangements ."
negative,"""Compared with the FTSE 100 index , which rose 36.7 points ( or 0.6 % ) on the day , this was a relative price change of -0.2 % ."""
positive,"""This truly takes efficiency to new heights , '' Mr. Metso adds ."""
neutral,"""It is necessary to strengthen the company 's operations , however ."""
positive,"""Finnish Metso Paper has won an order to supply an uncoated fine paper machine to MCC Paper Yinhe , in China ."""
positive,"""Finnish industrial investor Panostaja Oyj OMX Helsinki : PNAAS OMX Helsinki : PNABS said on Friday 11 July that it has signed a deal to acquire the entire share capital of Kospa Oy , the manufacturer of waste disposal equipment ."""
neutral,"""Glaston 's share GLA1V is listed on the NASDAQ OMX Helsinki , Mid Cap List ."""
positive,"`` The acquisition of Elektros Pavara completes KONE 's market expansion strategy in the Baltic Countries ."
negative,"""According to the company , in addition to normal seasonal fluctuation the market situation has weakened during autumn 2008 ."""
neutral,"""s business sectors are building construction , infrastructure construction and technical building services ."""
neutral,"The transaction will take place without payment of merger consideration ."
neutral,"In 2007 Etteplan reported a turnover of EUR125 .2 m."
positive,"""Okmetic 's products are based on high-tech expertise that generates added value for customers , innovative product development and an extremely efficient production process ."""
neutral,"""Stora Enso , a global paper , packaging and wood products company , and Neste Oil , a Finnish company engaged in the refining and marketing of oil , have inaugurated the demonstration plant at Varkaus , Finland for biomass to liquids production utilizing forestry residues ."""
positive,"""Instead , Elcoteq has signed a non-binding Letter of Intent with another Asian strategic investor ."""
neutral,"Homeowners across North America have green experiences to share from cost savings to clean and eco-friendly heating ."
negative,"""The EU Commission said earlier it had fined ThyssenKrupp , United Technologies Corp 's Otis , Schindler AG and Kone Oyj a total of 992.3 mln eur for alleged cartel activity in the lift market going back twelve years ."""
positive,"""The fair value of investment properties totalled EUR 2,299.9 mn , compared to EUR 2,229.5 mn in the corresponding period in 2009 ."""
neutral,"This wood lacquered clock comes with a stripy hand-crocheted cover ."
neutral,"""It is being developed by Symbian , the software licensing consortium led by Nokia ."""
neutral,"""Chic and cheerful , Finnish design house Marimekko has been sending its geometric textiles out into the world for the past 60 years ."""
neutral,"""ALEXANDRIA , Va. , May 23 -- Matti Harkonen and Pentti Sipponen , both of Espoo , Finland , Osmo Suovaniemi of Helsinki , Finland , and Tapani Tiusanen of Vantaa , Finland , have developed a paper web press device ."""
neutral,"""A total six of the polled analysts rated M-real -- two gave `` buy '' - `` accumulate '' , three gave `` hold '' and only one gave `` sell '' ."""
neutral,"The first stage of the contract covers 133 stores and 600 cash registers ."
neutral,"""The bond , with a maturity of five years , is part of the bank 's domestic bond program ."""
neutral,"""Salcomp 's charger manufacturing plant in India is located in the Nokia Telecom Park in the state of Tamil Nadu , in the eastern part of India ."""
positive,"""Rory Fitzgerald , general manager , operations , Bristol Port , said : `` With the use of low maintenance technology we can save up to 30 per cent on servicing , plus the load sensing hydraulics can save us an extra 15 to 30 per cent on fuel consumption . ''"""
negative,"""`` We see that the market continues to be tight in magazine papers , and our target is to close the deals by the end of the year . ''"""
positive,"""Nordea Bank ( STO : NDA ) and Sampo Bank have helped Finnish real estate investment company Sponda ( HEL : SDA1V ) place a EUR100m ( USD125 .4 m ) domestic bond , the company said Friday ."""
positive,"4G allows customers to use mobile broadband services with speeds up to ten times higher than with today 's 3G ."
neutral,"According to an  posted by the World Intellectual Property Organization : `` The present invention relates to hydrocarbons and particularly to the manufacture of hydrocarbon components suitable as aviation fuels or jet fuels and as blending stocks for aviation fuels ."
positive,"Sales of clothing developed best ."
neutral,"The company says it is difficult to estimate the market situation for the whole year 2009 ."
negative,"Earnings per share ( EPS ) amounted to a loss of EUR0 .05 ."
neutral,"""The aim of the CEO 's Q&A sessions is to give further clarity on information , which has been made public already earlier ."""
neutral,"""HKScan , headquartered in Turku , Finland , is a leading northern European food group with 10,000 employees in nine countries ."""
neutral,"`` Directors and shareholders alike should ask why these practices were allowed to continue . ''"
negative,"""On top of that , the US Commerce Department published worse-than-expected construction spending figures for November ."""
positive,"""( ADP News ) - Nov 5 , 2008 - Finnish electronic measurement products and solutions maker Vaisala Oyj ( OMX : VAIAS ) said today that its net profit rose to EUR 18 million ( USD 23.1 m ) for the first nine months of 2008 from EUR 1"""
neutral,"This beauty is an updated version of her chichi loop shade launched in 2001 ."
neutral,"""The reductions will be implemented immediately , beginning in October 2009 ."""
positive,"The transactions would increase earnings per share in the first quarter by some EUR0 .28 ."
neutral,"Jon Risfelt is 49 years old holds a Master of Science in Chemical Engineering from the Swedish Royal Institute of Technology ."
neutral,"""ASPO Plc STOCK EXCHANGE BULLETIN October 24 , 2006 at 2:00 p.m. Aspo Systems Division has completed the statutory negotiations , as required under the Act on Co-Operation Within Undertakings , conducted as part of the action plan launched in August ."""
neutral,"""Vaisala 's Present Weather Detector measures visibility up to 20 km , as well as precipitation type and intensity ."""
positive,"""Again , the most significant sales increase of 18.6 % was in Russia ."""
neutral,"""M-real generated a turnover of EUR5 .6 bn in 2006 and has 15,500 employees ."""
neutral,"""The size of the extension , 18.5 % of which already has been let , will have a gross area of about 2,830 sq m 30,460 sq ft ."""
neutral,"An audio webcast will be available live and archived on Cerner 's Web site at www.cerner.com ."
positive,"YIT says the acquisition is a part of its strategy for expansion in Central and Eastern European markets ."
neutral,"Managing Director Timo Kohtam+Æki of Lemmink+Æinen Infra nevertheless points out the continued need for infrastructure construction in the Baltic markets ."
neutral,"GE is building the facility with wind power developer Invenergy Wind LLC ."
negative,"""Nordic banks have already had to write off sizable loans in Latvia , with Swedbank , Nordea , DnB NOR and SEB reporting combined losses in excess of $ 1.35 billion in the period 2007 to 2010 against a backdrop of near economic meltdown in Latvia ."""
neutral,"""Currently the Terminator lures are produced in a subcontract facility in Mexico but the manufacturing will be transferred to Rapala 's factory in Shenzhen , China ."""
positive,"""According to Olvi 's Managing Director Lasse Aho , the company has an ongoing MMX Plus project that aims to find growth outside Finland ."""
neutral,"""Outotec 's scope of delivery includes design , basic engineering and supply of proprietary equipment for a sinter plant with a grate area of 496 square meters ."""
neutral,"City CU Welcomes DART Members DALLAS-City CU welcomes the members of DART FCU as they merge with City CU ."
negative,"""In Finland , metal sector company Componenta is laying off temporarily the staff of its Pori mill from Christmas 2008 till 6 January 2009 ."""
neutral,"""On preliminary estimate , the hotel will operate under the brand Novotel ."""
negative,"""Budapest , August 10 MTI - Finnish electronics maker Elcoteq will lay off 700 workers at its plants in Pecs S Hungary at the end of September because of falling orders , communications director for Elcoteq 's local unit , Zoltan Krippl told MTI on Monday ."""
positive,"""Both operating profit and net sales for the six-month period increased , respectively from EUR18 .1 m and EUR127 .6 m , as compared to the corresponding period in 2006 ."""
positive,"Finnish electronics manufacturer PKC Group Oyj ( OMX Helsinki : PKC1V ) said on Wednesday ( 31 December ) that it has completed the acquisition of MAN Nutzfahrzeuge AG 's cable harness business from MAN Star Trucks & Buses Spolka zoo in Poland ."
negative,"Asian traffic declined by 3.4 per cent ."
neutral,"The proposal by the Board of Directors on the issuance of option rights will otherwise correspond to the proposal by the Board of Directors in the Notice to the General Meeting ."
positive,"Net cash flow from operations is expected to remain positive ."
positive,"Precedex is approved for IV sedation of initially intubated and mechanically ventilated patients in intensive care ."
positive,"""To ensure low operational cost for radio networks , the BTS modules can be configured , software upgraded and diagnosed remotely ."""
positive,"""The negotiations were carried out in a constructive manner , and all parties tried to find a solution to the situation ."""
positive,"""The refining margin for the year was $ 13.39 - bbl , compared to $ 10.46 - bbl in the prior year ."""
negative,"""The OMX Helsinki 25 ended 0.47 pct lower at 3,150.55 and the OMX Helsinki was down 0.21 pct at 10,736.42 on 1.523 bln eur turnover ."""
positive,"Operating profit rose to EUR2 .4 m from EUR1 .6 m year earlier ."
neutral,"F-Secure Online Backup automatically protects all the content stored on a computer or smartphone by making a copy of the content to an online location ."
negative,"""Compared with the FTSE 100 index , which rose 94.9 points ( or 1.6 % ) on the day , this was a relative price change of -0.4 % ."""
neutral,"The Oxyview Pulse Oximeter is a common device to check patient blood-oxygen saturation level and pulse rate ."
neutral,"""Glaston 's own glass processing unit , Tamglass Glass Processing , is a manufacturer of high quality safety glass products , and operates in Finland ."""
positive,"""ADP News - Nov 18 , 2008 - Finnish AC drives manufacturer Vacon Oyj OMX : VAC1V said today that it had set up new representative offices in Romania and Ukraine to serve the growing markets in eastern and southeastern Europe ."""
neutral,"The share subscription period will expire on 30 September 2007 ."
negative,"The majority of the company 's personnel in Finland is temporarily laid off from one to six weeks in the period from February to June 2009 period ."
positive,"""Global sports equipment maker Amer Sports Corp. , whose brands include Atomic , Salomon and Wilson , saw a 64 percent increase in third-quarter net profit to EURO 47.4 million $ 65 million on strong sales and cost cuts ."""
neutral,"""HK Ruokatalo produces many turkey products , such as cold cuts ."""
neutral,"""ABOUT MIDNIGHTTRADER : MidnightTrader is the premier source of extended-hours US equity trading analysis , news and forecasting for the retail and institutional investment community ."""
neutral,"""Finnish electronics contract maker Incap Oyj said on January 3 , 2008 it sold its manufacturing facilities in Helsinki to local real estate company Sponda Oyj for 5.3 mln euro ( $ 7.8 mln ) ."""
negative,"""Publishing Sweden 's operating loss was EUR 1.1 mn in Q1 of 2009 , compared to a profit of EUR 0.6 mn a year ago ."""
negative,"The total capital of funds managed by the bank decreased by 28 % to EUR 284mn by the end of September 2008 ."
neutral,"The company also said that it will sell approximately 150 hectares of land to the city of Valkeakoski by the end of the year a part of its `` From job to job '' program ."
positive,"""Juha Jordan , chief engineer at Glaston , said one of the reasons for choosing Vacon as a global AC drives supplier is that it has service and support centres in the same countries where Glaston operates ."""
neutral,"""Kemira , headquartered in Helsinki , Finland , is an international chemicals group comprising the business areas Kemira Pulp & Paper , Kemira Water , Kemira Specialty and Kemira Coatings ."""
positive,"""( ADP News ) - Feb 9 , 2009 - Finnish computer services company Proha Oyj ( HEL : ART1V ) said today its net loss narrowed to EUR 113,000 ( USD 146,000 ) for 2008 from EUR 1.2 million for 2007 ."""
neutral,"""A downloadable instruction sheet , instructional video , and project ideas for the award-winning Everywhere Punch TM Window System can be found at www.fiskars.com ."""
neutral,"From Merisatama to the far corners of the world Asfaltti Osakeyhti+¦ Lemmink+Æinen was established in 1910 by a group of master builders in Helsinki as a specialist business and subcontractor ."
neutral,"The order includes 48 ship cranes that will be delivered for 12 container feeders to be built at Wenchong shipyard in China ."
neutral,"""Rapala VMC Corporation Rapala , a leading fishing tackle and sporting goods manufacturer and distributor , is the main owner of Peltonen with its 80 % shareholding ."""
neutral,"""Thus the group 's balance sheet will have about EUR 25.8 million of goodwill , the company added ."""
neutral,"""The Group owns and operates a fleet of more than 800dwt , while container capacity is 17,000 TEUs , and manages a diversified fleet of its own railway rolling stock of over 17,000 units ."""
neutral,"""AHMS will also offer Hotel and Hotel Project Consultancy , Management Services , Brand Franchise , Training and Sales and Marketing services on a pan-India basis ."""
neutral,"""EXEL COMPOSITES IN BRIEF Exel Composites is a technology company which designs , manufactures and markets composite profiles and tubes for industrial applications ."""
neutral,"""Our customers include companies in the energy and process industry sectors , in particular ."""
neutral,"Among the biggest Christmas sellers were a  35 satin bow shift dress styled on outfits worn by Victoria Beckham and a  75 Paris Hilton Prom dress ."
neutral,"""The mill will have capacity to produce 500,000 tonnes of pulp per year ."""
neutral,"""The cooperation will involve Arena Partners buying a 35 % share of the new joint venture company , operating in Alma Media 's home sales , vehicle and consumer advertising marketplace businesses ."""
neutral,"This amount will not be included in the pensionable salary ."
neutral,"""The share capital of Basware Corporation is 11,720,829 ."""
positive,"""This new deal has strengthened the partnership from Telemig Celular and Tecnomen , which it has started since the beginning of Telemig 's prepaid operations ."""
positive,"""Jarmo Honkamaa , head of the oil refining business at Neste Oil , says the situation looks promising from their viewpoint ."""
neutral,"""After the transaction , Tikkurila has no powder coatings related operations ."""
neutral,"""Product coverage : baked goods ; biscuits ; breakfast cereals Data coverage : market sizes historic and forecasts , company shares , brand shares and distribution data ."""
neutral,"Aldata to Share Space Optimization Vision at Apollo User Group and 2009 Category Management Association Conferences ; Company Will Unveil New Solution that Combines Business Intelligence with Space Planning Data at Conferences"
neutral,"""cents The profile contains business operations , the company history , major products and services , prospects , key competitors , structure and key employees , locations and subsidiaries ."""
neutral,"""In volume , the focus is already outside Finland , as 60 % of the group 's products are made in Poland and the Baltic countries ."""
neutral,"""Juhani J+Ærvi , Corporate Executive Vice President of Kesko , says the Russian food retail sector is fragmented ."""
neutral,"Grounds for the notification : Tiimari Plc 12/30/2010 issued Capital Convertible Loan allocation decision by the Board on 01/31/2011 ."
neutral,"""On January 29 , 2009 The largest Nordic bank Nordea and Finnish retail chain Stockmann launched a regionally unique cooperation project : they are the first to introduce a common MasterCard credit card enabling payments in different states and stores ."""
neutral,"- The Group - s result before taxes was a loss of EUR 0.6 ( +0.6 ) million ."
positive,"""Finnish silicon wafer technology company Okmetic Oyj OMX Helsinki : OKM1V reported on Thursday 30 October an operating profit of EUR7 .4 m for January-September 2008 , up from EUR6 .1 m in the corresponding period in 2007 ."""
neutral,"""According to statistics by the Finnish Maritime Administration , shipping did not increase much in January-August 2009 , however ."""
neutral,"""The equipment will be made at Vaahto 's plant in Hollola in Finland , and delivery is scheduled for the first quarter of 2009 ."""
neutral,"Patrizia adds the acquisition to a portfolio already worth EUR3bn ."
neutral,"The total value of the project is valued at SEK 30bn ( EUR 2.83 bn USD 3.81 bn ) ."
neutral,"The combined value of the orders is EUR 45mn ."
neutral,"Their offering also covers localisation services related to production transfer to the Finnish company 's customers that already have production in Asian market or have made the decision to transfer production there ."
neutral,"""ASPOCOMP GROUP OYJ STOCK EXCHANGE RELEASE December 15 , 2006 at 4:50 PM According to the disclosure received today by Aspocomp Group Oyj , the share of Henrik Nyberg in Aspocomp Group Oyj 's share capital and votes has decreased below 5 percent ."""
negative,"Stora Enso 's target has been cut to EUR 4.85 from EUR 5.55 and Holmen 's target -- to SEK 135 from SEK 150 ."
neutral,"The aim is to develop open-source application solutions ."
positive,"""The total area of the Gorelovo plant is about 22,000 sq m. Atria invested about EURO 70mn in the plant , which should double Atria Russia 's production capacity in the St Petersburg area ."""
negative,"""In October , UPM reported a third-quarter net loss of euro86 million $ 110 million compared with a net profit of euro120 million in 2007 ."""
neutral,"Finnish plastic pipe maker Uponor is selling its Irish and UK infrastructure businesses to private equity company 3i ."
neutral,"""The major part of the deliveries include different AC and CXE amplifier solutions and products by DINH Telecom , a company acquired by Teleste last spring ."""
negative,"""Earlier today , Geberit 's Finnish rival Uponor OYJ cut its full-year sales growth forecast to 6 pct from 10 pct , blaming tough conditions in Germany and the US , as well as currency factors ."""
positive,"""mn , and pretax profit to EUR 46.4 mn from EUR 35.8 mn in the third quarter of 2006 ."""
neutral,"""In the Baltics , the merger of the businesses of the two is expected to be completed in early 2008 ."""
negative,"""have notified that as a result of the Company issuing 14,432,000 new shares in the directed offering , the joint holdings of Pequot has decreased below 1-10 to 9.63 % of total number of shares and votes in the Company ."""
neutral,"""`` We have come out with a decision which is based on our preliminary economic , operational and environmental findings , '' Karvinen said ."""
neutral,"The phones are targeted at first time users in growth markets ."
neutral,"The serial bond is part of the plan to refinance the short-term credit facility ."
neutral,"The other deal is for process cranes to the Russian steel mill PNTZ in Pervorouralsky through an order placed by Turkish construction company Gama Endustri Tesisleri Imalat ve Montaj AS ."
neutral,"Rapala VMC Corporation ( Rapala ) is a Finland-based company engaged in the manufacture and distribution of fishing equipment and accessories ."
neutral,"Arena Partners Oy is a development company for electronic business ."
neutral,"Net profit in the same period in 2006 was (  x20ac ) 172 million ."
positive,"The growth of net sales in the first half of 2008 has been 28 % compared with the first half of 2007 ."
neutral,"Pohjola will act as the manager of the issue and the bond will be listed on NASDAQ OMX Helsinki Ltd. ."
neutral,"Coffee will be served starting at 14:30 EET as well as after the event ."
positive,"""The stock is trading above both its MAPs and the 50-day MAP of SEK72 .983 is higher than the 200-day MAP of SEK70 .283 , a bullish indicator ."""
positive,"Brazilian mobile player Telemig Celular yesterday announced that it has selected Finnish software developer Tecnomen Oyj to expand its prepaid billing system ."
neutral,"""However , the brokers ' ratings on the stock differ ."""
neutral,"""Finnish real estate investor Sponda Plc said on Wednesday 12 March that it has signed agreements with Danske Bank A-S , Helsinki Branch for a 7-year EUR150m credit facility and with Ilmarinen Mutual Pension Insurance Company for a 7-year EUR50m credit facility ."""
neutral,"An Apple spokeswoman said the company declined to comment ."
neutral,"The orders are part of a long-term development plan of Latvijas Finieris ."
neutral,"Bovine slaughtering and cutting at the Kuopio facility will be transferred to the Kauhajoki slaughterhouse ."
positive,"Raute Corporation has received orders worth over EUR 12 million from OOO Ilim Bratsk DOK in Russia ."
neutral,"The objective of the St. Petersburg office is first to boost the Company 's maintenance business ."
negative,"""The liquidity providing was interrupted on May 11 , 2007 when Aspocomp Group Oyj 's shares traded below 0.50 cent ( Aspocomp 's stock exchange release 11.5.2007 ) ."""
positive,"The estimated synergy benefits are at least EUR7m annually ."
positive,"`` The lowering of prices by us and by our competitors shows that the real estate market has stabilised and returned into balance and apartments are acquiring a fair price in the eyes of our clients ."
positive,"""As a result , the Russia 's import restrictions on Finnish dairy companies will be canceled on 6 August 2010 ."""
negative,"The current reference grade instruments are challenging to operate due to their high price and complexity for routine use ."
positive,"""`` The second quarter of 2010 was the firstquarter with growth in net sales since the third quarter of2008 , '' said Magnus Rosen , Ramirent CEO ."""
neutral,"No service pricing details were disclosed ."
negative,"HELSINKI ( AFX ) - KCI Konecranes said that Franklin Resources Inc 's share of voting rights in the Finnish cranes company fell last week to 4.65 pct from more than 9 pct in October 2005 ."
neutral,"The Oulu plant employs approximately 120 people ."
neutral,"The company has exported into about twenty European countries as well as to Africa ."
positive,"""Continuing operations turned an operating loss of EUR 0.1 mn , a slight improvement from a loss of EUR 0.2 mn a year earlier ."""
neutral,"""Mr Clausen , however , refused to comment the option that Nordea would consider buying into Citadele Bank ."""
neutral,"""The hosting mobile terminal guides information flow between itself , the participating terminals , and optionally , with network servers that may assist the hosting mobile terminal ."""
neutral,"The event can be followed on-line via Orion 's Finnish homepage at www.orion.fi as well as via the Kauppalehti Live web service at www.kauppalehti.fi/live ."
neutral,"The company may at any time have in its possession one tenth of all its shares at the maximum ."
neutral,"These share transactions are part of the company 's strategy of relinquishing assets that are not part of its core business ."
neutral,"There are no substitutes to AC drives ."
neutral,"""In the next few years , the ICT sector 's share of electricity consumption will be raised by the increase in the popularity of smartphones ."""
positive,"""The money will be spent `` on strengthening the company 's competitiveness in the sphere of sawmill products and increasing the volume of wood delivered for processing in Russia , '' the release says ."""
positive,"The costs of the new ropax vessels are 30 % lower than those of the present ones ."
positive,"Repeats sees 2008 EBITA above 18 pct of sales ."
negative,"Korhonen was dismissed from her post of editor in chief of the group 's newspaper Lapin Kansa in December 2008 ."
neutral,"Sunrise Resources operates in Russian near-shore development markets through its wholly-owned Russian subsidiary and has 80 % of its personnel in Russia ."
negative,"""ADPnews - Feb 5 , 2010 - Finnish real estate investor Sponda Oyj HEL : SDA1V said today that it slipped to a net loss of EUR 81.5 million USD 11.8 m in 2009 from a profit of EUR 29.3 million in 2008 ."""
neutral,"The sales price was not disclosed ."
neutral,"Yakima created the position for him after emerging from economic downturns of its own ."
neutral,"The facility consists of a seven year bullet term loan of 200 mln euro $ 292.4 mln and a 150 mln euro $ 219.3 mln five year revolving credit facility ."
neutral,"The sellers were EOSS Innovationsmanagement and a group of private individuals ."
neutral,"A PLUMBING business has announced it is sponsoring a professional darts player ."
neutral,"""Honkarakenne 's customer in this project is one of the biggest real estate companies in Kazakhstan , according to the company ."""
neutral,"""In 2008 , the steel industry accounted for 64 percent of the cargo volumes transported , whereas the energy industry accounted for 28 percent and other industries for 8 percent ."""
positive,"""Thanks to the multiplying effect of wagon performance , transport will be much more efficient , '' says development manager Juha Malkia from VR Cargo ."""
neutral,"""The paper industry 's de-inking sludge , which is produced in mills that use recycled fiber when printing ink is removed from recovered paper , is also a suitable raw material ."""
positive,"""The restructuring creates a more efficient organization with increased operational focus and stable profitability , and leads to more efficient production , said Bo Annvik , head of Specialty Stainless ."""
neutral,"""Also , a six-year historic analysis is provided for this market ."""
neutral,"""Target company : Tieto Corporation , Business Identity Code : 0101138-5 Date of change in holding : 22 January 2010 Portion of the shares and votes : The current group holding of OP-Pohjola Group Central Cooperative ( OPK ) is 2982 587 shares , which represents 4.14 % of the shares and voting rights ."""
positive,"Nordea sees a return to positive growth for the Baltic countries in 2011 ."
positive,"""The antibody , given at repeated doses of up to 8 mg-kg , was generally well tolerated , and the pharmacokinetic characteristics of BTT-1023 in psoriasis patients were consistent with those observed in a previously completed study in rheumatoid arthritis RA patients ."""
neutral,"""Alpina Sports is a Lebanon , New Hampshire USA based distributor of e.g. Alpina ski shoes and skis , Exel ski poles , Start ski waxes and now also Peltonen cross-country skis ."""
neutral,"Its 168 asset management experts manage assets worth over EUR 35 billion ."
negative,"The Finnish daily Kauppalehti surmises that Finnish supplier Rautaruukki has raised its prices above Aker 's comfort zone ."
neutral,"The bank VTB24 provides mortgage loans to buy apartments in the complex at 11-13 % per annum in rubles ."
neutral,"BG Crane has a strong customer base in the on-road load handling and related installation and service businesses ."
neutral,"""In addition , the Kazakh delegation will visit Finland 's SITRA investment fund , Honkarakenne Ltd and Nokia headquarters to study TeliaSonera Ltd JSC 's activities ."""
negative,"""Pretax loss totaled EUR 1.2 mn , down from a profit of EUR 2.1 mn in 2004 ."""
negative,"""Cash flow after investments amounted to EUR45m , down from EUR46m ."""
positive,"services supplier Efore Plc to streamline operations in Finland and the US Finnish electronic systems and services supplier Efore Plc ( OMX Helsinki : EFO1V ) said on Tuesday ( 3 February ) that it has initiated statutory negotiations regarding a streamlining of its operations in Finland ."
neutral,"""According to Honka Japan 's Managing Director Marko Saarelainen , Honkarakenne exports about 200 ready made log houses to Japan a year ."""
neutral,"NetCom expects to complete Turbo 3G deployment in these areas this year ."
neutral,"Antniemi refuted a report by the Finnish daily Turun Sanomat as if the company was reorganizing its operations in the Baltic countries ."
neutral,"Net sales in 2006 totaled EUR 302 million and the operating margin was 16 % ."
negative,"""TeliaSonera 's underlying results however included 457 mln skr in positive one-offs , hence the adjusted underlying EBITDA actually amounts to 7.309 bln skr , clearly below expectations , analysts said ."""
positive,"""According to Sepp+Ænen , the new technology UMTS900 solution network building costs are by one-third lower than that of the building of 3.5 G networks , operating at 2,100 MHz frequency ."""
positive,"""According to Ringman , Finnish paper companies have acquired know-how and capacity in paper recycling , which has turned out to be a successful strategy ."""
negative,"""Operating profit excluding non-recurring items amounted to EUR 40.6 mn , down from EUR 57.3 mn year-on-year ."""
negative,"""( ADPnews ) - Oct 21 , 2009 - Finland-based IT consultancy Tieto Oyj ( HEL : TIE1V ) said today its net profit plunged to EUR 29.4 million ( USD 43.9 m ) for the first nine months of 2009 from EUR 58.7 million for the same period o"""
neutral,"Our tools are specifically designed with the needs of both the business users and ICT experts in mind ."
positive,"""In January-September 2009 , the Group 's net interest income increased to EUR 112.4 mn from EUR 74.3 mn in January-September 2008 ."""
neutral,"""The e-commerce site and flagship will be managed by Marimekko North America Retail LLC , a subsidiary established in the U.S. last year ."""
negative,"""Finnish Vaahto Group that provides paper-making technology and process machinery is starting negotiations concerning the temporary lay-offs of all 140 employees at the company 's plants in Hollola and Tampere , in Finland ."""
neutral,"Europe needs 17 new large paper machines ."
neutral,"""The employer , together with health personnel , supports quitting and pays part of the cost of nicotine treatments ."""
neutral,"""The purchase price will be paid in cash upon the closure of the transaction , scheduled for April 1 , 2009 ."""
neutral,"""Fortum expects its annual capital expenditure in the next four to five years to be within a range of EUR 0.8-1 .2 billion , as earlier announced ."""
positive,"""However , he expects banks to provide alternative financing ."""
negative,"""In Finland , snow storms brought trees down on power lines , cutting off electricity for some 2,000 households ."""
neutral,"It has been agreed with the company 's Board of Directors that she will be available in an advisory role ."
positive,"Last year 's net sales rose to EUR 68.3 million from EUR 62.2 million ."
positive,"""As part of the transaction , M-real and Sappi have also signed a long-term agreement on the supply of pulp and BCTMP and other smaller services and supplies ."""
neutral,"Wellness services will be important in the future ."
negative,"A high court in Finland has fined seven local asphalt companies more than   lion ( $ 117 million ) for operating a cartel ."
neutral,"What we think ?"
positive,"""Bilfinger investors cheered the agreement , pushing shares up 7 % , or & euro ; 3.30 , to & euro ; 50.29 , in afternoon trade ."""
negative,"""Comparable operating profit totaled EUR 4.7 mn , down from EUR 5.1 mn in the corresponding period in 2005 , representing 7.4 % of net sales ."""
neutral,"""In 2010 , Sanoma Magazines expects net sales to be at the 2009 level ."""
positive,"The parties have also agreed on options that allow UH to extensively implement later on also functionalities of human resources management ."
positive,"""Higher bit rates for outgoing traffic improves the end-user experience of mobile broadband services such as video conferencing , file sharing and sending e-mails with attachments ."""
neutral,"""The Bank of Tokyo-Mitsubishi UFJ , Ltd acted as agent for the loan ."""
positive,"""International sales rose by 59.8 % to EUR 1,244.4 mn ."""
negative,"""Revenue was slightly down , at  x20ac 495 million $ 634 million , compared to  x20ac 497 million a year earlier ."""
positive,"""In the second quarter of 2010 , the group 's net profit rose to EUR3 .1 m from EUR2 .5 m in April-June 2009 ."""
neutral,"""The contract consists of a new building with an area of 18,000 sq m and renovation of the existing buildings ."""
neutral,"The value of orders on hand totaled EUR 237.1 mn ."
positive,"""Handelsbanken ranked before Local Cooperative Banks and Aktia in customer loyalty this time too , however ."""
positive,"Productional situation has now improved ."
neutral,"The estimated annual value of the frame agreement is about EUR 50mn ."
neutral,"`` Lemminkainen Talo Oy 's Lahti office is a significant logistics and business premises constructor ."
neutral,"""Thanks to its extensive industry and operations experience , Cybercom offers strategic and technological expertise to these markets : telecom , industry , media , public sector , retail , and banking and financial services ."""
positive,"""Wartsila won the contract in October 2007 and the plant will be installed at Manturovo in the Kostroma region of Russia , about 600 km northeast of Moscow , Russia ."""
neutral,"Finnish energy company Fortum has set itself new stricter target limits for short-term carbon dioxide emissions from its heat and electricity production ."
neutral,"Our Canned-preserved food in Finland report offers a comprehensive guide to the size and shape of the market at a national level ."
neutral,"Upon completion of the deal Panostaja will establish a new business area within the group to focus on heat treatment of metals ."
negative,"It is a disappointment to see the plan folded ."
neutral,"""The dividend is payable on February 1 , 2010 to shareholders of record on January 19 , 2010 ."""
positive,"""The six breweries recorded a 5.2 percent growth in domestic beer sales last year to 270.21 million liters , from 256.88 million liters sold in 2005 ."""
negative,"""Operating loss totalled EUR 5.2 mn , compared to a loss of EUR 3.4 mn in the corresponding period in 2008-2009 ."""
positive,"Also Lemmink+Æinen 's profit for accounting period went up to EUR 3.1 mn from EUR -24.5 mn a year ago ."
neutral,"""The 19,200-square metre technology center is located near University of Tampere in central Tampere ."""
positive,"""Nokia , which has a strong track record in the lower-end handset market , said in July its touch-screen offering would come this year and be cheaper than rival models in order to tap into a higher-volume market ."""
neutral,"com and possibly also through photo-msn ."
positive,"""` The stable outlook reflects Nokia 's strong market position in the global mobile handset market , strong cash flow generation , and very conservative balance sheet , ' said Raab ."""
neutral,"""The Tekla Structures product box , if needed , is now made from recycled material ."""
neutral,"Investment management and investment advisory services are the company 's sole line of business ."
neutral,"""cents Scout for potential acquisition targets , with detailed insight into the companies financial and operational performance ."""
neutral,"No financial details were available ."
neutral,"Results are expected late in 2006 ."
positive,"Componenta 's objective with this agreement is to increase business on its existing production lines ."
positive,"""Rinkuskiai raised the sales by 18.1 percent , to 1.37 million liters , while the sales of Kauno Alus grew by 14.3 percent , to 960,000 liters ."""
neutral,"""The acquisition was financed with $ 2.56 billion of debt arranged by Goldman , Sachs & Co. ."""
positive,"""Speaking to just-drinks today , a spokesperson for Olvi said : `` We have performed very well in all four countries we operate in - namely , Finland , Estonia , Latvia and Lithuania . ''"""
positive,"""OUTOTEC OYJ PRESS RELEASE DECEMBER 4 , 2009 10.30 AM Outotec establishes a new subsidiary in Kolkata Outotec has established a subsidiary in India in order to better serve its Indian customers and to increase its business in the growing Indian market ."""
negative,"""According to Swedish authorities , traces of the very toxic osmium tetroxide have been found on the coast of Per+Æmeri , the Northernmost part of the Gulf of Bothnia ."""
neutral,"The value of the deal was not disclosed ."
positive,"Net sales in 2007 are expected to be 10 % up on 2006 ."
negative,"This is bad news for the barbeque season ."
positive,"The contracts have been signed to acquire uranium produced at the Sotkamo nickel-zinc mine in eastern Finland owned by Talvivaara ."
positive,"""In the Asia-Pacific region , Visa Wave is available in Malaysia , Taiwan and South Korea and will be expanded to Japan and Southeast Asia this year , Jung added ."""
positive,"The ` buy ' recommendation was reiterated ."
neutral,"""Goodwill and other intangible assets account for some 2.0 mln euro ( $ 2.6 mln ) of the purchase price , 20 pct of which payable in Aspo shares ."""
negative,"""Operating profit for the three-month period decreased from EUR1 .65 m while net sales increased from EUR14 .6 m , as compared to the corresponding period in 2005 ."""
positive,"Finnish messaging solutions developer Tecnomen Corporation ( OMX Helsinki : TEM1V ) said on Thursday ( 11 December ) that it has received an expansion order for its Convergent Charging solution in Latin America ."
positive,"""The company , which makes garden tools , scissors and other consumer goods , said earnings were boosted by 6.9 mln eur of income it received from its 16.7 pct shareholding in Finnish engineering group Wartsila ."""
negative,"""The negotiation has resulted in the reduction of 80 people in regular employment , around half of which will be covered with pension arrangements ."""
positive,"""Danske Bank A-S DANSKE DC jumped 3.7 percent to 133.4 kroner , rebounding from yesterday s 3.5 percent slide ."""
neutral,"""Published by Globes online , Israel business news - www.globes-online.com - on November 16 , 2009 -_ Copyright of Globes Publisher Itonut 1983 Ltd. 2009"""
neutral,"The tower 's engineers have created an 18 degree westward lean - four times the inclination on the Leaning Tower of Pisa - using diagrid structures that are aligned geometrically using Tekla Structures BIM ( Building Information Modeling ) software ."
negative,"""Finnish plumbing and heating systems supplier Uponor 's net sales in continuing business operations decreased to EUR 249.1 mn in July-September 2008 , compared to EUR 262.1 mn in the third quarter of 2007 ."""
neutral,"""The firm 's services include copying , printing , CAD-modelling , digital printing , scanning , SokoPro project bank and courier services ."""
neutral,"""The Group , with net sales of EUR 235 million in 2009 , employs more than 2 000 people in 33 countries ."""
negative,"""Profit for the period totalled EUR 1.1 mn , down from EUR 1.6 mn in the third quarter of 2008 ."""
neutral,"Tekla Group 's net sales for 2005 were approximately 38 million euros ."
neutral,"STOCK EXCHANGE ANNOUNCEMENT 20 July 2006 1 ( 1 ) BASWARE SHARE SUBSCRIPTIONS WITH WARRANTS AND INCREASE IN SHARE CAPITAL A total of 119 850 shares have been subscribed with BasWare Warrant Program ."
neutral,"The bridge will be 1.2 km long and is located between Anasmotet by the road E20 and the new traffic junction in Marieholm by the road E45 ."
positive,"""For Telenor , the three and a half year contract is worth an estimated 12.6 m. YIT has chosen Telenor and Elisa as its principal suppliers of ICT solutions in Norway , Sweden , Denmark and Finland ."""
neutral,"`` There is no room to modify the share component as we have already indicated . ''"
positive,"The third order awarded to Outokumpu Technology is by Shalkiya Zinc of Kazakhstan for the Shalkiya zinc-lead project in Kazakhstan ."
positive,"""Finnish Suominen Corporation that specialises in wet wipes , nonwovens , and flexible packaging reports net sales of EUR 44.1 mn in the second quarter of 2010 , up from EUR 43.3 mn in the second quarter of 2009 ."""
neutral,"cents Recognize potential partnerships and suppliers ."
neutral,"""The company serves customers in various industries , including process and resources , industrial machinery , architecture , building , construction , electrical , transportation , electronics , chemical , petrochemical , energy , and information technology , as well as catering and households ."""
positive,"""For the last quarter of 2010 , Componenta 's net sales doubled to EUR131m from EUR76m for the same period a year earlier , while it moved to a zero pre-tax profit from a pre-tax loss of EUR7m ."""
neutral,"Net investment income"
neutral,"Tracker G400 is a GPS collar for hunting dogs allowing to monitor the dog 's position and movements with a map application for mobile phones ."
positive,"""The launch of the plant in June went well , and it has been producing the advanced fuel for a couple of weeks ."""
neutral,"""The store is located in Poznan in a shopping center named Pestka , the company added ."""
negative,"""Employing 112 in Finland and 280 abroad , the unit recorded first-quarter 2007 sales of 8.6 mln eur , with an operating loss of 1.6 mln eur ."""
negative,"""In Finland 's Hobby Hall 's sales decreased by 10 % , and international sales fell by 19 % ."""
neutral,"Fiskars will be undertaking community projects throughout the UK and they are also on the lookout for local volunteers who are interested in helping out with the selected restoration projects ."
neutral,"A total 30 % of the order value was booked in the fourth quarter of 2009 and the remainder will be booked in the second quarter of 2010 ."
positive,"Nokia - the world 's largest mobile phone manufacturer - and China Postel - China 's largest mobile phone distributor - have a long-standing partnership that continues to grow stronger over time ."
positive,"""Last month , Outokumpu sold more than 80 percent of its technology unit , Outokumpu Technology Oyj , to further its strategic goal of becoming the world 's largest stainless steel maker ."""
positive,"""`` The acquisition of Sampo Bank makes strategic sense for DB , '' says Lindsey Liddell , director of Fitch Ratings 's Financial Institutions Group ."""
positive,"""Ruukki has signed a contract to deliver and install the steel structures for a bridge over the Kyronsalmi strait in Savonlinna , Finland ."""
negative,"""However , the company saw its net profit for the third quarter down to EUR1 .4 m from EUR1 .5 m for the corresponding period of 2009 ."""
neutral,"""The Group 's consolidated net sales for 2009 totaled 1.5 billion euros and it employs approximately 10,000 persons ."""
neutral,"""Simultaneously with this merger plan another merger plan has been signed , according to which Suomen Projektivuokraus Oy , a subsidiary of VTM-Rakennuskonevuokraamo Oy , would be merged with VTM-Rakennuskonevuokraamo Oy ."""
neutral,"""Koduextra is operating a retail chain of 11 stores , controlled by Finnish Non-Food Center KY , Rukax OY , and Scan-Tukka OY ."""
positive,"""agreement with SHB 30 December 2009 - Finnish financial services group Aktia HEL : AKTAV has concluded a market making agreement with Svenska Handelsbanken STO : SHB A , or SHB , the two parties said today ."""
neutral,"""Huhtamaki 's rigid plastic consumer goods operations , which are mainly in Europe , will be separated into a new reporting segment as of 1 January 2009 ."""
neutral,"""Taking a cue from the playbook of the East Dillon Lions , we 've created a special team of heavy-hitting style players , such as boot-cut jeans , tummy tops and , of course , cowboy boots ."""
neutral,"The fair value of investment properties was EUR 2 251.0 ( 1 281.4 ) million ."
neutral,"It will report full-year results on August 22 ."
neutral,"The company 's share is quoted on NASDAQ OMX Helsinki Rautaruukki Oyj : RTRKS ."
neutral,"""Pulkovo park will be ready in 2016 , its first stage of 23,000 sq. m. will be finished in the first quarter of 2010 ."""
neutral,"""Further concrete cooperation is also carried out through various projects , doctoral theses and diploma dissertations ."""
neutral,"""Founded in 1946 , Strand Associates , which provides civil , environmental , transportation , electrical and mechanical engineering services , has 350 employees at 10 offices in Wisconsin , Alabama , Illinois , Indiana , Kentucky and Ohio ."""
positive,"Sponda Plc Stock Exchange Release 5 December 2006 at 15.45 EUR 1.5 BILLION SYNDICATED CREDIT FACILITY FOR SPONDA Sponda has signed an agreement for a one-year syndicated credit facility for a total of EUR 1.5 billion ."
