Headlines,Time,Description
Daimler slims down Mercedes management in efficiency drive,Feb 20 2020,"German cars and trucks maker Daimler  said it would revamp the management of its finance, production and development portfolios to remove duplicate layers between Mercedes-Benz and Daimler AG."
'Persistent fragilities' ahead for households and businesses -Fed report,Jun 12 2020,"The Federal Reserve expects household finances and business balance sheets to suffer ""persistent fragilities"" as a result of the shock to economic activity arising from the coronavirus pandemic, the central bank said in a report to Congress on Friday."
Ride-hailing drivers in New York to strike ahead of Uber IPO,May 04 2019,"Uber Technologies Inc's drivers in New York will go on strike next week shortly before the ride-hailing company goes public to protest what they view as unfair employment conditions, a taxi union said on Friday."
"Trump says trade deal 'possible' with China's Xi, tariffs could be lower",Jun 26 2019,U.S. President Donald Trump said on Wednesday that a trade deal with Chinese President Xi Jinping was possible this weekend but he is prepared to impose U.S. tariffs on virtually all remaining Chinese imports if the two countries continue to disagree.
Malaysia files criminal charges against 17 Goldman Sachs executives,Aug 09 2019,Malaysia filed criminal charges on Friday against 17 current and former directors at subsidiaries of Goldman Sachs Group Inc  following an investigation into a multi-billion-dollar corruption scandal that led to the demise of state fund 1MDB.
"Ghosn used our jets illegally in escape from Japan, Turkish company says",Jan 04 2020,"A Turkish private jet operator said on Friday that ex-Nissan boss Carlos Ghosn used two of its planes illegally in his escape from Japan, with an employee falsifying lease records to exclude his name from the documents."
GM launches advanced electric batteries to power its EVs,Mar 04 2020,"U.S. automaker General Motors Co  on Wednesday launched Ultium, a battery with higher capacity and fast charging capabilities, to power its upcoming line of electric vehicles."
Finnish health boss questions WHO coronavirus testing advice,Mar 20 2020,"Finland's national health authority questioned on Friday the  World Health Organization's call on countries to test as many patients as possible for coronavirus, after the country ran out of testing capacity this week."
China stands its ground after Trump amps up tariff threats,Aug 02 2018,"China vowed on Thursday to retaliate if the United States acted on a threat to raise tariffs on the Asian nation's exports, fueling fears in financial markets that the trade war between the world's two biggest economies would escalate."
Lufthansa vows extensive revamp as losses balloon,Jun 03 2020,"Lufthansa has pledged a wide-ranging restructuring, from thousands of job cuts to asset sales, as it seeks to repay a 9 billion euro ($10.1 billion) state bailout and navigate deepening losses in the face of the coronavirus pandemic."
Pence says jobs report indicative of U.S. economy beginning to recover,Jun 05 2020,"U.S. Vice President Mike Pence said the jobs report released on Friday was a sign the U.S. economy was beginning to recover from the deep hit caused by the novel coronavirus outbreak, but said President Donald Trump is still in favor of a payroll tax cut."
Israel to use anti-terror tech to counter coronavirus 'invisible enemy',Mar 15 2020,"Israel plans to use anti-terrorism tracking technology and a partial shutdown of its economy to minimize the risk of coronavirus transmission, Prime Minister Benjamin Netanyahu said on Saturday."
Trump heaps pressure on Fed and its chairman Powell to cut rates,Aug 21 2019,"President Donald Trump on Wednesday continued to pressure the Federal Reserve and the central bank's chairman to lower interest rates, saying its policies were hampering U.S. growth and reducing the country's ability to compete economically."
"Texas Instruments quarterly beat soothes demand jitters, shares up 6%",Jul 23 2019,"Texas Instruments Inc provided some relief that a global slowdown in microchip demand would not be as long as feared, posting quarterly profit and revenue that beat Wall Street estimates on Tuesday."
Goldman Sachs employees to start returning to U.S. offices from June 22,Jun 10 2020,"Goldman Sachs Group Inc  said on Wednesday it plans to start the return of an initial group of its employees to its offices in New York, Jersey City, Dallas and Salt Lake City from June 22."
German prosecutors indict top VW bosses over emissions scandal,Sep 24 2019,"German prosecutors have accused Volkswagen's CEO of holding back market-moving information on rigged emissions tests four years ago, raising the prospect of fresh upheaval at the carmaker just as it tries to reinvent itself as a champion of clean driving."
Wall Street sees funding hurdle to Musk's plan to take Tesla private,Aug 08 2018,Tesla Inc  Chief Executive Officer Elon Musk's plan to take the electric car maker private raised doubts among Wall Street analysts about the billionaire' s ability to gather enough financial backing to complete the deal.
U.S. surfboard makers not so stoked about China tariffs,Aug 16 2019,"President Donald Trump's decision to slap 10% tariffs on  imported surfboards convinced surf executive Sue Bowers to move  factory jobs out of China - but not back to the United States, which was one goal of Trump's tariffs."
JPMorgan is sued over Mexican property transfer,Jun 12 2018,A Mexican real estate developer has filed a $1.2 billion lawsuit accusing JPMorgan Chase & Co  of fraudulently inducing it to transfer properties based on a false promise it would sell them.
Airbnb CEO says company will be ready for IPO later this year: CNBC,Apr 29 2019,"Airbnb will be ready for an initial public offering later this year, the home-renting company's chief executive officer told CNBC on Monday."
"Standard Life Aberdeen sells Boohoo shares, citing 'inadequate' response to allegations",Jul 10 2020,"Investor Standard Life Aberdeen  said on Friday it had sold its shares in fashion retailer Boohoo , describing the company's response to allegations of worker abuse at supplier factories as ""inadequate""."
Nordstrom bucks trend of grim retail forecasts; share jump 8%,Nov 21 2019,"Nordstrom Inc  raised its 2019 forecast, unlike many competitors, and reported third-quarter profit above Wall Street expectations on Thursday as it sold more off-price clothing and kept inventories in check, sending the retailer's shares up about 8% in extended trading."
"Fed leaves rates unchanged, stays on course for September hike",Aug 01 2018,"The U.S. Federal Reserve kept interest rates unchanged on Wednesday but characterized the economy as strong, keeping the central bank on track to increase borrowing costs in September."
"EU must approve Siemens/Alstom deal, says French finance minister",Jan 19 2019,"The European Union must approve the tie-up between Germany's Siemens  and French group Alstom , said French Finance Minister Bruno Le Maire, who added he would meet a main European regulator to express his support for the deal."
Anadarko to negotiate sale to Occidental 'superior' to Chevron deal,Apr 29 2019,"Anadarko Petroleum Corp said on Monday it would negotiate with Occidental Petroleum Corp over its $38 billion cash-and-stock bid, after determining it could get a better deal than its agreed $33 billion sale to Chevron Corp."
Top U.S. retailers absorb tariff pressure ahead of holiday shopping season,Nov 29 2019,"Prices for electronics sold online at top U.S. retailers were up slightly heading into the critical U.S. shopping season, but sites including Walmart Inc  and Amazon.com Inc  have held prices steady for many other popular holiday products despite the pressure from tariffs on Chinese imports."
Thiel's Founders Fund sells remaining Facebook shares,Aug 27 2019,"Early Facebook Inc  backer, Founders Fund, has sold all of its holdings in the social media giant as part of a previously established trading plan by the venture capital firm's partner, Peter Thiel, according to a regulatory filing from late Monday."
Deutsche Bank board members not pushing for Commerzbank tie-up: union,Jan 25 2019,"There is no desire among Deutsche Bank's supervisory board members for a merger with rival Commerzbank in the near-term, a Deutsche board member said."
Wall Street surges on Biden bounce,Mar 04 2020,"Wall Street roared back to life on Wednesday, with both the Dow and the S&P 500 surging more than 4%, after former Vice President Joe Biden's strong showing in the Super Tuesday Democratic primary contests injected a dose of confidence."
Deutsche Telekom postpones shareholder meeting over coronavirus,Mar 16 2020,"Deutsche Telekom  on Monday postponed its March 26 annual general shareholders meeting due to the coronavirus, saying it planned to hold the gathering during the first eight months of this year as required by law."
U.S. labor market tightening; manufacturing slowing,Nov 01 2018,New applications for U.S. unemployment aid fell last week and the number of Americans receiving benefits was the lowest in more than 45 years as labor market conditions tightened further.
"U.S. will loan $50 billion to small businesses, defer taxes to fight coronavirus, Trump says",Mar 11 2020,"The United States will give individuals, and small and mid-sized businesses a three-month tax holiday to try to fight the economic impact of the novel coronavirus, President Donald Trump said Wednesday night."
Nissan seeks to block Ghosn's access to apartment in Rio,Dec 09 2018,"Nissan said it was seeking to block former chairman Carlos Ghosn's access to an apartment in Rio de Janeiro, citing a risk that the executive, arrested and removed from his role for financial misconduct, may remove or destroy evidence."
"China's exports shrink most in two years, raising risks to global economy",Jan 14 2019,"China's exports unexpectedly fell the most in two years in December, while imports also contracted, pointing to further weakness in the world's second-largest economy in 2019 and deteriorating global demand."
British Steel is open to new buyers: UK business minister,May 22 2019,"British Steel, which was forced into liquidation on Wednesday after failing to secure an emergency government loan, is open to new buyers, business minister Greg Clark said on Wednesday."
"As Air France restores some flights, pilots queue for simulator",May 15 2020,Air France  is putting its grounded pilots through their paces in the flight simulator as the airline prepares to restore flights to dozens of destinations that had been suspended under coronavirus lockdown measures.
FBI warns Russians hacked hundreds of thousands of routers,May 25 2018,The FBI warned on Friday that Russian computer hackers had compromised hundreds of thousands of home and office routers and could collect user information or shut down network traffic.
SkyWest adds 20 first-gen Embraer jets as order for new version remains on hold,Jan 30 2020,"Brazilian planemaker Embraer SA  said on Thursday that U.S. regional carrier SkyWest Inc  has signed a firm order for 20 E175 planes from its E1 generation, worth close to $1 billion, as an order for newer E2 aircraft remains in limbo."
"EU, France, Germany and UK regret U.S. decision to reimpose Iran sanctions",Nov 05 2018,"The European Union, France, Germany and Britain said in a joint statement that they regretted the United States' decision to impose new sanctions against Iran and would seek to protect European companies doing legitimate business with Tehran."
Microsoft says Skype users surge 70% amid coronavirus outbreak,Mar 30 2020,"The number of people using Microsoft's Skype video calling system has surged by 70% in a month to 40 million people presently, as more individuals stay home due to the coronavirus outbreak, the company said on Monday."
Ethiopian Airlines says plane repeatedly nose-dived before crash,Apr 04 2019,"Ethiopian Airlines flight 302 repeatedly nose-dived before it crashed, a statement from the airline said, citing the preliminary report into the March 10 crash that was released on Thursday."
Takeda clears key hurdle as investors back $59 billion Shire deal,Dec 05 2018,"Takeda Pharmaceutical  has won shareholder approval for its $59 billion takeover of London-listed Shire , creating a global powerhouse that has a stronger drugs pipeline but is also saddled with massive debt."
Apple chief says hopes to see trade barriers near zero,Oct 03 2019,"Apple's chief executive Tim Cook said on Thursday he hoped to see trade barriers return to normal, but added that international trade deals needed adjusting."
"Russia, Saudi Arabia overcome differences holding up big oil cut deal: Dmitriev",Apr 09 2020,"Russia and Saudi Arabia have overcome differences that had presented potential hurdles to a plan for major oil output cuts aimed at shoring up crude prices hammered by the coranavirus crisis, the head of Russia's wealth fund said on Thursday."
Trump again urges Fed to adopt negative U.S. interest rates,May 12 2020,"President Donald Trump on Tuesday again pushed the Federal Reserve to adopt negative interest rates, even as several members of the U.S. central bank have said they do not see a need for rates - now near zero - to move into negative territory."
BNP Paribas expects only one more U.S. rate cut in 2019,Aug 01 2019,"BNP Paribas analysts said late Wednesday they expect the Federal Reserve to lower key U.S. borrowing costs only one more time in 2019, with a 25 basis-point cut in September as an insurance against mounting risks."
Brazil plans to charge Vale over deadly mine collapse: WSJ,Apr 10 2019,"Prosecutors are planning to file criminal charges against Brazil's miner Vale SA and its employees over the collapse of a mine-waste dam in January that killed hundreds of people, the Wall Street Journal reported, citing the lead investigator."
"Lufthansa applies for short-time work for 31,000 employees",Mar 27 2020,"Lufthansa  has applied for short-time work for around 31,000 crew and ground staff at its core brand until the end of August, a spokesman said on Friday, as Germany's flagship carrier has slashed flights due to the coronavirus outbreak."
Earnings and trade optimism push Wall St. toward record high,Jul 23 2019,"The S&P 500 and Nasdaq approached record highs on Tuesday, lifted by upbeat quarterly reports from Coca-Cola and United Technologies and on optimism the United States would resolve its trade conflict with China."
India's Tata Motors warns of JLR profit hit due to coronavirus,Mar 06 2020,Indian automaker Tata Motors  warned on Friday of lower profit at its British luxury car brand Jaguar Land Rover (JLR) for the fiscal year as the coronavirus outbreak has hit sales in China.
Malaysian financier's private jet linked to 1MDB scandal to be sold,Nov 01 2018,"A U.S. court has allowed the sale of a private jet allegedly bought by fugitive financier Low Taek Jho with money taken from Malaysia's scandal-linked state fund 1MDB, court filings showed."
Amazon starts recruiting and leases office for Virginia 'HQ2',Apr 29 2019,"Amazon.com Inc on Monday said it had leased office space and posted several jobs for its second headquarters outside Washington, D.C., the start of more than a decade of investment and hiring that cities across North America had sought."
Starbucks investors mourn end of an era as Schultz exits,Jun 05 2018,"Starbucks Corp's  shares fell as much as 3 percent on Tuesday as the departure of Howard Schultz, the entrepreneur who turned 11 cafes into a global juggernaut, added to a series of worrying headlines for the world's biggest coffee chain."
Toyota to shake up management structure,Nov 30 2018,"Toyota Motor Corp  said on Friday it would shake up its management executive ranks, including hiring new people and shuffling current roles across the company."
"Stocks climb on Huawei extension, buoying U.S. Treasuries",Nov 18 2019,"Global equity markets edged higher on Monday, lifting prices of U.S. government debt, as a 90-day extension allowing U.S. companies to do business with China's Huawei eased the latest spike in investor angst over U.S.-Sino trade tensions."
Exclusive: Nissan expands Ghosn probe to include Renault alliance - sources,Nov 20 2018,"Nissan's investigation into alleged misconduct by Chairman Carlos Ghosn is expanding to include Renault-Nissan finances, sources told Reuters - in a further sign that Nissan may seek to loosen its French parent's hold on their global carmaking alliance."
German regional state to sue VW over diesel scandal: FAZ,Dec 17 2018,"The German state of Baden-Wuerttemberg plans to sue Volkswagen over the carmaker's cheating of emissions tests, newspaper Frankfurter Allgemeine Zeitung (FAZ) reported on Monday."
Dorian industry insured losses seen in several billions of dollars: Munich Re,Sep 08 2019,"Insured losses from Hurricane Dorian are expected to total several billions of dollars, German reinsurer Munich Re  said on Sunday."
BP faces investor push to beef up fight against climate change,May 17 2019,"BP will face pressure at a meeting next week to set tougher targets to combat climate change, the latest signal from investors that they want the oil and gas industry to do more to clean up its act."
"Australia's Treasury Wine, to cope with virus, weighs Penfolds demerger, U.S. cutback",Apr 07 2020,"Australia's Treasury Wine Estates Ltd  said it may spin off the prestigious Penfolds label and shrink its low-end ""commercial"" division in the United States as it seeks ways to grow profit amid upheaval brought by the coronavirus crisis."
Do more with less: New Zealand firm's four-day week,Nov 05 2019,"A New Zealand estate planning company, which made headlines when it trailed a four-day week last year, has seen a big productivity increase since it made the change permanent, with staff spending less time surfing the Internet."
FCC opens probe into Sinclair disclosures on failed Tribune deal,Jun 27 2019,The Federal Communications Commission has opened a new investigation into whether Sinclair Broadcast Group Inc engaged in misrepresentations or a lack of candor in its failed effort to win approval for a $3.9 billion bid to purchase Tribune Media Co.
"UK's Corbyn: Labour to exclude NHS, medicines from trade deals with U.S.",Nov 16 2019,"UK opposition leader Jeremy Corbyn said the Labour Party will exclude Britain's National Health Service and medicines from trade deals with the United States, as he accused Prime Minister Boris Johnson of covering up ""secret talks"" on the NHS."
Aston Martin gears up for more growth ahead of possible flotation,May 21 2018,"Luxury British carmaker Aston Martin remained in the black in the first quarter of 2018, although pretax profit fell due to a weaker dollar and investment on a series of model launches."
BMW expands car-sharing service DriveNow in London,Nov 01 2018,BMW is expanding its car-sharing service DriveNow into five more London boroughs as the carmaker overcomes some of the barriers to operating across the city where firms need to strike agreements with separate local authorities.
Apple revamps its TV app ahead of streaming service launch,May 13 2019,"Apple Inc on Monday rolled out a new television-watching app for its devices and some Internet-connected TVs, an effort to gain more revenue from reselling other companies' programming and, later this year, its own original shows."
General Electric fortifies defense against charges of bogus accounting,Aug 19 2019,General Electric Co reinforced its defense of its accounting practices on Monday after investors asked more questions about an unusual research report last week that accused the jet engine and power plant maker of financial fraud.
"As Amazon drops New York City project, progressives claim a major coup",Feb 15 2019,U.S. Representative Alexandria Ocasio-Cortez wasted no time on Thursday in calling Amazon's decision to scrap plans to build a major New York outpost with nearly $3 billion in city and state incentives a big victory for progressive politicians.
"As U.S. coronavirus death toll tops 51,000, handful of states move toward reopening",Apr 25 2020,"With the U.S. coronavirus death toll topping 51,000 and nearly one in six workers out of a job, Georgia, Oklahoma and several other states took tentative steps at reopening businesses on Friday, despite disapproval from President Donald Trump and medical experts."
China probes small bank shareholdings as risk worries persist,Jul 30 2019,"China is sharpening its scrutiny of small banks' shareholders amid fears that loans from the lenders to big investors could prove a weak point in the country's financial system, jolted by the state's weekend rescue of one lender and recent takeover of another."
Tech advocacy group's lawsuit says Trump's order on social media is unconstitutional,Jun 02 2020,An advocacy group backed by the tech industry sued President Donald Trump on Tuesday over his executive order that would weaken a law protecting online platforms including social media companies that label or fact-check his posts.
India's growth may decelerate further despite election spending,Mar 01 2019,"Billions of dollars of pre-election spending by the Indian government and political parties in the next two months is  unlikely to stop the nation's economy from slowing further,  economists said."
Wall Street bounces back as investors shrug off trade tensions,Sep 18 2018,Wall Street rebounded on Tuesday in a broad-based rally as investors brushed aside intensifying trade rhetoric between the United States and China.
Trade war hurting the U.S. ethanol industry 'badly': U.S. Grains Council,May 16 2019,"The U.S.-China trade war is hurting the U.S. ethanol industry ""badly,"" Mike Dwyer, chief economist of the U.S. Grains Council, said on Wednesday at an event at New York Sugar week:"
Trump oil deal raises question for Mexico: At what cost?,Apr 14 2020,"Mexico's president has incurred a debt with his U.S. counterpart Donald Trump by accepting U.S. help to end a standoff over global oil cuts, triggering concern the American will in return make the country pay on issues like migration and security."
Cathay shares fall nearly 4% after chairman resigns,Sep 04 2019,Shares in Cathay Pacific Airways Ltd  fell nearly 4% in early trade on Thursday following the resignation of its chairman after the market closed on the previous day.
Brexit casts shadow over stands at Geneva car show,Mar 03 2019,"The usual mix of sports cars, offroaders and family saloons will be on display at the Geneva motor show this week, but with one big difference from previous years - they may be about to become harder and costlier to make, and more expensive to buy."
Delays expected at Amsterdam's Schiphol Airport as KLM ground staff strike,Aug 31 2019,"Ground staff for the Dutch arm of Air France KLM SA  are set to strike on Monday morning at Amsterdam's Schiphol Airport, likely causing delays and canceled flights, the Dutch union FNV said Saturday."
"Blackstone co-founder Peter Peterson dies, aged 91",Mar 20 2018,"Billionaire Wall Street financier Peter Peterson, who co-founded private equity firm Blackstone Group LP  and served as U.S. President Richard Nixon's commerce secretary, died on Tuesday of natural causes, his family said. He was 91."
New Fiat Chrysler boss picks team to tackle industry in flux,Oct 01 2018,"Fiat Chrysler's  new boss unveiled his management team on Monday, seeking to revive the automaker in Europe, forge ahead in North America and keep the group in contention in the industry's race to develop self-driving and electric cars."
Oil hits multi-week lows on fears of growing supplies,May 28 2018,Oil prices extended losses on Monday as Saudi Arabia and Russia said they may increase supplies while U.S. production gains showed no sign of slowing.
China's industrial output to grow around 5.6% year-on-year in 2019: ministry,Dec 22 2019,"China's industrial output is expected to grow around 5.6% in 2019, the Ministry of Industry and Information Technology said on Monday."
Airbus CEO hints at more powerful A321 jet,May 21 2019,"Airbus Chief Executive Guillaume Faury hinted on Tuesday at the launch of a more powerful new A321 jet, saying the planemaker's current A321LR was the world's longest-range single-aisle jet ""for the moment."""
Take Five: Crude awakening,Jan 03 2020,Geopolitics is back in the driving seat. The U.S. killing of a top Iranian commander has doused the nascent New Year rally and delivered a $3 boost for oil prices on fears that any violent retaliation from Tehran would disrupt energy supplies.
Eldorado Resorts clinches $18 billion cash and stock deal for Caesars: sources,Jun 24 2019,"U.S. casino operator Eldorado Resorts Inc has agreed to merge with Caesars Entertainment Corp in a cash and stock deal that values its peer at about $18 billion including debt, people familiar with the matter said on Sunday."
Boeing faces SEC probe into disclosures about 737 MAX problems - Bloomberg,May 24 2019,"The U.S. Securities and Exchange Commission is probing whether Boeing Co provided sufficient disclosures about issues related to its 737 MAX jets, which have been grounded worldwide after two deadly accidents, Bloomberg reported on Friday."
"Apple Watch, FitBit could feel cost of U.S. tariffs",Jul 20 2018,"The latest round of U.S. tariffs on $200 billion of Chinese goods could hit the Apple Watch, health trackers, streaming music speakers and other accessories assembled in China, government rulings on tariffs show."
AstraZeneca CEO warns of medicine shortages after Brexit: Sunday Times,Sep 23 2018,"Britain could see widespread medicine shortages if there is no deal to prevent friction at the border with the European Union after Brexit, the AstraZeneca chief executive told the Sunday Times."
China's Didi announces reorganization plan to address safety,Dec 05 2018,"Chinese ride-hailing firm Didi Chuxing on Wednesday announced a reorganization plan aimed at improving safety on its platform, as it works to address public and government concerns raised after the murders of two of its users."
Goldman CEO memo calls Apple Card 'a beginning' on launch day,Aug 20 2019,"Goldman Sachs Group Inc  officially became a credit-card lender on Tuesday by rolling out its first product with Apple Inc , but the bank has aspirations to grow much bigger in consumer lending, its chief executive said in an internal memo viewed by Reuters."
CITIC to sell 22% stake in McDonald's China business to PE arm: sources,Jan 08 2020,"CITIC Ltd , the main listed arm of Chinese state-owned conglomerate CITIC Group, plans to sell a 22% stake in McDonald's Corp's  mainland China and Hong Kong business, which is likely to be bought by the group's private equity arm."
"Novo Banco posts record loss, remedied by Portugal resolution fund",Mar 28 2018,"Portugal's Novo Banco, rescued by the state and acquired last year by U.S. private equity firm Lone Star, reported a record net loss of 1.4 billion euros on Wednesday for 2017 and a fresh capital injection from the country's bank resolution fund."
Coronavirus-stricken airlines call for state aid to avert ruin,Mar 17 2020,Airlines demanded urgent tax relief to avoid multiple bankruptcies as coronavirus disruption continued its spread across the global industry on Tuesday.
NCAA president: Sports won't return until campuses reopen,May 09 2020,"College sports will not resume until all students are back on campus, NCAA president Mark Emmert said Friday."
"'Our currency, your problem': all over again",Feb 24 2020,"The dollar juggernaut rolls on. The U.S. currency <=USD> has rocketed to a near three-year high versus the euro, a 10-month high against the yen and an 11-year peak versus the Aussie. This month alone it's added 2.5% against six currency peers.     Economic indicators are reinforcing the U.S growth engine's outperformance. The United States has the highest bond yields among developed nations and its companies keep beating earnings forecasts. It's relative resilience to coronavirus damage m"
Ryanair CEO denies accusation of bullying former operations chief,Dec 04 2019,"Ryanair  chief executive Michael O'Leary on Wednesday dismissed accusations that he bullied and forced out his former operations chief Peter Bellew, telling a court he was a highly paid professional who had failed to deliver."
Explainer: How would a Schwab-TD Ameritrade deal affect retail investors?,Nov 21 2019,"U.S. discount broker Charles Schwab Corp.  is in talks to buy rival TD Ameritrade  in a $26 billion deal that would create an online brokerage behemoth, according to media reports."
China says fully prepared for U.S. threats on escalating trade war,Aug 02 2018,"China is fully prepared for the United States' threats to escalate the two countries' trade war and will have to fight back to defend its dignity and the interests of its people, the commerce ministry said on Thursday."
"China March industrial output falls 1.1% year-on-year, better than forecast; first-quarter investment slides 16.1%",Apr 16 2020,"China's industrial output fell a less steeper-than-expected 1.1% in March from a year earlier, data from the National Bureau of Statistics showed on Friday, as the coronavirus crisis and strict containment measures severely disrupted the world's second-largest economy."
Philip Morris aims to revive Japan sales with cheaper heat-not-burn tobacco,Oct 23 2018,"Philip Morris International Inc released cheaper versions of its IQOS ""heat not burn"" products in Japan on Tuesday as it tries to revive sales and ward off competition from other alternatives to conventional cigarettes."
"Exclusive: BOJ eyes tweaks to bond-buying program, but won't rush changes - sources",Oct 29 2018,"The Bank of Japan is considering tweaking its bond buying operations to allow the government debt market to better reflect fundamentals, people familiar with the matter said, following years of heavy central bank buying in the sector."
Iran aims to buy Airbus jets before sanctions window closes: official,May 11 2018,"Iran is in contact with European planemaker Airbus  to try to use a narrow window available for business following this week's U.S. decision to withdraw from an international nuclear pact, said a senior official."
WeWork considers $1.9 billion offer for 70% stake in Indian affiliate: Bloomberg,Jun 14 2019,"Shared office space manager WeWork Cos is exploring a deal to take majority control of its affiliate WeWork India ahead of the New York-based company's plans to go public, Bloomberg reported on Thursday, citing people familiar with the matter."
Tesla denies reports of firing employees who chose to stay at home,Jul 02 2020,Tesla Inc  on Thursday denied media reports and said it had not fired employees who chose to stay at home during the coronavirus pandemic over safety concerns at the carmaker's California factory.
"Royal Caribbean cancels 18 cruises, warns coronavirus hit to yearly profit",Feb 13 2020,Royal Caribbean Cruises Ltd  on Thursday said it had canceled 18 cruises in Southeast Asia and joined larger rival Carnival Corp  in warning that its full-year earnings would be hit by the coronavirus outbreak.
Italy's deputy PM Salvini: would be proud of a UniCredit bid for Commerzbank,May 17 2019,Italy's Deputy Prime Minister and League leader Matteo Salvini said he would hail a takeover bid by Italy's UniCredit for German rival Commerzbank.
India's SBI says lenders awaiting SEBI decision on Etihad offer for Jet Airways: paper,Jan 20 2019,"The State Bank of India  (SBI)-led consortium of lenders is waiting for India’s capital markets regulator to decide on a bailout offer by Etihad Airways for the financially stressed Jet Airways , SBI Chairman Rajnish Kumar said, the Business Standard reported on Saturday."
Virgin Galactic looks like newest cult stock as short sellers dig in,Feb 19 2020,"Wall Street's newest cult stock appears to be Richard Branson's Virgin Galactic Holdings Inc , as investors drive shares of the space tourism company to sky-high levels and short sellers dig in their heels."
China's Tencent raises $6 billion in bond sale; proceeds for general purposes,Apr 03 2019,"Chinese social media and gaming giant Tencent Holdings Ltd said on Thursday it has raised $6 billion in a bond sale, with proceeds earmarked for refinancing and general corporate purposes."
Glencore to cooperate with U.S. corruption investigation,Jul 11 2018,"Glencore Plc  said on Wednesday it would cooperate with U.S. authorities after they demanded documents about the mining firm's business in Democratic Republic of Congo, Venezuela and Nigeria as part of a corruption investigation."
CBS and Viacom to close merger on Dec. 4,Nov 25 2019,"The all-stock merger of CBS Corp  and Viacom Inc  is expected to close on Dec. 4, the companies said on Monday."
Britain takes $2.68 billion loss on RBS share sale,Jun 05 2018,"Britain has sold some of its holding in Royal Bank of Scotland , the bank which it rescued in the 2008 financial crisis, but has taken a loss of more than 2 billion pounds ($2.68 billion) on the deal."
ASOS to reject UK govt bonus for bringing back furloughed staff,Jul 15 2020,British online fashion retailer ASOS  on Wednesday joined peers Primark  and John Lewis in saying it would not take advantage of a British government scheme to pay employers for bringing back staff from furlough.
U.S. farmers to receive $14.5 billion in direct trade aid payments,May 23 2019,The U.S. Department of Agriculture said on Thursday that farmers will receive $14.5 billion in direct payments as part of a $16 billion aid package designed to offset the financial pain from trade disputes with China and other nations.
Lagarde will take ECB out of ivory tower: De Guindos in El Pais,Oct 26 2019,"Christine Lagarde will ensure European Central Bank policymakers climb down from their ""ivory tower"" and face the political realities of the euro zone, the ECB's vice president, Luis de Guindos, said in an interview published on Saturday."
"Occidental posts quarterly loss on impairment, charges",Feb 27 2020,"Occidental Petroleum Corp  reported a quarterly loss on Thursday, as the oil and gas producer took more than $1.7 billion in impairment and other charges."
Renault aims to restart Nissan merger talks within 12 months: FT,Mar 27 2019,"France's Renault SA intends to restart merger talks with Japan's Nissan Motor Co Ltd within 12 months, after which it will set sight on a bid to buy Fiat Chrysler Automobiles NV, the Financial Times reported on Wednesday."
"Thomas Cook collapse affects 53,000 British nationals in Spain: tourism minister",Sep 24 2019,"The collapse of British travel firm Thomas Cook  has affected 53,000 Britons in Spain, Spanish Acting Tourism Minister Reyes Maroto told reporters on Tuesday."
"Tyson Foods quarterly sales miss estimates, shares fall",Nov 13 2018,"Tyson Foods Inc  reported quarterly sales on Tuesday that missed Wall Street estimates, as the top U.S. meat processor was hit by lower demand for chicken, sending shares down nearly 7 percent."
"After meeting AFL-CIO, Pelosi says USMCA must be enforceable for workers to win passage",Nov 19 2019,"U.S. House of Representatives Speaker Nancy Pelosi on Tuesday conditioned her support for a new U.S.-Mexico-Canada trade deal on better enforcement of its labor provisions, defying pressure by the Trump administration to get the deal done quickly."
Lloyds Bank sets target to increase number of senior Black staff,Jul 17 2020,Britain's biggest domestic bank Lloyds  has set a target to increase the number of Black staff in senior roles to at least 3% by 2025 from just 0.6% now.
China's Xi: trade talks with U.S. to continue in Washington next week,Feb 15 2019,"Chinese President Xi Jinping said on Friday trade talks with the United States will continue in Washington next week and that he hopes the two sides will be able to reach a mutually beneficial deal in the upcoming negotiations, state media reported."
"U.S. says tool chests from China, Vietnam are being dumped in U.S. market",Apr 05 2018,"The U.S. Commerce Department said on Thursday it had determined that tool chests and cabinets made in China and Vietnam were being dumped in the U.S. market, and announced prospective import duties on the products ranging up to 327 percent."
"China has picked up its 'game' on trade with U.S., Trump adviser says",Jun 23 2020,"The U.S. trade deal with China is not only fully intact, but Beijing has actually stepped forward in a number of areas in a constructive way, a top White House adviser said on Tuesday."
Qatar Airways spends $600 million to lift stake in BA owner to 25%,Feb 19 2020,"Qatar Airways has bought a $600 million stake in British Airways-owner IAG  to increase its holding to 25.1%, strengthening its position ahead of a change in IAG management."
Tesla changes plans to start Model Y production: Business Insider,Dec 03 2018,"Tesla Inc had plans to build its pilot small electric SUV Model Y at Gigafactory 1 by June 1, 2020, the Business Insider reported on Monday, citing leaked internal documents, but said the company changed its plans later."
Southwest waives charges on fare differences for customers wanting off 737 MAX,Mar 13 2019,"Southwest Airlines Co, the world's largest operator of the Boeing Co 737 MAX 8 with 34 jets, said on Wednesday it is waiving any fare-difference charges for customers who wish to switch to another aircraft."
Financier Epstein pleads not guilty to sex trafficking charges involving girls,Jul 09 2019,American financier Jeffrey Epstein pleaded not guilty on Monday to charges of sex trafficking as prosecutors accused him of luring dozens of girls as young as 14 to his luxury homes in New York and Florida and paying them for sex acts.
U.S. House to pass nearly $500 billion more in coronavirus relief,Apr 23 2020,"Hundreds of members of the U.S. House of Representatives will gather in Washington on Thursday to pass a $484 billion coronavirus relief bill, bringing the unprecedented total of funds approved for the crisis to nearly $3 trillion."
"EU opens road to 5G connected cars in boost to BMW, Qualcomm",Jul 04 2019,"European Union states opened the way to competing technologies for internet connected cars on Thursday, rejecting a European Commission push for a wifi-based standard backed by Volkswagen ."
Disney Chairman Bob Iger to forgo salary amid virus crisis,Mar 30 2020,"Walt Disney Inc  Executive Chairman Bob Iger will forgo his salary and newly named Chief Executive Officer Bob Chapek will take a 50% pay cut amid the coronavirus crisis, according to an internal email from Chapek."
"Bank of America boosts hiring, worker pay amid coronavirus outbreak",Mar 20 2020,"Bank of America Corp's consumer division has hired 1,700 people in critical support roles so far this month, a spokesman said on Friday, as the industry faces a surge in customer service demand due to concerns about the coronavirus outbreak."
Oil major Total and Aramco sign $5 billion deal to build Jubail petrochemical complex,Apr 10 2018,"French oil and gas major Total  on Tuesday signed a $5 billion deal with Saudi Aramco to build a giant petrochemical complex at their 440,000 barrels-per-day Jubail Satorp refinery."
Instant View: OPEC+ cuts will not be enough to halt oil collapse - analysts,Apr 09 2020,OPEC and other major oil producers on Thursday said they would cut output by 10 million barrels per day for two months in the face of a huge fall in demand due to the coronavirus crisis.
Mondelez sees first quarter revenue hit on coronavirus outbreak,Jan 29 2020,Oreo maker Mondelez Inc  said on Wednesday it expects a hit to its first quarter revenue from a new coronavirus outbreak in China which has killed over 130 people.
"Starbucks shuts shops, suspends delivery in China's Hubei amid virus outbreak",Jan 25 2020,"Starbucks has closed all shops and suspended delivery services in China's Hubei province for the week-long Lunar New Year holiday, where a coronavirus outbreak originated from its capital Wuhan has caused 41 deaths in China."
Jeffrey Ubben steps down from Fox board,Apr 27 2018,"Twenty-First Century Fox Inc  said on Friday, Jeffrey  Ubben has stepped down from the company's board at a time when the media company is in the process of completing a deal with Walt Disney Co ."
"Calm, considered, Henry to steer BHP through choppy times",Nov 14 2019,"Calm and considered, incoming BHP Group Ltd  chief executive Mike Henry is seen as a safe pair of hands to steer the world's largest mining company through what he says are uncertain times."
Exclusive: A delicate balance - Toyota took care to make offering to U.S. before China deals,May 21 2019,Toyota Motor Corp last month announced two deals in China that were small in size but large in strategic planning.
Third Point seeks allies to put pressure on Campbell Soup: sources,Jul 31 2018,"Activist hedge fund Third Point LLC is meeting with some of Campbell Soup Co's  largest shareholders to seek support for changes at the U.S. consumer company, people familiar with the matter said on Tuesday."
"U.S. Treasury yields drop, stocks slide as global slowdown fears loom",Sep 03 2019,Benchmark 10-year U.S. Treasury yields fell on Tuesday to their lowest since July 2016 and all three major U.S. stock indexes lost ground in a risk-off session driven by heightened trade worries and an unexpected contraction of U.S. factory activity.
China agriculture delegation scraps U.S. farm visit to Montana,Sep 20 2019,"Chinese agriculture officials who were due to visit U.S. farm states next week have canceled their trip to Montana as the officials will return to China sooner than originally scheduled, the Montana Farm Bureau told Reuters on Friday."
"China's February coal imports tumble on uncertainty over curbs, holiday disruption",Mar 08 2019,"China's coal imports in February fell sharply from January after utilities curbed buying citing uncertainty over Beijing's policies on shipments arriving from overseas, while the week-long lunar new year holiday also cut into business."
Sirius XM to buy Pandora in $3.5 billion streaming push,Sep 24 2018,Satellite radio company Sirius XM Holdings Inc will buy online music service Pandora Media Inc in a $3.5 billion all-stock deal that will help it battle growing competition from streaming rivals Spotify and Apple Music.
"Ford, Walmart to collaborate on designing automated-vehicle delivery",Nov 14 2018,"Ford Motor Co , Walmart Inc  and delivery service Postmates Inc will collaborate to design a service for delivering groceries and other goods to Walmart customers that could someday use autonomous vehicles, the companies said on Wednesday."
"After Harley spat, Trump says other motorcycle firms may come to U.S.",Jul 03 2018,"U.S. President Donald Trump said on Tuesday his administration is working to bring other motorcycle companies to the United States, following Harley-Davidson Inc's decision to shift some production for European customers overseas."
UK's May not snubbed by Trump at G7 summit: PM's spokeswoman,Jun 08 2018,"British Prime Minister Theresa May has not been snubbed by U.S. President Donald Trump at the G7 summit in Canada and will speak to him even though no bilateral meeting is planned, a spokeswoman for May said on Friday."
"American, United suspending U.S. flights to and from Hong Kong through February 20",Feb 04 2020,American Airlines Group  and United Airlines  on Tuesday both said they are suspending all flights to and from Hong Kong.
Apple recalls certain older MacBook Pro units,Jun 20 2019,"Apple Inc said on Thursday it would recall a limited number of 15-inch MacBook Pro units as their batteries are susceptible to overheating and pose a ""fire safety risk""."
"Lanxess, Bayer sell chemical park operator to Macquarie for $3.9 billion",Aug 07 2019,German chemical groups Bayer  and Lanxess  have agreed to sell integrated chemical site operator Currenta to Macquarie Infrastructure and Real Assets (MIRA)  for an enterprise value of 3.5 billion euros ($3.9 billion).
"Canada's WestJet to lay off 1,700 pilots",Apr 16 2020,"Canada's privately held WestJet Airlines is laying off 1,700 pilots amid travel bans to curb the COVID-19 pandemic, according to a company memo seen by Reuters on Thursday."
Deutsche Bank CEO says bank cooperating with German prosecutors,Jan 23 2019,"The chief executive of Deutsche Bank, Christian Sewing, said on Wednesday the lender had the biggest interest in cooperating with German prosecutors who searched its offices in November as part of an investigation into money laundering allegations."
"Airbus extends furloughs in UK, Spain in latest effort to tackle COVID-19 fallout",Jun 19 2020,"European planemaker Airbus SE  said on Friday it is extending furlough programs for 5,300 of its employees in Spain and the United Kingdom in its latest effort to cope with the impact of the coronavirus outbreak."
Uber lays off 400 employees in marketing team,Jul 29 2019,Ride-hailing company Uber Technologies Inc  said on Monday it laid off 400 people globally from its marketing team.
Take Five: Fed in a hole,Aug 16 2019,"On Wednesday, the U.S. Federal Reserve releases the minutes of its last meeting, revealing what policymakers said about the flattening Treasury yield curve and the strength of support for July's quarter-point rate cut."
"'Disaster' U.S. earnings loom, but investors try and look beyond",Jul 09 2020,"U.S. companies are preparing to open their books on a quarter that is set to show the biggest earnings fall since the financial crisis, leaving investors looking for light at the end of the tunnel."
Timeline: Norwegian Air targets relaunch with debt-for-equity deal,Apr 08 2020,Norwegian Air  plans to convert up to $4.3 billion of its debt into equity and to issue new shares as it seeks to stay in business following the COVID-19 outbreak that has grounded almost all of its fleet.
Pricing the benefits of cheap oil in a world of economic lockdowns,Apr 22 2020,"The oil price collapse that took U.S. crude prices sub-zero for the first time in history may turn out to be a silver lining for the world economy, possibly offering a springboard for recovery when coronavirus lockdowns finally end."
"Apple's services, wearables shore up results as iPhone drops below half of sales",Jul 31 2019,"Apple Inc  iPhone sales dropped to less than half of quarterly revenue for the first time in seven years, but CEO Tim Cook on Tuesday described the change as successfully diversifying away from a single product and forecast results above Wall Street targets."
"Single passenger flights: The daily woes of airlines, and the crew still working",Apr 13 2020,"When Reuters photographer Carlos Barria boarded American Airlines flight 4511 from Washington Reagan National Airport to New Orleans on Friday for an assignment, he was the only passenger on the 76-seat jet."
"Shares, euro climb on robust risk appetite as lockdowns ease",Jun 03 2020,"Global equity markets rallied and the euro rose against the dollar on Wednesday, both for a seventh straight session, indicating strong risk appetite as easing lockdowns and hopes for more monetary stimulus boosted investor confidence."
"GM pickup truck plant in Flint, Michigan, to add 1,000 workers",Feb 05 2019,"General Motors Co said Tuesday it will add 1,000 workers to build new heavy-duty pickup trucks at its plant in Flint, Michigan, and will give priority to GM workers who were laid off elsewhere."
Centerview turns to Matthieu Pigasse to lead new Paris hub,Apr 08 2020,"U.S. investment bank Centerview has hired Lazard's former France boss, Matthieu Pigasse, to lead its newly-launched Paris office and win business from European companies grappling with the economic damage caused by the coronavirus outbreak."
"Cargill quarterly profit dives 41% on trade tensions, U.S. floods",Jul 11 2019,"Global commodities trader Cargill Inc [CARG.UL] reported a 41% drop in adjusted quarterly profit on Thursday, citing supply disruptions stemming from the U.S.-China trade war and also flooding in the central United States that hit marketing and transportation of grains and livestock."
UK pulls up Rolls-Royce for slow supplier payments,Apr 29 2019,Engine maker Rolls-Royce said on Monday that it had been suspended from the UK government's Prompt Payment Code (PPC) after failing to pay suppliers in time.
Sprint to pay $10 million in FCC settlement after tower probe,Apr 10 2018,"Sprint Corp  has agreed to pay $10 million to settle a Federal Communications Commission investigation over proper tower registration and environmental and historic impact reviews prior to building wireless infrastructure facilities, the regulator said on Tuesday."
IMF staff analyzing Argentina's new debt plan: spokesman,Aug 28 2019,"The International Monetary Fund is analyzing the impact of a new debt plan announced by Argentina's Treasury Ministry on Wednesday, an IMF spokesman said."
Lawyers for Huawei CFO call Canada prosecutor's arguments 'circular',Jan 17 2020,"Extraditing Huawei Chief Financial Officer Meng Wanzhou to the United States based on American sanctions against Iran would set a dangerous precedent and could even undermine Canada's policy towards Iran, Meng's lawyers argued in court documents released on Friday."
Fresenius alleges 'blatant fraud' at U.S. drugmaker Akorn,May 02 2018,"German healthcare group Fresenius  alleged it uncovered ""blatant fraud at the very top level"" of U.S. generic drugmaker Akorn Inc  after Fresenius agreed to acquire the company for $4.75 billion, according to a court filing made public late on Tuesday."
Chinese envoy says Syngenta takeover was a bad deal: report,Jun 29 2019,"Beijing's ambassador to Switzerland said ChemChina's $43 billion takeover of seed and agrochemicals firm Syngenta was a mistake, adding he would have tried to stop the 2017 deal had he been in Bern at the time, a newspaper reported in an interview on Saturday."
Apple shares rise after sales quell iPhone worries,May 02 2018,Shares of Apple Inc  rose 3 percent on Wednesday after the company's quarterly report and current-quarter iPhone sales forecast calmed investor nerves about a potential slowdown in sales of its flagship product.
CBS negotiating Moonves' exit and Viacom merger standstill: sources,Sep 06 2018,"Media company CBS Corp's  board is in talks with Chief Executive Officer Les Moonves to negotiate his exit, a source familiar with the matter said on Thursday."
IKEA to open first store in Slovenia in 2020,Oct 08 2019,"IKEA  will start building its first store in Slovenia in October with construction expected to be completed in about 12 months, the Swedish furniture retailer said on Tuesday."
Bill Gates steps down from Microsoft board,Mar 13 2020,"Microsoft Corp co-founder Bill Gates, who made the company one of the world's most valuable technology firms, stepped down from the board on Friday to focus on philanthropic works related to global health, education and climate change."
U.S. sporting goods retailer Modell's files for bankruptcy protection,Mar 11 2020,"Sporting goods retailer Modell's Sporting Goods filed for Chapter 11 protection in the U.S. bankruptcy court in New Jersey on Wednesday, citing a challenging retail environment."
Thyssenkrupp searches for new chairman as activists circle,Jul 17 2018,"Thyssenkrupp's  foundation, the company's largest shareholder, pledged to work with unions and management to appoint a successor to its chairman Ulrich Lehner, with questions about its role in his abrupt departure."
Sears to take $443 million in charges arising from store closures,Dec 18 2018,"Bankrupt U.S. retailer Sears Holdings Corp will take a charge of about $443 million arising from store closures, a regulatory filing showed on Tuesday."
U.S. labor costs post largest annual gain since 2008,Jul 31 2018,"U.S. labor costs increased in the second quarter as employers boosted benefits for workers, leading to the largest annual increase since 2008."
Restaurant operator Yum China rejects $17.6 billion Hillhouse-led offer: sources,Aug 29 2018,"Fast-food chain operator Yum China Holdings Inc  has rejected a $17.6 billion buyout offer from a consortium led by Chinese investment firm Hillhouse Capital Group, quashing what would have been one of Asia's biggest deals this year, people with direct knowledge of the matter said."
HSBC says performs first trade finance deal using single blockchain system,May 14 2018,"HSBC Holdings Plc  said on Monday it has performed the world's first trade finance transaction using a single blockchain platform, in a push to boost efficiency in the multi-trillion-dollar funding of international trade."
"Millions of Americans locked out of unemployment system, survey finds",Apr 28 2020,"Millions of Americans who have been thrown out of work during the coronavirus pandemic have been unable to register for unemployment benefits since the U.S. economy entered a free fall, according to a poll released on Tuesday."
Russia vs Saudi: How much pain can they take in oil price war?,Mar 10 2020,Oil titans Russia and Saudi Arabia have accumulated vast financial cushions that will help them weather a lengthy price war. It's a battle of nerves - so who will blink first?
"Oil dip unsurprising, second-quarter GDP drop could be biggest ever: White House's Hassett",Apr 21 2020,"White House economic adviser Kevin Hassett said on Tuesday the current dip in oil prices is due to a ""very short-run thing"" and markets will find a new normal."
Credit Suisse CEO targets annual profit of 5-6 billion Swiss francs: newspaper,Sep 15 2018,"Credit Suisse  is aiming for an annual profit of 5 to 6 billion Swiss francs for the next two years as the bank puts its problems behind it, Chief Executive Tidjane Thiam told Swiss newspaper NZZ am Sonntag in an interview to be published on Sunday."
Canadian railways ration space as commodity congestion problems worsen,Jan 21 2019,"Canada's two major railways are rationing space on trains traveling to the country's biggest port and recently prioritized some commodities over others to deal with congestion, the latest indication of their struggle to meet demand from new trade deals."
Saudi Aramco launches largest shale gas development outside U.S.,Feb 24 2020,"Saudi Aramco is launching the biggest shale gas development outside of the United States to boost domestic gas supply and end the burning of oil at its power generation plants, Chief Executive Officer Amin Nasser told Reuters on Monday."
Elbit eyes acquisition opportunities from Raytheon-UTC deal,Jun 19 2019,Israel-based Elbit Systems on Wednesday said it would keep an eye out for possible acquisitions if the proposed merger of U.S. aerospace companies Raytheon Co and United Technologies Corp triggers certain divestments.
Exclusive: Antitrust probers in Congress ask Spotify to detail alleged Apple abuses - sources,Oct 04 2019,"U.S. lawmakers have requested information from Apple critic Spotify as part of an antitrust probe, according to two sources briefed on the investigation into allegations the iPhone maker engages in anti-competitive behavior to support its own apps."
Indexes tumble as visa restrictions fuel U.S.-China worries,Oct 08 2019,U.S. stocks ended down sharply and near the day's lows on Tuesday as news that the United States has imposed visa restrictions on Chinese officials overshadowed comments by Federal Reserve Chairman Jerome Powell suggesting openness to further interest rate cuts.
Facebook releases new privacy safeguards after ceding to pressure from advertisers,Jun 13 2018,"Facebook is installing new controls it says will better inform its members about the way companies are targeting them with advertising, the latest step to quell a public outcry over the company's mishandling of user data."
"Oil edges up on Mideast tensions, trade optimism",Jan 02 2020,"Oil inched up on Thursday on rising tensions in the Middle East and signs of improving Washington-Beijing trade relations, but a strong U.S. dollar limited price gains."
Allergan sues Pfizer over costs of opioid litigation,Aug 02 2018,Allergan Plc on Thursday sued Pfizer Inc to require its rival to cover any damages it is forced to pay as a result of hundreds of lawsuits claiming Allergan deceptively marketed an opioid it acquired from a company Pfizer bought.
Pentagon says decision on full-rate F-35 jet production possibly delayed until 2021,Oct 18 2019,"The Pentagon's decision to move into a full-rate production contract for the F-35 jet, made by Lockheed Martin , could be delayed until 2021 because of issues integrating the jet with its testing and training simulators, an official said on Friday."
"3M cuts 2019 profit outlook on weak China, shares fall 11 percent",Apr 28 2019,"Shares of 3M Co fell 11 percent on Thursday after the U.S. manufacturing conglomerate cut its 2019 earnings forecast and said it would lay off 2,000 workers, citing worsening performance in high-growth markets such as China."
"ISS sides against two Tesla directors, backs split of Musk's roles",May 19 2018,"Proxy adviser Institutional Shareholder Services (ISS) recommended on Friday that investors vote against Tesla Inc  directors Antonio Gracias and James Murdoch, increasing pressure on the car maker over their roles on its board."
News Corp exploring potential sale of News America Marketing business,Jun 18 2019,"Wall Street Journal-owner News Corp said on Tuesday it was evaluating options for its News America Marketing (NAM) business, including a potential sale."
Stocks climb on oil price surge despite grim U.S. jobs data,Apr 02 2020,"World equity markets climbed on Thursday on a surge in risky assets like oil, offsetting concerns over an increasing death toll from the coronavirus pandemic that is expected to push the global economy into recession."
U.S. unveils new veto threat against WTO rulings,Jun 22 2018,"The United States ramped up its challenge to the global trading system on Friday, telling the World Trade Organization that appeals rulings in trade disputes could be vetoed if they took longer than the allowed 90 days."
NYSE short interest rose 2.74% in late Feb.,Mar 10 2020,"Short interest on the New York Stock Exchange rose 2.74% in late February, the exchange said on Tuesday, suggesting an increase in bearish sentiment in the stock market."
VW's Skoda braces for second quarter hit after earnings drop,May 04 2020,"Czech carmaker Skoda Auto, part of the Volkswagen Group , reported a 25% drop in first-quarter operating profit on Monday, but said the biggest hit from the coronavirus outbreak would come in the second quarter."
Coronavirus strikes down global M&A as companies keep their distance,Jun 30 2020,"Global M&A activity tumbled to its lowest level in more than a decade in the second quarter, according to data provider Refinitiv, as companies gave up on expansion plans to focus on protecting their balance sheets and employees in the wake of the coronavirus outbreak."
Global central banks pull out all stops as coronavirus paralyzes economies,Mar 16 2020,The U.S. Federal Reserve and its global counterparts moved aggressively with sweeping emergency rate cuts and offers of cheap dollars to help combat the coronavirus pandemic that has jolted markets and paralyzed large parts of the world economy.
Vale to pay $106.5 million to workers affected by Brazil dam disaster,Jul 15 2019,Brazilian mining company Vale SA said on Monday it would pay 400 million reais ($106.52 million) to compensate workers affected by the deadly rupture of a tailings dam in January that killed at least 240 people.
Facebook unites payment service across apps with Facebook Pay,Nov 12 2019,"Facebook Inc  said on Tuesday it was launching Facebook Pay, a unified payment service through which users across its platforms including WhatsApp and Instagram can make payments without exiting the app."
Alibaba co-founder Jack Ma to retire: New York Times,Sep 08 2018,"Alibaba Group Holding Ltd's  co-founder and executive chairman Jack Ma will retire from the e-commerce company on Monday, as the former English teacher seeks to focus on philanthropy in education, the New York Times reported."
Trump welcomes Xi's vow to further open China's economy,Apr 10 2018,"U.S. President Donald Trump on Tuesday welcomed a promise by Chinese President Xi Jinping to open China's economy further, expressing confidence the world's two largest economies would come through an ongoing trade spat and ""make great progress together."""
"Wall Street rises on earnings hopes, Netflix soars",Apr 17 2018,U.S. stock indexes rallied on Tuesday on broad-based gains while Netflix and UnitedHealth earnings impressed investors and boosted optimism about the U.S. corporate reporting season.
Factbox: U.S. retailers comment on latest tariff escalation,Aug 29 2019,"Several U.S. retailers, footwear companies and business groups have warned that the long-drawn Sino-U.S. trade war would jack up consumer prices and trigger job losses."
China's Alibaba doubles down on chips amid cloud computing push,Sep 19 2018,"Alibaba Group Holding Ltd  will set up a dedicated chip subsidiary and aims to launch its first self-developed AI inference chip in the second half of 2019 that could be used for autonomous driving, smart cities and logistics."
"EU says air travel will need social distancing, U.S. airlines taking their own steps",Apr 22 2020,"The European Commission will next month present a set of rules for the safe reopening of air travel when coronavirus lockdowns end, including social distancing in airports and planes, while some U.S. airlines are taking their own protective measures."
Fed's Kaplan says strong consumer will help the U.S. economy avoid recession in 2020,Nov 14 2019,"Dallas Federal Reserve Bank President Robert Kaplan said he does not expect the U.S. economy to enter a recession next year, and he was optimistic that the strong consumer can help the U.S. economy overcome potential headwinds."
NordLB owner Lower Saxony reviewing measures to strengthen bank's capital,Nov 02 2018,German lender NordLB's chairman Reinhold Hilbers said on Friday the German state of Lower Saxony was reviewing how it could strengthen the public sector lender's balance sheet after it scored worst among German banks in European stress tests.
"IMF chief warns global economy 'not out of the woods,' dangers lurk",Jul 16 2020,"Global economic activity is picking up after an unprecedented decline this year due to the coronavirus pandemic, but a second major wave of infections could trigger more disruptions, the International Monetary Fund's top official said."
Wells Fargo touts good deeds to get back in lawmakers' good graces,Oct 11 2018,"Tired of being cast as the poster child for big banks behaving badly, Wells Fargo & Co has been expanding its presence in the nation's capital to convince lawmakers it has changed and talking up its charitable work in their districts."
Hundreds of foreign companies attend North Korea trade fair despite sanctions,May 21 2019,"An international trade fair in North Korea this week may be the largest such event on record, analysts said on Tuesday, with hundreds of Chinese and other foreign vendors taking part despite sanctions pressure."
"Arab oil ministers stress need for continued OPEC, non-OPEC cooperation",Jun 03 2018,"OPEC and non-OPEC Arab oil ministers stressed the need for continued cooperation between oil producers who are part of a pact for a global supply cut that is due to expire at the end of 2018, Kuwait's state news agency KUNA reported on Sunday."
Chief executive of China's JD.com back in spotlight over civil suit accusation of rape,Apr 17 2019,"The personal life of JD.com chief Richard Liu returned to the spotlight of China's social media on Wednesday, drawing 360 million views to briefly become the top trending item on the Twitter-like Weibo, after a civil lawsuit accused him of rape."
Trump defends trade and tariff policies at Tampa rally,Aug 01 2018,"U.S. President Donald Trump defended his trade policies on Tuesday in a speech in Florida and said American farmers hurt by retaliatory tariffs from China were bearing up, in a sign he is feeling some political heat on the issue."
ECB needs way of financing banks during wind-down: Constancio,Apr 09 2018,"The European Central Bank needs a way to finance failing banks while they are being wound down, ECB vice-president Vitor Constancio said on Monday, citing the British and U.S. models as possible examples."
Euro zone factory activity shrank in November but worst may be over: PMI,Dec 02 2019,Euro zone manufacturing activity contracted for a 10th straight month in November although the bloc's battered factories may have turned a corner as forward-looking indicators in Monday's survey appear to have passed a nadir.
Factbox: U.S. adds eight Chinese firms to trade blacklist,Oct 09 2019,The U.S. government expanded its trade blacklist on Monday to include some of China's top artificial intelligence (AI) startups over Beijing's treatment of Muslim minorities.
BP CEO Dudley's 2018 pay slips to $14.7 million,Mar 29 2019,"BP Chief Executive Bob Dudley's pay package slipped to $14.7 million last year from $15.1 million in 2017, even though the oil and gas company's profits doubled to a five-year high."
Exclusive: Biofuels company proposes to buy fire-damaged Philadelphia refinery,Aug 22 2019,A biofuels producer said on Thursday it is proposing to acquire the fire-damaged Philadelphia Energy Solutions refinery and convert it to make renewable diesel and jet fuels.
Las Vegas Sands predicts speedy recovery in Asia on pent-up gambling demand,Apr 22 2020,"Las Vegas Sands Corp  on Wednesday posted a first-quarter loss as the coronavirus kept consumers at bay, but the casino operator struck an optimistic note as pent-up demand for gambling pointed to a speedy recovery in Asia."
"Virgin Australia falls to virus crisis, appoints administrator to find investor",Apr 21 2020,"Virgin Australia Holdings Ltd  on Tuesday succumbed to third-party led restructuring that could lead to a sale, making Australia's second-biggest airline the Asia-Pacific region's biggest victim of the coronavirus crisis gripping the industry."
Ousted Nissan boss Ghosn to leave prison after court rejects prosecutors' appeal,Mar 05 2019,"A Japanese court on Tuesday rejected a last-minute attempt by prosecutors to keep former Nissan Motor Chairman Carlos Ghosn in prison, ruling that the once-feted executive could be released on $8.9 million bail after more than 100 days in detention."
U.S. House passes $500 billion coronavirus bill in latest relief package,Apr 23 2020,"The U.S. House of Representatives overwhelmingly approved a $484 billion coronavirus relief bill on Thursday, funding small businesses and hospitals and pushing the total spending response to the crisis to an unprecedented near $3 trillion."
Italy's CNH Industrial aims for full production by end of May,May 05 2020,"Vehicle and equipment maker CNH Industrial  said on Tuesday it planned to return progressively to full operations at most of its facilities around the world by the end of May, in line with the easing of coronavirus lockdowns."
Costa Coffee break brewing after Whitbread investors stir,Apr 25 2018,Costa Coffee will be spun off after parent Whitbread  yielded to pressure from hedge funds who argued it was being held back by being grouped with the Premier Inn hotel chain.
"Audi to cut 9,500 jobs by 2025: source",Nov 26 2019,"Volkswagen's  luxury car unit Audi  is planning to cut 9,500 jobs by 2025, a person close to the matter said."
Singtel secures $3 billion in bank credit for subsidiaries,Apr 24 2020,"Singapore Telecommunications'  (Singtel) subsidiaries have secured close to $3 billion in bank credit facilities, it said on Friday."
Singapore Airlines latest to get massive rescue amid coronavirus crisis,Mar 27 2020,"Singapore Airlines  said it had secured up to S$19 billion ($13 billion) of funding to help see it through the coronavirus crisis and expand afterward, in a sign of confidence travel demand will eventually return."
Buffett's Berkshire seeks Fed leeway to boost BofA bet: Fed,Oct 15 2019,"Warren Buffett's Berkshire Hathaway Inc is seeking permission from the Federal Reserve to boost its stake in Bank of America Corp above the 10% level, according to an application document provided by the Fed on Tuesday."
Millions filed for U.S. unemployment - many are still waiting for the cash,Apr 10 2020,"A shocking 16.8 million people filed for U.S. unemployment benefits in the last three weeks as the country shut down to stop the spread of the novel coronavirus, overwhelming state labor departments and creating a large backlog of pending applications."
Saudi energy minister says OPEC+ effective oil cuts are 12.5 million bpd,Apr 12 2020,"The Saudi energy minister said on Sunday that effective oil supply cuts by OPEC and its allies, a group known as OPEC+, will amount to 12.5 million barrels per day, because of higher output in April from Saudi Arabia, the United Arab Emirates and Kuwait."
Takeda kicks off sale of Western European drugs: sources,Jul 17 2019,"Japan's Takeda Pharmaceutical Co  has reached out to prospective bidders for a portfolio of drugs for sale in western Europe as it seeks to trim its debt following the $59 billion purchase of Shire, sources close to the matter told Reuters."
Ryanair faces one-day strike in five countries over contracts,Sep 13 2018,Ryanair faces a one-day walkout by cabin crew across five countries on Sept. 28 as unions step up pressure on Europe's biggest budget airline to accept local contracts.
UK seeks big tariff reductions in U.S. trade deal,Feb 06 2020,"Britain is seeking far-reaching reductions in tariffs from a trade deal with the United States, trade minister Liz Truss said on Thursday, setting out the broad aims of a post-Brexit push to secure new free-trade agreements."
"S&P 500 slips as healthcare drags, investors eye G20 summit",Jun 24 2019,"The S&P 500 edged lower on Monday as losses by healthcare companies overshadowed gains in the technology sector, while investors awaited U.S. President Donald Trump's meeting with Chinese President Xi Jinping at the G20 summit this week."
"In SoftBank slides, tofu, a goose and unicorns underpin sales pitch",May 21 2020,"A chastened Masayoshi Son summed up SoftBank Group Corp's  record $13 billion operating loss on stage this week with a striking image: unicorns tumbling into the ""valley of the coronavirus""."
Home-bound users fume as video apps do not sync with TVs,Mar 25 2020,Kat Volpe laid out an exercise mat and tried to sync her iPhone with her big screen TV for a fitness class webcast on Instagram last week during New York's coronavirus lockdown.
Tronc weighing offer to sell newspaper business: report,Aug 08 2018,"Tronc Inc  is weighing an offer to sell the Chicago Tribune and the rest of its newspaper holdings to a private equity firm, the Chicago Tribune reported on Wednesday."
Darkening economic outlook threatens to cap oil price in 2019: Reuters poll,Feb 28 2019,"Oil analysts have grown more pessimistic over the prospects for a significant price rally this year, as booming U.S. shale output and a deteriorating global economic backdrop threaten to offset the boost from OPEC's crude supply cuts."
China willing to meet reasonable rare earth demand from other countries,May 30 2019,"China is willing to meet reasonable demand for rare earths from other countries, but it would be unacceptable that countries using Chinese rare earths to manufacture products would turn around and suppress China, its commerce ministry said."
Mexico to keep fuel prices stable despite Saudi attacks: president,Sep 17 2019,"Mexico's government will uphold its pledge to keep fuel prices stable and has gasoline supplies secured despite attacks on Saudi oil sites, President Andres Manuel Lopez Obrador said on Tuesday."
Dollar nudges up on hopes for U.S.-China trade deal,Mar 04 2019,The dollar rose against a basket of major currencies on Monday on traders' bets that China and the United States are moving closer to a trade deal that would end sparring between the world's two biggest economies.
Legal expert Dagmar Valcarcel to join Deutsche Bank's supervisory board: report,Jul 10 2019,"Dagmar Valcarcel, a legal expert, will join Deutsche Bank's supervisory board, German newspaper Handelsblatt said on Wednesday without naming its sources."
Deutsche Bank denies report it prevented Trump transactions being flagged,May 20 2019,"Deutsche Bank denied a report that said some of its executives rejected the advice of the bank's own anti-money laundering specialists and prevented some transactions involving entities controlled by President Donald Trump and his son-in-law, Jared Kushner, being filed with the government."
Philip Morris sues South Korea over e-cigarette info disclosure,Oct 01 2018,"Philip Morris Korea Inc. said on Monday it has filed a lawsuit against the South Korean government, demanding the disclosure of information on a recent test that concluded electronic cigarettes contain harmful substances."
Renault chairman hopes decision on new CEO is made 'in coming days',Jan 22 2020,"Renault  Chairman Jean-Dominique Senard said Wednesday he hoped the decision on the French carmaker's new CEO would be made in ""the coming days""."
Goldman Sachs UK unit reports gender pay gap of 51 percent,Mar 25 2019,"Goldman Sachs's British business on average paid women 51 percent less than men per hour in 2018, the U.S. investment bank said on Monday, down from 56 percent the year before."
"Nokia sells digital health venture, executive to leave",May 31 2018,"Nokia said on Thursday it had sold its small digital health business, including activity trackers and smartwatches, and the executive who wound down the company's consumer ventures will leave Nokia after less than a year in the job."
PG&E says equipment probably caused deadly Camp Fire,Feb 28 2019,"PG&E Corp, which filed for bankruptcy last month because of potential liabilities from wildfires in California, said it is probable that its equipment will be determined to be an ""ignition point"" of the 2018 Camp Fire."
Alaska warned U.S. government its largest regional airline was on verge of collapse: letter,Apr 06 2020,"Alaska's congressional delegation warned U.S. Treasury Secretary Steven Mnuchin last week that many of its airlines, including its largest regional carrier, RavnAir Group, were on the verge of collapse, according to a letter seen by Reuters."
Fed's Bostic: Business 'getting nervous again' as virus surges,Jul 07 2020,"The surge in U.S. coronavirus cases has made business owners ""nervous again,"" Atlanta Federal Reserve Bank President Raphael Bostic said on Tuesday, and prompted him to focus on company decisions over the next three to six weeks."
Worsening Italian crisis batters stock markets,May 29 2018,"A spiraling Italian political crisis provoked a global stock market sell-off on Tuesday, cut the euro to a 10-month low and spiked borrowing costs for the government in Rome."
Wall Street Week Ahead: Investors look for buys as virus fears crush travel stocks,Mar 07 2020,"Bargain-hunting investors are eyeing the shares of airlines, hotels, cruise lines and other companies that have been among the worst-hit by the coronavirus outbreak."
NMC in talks with lenders to avoid administration,Apr 06 2020,"Troubled hospital group NMC Health  said on Monday it is in talks with Abu Dhabi Commercial Bank , seeking to convince it to withdraw an application that the lender had filed proposing that NMC be placed under administration."
OPEC posts first 2019 oil-output rise despite Saudi cuts: Reuters survey,Aug 30 2019,"OPEC oil output has risen in August for the first month this year as higher supply from Iraq and Nigeria outweighed restraint by top exporter Saudi Arabia and losses caused by U.S. sanctions on Iran, a Reuters survey found."
Boeing addresses new 737 MAX software issue that could keep plane grounded longer,Jan 17 2020,"Boeing Co  said on Friday it is addressing a new software issue discovered in Iowa last weekend during a technical review of the proposed update to the grounded Boeing 737 MAX, a development that could further delay the plane's return to service."
Airbus bags new orders as delivery target doubts grow,Jan 03 2019,"Airbus narrowed a sales gap against U.S. rival Boeing by finalising orders for 120 of the former Bombardier CSeries jet, but shares in Europe's top planemaker fell as doubts surfaced over a target for overall 2018 deliveries."
Saudi energy minister calls for affordable energy supply at G20 meeting,Apr 10 2020,The Saudi energy minister told a conference of the G20 group of the world's largest economies on Friday that ensuring affordable energy supply is key to facilitating a global economic recovery.
"Stocks gain on U.S.-China trade hopes, dollar flat",Jun 27 2019,Global equity markets gained and the dollar held steady on Thursday ahead of the G20 summit where a scheduled meeting of U.S. President Donald Trump and Chinese President Xi Jinping has stirred hopes that trade tensions could ease.
"Ryanair says not seeing any Brexit impact, well-prepared for no-deal",Nov 21 2018,"Europe's biggest low cost airline Ryanair  is not seeing any impact from Brexit on demand for flights, and is prepared for a no-deal, chief marketing officer Kenny Jacobs said."
"Continental, Valeo seek EU antitrust action against Nokia",Apr 17 2019,"German car parts maker Continental and French rival Valeo have joined Daimler and Bury Technologies to seek an EU antitrust investigation into Nokia's patent licensing practices for cars, the Finnish tech company said on Wednesday."
AIG to sell 76.6% stake in Fortitude Re for $1.8 billion,Nov 25 2019,U.S. insurer American International Group Inc  said on Monday it would sell a major portion of its stake in reinsurer Fortitude Re to buyout fund Carlyle Group  and Japanese insurer T&D Holdings  for about $1.8 billion.
Ex-Intel executive departs Google as chipmaker searches for CEO,Jul 03 2018,"Diane Bryant, a former Intel Corp  executive who headed the chipmaker's data center unit, is leaving Alphabet Inc's  cloud computing unit less than a year after joining and just as her old employer searches for a new chief executive."
Volvo expects electric car margins to match conventional vehicles by 2025,Mar 20 2019,"Volvo Cars expects its margins on electric cars to match those of vehicles with combustion engines by 2025, the head of the Chinese-owned Swedish carmaker told Reuters."
Ant Group listing would be fillip for Hong Kong's flagging IPO market,Jul 09 2020,"An initial public offering from Alibaba's  Ant Group by year-end would give equity capital markets in Hong Kong a timely boost after a new security law cast in doubt the city's future as a global financial centre, analysts said on Thursday."
U.S. panel to review how airplanes certified after Boeing 737 crashes,Mar 26 2019,"The U.S. Transportation Department said on Monday that a new blue ribbon commission will review how the Federal Aviation Administration certifies new aircraft after two Boeing 737 MAX jets crashed in recent months, killing nearly 350 people."
Algeria energy minister says OPEC+ countries to discuss 'substantial' oil output cuts,Mar 03 2020,"Algeria energy minister and OPEC president said on Tuesday OPEC+ countries will discuss new ""substantial"" oil production cuts at their meetings in Vienna this week, Algerian state news agency APS reported."
Low rates bruise Bank of America profits into 2020,Jan 15 2020,"Bank of America Corp got stung by lower interest rates in the fourth quarter, sending its profit down 4%, a trend that management expects to continue this year."
"Exclusive: Behind Grindr's doomed hookup in China, a data misstep and scramble to make up",May 22 2019,"Early last year, Grindr LLC's Chinese owner gave some Beijing-based engineers access to personal information of millions of Americans such as private messages and HIV status, according to eight former employees, prompting U.S. officials to ask it to sell the dating app for the gay community."
Bezos buys Warner Estate in Beverly Hills for record $165 million,Feb 12 2020,"Amazon Chief Executive Jeff Bezos, the world's wealthiest person, has purchased a Beverly Hills mansion known as the Warner Estate from media mogul David Geffen for $165 million, a source familiar with the deal said on Wednesday."
"Banks must step up climate risk disclosures, Lagarde says",Feb 27 2020,"Banks must improve transparency on their exposure to climate- change risk and central banks need to pay closer attention as the entire financial sector is at risk, European Central Bank President Christine Lagarde said on Thursday."
Timeline: Twists and turns in Mediaset vs Vivendi TV drama,Nov 29 2019,"Italian broadcaster Mediaset  and shareholder Vivendi  were negotiating on Friday to find a way to end a three-year legal battle after all-night talks failed to produce a breakthrough, sources said."
"OPEC in the dark on oil supply as Russia, Iran cut exports",May 09 2019,"OPEC is in the dark on the oil supply outlook for the second half of this year, with Iranian and Russian outages looking increasingly significant but Saudi Arabia reluctant to pump more due to fears of a price crash, sources in the organization said."
Oil surges amid OPEC caution to offset Iran sanctions,Apr 23 2019,Oil prices hit their highest in about six months on Tuesday as sources said Gulf OPEC members were ready to raise output only if there was demand before offsetting any shortfall following a U.S. decision to end waivers for buyers of Iranian crude.
"Turkey, Volkswagen close in on production plant deal: sources",Sep 05 2019,"Turkey is increasingly confident German carmaker Volkswagen  will build a production plant in the country after an ""extremely positive"" meeting between a senior company official and President Tayyip Erdogan this week, three Turkish sources said."
"VW, Ford team up on trucks, eye deals on EVs, self-driving cars",Jan 15 2019,"Volkswagen AG  and Ford Motor Co  said on Tuesday they will join forces on commercial vans and pickups and are exploring joint development of electric and self-driving technology, actions meant to save the automakers billions of dollars."
"Walmart likely discriminated against female workers, U.S. agency says",Sep 17 2019,"Walmart Inc likely discriminated against 178 female workers by paying them less, denying them promotions or both, because of their gender, the U.S. Equal Employment Opportunity Commission said in memos seen by Reuters."
Renewed U.S.-China trade tensions push down Wall Street,May 22 2019,Wall Street's major indexes dipped on Wednesday as inflamed trade tensions between the United States and China weighed on investor sentiment.
Proxy adviser ISS recommends against GE keeping auditor KPMG,Apr 05 2018,"Proxy advisory firm Institutional Shareholder Services on Thursday recommended that shareholders of General Electric Co  vote against keeping accounting firm KPMG as the company's auditor because of ""concerns about GE's previously undisclosed liabilities and accounting practices."""
Bombardier opening new California rail-car assembly site,Jun 14 2019,"Canada's Bombardier is opening a new facility in California that will assemble rail cars for San Francisco's rapid transit system by year's end, and potentially serve other West Coast rail projects."
Carmakers Dacia and Ford resume production in Romania,May 04 2020,"Romanian carmaker Dacia, owned by France's Renault  and Ford Motor Co's  Craiova plant resumed operations on Monday after output was halted due to the coronavirus pandemic in March, they said."
"Q&A: Government coronavirus directives shield employers from bias, safety claims: MoFo partners",Mar 16 2020,"The coronavirus pandemic is forcing employers to make tough decisions that could lead to legal liability, but most companies should be in the clear if they follow the advice of government authorities, according to Morrison & Foerster partners Janie Schulman and Christine Lyon."
"U.S. education groups McGraw-Hill, Cengage plan all-stock merger",May 01 2019,"Educational publishers McGraw-Hill Education Inc and Cengage Learning Holdings II Inc are planning an all-stock merger, McGraw-Hill said on Wednesday."
Uber offer for Grubhub fans worries over delivery fees charged to restaurants,May 14 2020,"The possibility that Uber Technologies Inc , which runs Uber Eats, could acquire Grubhub Inc  is reigniting some restaurants' worries over the commissions charged to eateries by the third-party delivery companies."
Oil rises slightly as OPEC+ complies with production cuts,Jul 14 2020,"Oil prices rose slightly on Tuesday as OPEC and its allies cut production by more than agreed to in June, although demand concerns lingered due to increased cases of COVID-19 in the United States. Brent crude  futures settled up 18 cents at $42.90 a barrel, after moving lower earlier in the session. U.S. West Texas Intermediate (WTI) crude  futures rose 19 cents to $40.29 a barrel."
McDonald's warns of headaches in 2019 as overseas business booms,Jan 30 2019,"McDonald's Corp warned higher labor costs, expenses for remodeling stores and a stronger dollar would weigh on its earnings in 2019, after a strong performance outside the United States powered better-than-expected fourth quarter results."
"Factbox: Boeing's changing schedule for 737 MAX fix, return to service",Jan 22 2020,Boeing Co said on Tuesday it does not expect to win approval for the return of the 737 MAX to service until mid-year due to further potential developments in the certification process and regulatory scrutiny on its flight control system.
Oil up more than 1% on Mideast tensions and supply cuts,May 27 2019,"Oil prices rose more than 1% on Monday, supported by Middle East tensions and OPEC-led supply cuts as well as continued crude disruptions from Russia after a contamination problem discovered last month."
"Uber, distracted backup driver cited by NTSB in fatal self-driving crash",Nov 19 2019,"A U.S. safety agency on Tuesday faulted Uber for inadequate attention to safety and decisions in the company's autonomous vehicle development in an investigation into the first-ever death involving a self-driving vehicle, which also cited the vehicle's distracted back-up driver."
Blackstone launches $5.5 billion F&R bridge loan,Jun 26 2018,"LONDON (LPC) - Blackstone  has launched a  $5.5 billion bridge loan to support the pending bond issuance for its acquisition of a majority stake in Thomson Reuters’  Financial and Risk division (F&R), which is expected to complete later this year."
"Energy giants opening natural gas spigots, fueling profit rise",Jul 23 2018,"The world's largest oil companies are pumping more natural gas than ever before, helping to spur a rise in profits while sating rising global demand for fuels that can mitigate global greenhouse gas emissions."
"Companies seen slashing capex 12% this year, deeper than in 2009: data",Jul 07 2020,"Big and mid-cap firms globally are expected to slash capital spending by an average 12% this year as they reel from the fallout of lockdowns and other measures imposed to rein in the coronavirus pandemic, analysts' estimates show."
"Retail sector companies turn to masks, gloves in coronavirus fight",Apr 02 2020,"Major U.S. retail sector companies on Thursday moved to allay health and safety concerns of staff working at warehouses and stores through the coronavirus pandemic by promising face masks, gloves and sanitizers."
Toyota names new North America CEO as industry faces unprecedented shift,Dec 11 2019,"Toyota Motor Corp  on Wednesday said its North America chief executive, Jim Lentz, would retire on April 1, and tasked the unit's chief operating officer, Tetsuo ""Ted"" Ogawa, with navigating an industry shift to electrification and automation."
Boeing resumes 737 MAX production at low rate,May 27 2020,"Boeing Co  on Wednesday said it has resumed production of its 737 MAX passenger jet at the company’s Renton, Washington, plant at a ""low rate"" after halting production in January following two crashes that killed 346 people."
"Steinhoff's U.S. unit Mattress Firm exits bankruptcy, shuts 660 stores",Nov 22 2018,"Steinhoff International  said on Thursday its Mattress Firm Inc unit, the largest U.S. mattress retailer, emerged out of bankruptcy with access to $525 million in exit financing, within two months of filing for Chapter 11 protection."
American Airlines pulls 737 MAX from schedule through April 6,Dec 12 2019,"American Airlines Group Inc  will extend cancellations of Boeing Co  737 MAX flights through April 6, it said on Thursday, a day after the U.S. Federal Aviation Administration said it would not approve the plane's return to service before January."
Exclusive: Investment firms fight to inject cash in Brazil carrier Oi,Jul 18 2018,"Three distressed asset funds have sued for the right to participate in a 4 billion reais ($1 billion) capital increase for Brazilian telecom Oi SA  as part of its in-court restructuring, four sources with knowledge of the matter told Reuters this week."
French carmaker Renault names Luca de Meo as new CEO,Jan 28 2020,"French carmaker Renault  on Tuesday named former Volkswagen's  Seat brand executive Luca de Meo as its new chief executive, as Renault moves to create a new management in the post-Ghosn era and shore up its alliance with Nissan ."
Deutsche Boerse chief says plans to fulfil his term as CEO,May 19 2020,Deutsche Boerse  Chief Executive Theodor Weimer said on Tuesday that he planned to complete his term through the end of 2024 at the helm of the stock exchange operator.
Fiji suspends Boeing 737 MAX flights,Mar 12 2019,"Fiji Airways and the Civil Aviation Authority of Fiji on Wednesday temporarily grounded the carrier's two Boeing Co 737 MAX planes, following two fatal crashes involving the aircraft in Indonesia and Ethiopia."
Russian and Saudi energy ministers to meet at G20: RIA,Nov 30 2018,"Russia's energy minister Alexander Novak will meet his Saudi counterpart at the G20 summit in Argentina and discuss an oil output reduction in 2019, RIA news agency cited Novak as saying on Friday."
Mastercard to allow staff to work from home until virus fears subside,May 20 2020,"Mastercard Inc  will not ask employees to return to its worldwide corporate offices until they are comfortable that the sometimes fatal coronavirus is under control with vaccines or other measures, a senior executive told Reuters on Wednesday."
China welcomes any effort to move Huawei case toward resolution,Dec 12 2018,"China's Foreign Ministry said on Wednesday that Canada's arrest of Meng Wanzhou, a top executive with Chinese tech giant Huawei, was a mistake from the start, and welcomed any efforts to move the case toward a correct resolution."
Trade uncertainty to trim $850 billion global output: Fed paper,Sep 05 2019,"Trade policy uncertainty driven by the Trump administration's escalating dispute with China means hundreds of billions of dollars in lost U.S. output and as much as $850 billion lost globally through early next year, research published this week by the Federal Reserve suggests."
Explainer: 'Stablecoins' in the spotlight as Facebook unveils Libra cryptocurrency,Jun 18 2019,"The original cryptocurrency accounts for over half of the $285 billion global coin trading market. But that dominance is under threat, with a host of alternative digital coins emerging as developers race to build cryptocurrencies able to enter  mainstream commerce and finance."
Fed's Evans expects virus impacts on economy to be short-lived,Mar 03 2020,"The coronavirus outbreak will likely have only a ""short-lived imprint"" on the U.S. economy, Chicago Federal Reserve bank President Charles Evans said on Tuesday night."
Buffett profits as venture in Canadian mortgage business ends,Dec 19 2018,Billionaire investor Warren Buffett is cutting ties with a  Canadian mortgage business after a nifty trade that provided the company with a potential lifeline.
China's record trade surplus with U.S. adds fuel to trade war fire,Sep 08 2018,"China's trade surplus with the United States widened to a record in August even as the country's export growth slowed slightly, an outcome that could push President Donald Trump to turn up the heat on Beijing in their cantankerous trade dispute."
Roku tumbles 15% as Morgan Stanley warns of streaming 'exuberance',Dec 02 2019,"Roku Inc's high-flying stock tumbled 15% on Monday after Morgan Stanley downgraded the video streaming company, warning that revenue and profit growth could slow next year."
Exclusive: U.S. firms may get nod to restart Huawei sales in two-four weeks - official,Jul 15 2019,"The U.S. may approve licenses for companies to re-start new sales to Huawei in as little as two weeks, according to a senior U.S. official, in a sign President Donald Trump's recent effort to ease restrictions on the Chinese company could move forward quickly."
Beyond Meat vs Zhenmeat: The battle for China's meatless market,Nov 18 2019,"U.S. plant-based ""meat"" makers targeting China like Impossible Foods and Beyond Meat Inc will need to battle homegrown rivals which are developing local favorites such as dumplings and mooncakes to nab a share of the lucrative market."
KKR earnings slide 23% as weaker deal activity hits revenue,Oct 29 2019,"Private equity firm KKR & Co  reported a 23% year-on-year drop in its quarterly after-tax distributable profit on Tuesday, as fee revenue slid amid a broader slowdown in asset sales by buyout firms."
Tesla's German shares fall after CEO Musk drops plan to take company private,Aug 27 2018,"Germany-listed shares in Tesla  fell more than 3 percent in early deals on the Tradegate exchange on Monday, after Chief Executive Elon Musk called off his bid to take the company private."
U.S. regulator sides with FCA in Jeep trade case against Mahindra,Jun 12 2020,"A U.S. regulator ruled that India's Mahindra and Mahindra Ltd infringed upon the intellectual property rights of Fiat Chrysler Automobiles NV's (FCA) Jeep brand, barring the sale of the vehicles in question."
"Take Five: Brextension, Brelection, Bremain",Oct 25 2019,"Oct 31 was when Britain was to exit the European Union, with Prime Minister Boris Johnson saying he would rather be ""dead in a ditch"" than delay Brexit again. But with the UK parliament failing to play along, he's been forced to ask for an extension and the EU will decide on Monday or Tuesday long it will be."
Facebook likely to face two more state probes on privacy issues: Bloomberg,Jan 31 2019,"Facebook Inc could be subjected to at least two more state probes in the United States on the alleged mishandling of user data, Bloomberg reported on Thursday."
FCC report found no 'favoritism' on proposed Sinclair deal,Aug 27 2018,"The U.S. Federal Communications Commission's inspector general said there was no evidence of impropriety relating to the proposed, and now defunct, merger of Sinclair Broadcast Group  and Tribune Media Co , concluding FCC Chairman Ajit Pai had not shown bias in favor of the deal."
Facebook called before Senate panel over digital currency project,Jun 19 2019,"Facebook Inc's plans to create a global cryptocurrency will face scrutiny from the U.S. Senate Banking Committee on July 16, the latest sign that policymakers around the globe are casting a wary eye on the project."
Samsung to spend more than $14 billion in second phase of China chip plant: Xinhua,May 17 2019,"South Korean tech giant Samsung Electronics Co Ltd will spend more than $14 billion in the second phase of investment in its memory chip plant in Xian, China, China's official Xinhua news agency reported on Friday citing a Samsung executive."
"Uber still in the dark on London taxi license renewal, three days before expiry",Nov 22 2019,"Uber is waiting to find out whether its taxi license in London, one of its most important markets, will be renewed, just three days before it is due to expire in the latest stage of a long-running battle with the city's transport regulator."
Wall Street's sell-off deepens as coronavirus fears intensify,Feb 25 2020,The Dow and the S&P 500 tumbled 3% on Tuesday in their fourth straight day of losses as the coronavirus spread further around the world and investors offloaded risky assets as they struggled to gauge the economic impact.
U.S. shale producers eye global pricing as exports surge,Oct 25 2018,"Three years after a ban on crude oil exports was lifted, some U.S. shale producers are doing something they have never done before - lock in prices for their barrels that will find a home overseas."
Hedge funds increased exposure to growth favorites in first quarter: Goldman,May 22 2020,"Hedge funds concentrated their portfolios even further into growth stocks including Amazon.com Inc  and Microsoft Corp  in the first quarter of 2020 as the COVID-19 pandemic pummeled U.S. markets, Goldman Sachs analysts said in a report."
Take Five: World markets themes for the week ahead,May 06 2018,Following are five big themes likely to dominate the thinking of investors and traders in the coming week and the Reuters stories related to them.
Occidental finance chief pledges to quickly pare acquisition debt,Aug 12 2019,"Occidental Petroleum Corp  expects to quickly reduce the $40 billion in debt it took on with its purchase of Anadarko Petroleum, the company's finance chief said on Monday."
U.S.-China trade talks will resume in two weeks: Mnuchin,Sep 23 2019,U.S. Treasury Secretary Steven Mnuchin said on Monday that he and U.S. Trade Representative Robert Lighthizer would meet with Chinese Vice Premier Liu He for trade talks in two weeks.
BNP Paribas CEO rules out big deals when asked about Deutsche Bank,May 24 2018,"BNP Paribas  chief executive Jean-Laurent Bonnafe effectively ruled out a tie-up with struggling German rival Deutsche Bank  on Thursday, saying the French lender is not considering any large takeovers or mergers."
Oil posts first year of losses since 2015,Dec 31 2018,"Oil prices ended with full-year losses for the first time since 2015, after a desultory fourth quarter that saw buyers flee the market over growing worries about a supply glut and mixed signals related to renewed U.S. sanctions on Iran."
Ethiopia crash may test Boeing's success in defeating U.S. lawsuits: legal experts,Mar 15 2019,"The crash of Boeing Co's 737 MAX 8 passenger jet in Ethiopia raises the chances that families of the 157 victims, even non-U.S. residents, will be able to sue in U.S. courts, where payouts are larger than in other countries, some legal experts said."
Amazon chief Bezos cashes in $1.8 billion of share pile,Aug 01 2019,"Amazon.com Inc  founder Jeff Bezos sold shares worth $1.8 billion in the last three days of July, reducing the value of his stake in the world's third most valuable company to about $110 billion."
Pope caps reform of Vatican bank with new statutes,Aug 10 2019,"Pope Francis has approved new statutes for the Vatican Bank, making an external audit obligatory and introducing other changes to bolster reforms that have turned around the once scandal-ridden institution."
Apple says disappointed with EU antitrust investigations,Jun 16 2020,Apple  on Tuesday accused a few companies of filing groundless complaints and criticised EU antitrust regulators for listening to them and opening two investigations into its Apple Pay and App Store.
Kroger to layoff several store employees,Oct 02 2019,"Kroger Co  is looking to lay off several store employees holding middle management roles, amidst the supermarket chain's push to improve delivery and in-store technology to attract shoppers."
Fiat Chrysler says regulators get 'wake-up call' over fuel rules,Sep 25 2018,"Fiat Chrysler Automobiles NV  said on Tuesday that U.S. regulators have received a ""wake-up call"" from automakers over the hurdles they face in trying to meet rising Obama-era fuel-efficiency requirements."
"Explainer: Germany, France face hurdles in push to rewrite EU antitrust rules",Feb 08 2019,Germany and France want to overhaul EU mergers rules following the European Commission's veto of efforts by Siemens and Alstom to create a European rail champion to compete with larger foreign rivals.
Tesla's Musk agrees to new vetting rules for tweets in SEC deal,Apr 28 2019,"Tesla Inc Chief Executive Elon Musk has reached a deal with the U.S. Securities and Exchange Commission to settle a dispute over his use of Twitter, agreeing to submit his public statements about the company's finances and other topics to vetting by its legal counsel, according to a court filing on Friday."
"California developer says virus an act of God, sues Exxon over stalled deal",Apr 09 2020,"A California retail developer claims the state's coronavirus lockdown was an act of God that prevented it from completing a $4.2 million property acquisition, asking a court to prevent owner Exxon Mobil Corp from selling to any other buyers."
Amazon raises stakes for rivals with one-day delivery goal after profit surge,Apr 26 2019,"Amazon.com Inc plans to deliver packages to members of its loyalty club Prime in just one day, instead of two days, part of a spending ramp-up that may curb near-term profits and will up the ante for retail rivals such as Walmart Inc."
"Wall Street selloff worsens on Mnuchin move, Washington drama",Dec 24 2018,"The S&P 500 tumbled to the brink of a bear market on Monday as U.S. stocks extended their steep sell-off in a pre-holiday shortened session, with investors rattled by the U.S. Treasury secretary's convening of a crisis group and by other political developments."
Nasdaq says Nordic trader whose deals went sour agrees to sell personal assets,Sep 21 2018,"Nasdaq's Nordic commodities exchange has reached agreement on the sale of assets belonging to a private trader who defaulted on his commitments last week, it said on Friday."
From cars to quakes: Italy's banks take on insurance,Feb 04 2019,"An aging population and struggling state finances could turn into an unlikely boon for Italy's banks, which have turned to a growing market for insurance to brighten their prospects."
Thousands of Vodafone UK customers face call connection problems,Jun 09 2020,"Thousands of British customers of Vodafone Group Plc , the world's second-biggest mobile operator, faced call connection problems on Tuesday evening, although they were resolved within an hour."
Wells Fargo ends forced arbitration for sexual harassment claims,Feb 12 2020,"Wells Fargo & Co on Wednesday ended its forced arbitration policy for employee sexual harassment claims, opening the lender to potential lawsuits in the future."
Don't see particularly negative aspects in Renault deal: Nissan CEO,May 29 2019,"Nissan Motor Co doesn't see any particularly negative aspects for it in a possible merger of alliance partner Renault with Fiat Chrysler, the chief executive of the Japanese automaker said on Wednesday."
China studying blockchain application for forex - regulator,Oct 27 2019,"China is studying the application of blockchain and artificial intelligence in cross-border financing with a focus on risk management, and will further liberalize its capital markets, a senior foreign exchange regulator said on Sunday."
American Airlines asks court to block disruptive 'slowdown' by mechanics unions,May 20 2019,"American Airlines Group Inc has filed a lawsuit against two unions representing its mechanics, asking the court to halt what it called an illegal slowdown that it said on Monday threatened to disrupt U.S. summer travel."
China's Great Wall expects mild domestic auto sales growth in second half,May 24 2020,"Great Wall Motor  expects China's overall auto sales in the second half this year to return to the same level as last year, its president said, as the world's biggest auto market recovers from a coronavirus-driven low."
Deere taps tractor-hailing tech in bid to break ground in Africa,Feb 25 2020,"It's ride-hailing, farm style. Deere & Co.  is teaming up with the ""Uber of tractors"" in Africa and betting on a future where farmers summon machines with the touch of a button."
U.S. House Speaker Ryan: tariffs not the way to go in China trade dispute,Jul 11 2018,"U.S. House of Representatives Speaker Paul Ryan said on Wednesday tariffs are not the right tool to use in the trade dispute with China, although Beijing engages in unfair trade practices."
Exclusive: Glencore loses exclusive rights to major Libyan oil grades,Jan 10 2019,"Trading and mining giant Glencore  has lost its exclusive marketing rights for two of Libya's main crude oil export grades after holding them since late 2015, trading sources with direct knowledge said."
China agrees on solution to Tesla customs issue: source,Mar 05 2019,"China's customs authorities have accepted electric carmaker Tesla Inc's plan to remedy problems with the clearance of imported cars, a source familiar with the matter told Reuters."
Oil mixed as investors short-cover and Saudi boosts output,Jul 06 2018,"Oil was mixed on Friday, with short-covering pushing up U.S. crude futures while Brent slipped on global trade tensions and increased Saudi production."
"U.S. judge drops some charges against Theranos's Holmes, leaves wire fraud",Feb 12 2020,"A federal judge late on Tuesday dismissed some charges against Theranos Inc founder Elizabeth Holmes, but let stand wire fraud charges accusing her and an associate of misleading patients about the abilities of her company's blood tests."
Truck makers rev up for rollout of electric big rigs,Oct 22 2018,"Tesla Inc  Chief Executive Elon Musk put electric heavy commercial trucks on the map in November 2017 when he unveiled the company's futuristic, battery-powered Semi, booked hundreds of orders and said he would start delivering the vehicles by 2019."
Boeing gets first 737 MAX order in months; deliveries halve,Oct 08 2019,"Boeing Co  secured the first converted order in months for one of its grounded 737 MAX planes, company data for September showed on Tuesday, as it reported that total deliveries for the first nine months of 2019 had almost halved from a year earlier."
Italy's minibonds would either be illegal or useless: finance minister,Jun 08 2019,"It would be either illegal or useless for Italy to issue bonds to pay its suppliers as such notes would break European currency rules or add to the country's massive government debt, Italian finance minister Giovanni Tria said on Saturday."
Fiat Chrysler/Peugeot deal in spotlight after Exor setbacks,May 14 2020,Fiat Chrysler's  decision to scrap its dividend marks another setback for plans by the Agnelli family's Exor  arm to raise cash after a $9 billion sale of its reinsurer unit PartnerRe collapsed this week.
Euro zone budget could be conditional on discipline: IMF's Lagarde,Jul 07 2018,IMF Managing Director Christine Lagarde said on Saturday that a proposed joint euro zone budget could be designed with conditions so that it does not become a no-strings-attached transfer of rich countries' cash to poorer members.
"Americans on COVID-19 jobless benefits spent more than when working, study shows",Jul 16 2020,"Americans who received enhanced unemployment benefits due to the coronavirus pandemic spent more than when they were working, a study released on Thursday said, adding to concerns about a steep fall in spending when the emergency benefits expire."
Exclusive: Oracle says investigators have asked it for information about Google,Sep 25 2019,"Oracle Corp , which has clashed with Alphabet's Google  in business disputes, has received requests for information from congressional and state investigators looking into allegations that Google violated antitrust law."
Turkey's Erdogan tells Putin he wants new summit on Syria's Idlib,Dec 01 2018,Turkish President Tayyip Erdogan told Russian President Vladimir Putin on Saturday he should hold another summit to discuss the situation in Syria's Idlib province where the two countries are trying to create a sustainable demilitarized zone.
"AirAsia chairman, asked about possible Airbus order, says nothing cemented",Jul 17 2018,"Nothing is certain about a reported AirAsia  order for Airbus  A321neo jets until it is announced, and everything is still possible, AirAsia's chairman said when asked about the possible deal."
Exclusive: JPMorgan looking to offload Saudi and UAE sovereign fund loans - sources,Apr 09 2020,"JPMorgan  is seeking to sell at a discount loans raised by the sovereign wealth funds of Saudi Arabia and the United Arab Emirates, according to two sources and a document, as banks brace for a borrowing spree in the Gulf due to low oil prices."
"Appaloosa steps up pressure on Allergan to split chairman, CEO roles",Feb 05 2019,"Hedge fund Appaloosa LP on Tuesday urged pharmaceutical company Allergan Plc  to split its chairman and chief executive roles, arguing that an independent chair could help CEO Brent Saunders boost the company's sagging share price."
China says Canadian stole secrets; Huawei to sue U.S.,Mar 05 2019,"China's government and its leading smartphone maker, Huawei Technologies Ltd, stepped up pressure on Monday on the U.S. and Canadian governments in a dispute over trade and telecoms technology that has ensnared Huawei's CFO, who faces U.S. criminal charges."
Vietnam carrier Vietjet to suspend flights to China from February 1,Jan 31 2020,"Vietnamese carrier Vietjet will suspend all flights to and from China from Feb. 1 over coronavirus concerns, the company said on Friday."
Ex-Autonomy CEO Lynch denies new U.S. charges against him,Mar 23 2019,"British entrepreneur Mike Lynch vigorously denies new U.S. criminal charges against him, his spokesman said on Saturday ahead of a court case over the sale of his firm Autonomy which will begin in London next week."
Elon Musk shoots down U.S. regulator's complaint about his Tesla tweet,Mar 12 2019,"SAN FRANCISCO - Tesla Inc  Chief Executive Elon Musk shot back against U.S. securities regulators on Monday, arguing in a filing that his recent tweet about the electric vehicle maker's production volume did not violate his fraud settlement and he cannot be held in contempt."
Progress made toward strengthening Argentina program: IMF's Lagarde,Sep 04 2018,International Monetary Fund Managing Director Christine Lagarde said on Tuesday that she and Argentina's Finance Minister made progress toward strengthening the IMF-backed program for Argentina in the face of market volatility.
"Lexus tops 2019 dependability rankings, Fiat struggles",Feb 13 2019,"Toyota Motor's Lexus brand of luxury vehicles was the most dependable name for the eighth consecutive year, while Fiat Chrysler's Fiat brand dropped to the bottom in an annual auto industry reliability survey published Wednesday."
"High U.S. stock valuations hinge on inflation, interest rates",Sep 17 2018,Investors are banking on tame inflation and interest rates to support U.S. stock prices and help counter any concerns over an anticipated slowdown in corporate earnings growth next year.
Swedish FSA says Swedbank situation no threat to financial stability,Apr 01 2019,"Swedbank's recent problems with alleged money-laundering has affected trust in the bank, but the situation does not pose a problem to financial stability, the Swedish Financial Supervisory Authority (FSA) said on Monday."
"Trump, Britain's Johnson discussed 'telecommunications' after Huawei decision: White House",Jan 28 2020,"U.S. President Donald Trump and Britain's Prime Minister Boris Johnson ""discussed critical regional and bilateral issues, including telecommunications security"" in a conversation on Tuesday, White House spokesman Judd Deere said in a statement."
Apple raises production of iPhone 11 models by about 10%: Nikkei,Oct 04 2019,"Apple Inc  has asked suppliers to increase production of its iPhone 11 models by up to 8 million units, or about 10%, Nikkei Asian Review reported, hinting that demand for the recently launched versions of its flagship phone was picking up."
Sempra Energy CEO 'very optimistic' about talks with Elliott Management,Aug 06 2018,"Sempra Energy's  Chief Executive Jeffrey Martin told investors on Monday the company was in a ""constructive dialogue"" with activist investor Elliott Management, which has been pushing for sweeping changes at the utility."
Apple loses $1 trillion status after soft holiday forecast,Nov 02 2018,"Shares in Apple Inc  fell 6 percent on Friday, cutting its market value back to less than $1 trillion after it forecast softer-than-expected sales for the holiday quarter and fueled nerves over iPhone sales by saying it would no longer release the figures."
"Facebook sued for age, gender bias in financial services ads",Oct 31 2019,"Facebook Inc was sued on Thursday in a proposed class action accusing it of discriminating against older and female users by withholding advertising for financial services such as bank accounts, insurance, investments and loans."
Norwegian Air says its Boeing MAX fleet doesn't have cockpit warning light,Mar 22 2019,"Norwegian Air's fleet of 18 Boeing 737 MAX 8 aircraft is not equipped with a cockpit light warning of discrepancies between angle of attack sensors, the company said on Friday."
Aston Martin adds FTSE experience to its board ahead of IPO,Sep 10 2018,"Aston Martin has lined up experienced FTSE executives to boost its board as the 105-year-old luxury carmaker presses ahead with plans to list on the London Stock Exchange, it said on Monday."
Cohen's Point72 to open Warsaw office for some back office teams,Jul 17 2020,Billionaire investor Steven A. Cohen's Point72 Asset Management is opening the $16.2 billion firm's latest satellite location in Warsaw and moving some back office operations to lower-cost Poland.
"Deutsche, Commerzbank talks private commercial decision: SPD leader",Mar 18 2019,"Merger talks between Deutsche Bank and its smaller rival Commerzbank are a private commercial decision, the leader of the German centre-left SPD party, Andrea Nahles, said on Monday."
EDF shares jump on hopes re-nationalization will unlock value,Apr 15 2019,EDF shares rose as much as 4.3 percent on Monday on hopes that a partial re-nationalization of the French utility will unlock value and ring-fence EDF's capital-intensive nuclear activities from its renewables and grids.
"Trump administration unveils Fannie, Freddie overhaul, urges Congress to act",Sep 05 2019,"The U.S. Treasury on Thursday said the government should draw up a plan to begin recapitalizing mortgage giants Fannie Mae and Freddie Mac, while calling on Congress to pen a comprehensive housing reform that would allow them to be safely freed from government control."
Wall Street traders set for best year since aftermath of crisis,Jul 18 2018,"Wall Street trading desks may have reached a post-crisis turning point, with revenue on track for the best year since 2011, second-quarter earnings reports from big U.S. banks showed."
"Kellogg, Mondelez stock up on Pringles, Milka for fear of Brexit",Feb 19 2019,"As Brexit looms, Kellogg Co and Mondelez International Inc are taking measures to protect Britons from a potential shortage of Pringles chips, BelVita biscuits and Milka chocolate."
"Canada ready to cover Kinder Morgan loss, sees outside interest",May 16 2018,"Canada is prepared to cover some losses Kinder Morgan Canada Ltd might suffer if a proposed oil pipeline expansion is delayed and thinks other investors are ready to step in if need be, Finance Minister Bill Morneau said on Wednesday."
Ad infinitum? Mad Men seek new pitch for digital age,Jun 26 2018,"Paid to have their finger on the consumer's pulse, the Mad Men of advertising are under mounting pressure from clients to adapt to a fast-changing digital age where simply shifting marketing dollars online from old media no longer cuts it as a strategy."
"Escalating trade fight weighs on global stocks, boosts Treasuries",Jun 25 2018,"Global stock markets sank on Monday as the trade fight between the United States and other top economies escalated, and benchmark Wall Street indexes suffered their worst losses in more than two months while safe-haven investments gained."
Exclusive: T. Rowe Price held talks with Guaido team on Venezuela PDVSA 2020 payment,Aug 29 2019,"T. Rowe Price has held informal talks with advisors of Venezuelan opposition leader Juan Guaido about financing a $913 million payment on state oil firm PDVSA's 2020 bond, an executive at the U.S. fund manager told Reuters, adding the plan would only work if Washington alters sanctions on Venezuela."
Two U.S. coal miners see growth amid sector's gloom,May 02 2018,"U.S. electric utilities are expected to shut hundreds more of their coal-fired power generators in the coming years, extending a long trend away from coal and toward natural gas that has cast a pall over the mining industry."
"Qualcomm's licensing forecast, helped by Apple deal, drives share gains",Nov 06 2019,"Qualcomm Inc  on Wednesday forecast current-quarter profit above Wall Street expectations, as its all-important licensing segment benefits from a deal with Apple Inc  and the annual holiday-quarter boost it brings."
Walmart ups minimum wage in e-commerce warehouses by $2 as orders surge on virus worries,Mar 23 2020,"Walmart Inc said on Monday it has temporarily raised entry wages for workers in its e-commerce warehouses by $2, following similar moves by rivals, as it attempts to manage a shopping surge brought about by the coronavirus outbreak."
Risk of U.S. 'profit recession' eases as results beat forecasts,Apr 18 2019,"The initial earnings results of this reporting period are beating expectations by a wide margin, suggesting to some investors that the S&P 500 may be able to avoid a so-called ""profit recession"" this year because predicted economic bad news has failed to materialize."
"Facebook plans content oversight board, tightens paid ad rules",Jan 28 2019,"Facebook Inc on Monday laid out plans for an independent content oversight board with the power to overturn company decisions on user posts, aimed at addressing concerns over misinformation and abusive behavior on the platform."
"Big U.S. banks halt stock buybacks, citing customer needs during coronavirus",Mar 15 2020,"The United States' biggest banks will stop buying back their own shares, and will instead use that capital to lend to individuals and businesses affected by the coronavirus, an industry trade group said on Sunday."
"Korean Air to buy 20 Boeing 787s, lease 10 more",Jul 18 2019,(This June 19 story corrects to fix types of aircraft being purchased and leased in paragraph 2)
Boeing says has no new guidance for 737 MAX 8 operators,Mar 11 2019,Boeing said on Monday the investigation into the Ethiopian Airlines crash is in its early stages and there is no need to issue new guidance to operators of its 737 MAX 8 aircraft based on the information it has so far.
"SoftBank says Vision Fund 2 could start investing soon, bags big gains on first",Aug 07 2019,"SoftBank Group Corp's  second Vision Fund could start investing as soon as next month, founder and Chief Executive Masayoshi Son said, as the technology conglomerate reported a leap in profits at its first $100 billion fund."
Nintendo's Mario takes driving seat in race for mobile hit,Sep 24 2019,"Nintendo Co Ltd  is set to bring one of its most successful franchises to mobile for the first time on Wednesday with the global launch of Mario Kart Tour, in a test of the gaming firm's strategy to drive growth beyond consoles."
"China to buy additional $32 billion in U.S. farm goods over two years, sign deal in January: USTR",Dec 13 2019,"China has agreed to buy $32 billion of additional U.S. farm products over two years as part of a phase one trade pact, U.S. Trade Representative Robert Lighthizer told reporters on Friday, adding the deal would be signed the first week of January."
Carmaker PSA cuts back on transfer of Polish workers to French plant,Jun 15 2020,"France's PSA , the maker of Peugeot cars, on Monday said it would only transfer a small group of Polish workers to help out in a French plant where production is being increased, following a backlash over the knock-on effect for local jobs."
"Bitcoin goes through third 'halving', falls vs U.S. dollar",May 11 2020,"Bitcoin slid on Monday in volatile trading, after it went through a technical adjustment that reduced the rate at which new coins are created, but the outlook remained upbeat as the increase in supply slows down."
Japan watchdog to recommend $24 million fine for Nissan over Ghosn pay: source,Jun 26 2019,"Japan's markets watchdog will likely recommend that the financial regulator fine Nissan Motor Co up to 4 billion yen ($37 million) over the alleged underreporting of former Chairman Carlos Ghosn's compensation, a source said."
Better battery packaging on planes overlooks other safety concerns: airlines,Apr 27 2018,"New global packaging standards expected in late 2018 will allow lithium-ion batteries back into passenger plane cargo holds, pending design and regulatory approval, but some airlines say the new rule overlooks other safety concerns."
Exclusive: Qatar Petroleum - coronavirus turmoil will not stop LNG expansion abroad,Apr 06 2020,"Qatar Petroleum (QP) is pressing ahead with foreign as well as domestic expansion despite the global market turmoil caused by the coronavirus pandemic, its chief executive told Reuters on Monday."
U.S. isolated at G7 meeting as tariffs prompt retaliation,Jun 02 2018,"The United States' closest allies attacked the Trump administration on Friday for imposing tariffs on steel and aluminum imports and mounted challenges with the world's top trade body, fouling the mood at a G7 finance leaders meeting."
Facebook moves to rate users on trustworthiness: report,Aug 21 2018,"Facebook Inc  has started scoring its users based on their trustworthiness in an attempt to fight misinformation, the Washington Post reported on Tuesday, citing a company executive."
UK accounting watchdog examining EY audit of Thomas Cook,Oct 01 2019,"Britain's Financial Reporting Council has started an investigation into accountant EY's audit of Thomas Cook, the travel company that collapsed last month leaving tens of thousands of holiday-makers stranded abroad."
Ford hires new China chief to tackle daunting turnaround task,Oct 24 2018,"Ford Motor Co  has hired a new chief for its troubled China operations, ending a nine-month search after the previous head suddenly quit and tasking him with fixing a deep sales slump in the world's biggest car market."
Google defeats lawsuit claiming YouTube censors conservatives,Mar 27 2018,Google has won the dismissal of a lawsuit in California accusing YouTube of censoring conservative content.
General Electric says blade problem affects more gas turbines,Sep 21 2018,"General Electric Co  said on Friday that turbine blade oxidation which forced Exelon Corp  to idle four electric power units in Texas also affects another model, widening the impact of the latest problem to hit GE's ailing power unit."
Madame Tussauds owner Merlin to be bought by Lego family and Blackstone,Jun 28 2019,Madame Tussauds owner Merlin Entertainments  is to be acquired by the investment vehicle of Lego's founding family and private equity firm Blackstone Group LP  in a deal valuing the company and its debt at nearly 6 billion pounds ($7.6 billion).
"U.S. sets China trade deal terms, sources say, but Beijing mum",Dec 13 2019,"Washington has set its terms for a trade deal with China,  offering to suspend some tariffs on Chinese goods and cut others in exchange for Beijing's buying more American farm goods, U.S. sources said on Thursday."
Barclays gets capital boost ahead of potential coronavirus loan losses,Jul 13 2020,"Barclays  told investors on Monday that recent regulatory changes had boosted its core capital, giving the British bank a bigger buffer to absorb any further loan losses during the coronavirus crisis."
Pfizer warns of hit to financial results on continued coronavirus outbreak,Feb 27 2020,Pfizer Inc  on Thursday warned that the continued spread of the coronavirus globally could have an adverse impact on its business and financial results.
"Amazon earnings skyrocket on cloud computing, advertising",Jul 26 2018,"Amazon.com Inc  forecast strong fall sales and posted a profit that was double Wall Street targets on Thursday thanks to the retailer's younger, higher-earning businesses, including cloud computing and advertising."
"Japan, U.S. ministers meet for trade talks as hopes for early deal fade",Aug 21 2019,"Japan and the United States will seek to narrow gaps on trade when their top negotiators meet this week, but hopes for a deal in September are fading as both sides fail to make concessions on agriculture and automobiles, sources say."
Factbox: What happens at the Fed's rate-setting meetings?,Oct 30 2019,"The U.S. Federal Reserve concluded its latest two-day policy meeting on Wednesday to set a key U.S. interest rate that impacts investors, consumers, and companies around the world."
"Exclusive: RBS lawyers ask ex-staffer to destroy documents, DOJ informed",May 17 2018,"Lawyers for Royal Bank of Scotland  asked an ex-employee to destroy confidential documents, according to a letter seen by Reuters, in a move which the former staffer's lawyer said put him at risk of legal action by the U.S. government."
"Ryanair passengers down by 99.6% in April, Wizz Air down by 97.6%",May 05 2020,"Europe's biggest budget airline Ryanair  posted a 99.6% fall in passenger numbers in April, while smaller low cost carrier Wizz Air  said numbers plunged 97.6%, as the novel coronavirus halted most flying across Europe."
Toyota snub dents Saudi Arabia's manufacturing drive,Jun 19 2019,Saudi Arabia began courting Toyota two years ago to build a large car plant as part of Crown Prince Mohammed bin Salman's grand plan to wean the kingdom off oil revenues and create jobs for young Saudis.
Tesla up 20% after Panasonic posts first quarterly profit at battery business,Feb 04 2020,"Tesla Inc's stock surged 20% on Monday in its largest one-day gain since 2013, fueled by a quarterly profit at Panasonic's battery business with the U.S. car maker and an investor report predicting its shares would rise more than ten-fold by 2024."
"Australian regulator says 'extensive' investigation behind looming charges against ANZ, Deutsche",May 31 2018,"Australia's competition regulator said the criminal cartel charges it expects to lay against Deutsche Bank  and Australia and New Zealand Banking Group  over a 2015 ANZ share issue follow an ""extensive investigation""."
"FAA should mandate safety management systems for Boeing, others: panel",Jan 16 2020,An expert committee on Thursday recommended the Federal Aviation Administration require Boeing Co  and other aircraft manufacturers to adopt new safety management tools in the wake of two fatal Boeing 737 MAX crashes that killed 346 people.
George Soros' bet on Tesla could see other investors follow suit,May 16 2018,"If Tesla Inc  Chief Executive Elon Musk needs to raise even more money, there may be a way."
Wingardium Leviosa! Harry Potter magic helps Lego lift sales,Feb 27 2019,"Harry Potter and Star Wars building sets helped Lego return to growth in 2018, along with strong sales in China, where the privately-owned Danish toymaker plans to open new stores."
South Korea picks Boeing P-8 for $1.7 billion maritime patrol aircraft contract,Jun 25 2018,"South Korea's military has picked Boeing Co  to supply the country's maritime patrol aircraft in a contract worth around 1.9 trillion won ($1.71 billion), a senior company executive said on Monday."
"Harley-Davidson's profit beats estimates, shares rally",Jul 24 2018,Harley-Davidson Inc's  shares rallied on Tuesday after the motorcycle maker forecast a lower-than-expected hit to profit margins from U.S. President Donald Trump's trade tariffs and its quarterly earnings topped Wall Street estimates.
JP Morgan Australia chairman resigns from bourse directorship over cartel case,Jun 18 2018,JP Morgan's chairman of Australian operations has resigned from his directorships at the country's bourse and sovereign wealth fund citing complications arising from a criminal prosecution over a stock issue the investment bank was joint-lead on.
U.S. takes aim at judges pay in new attack on WTO system,Nov 22 2019,"Judges at the World Trade Organization can earn more than 300,000 Swiss francs tax-free for what is a part-time job, the United States said on Friday, in a fresh onslaught on its beleaguered arbitration system."
Top Sainsbury's shareholder QIA backs Asda takeover talks: source,Apr 29 2018,"Qatar Investment Authority (QIA), the biggest shareholder in J Sainsbury Plc, is supportive of merger talks between the British supermarket chain and rival Walmart Inc's Asda, a source familiar with the matter told Reuters."
"Rolls-Royce, preparing to cut thousands of jobs, says engine problem has spread",Jun 11 2018,"Britain's Rolls-Royce  said a costly compressor problem that had grounded Boeing planes had now been found in a different type of engine, compounding pressures on a group that is due to cut more than 4,000 jobs this week."
Japan Airlines looks to deepen partnership with Malaysia Airlines,Jun 02 2019,"Japan Airlines Co Ltd (JAL) may expand a joint venture with Malaysia Airlines to cover U.S. flights and other Asian routes in the future, the Japanese carrier's president said."
U.S. markets regulators reach deal on Dodd-Frank swaps capital rules,Jun 21 2019,"U.S. markets regulators on Friday unveiled an agreement on how much capital and margin firms must hold when trading swaps based on securities, finalizing a key piece of the 2010 Dodd-Frank law introduced following the 2007-09 financial crisis."
"Escalating fight, Trump sues Deutsche Bank, Capital One over Democratic subpoenas",Apr 30 2019,"President Donald Trump, his three oldest children and the Trump Organization have sued Deutsche Bank AG and Capital One Financial Corp to try to block them from responding to U.S. congressional subpoenas issued by Democrats seeking financial records."
JP Morgan's Dimon says U.S. economy still looks 'pretty good',Apr 11 2018,"JPMorgan Chase  Chief Executive Jamie Dimon said on Wednesday the U.S. economy still looked ""pretty good"" and that there was no law that says growth cannot continue."
Emissions rules and electric shift to spur car engines M&A,Jul 09 2019,"A growing understanding in the car industry of the value of combustion engine technology able to meet new anti-pollution requirements is likely to fuel a wave of consolidation in the next two years, industry executives and bankers say."
Volkswagen sounds out buyers for MAN Energy Solutions -sources,May 06 2019,"Volkswagen has approached several companies to gauge their appetite for buying MAN Energy Solutions, which makes large diesel engines for ships and power generators, people close to the matter said."
U.S. funds remain cautious faced with trade war threat: Reuters poll,Jun 29 2018,"U.S. fund managers in June replicated defensive recommendations from the previous month with slightly more cash, a Reuters poll showed, underscoring worries that a U.S. trade conflict with China and some of its own allies will hurt global growth."
Architect of Trump tax cut may run $500 billion coronavirus loan program,Mar 31 2020,"U.S. Deputy Treasury Secretary Justin Muzinich, an architect of the sweeping 2017 Republican tax cut, is under consideration to oversee a newly created $500 billion coronavirus rescue loan program for large companies, cities and states, two sources familiar with the agency's plans said."
"United Airlines first-quarter profit rises, holds 2019 target",Apr 16 2019,"United Airlines on Tuesday reported a better-than-expected jump in first-quarter profit as it sold more tickets and cut costs, standing by its 2019 profit target even as its Boeing Co 737 MAX jets remain grounded."
Union Pacific cost cuts sheltered profit amid freight slowdown,Jul 18 2019,"Union Pacific Corp  on Thursday reported a quarterly profit that beat Wall Street estimates, as the U.S. railroad operator cut costs and raised rates to overcome disruptions from record floods in the Midwest and ongoing U.S.-China trade tensions."
Britain concerned by U.S.-China trade tensions: UK PM's spokeswoman,May 10 2019,"Britain is concerned by the escalating tariff tensions between the United States and China and believes no one benefits from a trade war, a spokeswoman for Prime Minister Theresa May said on Friday."
Macron says concerned about conditions of Ghosn's detention in Japan,Jan 27 2019,French President Emmanuel Macron said on Sunday he has expressed concern to Japanese Prime Minister Shinzo Abe over the prison conditions faced by former Renault boss Carlos Ghosn.
U.S.-China trade hopes lift stocks; oil hits three-month high,Feb 22 2019,"Stocks rose in major markets across the world on Friday on bets of progress in trade talks between China and the United States, while crude futures hit their highest level in more than three months supported by ongoing supply cuts."
Fed balance sheet tops $5 trillion for first time as it enters coronavirus war mode,Mar 26 2020,"The U.S. Federal Reserve's balance sheet soared past $5 trillion in assets for the first time this week as it scooped up bonds and extended loans to banks, mutual funds and other central banks in its unprecedented effort to backstop the economy in the face of the global coronavirus pandemic."
"U.S., European regulators to meet with Boeing this week on 737 MAX software audit",Jan 07 2020,U.S. and European aviation safety regulators will meet with Boeing this week in an effort to complete a 737 MAX software documentation audit - a key step toward the grounded plane's eventual return to service.
Intel creates chip to control quantum computers,Dec 09 2019,"Quantum computers aim to carry out tasks in just a few minutes that would take today's best conventional computers thousands of years. But in nearly every photograph of the devices, there's a tangle of wires in the background connected to equipment that controls the quantum computer."
Dow cuts 2019 spending forecast on U.S-China trade tensions,Jul 25 2019,Dow Inc  forecast current-quarter revenue below analysts' expectations on Thursday and cut 2019 spending as chemical companies grapple with U.S.-China trade dispute and an oversupply of chemicals used to make plastics.
Saudi Arabia still moving ahead with three major development projects,Oct 25 2018,"Saudi Arabia is still moving ahead with three major development projects, NEOM, the Red Sea tourism project, and an entertainment development that will include a Six Flags theme park."
Exclusive: Alibaba-backed startup AutoX applies for driver-less test permit in California,Dec 04 2019,"Chinese startup AutoX, backed by e-commerce giant Alibaba, has applied to test self-driving vehicles without an in-car backup driver in California, the first challenger to Alphabet Inc's autonomous driving venture Waymo to say it has done so."
Thyssenkrupp CEO's last roll of the dice: sell the family silver,Aug 29 2019,"Thyssenkrupp  CEO Guido Kerkhoff has little choice but to sell the group's prized elevator division lock, stock and barrel so he can save the conglomerate's remaining businesses, four sources close to the German company said."
DHL struggles to cope as online parcel volumes surge,Apr 16 2020,"Delivery business DHL  is struggling to cope with a flood of parcels from online purchases due to the coronavirus crisis, forcing it to cut back extra collections from retailers in Germany, parent company Deutsche Post said on Thursday."
Exclusive: Standard Chartered sells principal finance business to Actis and ICG,Aug 20 2018,"Standard Chartered  is in talks to sell its private equity business to Intermediate Capital Group  (ICG), a source with direct knowledge of the deal said on Monday, as part of a broader disposal of its 'principal finance' investment business."
Justice Department probes whether social media is 'stifling' speech,Sep 05 2018,"The U.S. Department of Justice and state attorneys general will meet this month to discuss concerns that social media platforms are ""intentionally stifling the free exchange of ideas,"" the department said on Wednesday."
Papa John's picks hedge fund Starboard over founder for investment,Feb 04 2019,"By Svea Herbst-Bayliss, Uday Sampath Kumar and Harry Brumpton"
Triumvirate to run strike-hit Air France-KLM for now after pay row,May 15 2018,"Air France-KLM  installed a triumvirate of executives led by its finance chief to run the strike-hit airline while it searches for a new CEO, following a standoff over staff pay."
Rusal says board backs change of domicile to Russia,Aug 17 2018,Russia's sanctions-hit aluminum giant Rusal  said on Friday its board had discussed and approved a change of domicile from Britain's Jersey to Russia in order to take advantage of new special tax regulations.
NY Fed markets head says 'time is of the essence' in establishing new lending facilities,Apr 17 2020,"The Federal Reserve responded rapidly to stem losses from a ""synchronized global sell-off"" to help markets function as investors fled to safety on worries about the coronavirus outbreak, a senior official at the New York Fed said on Friday."
"Consumer groups, unions urge caution on $63 billion AbbVie deal for Allergan",Sep 12 2019,"About a dozen advocacy groups and unions, including Public Citizen and the American Federation of Teachers, wrote the Federal Trade Commission on Thursday urging it to consider blocking drugmaker AbbVie Inc's  planned $63 billion purchase of Botox maker Allergan Plc ."
Consultation prize: U.S.-China trade war fires bonanza for advisory firms,Aug 07 2018,"As U.S. and Chinese firms rush for outside expertise on how to handle fallout from the escalating trade war between the two nations, consultants on everything from management to logistics say they have seen soaring demand for their services."
Walmart acquires online lingerie retailer Bare Necessities,Oct 12 2018,"Walmart Inc  said on Friday it has acquired online lingerie retailer Bare Necessities for an undisclosed amount, its second apparel-focused acquisition in less than two weeks as it seeks deeper inroads into the online fashion space."
"Italy arrests Siemens, Alstom executives over Milan subway deals",Jun 23 2020,"Italian tax police arrested 13 people, including executives of the Italian units of Germany's Siemens  and France's Alstom , in an investigation into alleged bribery relating to Milan subway contracts, prosecutors said on Tuesday."
"Airbus in talks to unjam some HNA, Emirates deliveries: sources",Oct 31 2018,Airbus faces new headaches delivering A330s to airlines tied to China's cash-strapped HNA Group and is in separate talks with Emirates over the timing of undelivered A380 superjumbos.
"Rolls-Royce, Airbus to collaborate on new UltraFan engine",Apr 25 2018,"Rolls-Royce  and Airbus  have signed a deal to  collaborate on development of the UltraFan, a new engine that is intended to 25 percent more fuel efficient than the earliest version of the Trent engine, the British company said on Wednesday."
"U.S. sets record for new COVID cases third day in a row at over 69,000",Jul 11 2020,"New cases of COVID-19 rose by over 69,000 across the United States on Friday, according to a Reuters tally, setting a record for the third consecutive day as Walt Disney Co stuck to its plans to reopen its flagship theme park in hard-hit Florida."
Automakers boost Takata air bag recall completion rates,Dec 21 2018,"Automakers in the United States repaired more than 7.2 million defective Takata air bag inflators in 2018, as companies have ramped up efforts to track down parts in need of replacement, a report from an independent monitor released on Friday said."
Avenatti says 'nervous' about prison time but proclaims innocence,Mar 26 2019,"Michael Avenatti on Tuesday again proclaimed his innocence on charges he tried to extort millions of dollars from Nike Inc, but in an interview with CBS, admitted he was concerned about doing prison time."
Berlin welcomes carmakers' trade-in offers,Oct 12 2018,"The government welcomes German automakers' moves towards making concrete offers of discount trade-ins to owners of older, dirtier diesel vehicles, adding that these latest moves had been precisely what Chancellor Angela Merkel had been expecting."
Aldi takes on U.S. rivals with scores of new products,Aug 09 2018,"German-owned discount supermarket Aldi Inc is rolling out scores of new products in the United States, it said on Thursday, in an aggressive push to expand in the country even as rivals are struggling in a drawn-out price war."
"Irish regulator nears end of first privacy probe, ruling to take months",Aug 16 2019,"Ireland's data privacy regulator is close to concluding its first probe into a multinational company under the EU's new privacy laws, likely to involve Facebook's WhatsApp subsidiary, although a formal decision could take months."
Beer sales growth still seen elusive in Russia as World Cup looms,Apr 06 2018,"The prospect of thousands of thirsty soccer fans flocking to Russia for this summer's World Cup should offer a big boost for the country's beer market, yet brewers see little reason to be optimistic."
Pompeo: 'No mixed messages' from U.S. on Huawei,Aug 20 2019,"U.S. Secretary of State Mike Pompeo said on Tuesday the United States was not sending ""mixed messages"" on Huawei Technologies and he does not believe a U.S. blacklist of the Chinese telecommunications giant will block a trade deal with Beijing."
Adidas extends sponsorship of Real Madrid until 2028,May 08 2019,"Adidas will extend its sponsorship of Spanish soccer side Real Madrid until 2028, the German sportswear firm said on Wednesday, as it battles fierce competition in Europe from Nike and a resurgent Puma."
Aramco more resilient to oil slump than listed rivals: accounts,Jul 09 2018,"Saudi Aramco is more resilient to oil price slumps than its biggest listed rivals, its 2016 accounts indicate, giving a rare insight into the state energy giant's finances ahead of a proposed flotation."
Exclusive: Sinopec USA turns copper buyer to supply China operations - sources,Apr 10 2018,"The U.S. unit of China's oil major Sinopec Corp  is procuring copper to send to its equipment suppliers in China, two sources familiar with the matter told Reuters, a rare move by a Chinese oil company."
"BA, Ryanair, easyJet protest over 'wholly unjustified' UK quarantine plan",Jun 07 2020,"Three airlines have written to the British government in protest at its ""wholly unjustified and disproportionate"" quarantine rules for most international arrivals from Monday, a copy of the letter seen by Reuters showed."
Aerion's supersonic business jet to meet U.S. noise standards,Oct 15 2018,"Aerion Supersonic, the developer of a $120 million supersonic business jet, said on Monday it would be able to take off and land without regulatory changes in the United States, a potential boost to efforts to bring back faster air travel."
"Exclusive: CVS to cover migraine drugs from Teva, Lilly; excludes Amgen",Jan 25 2019,"CVS Health Corp, a top U.S. manager of pharmacy benefits, has added new migraine drugs from Teva Pharmaceutical Industries and Eli Lilly and Co to its list of covered drugs, excluding a rival treatment from Amgen Inc, a CVS spokeswoman told Reuters on Friday."
Owning Tesla shares about the riskiest it has ever been: options data,Sep 12 2018,"Owning electric carmaker Tesla Inc's shares is close to the riskiest it has ever been, data by options database and analytics firm OptionMetrics showed on Wednesday."
China says holding 'in-depth' talks with U.S. on interim trade deal,Nov 14 2019,"China and the United States are holding ""in-depth"" discussions on a first phase trade agreement, and cancelling tariffs is an important condition to reaching a deal, the Chinese commerce ministry said on Thursday."
Brexit seen threatening UK links in EU supply chain,May 13 2018,"Mandy Ridyard knew Brexit was going to be a challenge for her aviation components firm, but it was still a shock when she heard a French company bluntly ruling out British suppliers from an international bid for a contract in China."
Sainsbury's Coupe says exit not due to failure of Asda deal,Jan 28 2020,"The boss of British supermarket group Sainsbury's , Mike Coupe, said he was not stepping down in May because of his failure to buy rival Asda last year."
U.S. May deficit nearly doubles to $399 billion,Jun 10 2020,"The U.S. federal budget deficit in May nearly doubled to $399 billion from a year earlier amid continued strong spending on coronavirus relief programs and a 25% drop in receipts, the Treasury Department said on Wednesday."
France to press General Electric on job pledges: minister,Oct 03 2018,French Finance Minister Bruno Le Maire said on Wednesday he would press General Electric's new chief executive to stick to French job creation pledges made by the CEO's predecessor.
"Emirates airline redundancies continue for second day, sources say",Jun 10 2020,"Emirates laid off more pilots and cabin crew on Wednesday in a second day of redundancies at one of the world's biggest long-haul airlines, three company sources said."
Wizz Air suspends all flights to and from Varna over coronavirus,Mar 24 2020,"Wizz Air  has suspended all flights to and from Bulgarian city of Varna in an attempt to help curb the spread of the coronavirus, the low-cost carrier said in a statement on Tuesday."
Firmer U.S. dollar boosts corporate interest in currency hedging,Jul 20 2018,"By Saqib Iqbal Ahmed, Jessica DiNapoli and Caroline Valetkevitch"
"Lululemon raises profit, sales forecast on upbeat holiday demand",Jan 13 2020,"Lululemon Athletica Inc  raised its quarterly sales and profit outlook on Monday, as the Canadian apparel maker's efforts to ramp up its online presence and broaden its range helped drive sales during the all-important holiday period."
Airbus says obeying WTO subsidy verdict as sanctions loom,May 22 2018,"Airbus  said on Tuesday it had taken steps to comply with a World Trade Organization (WTO) ruling on subsidies for its A350 and A380 jets, which has seen the United States and Europe trade legal blows on behalf of Boeing  and Airbus."
Zuckerberg to tell Congress Facebook is 'not the ideal messenger' for Libra currency,Oct 22 2019,"Facebook Chief Executive Mark Zuckerberg plans to acknowledge before Congress that Facebook is not the ""ideal messenger"" for its Libra cryptocurrency project, given ongoing criticism of the company."
Qantas secures more funding to wait out coronavirus crisis; shares rise,May 04 2020,"Qantas Airways Ltd  said on Tuesday it had secured enough funding to last it through the end of next year, boosting its shares, as it reviews its fleet with the expectation that most international travel could take years to rebound."
"'America First is a fallacy,' Mexico's president responds to Trump tariff",May 31 2019,"""America First is a fallacy,"" Mexican President Andres Manuel Lopez Obrador told U.S. President Donald Trump in a letter on Thursday, responding to a White House announcement it was imposing a blanket 5% tariff on all goods from Mexico from June 10."
"VW may sideline Audi, link with rivals in new 10-year plan",Nov 02 2018,"Volkswagen  boss Herbert Diess will outline a 10-year plan on Nov. 16 to slash research costs by working with rivals, a step which would sideline Audi as the group's leading development center."
Home services site Handy has furniture assembly deal with Crate and Barrel,Feb 11 2019,"Home furnishings retailer Crate and Barrel will partner with home services platform Handy to offer furniture assembly and home decor installation across the United States, joining a growing list of big box retailers seeking to win over shoppers with handyman services, a Handy spokesperson said on Monday."
Kroger asks customers to quit openly carrying guns in stores,Sep 03 2019,"U.S. grocer Kroger Co  has begun asking customers to stop openly carrying firearms in stores, a change in policy, a spokeswoman said on Tuesday."
Airbus sales chief defiant on A330neo demand as Boeing seals new win,Jun 04 2018,The head of airplane sales at Airbus  dismissed concerns about a sharp drop in orders for the A330neo jet and predicted European wide-body demand would start to recover this year as rival Boeing extended a series of wins in the lucrative segment.
German minister backs tougher rules on telecoms suppliers,Feb 12 2019,"Interior Minister Horst Seehofer has thrown his weight behind a proposal to reform Germany's telecommunications law to toughen security requirements on foreign network vendors, the RND group of newspapers reported on Tuesday."
New Zealand PM says country is not discriminating against Huawei,Jan 24 2019,New Zealand's prime minister has assured Chinese telecoms equipment group Huawei Technologies Co Ltd of even-handed treatment after the small U.S. ally blocked the sale of some Huawei equipment citing national security concerns.
"Chevron profit doubles as U.S. oil production jumps, shares rise",Nov 02 2018,"U.S. oil and natural gas producer Chevron Corp  on Friday reported that its quarterly profit doubled on record oil and gas production, sending its shares up as much as 5 percent."
Exclusive: PepsiCo accused of coercing farmers by group close to India's ruling party,Apr 29 2019,An influential Hindu nationalist group with close ties to Prime Minister Narendra Modi's ruling Bharatiya Janata Party (BJP) has accused PepsiCo Inc of coercing four Indian farmers who have been sued by the U.S. company for allegedly infringing a patent.
Heineken toasts $3.1 billion China Resources Beer premium tie-up,Aug 03 2018,"Heineken  is taking a $3.1 billion stake in the parent of China Resources Beer , China's top brewer, to tap a growing thirst for premium brands in the world's biggest beer market."
Republican senator criticizes potential dual U.S. antitrust tech probes,Jun 12 2019,The Republican chairman of the Senate's antitrust panel criticized plans by the Justice Department and Federal Trade Commission to potentially investigate four of the biggest U.S. tech firms.
U.S. coronavirus stimulus bill adds billions in support for farmers,Mar 26 2020,"The U.S. coronavirus stimulus bill would add $14 billion to the Agriculture Department's Commodity Credit Corp spending authority, and authorize another $9.5 billion for U.S. farmers hurt by the fast-spreading pandemic, according to a copy of the bill's text."
Democratic lawmakers express 'serious concerns' about T-Mobile purchase of Sprint,May 07 2018,"Senators Amy Klobuchar, Elizabeth Warren and other Democratic lawmakers expressed ""serious concerns"" on Monday about T-Mobile US, Inc's  plan to buy rival Sprint Corp , focusing on the planned deal's effect on lower-cost wireless plans, Klobuchar's office said in a press statement."
Top German court reimposes data curbs on Facebook,Jun 23 2020,"Facebook  must comply with an order by Germany's antitrust watchdog to curb data collection from users, a top German court ruled on Tuesday, in a setback for the U.S. social network company that could set a wider precedent."
BlackRock names London-based executive as new stewardship chief,Apr 30 2020,"BlackRock Inc  on Thursday said it named London-based financial executive Sandy Boss as its new head of investment stewardship, bringing a more international structure to the top asset manager's voting on topics like climate change and social issues."
"Wall Street rally pauses, but stocks mint weekly gain",Dec 28 2018,"The S&P 500 ended marginally lower in a choppy session on Friday, but major indexes posted weekly gains for the first time in December following a wild few days of trading that saw equities rebound from a prolonged slide."
Trump says China is 'killing us with unfair trade deals',Aug 07 2019,"U.S. President Donald Trump on Wednesday said his tough stance on China's economic and trade policies would ultimately benefit the American economy, even as Beijing signaled it could strike back by curbing sales of chemicals known as rare earths that are used in everything from iPhones to military equipment."
Crisis blocks Airbus plan for new A321 jet plant in France,Apr 10 2020,"Airbus  has shelved plans to add a French assembly line for its A321neo just 10 weeks after the expansion was launched, as the coronavirus fallout spreads to its best-selling jetliner."
BlackRock willing to lower ask on Argentine restructuring counter to 50-55 cents: source,May 20 2020,"BlackRock Inc  is willing to drop the ask in a debt restructuring proposal to the Argentine government to between 50-55 cents on the dollar and had made the suggestion to its creditor committee, a source familiar with the group's discussions said."
Citi defies coronavirus with Western European corporate lending push,Jun 04 2020,"Citigroup  is looking to ramp up its commercial banking operations across Europe, Middle East and Africa, plugging gaps left by rivals facing fallout from a coronavirus-induced recession."
"China, U.S. to resume trade talks but China says demands must be met",Jun 21 2019,"(This online version of June 20 story fixes spelling to ""denuclearization"" in the penultimate paragraph.)"
"Swiss probe incident involving ex-Credit Suisse banker Khan, private detectives",Sep 24 2019,"(This September 23 story corrects paragraph 13 to clarify the incident occurred last week, not last month.)"
EU warns of competition concerns over LSE's $27 billion bid for Refinitiv,Jun 22 2020,European Union antitrust regulators on Monday warned about the possible anti-competitive effects of the London Stock Exchange's $27 billion bid for data and analytics company Refinitiv as they launched a four-month investigation into the deal.
"Japan launches $122 billion stimulus to fight trade risks, post-Olympic slump",Dec 05 2019,Japan's cabinet approved a $122 billion fiscal package on Thursday to support stalling growth in the world's third-largest economy amid offshore risks and as policymakers look to sustain activity beyond the 2020 Tokyo Olympics.
Exxon evacuating workers from Gulf of Mexico platforms as storm nears,Jul 10 2019,"Exxon Mobil Corp on Wednesday said it has removed non-essential staff from three U.S. Gulf of Mexico platforms, but expected a storm forming in the Gulf to have little effect on its oil and gas production."
Argentina needs policy clarity to reinvigorate economy: IMF,Jan 29 2020,"Greater certainty around Argentina's public policies could help reactivate growth and investments in the recession-hit South American country, the International Monetary Fund said on Wednesday."
Pfizer first-quarter results miss estimates as key drug sales fall short,May 01 2018,"Pfizer Inc  on Tuesday reported lower-than-expected first-quarter revenue as demand for some key drugs and international sales fell short of estimates, sparking a 5.1 percent drop in shares of the largest U.S. drugmaker."
"Australia investigator met other regulators before Citi, Deutsche charges",Feb 14 2020,"An Australian investigator who helped bring criminal cartel charges against Citigroup Inc  and Deutsche Bank AG  told a court he met agents from another regulator in a cafe to discuss the matter but the talks were ""high level"" only."
India needs to reduce ecommerce restrictions to revive economy: Amazon executive,Aug 22 2019,"India needs to encourage ecommerce and reduce red tape to help small businesses sell online and export goods to help revive sagging domestic economic growth, a senior Amazon.com executive said on Wednesday."
Swiss watchmaker Richemont launches lower priced brand to lure millennials,May 16 2018,"Luxury goods group Richemont  has launched a new watch brand, Baume, offering trendy time pieces priced in the hundreds rather than the thousands of dollars to lure young people away from their smartphones for reading the time."
Trump says 'not enough' progress made in high-stakes U.S.-Mexico talks,Jun 06 2019,"Mexican and U.S. officials are set to resume talks in Washington on Thursday aimed at averting an imposition of tariffs on Mexican goods, with President Donald Trump saying ""not enough"" progress on ways to curb migration was made when the two sides met on Wednesday."
"Oil falls on rising U.S. inventories, OPEC talk of cut limits loss",Nov 22 2018,Oil prices dipped on Thursday after U.S. inventories swelled to their highest level since December adding to concerns about a global crude glut but OPEC talk of an output cut limited losses.
Arkansas joins states backing T-Mobile's deal to buy Sprint,Nov 08 2019,"Arkansas has decided to back the U.S> Justice Department's decision to approve a merger of T-Mobile US and Sprint, the third and fourth largest U.S. wireless carriers."
Jet market oracle Tinseth bows out with Boeing at crossroads,Feb 13 2020,"Years ago, when Randy Tinseth was still running Boeing's sales account for United Airlines, the plane company's designers pulled him aside."
Oil prices gain 2% despite concerns about rising supplies,Nov 15 2019,"Oil futures gained nearly 2% on Friday as comments from a top U.S. official raised optimism for a U.S.-China trade deal, but worries about increasing crude supplies capped prices."
Fed's Powell says no immediate policy responses needed to economy,Mar 08 2019,"The Federal Reserve does not see problems in the U.S. economy that warrant an immediate change in its policy, and it will be careful not to shock financial markets as it stabilizes its bond portfolio, Fed Chair Jerome Powell said on Friday."
"Global stocks tumble, safe-haven assets rally on downbeat Fed outlook",Jun 11 2020,"Global equity markets fell sharply on Thursday in their worst sell-off since markets crashed in mid-March, while safe-haven assets rose after the Federal Reserve's sobering outlook cast doubt on hopes for a V-shaped recovery from the coronavirus pandemic."
ECB move sends stocks lower; dollar climbs,Mar 07 2019,"A gauge of global stock markets stumbled on Thursday while the U.S. dollar rose, as the European Central Bank postponed interest rate hikes to 2020 and launched a new round of cheap loans to banks in an effort to spark the euro zone economy."
British firms hitch onto China's aerospace boom as Brexit looms,Nov 09 2018,British electronics manufacturing company TT Electronics  is hoping its first attendance at China's biggest air show with support from UK authorities will help it land a front-seat role in the production of the world's next wide-body jet.
"Dollar gains on euro woes, Fed rate outlook",Sep 28 2018,"The dollar climbed to a two-week peak versus a basket of currencies on Friday, boosted by gains against the euro amid concerns about the Italian budget and a U.S. interest rate outlook that reflects multiple rate hikes until 2020."
"Trump's China trade rhetoric turns harsh at U.N., says won't take 'bad deal'",Sep 24 2019,"U.S. President Donald Trump delivered a stinging rebuke to China's trade practices on Tuesday at the United Nations General Assembly, saying he would not accept a ""bad deal"" in U.S.-China trade negotiations."
Fund managers freeze UK institutional property funds,Apr 02 2020,"Investment managers BlackRock  and Schroders  have suspended trading in UK real estate funds aimed at institutional investors, citing difficulty in getting an accurate price for their assets."
Deutsche Bank in wealth management hiring spree,Jun 30 2019,"Deutsche Bank plans to hire 300 more relationship and investment mangers for its wealth management business by 2021, as part of a plan to bulk up in areas the German lender hopes will bring steadier revenue streams."
"Lufthansa suspends 7,100 flights in March, including to Israel",Mar 05 2020,"German airline group Lufthansa  said on Thursday it is cancelling about 7,100 flights up to the end of March due to lower demand and the spread of coronavirus."
"Biogen scraps two Alzheimer drug trials, wipes $18 billion from market value",Mar 21 2019,"Biogen Inc and partner Eisai Co Ltd are ending two late-stage trials of their experimental Alzheimer's disease drug aducanumab, a major setback in the quest to find a treatment for the mind-wasting disease and a blow to Biogen, which lost more than $18 billion of its value on Thursday."
"Tesla rally fueled by fear of missing out, not short squeeze - investors",Feb 04 2020,"A nearly 14% gain in Tesla Inc's stock on Tuesday was likely sparked by investors looking to hop aboard its remarkable rally, rather than a reversal of bearish bets, an analysis of positioning dynamics showed."
"GM delays tentative restart for plant in Silao, Mexico to May 21",May 19 2020,"General Motors Co signaled it has pushed back the tentative date for restarting operations at its auto assembly plant in the central Mexican city of Silao to May 21 from May 20, according to a message to workers seen by Reuters on Tuesday."
"MetLife names Khalaf CEO, Kandarian to retire",Jan 08 2019,"MetLife Inc  on Tuesday named insider Michel Khalaf as its new chief executive officer to succeed Steven Kandarian, who held the position for eight years and helped the company ride through intense regulatory oversight in the wake of the financial crisis."
Japan's Abe says Japanese auto imports are no threat to U.S. national security,Jul 20 2018,"Japan's Prime Minister Shinzo Abe said on Friday imports of Japanese automobiles pose no threat to U.S. national security, vowing to convince President Donald Trump not to impose tariffs that could damage the global economy."
"Nikkei ends at three-week low after Ghosn arrest shocks market, Nasdaq fall drags tech stocks",Nov 20 2018,"Japan's Nikkei fell to a three-week low on Tuesday as a drop in Nasdaq shares dragged down Japanese tech names, while Nissan Motor tumbled on news of Chairman Carlos Ghosn's arrest and dismissal."
"Kremlin says Putin, Trump, Saudi king seek to stabilise oil trade",Apr 10 2020,"Russian President Vladimir Putin, U.S. President Donald Trump and Saudi Arabia's King Salman, discussed the OPEC+ oil group meeting in a phone call on Friday and confirmed their aim was to  stabilise the global oil trade, the Kremlin said."
Wall Street advances as industrials jump on trade hopes,Jan 17 2019,U.S. stocks advanced on Thursday as hopes of a resolution to the trade dispute between the United States and China boosted industrial shares and lifted investor sentiment.
Exclusive: Sears exploring sale of home improvement business,Jul 01 2020,"Sears is exploring a sale of its home improvement business following interest from potential suitors such as private equity firms, people familiar with the matter said on Wednesday."
Musk says no final decision on taking Tesla private,Aug 07 2018,Tesla Inc Chief Executive Officer Elon Musk said on Tuesday in a letter to employees that he is considering taking the electric car maker private at a price of $420 per share.
"China deploys soybeans in trade war, but may hit own foot",Apr 04 2018,"China will struggle to replace U.S. soybean supplies after implementing an additional 25 percent tariff on American shipments, likely inflicting severe financial pain on domestic companies, analysts and executives at feedmakers said."
Explainer: How U.S. markets will function if coronavirus breaks out in NYC,Feb 28 2020,"If an outbreak of coronavirus hits New York, it could cause more sharp selling of stocks, but markets would likely continue to function even if the floor of the New York Stock Exchange had to close."
Singapore's GIC flags lower long-term returns in tough investment climate,Jul 12 2018,"Singapore sovereign wealth fund GIC has trimmed its exposure to developed market equities such as U.S. stocks over the past year on high valuations, and cautioned it expects lower long-term returns in an uncertain investment climate."
Trump threatens tariffs if can't reach 'real deal' with China,Dec 04 2018,"U.S. President Donald Trump threatened on Tuesday to place ""major tariffs"" on Chinese goods imported into the United States if his administration is unable to reach an effective trade deal with Beijing."
U.S. Commerce's Ross to visit China for trade talks in early June,May 24 2018,U.S. Commerce Secretary Wilbur Ross will visit China early next month for another round of talks amid ongoing trade frictions between the world's two largest economies.
Modest Orange dividend overshadows European mobile mast plans,Dec 04 2019,"Orange  said it planned to carve out its mobile towers in most European countries to shore up the group's value, but the move was overshadowed by the French telecom firm's modest dividend outlook, sending its shares lower."
U.S. states probe fast-food franchise deals not to poach workers,Jul 09 2018,"A group of U.S. state attorneys general is investigating whether Five Guys, Panera, Burger King and other big fast food chains are using ""no-poach"" rules in franchise agreements to hold down wages and limit employee advancement, the officials said on Monday."
"GE raises cash forecast, beats on adjusted EPS, lifting shares",Oct 30 2019,"General Electric Co  posted adjusted profits on Wednesday that beat analysts' estimates and wowed investors by promising to deliver $1 billion more cash this year than it had previously forecast, sending its shares sharply higher."
Italian bank fund won't plug entire Carige capital hole: sources,May 13 2019,"Italian banks will not step in to plug a capital shortfall at regional lender Banca Carige after U.S. fund manager BlackRock pulled out of a planned rescue bid, sources said, making a state bailout for the bank more likely."
"Jaguar Land Rover to cut output and jobs due to Brexit, diesel slump: source",Apr 13 2018,"Britain's biggest carmaker Jaguar Land Rover  will cut around 1,000 jobs and production at two of its English factories due to a fall in sales caused by uncertainty around Brexit and confusion over diesel policy, a source told Reuters."
"Dollar extends rally, euro weak; political risk jolts Italian markets",May 16 2018,"The U.S. dollar rallied further to a five-month high on Wednesday, supported by relatively robust U.S. economic data in recent days, while Italy's borrowing costs jumped and its stocks slid on concerns linked to economic plans from the country's potential coalition government."
Sterling slides as foreign minister's resignation heaps pressure on May,Jul 09 2018,"Sterling slid on Monday after the resignation of the British foreign minister heaped pressure on Prime Minister Theresa May, but its losses were expected to be contained unless a full-blown leadership challenge materialized."
U.S. business inventories unchanged; sales surge,May 15 2019,"U.S. business inventories were unchanged in March as sales increased by the most in more than two years, which could ease concerns of a broad build-up in inventories in the economy."
Allergan should explore selling itself: Appaloosa's Tepper,Feb 19 2019,"Billionaire hedge fund manager David Tepper stepped up pressure on Allergan Plc, saying on Tuesday the drugmaker should consider selling itself if management is unable to turn around recent lagging performance."
Tesla faces delivery bottleneck at close of second-quarter: Electrek,Jun 25 2019,"Shares of Tesla Inc fell 1.7% on Tuesday after news website Electrek reported that the electric-car maker has so far delivered 49,000 vehicles in North America during the second quarter, threatening its goal of a new record."
'Demand destruction' - analysts race to lower outlooks for oil,Mar 20 2020,"Traders and analysts are struggling to revise down their forecasts for oil demand fast enough, as government lockdowns to contain the coronavirus outbreak have rapidly cut fuel consumption."
"S&P, Nasdaq notch record closes from GDP, earnings boost",Apr 26 2019,"A surprisingly strong report card on the U.S. economy helped power the benchmark S&P 500 and Nasdaq Composite indexes to record high closes on Friday, capping a week of gains for stocks that came largely on the back of resilient corporate profits."
"U.S., EU take small step on trade, but no breakthrough at G7 summit",Jun 08 2018,"The United States and European Union will establish a dialogue on trade within the next two weeks, a French official said on Friday, signaling a modest step forward for bitterly divided allies at a Group of Seven summit in Canada."
Japan Display to receive $100 million investment from Apple as part of bailout deal,Jun 28 2019,"Japan Display Inc  said on Friday it would receive a $100 million investment from a customer, which a source said was Apple Inc , as part of a bailout deal led by a Chinese investment firm for the smartphone screen maker."
"Mothercare to close 50 stores, reappoint Newton-Jones as CEO: source",May 16 2018,"Britain's Mothercare Plc  will shutter 50 stores in the  UK and bring back Mark Newton-Jones as chief executive as part of a restructuring plan to be unveiled on Thursday, a source familiar with the matter told Reuters."
Italy's Banco BPM says one-off costs weighed on stress test outcome,Nov 02 2018,"Italy's Banco BPM , one of the banks that fared the worst in Europe-wide stress tests of the sector, said on Friday one-off costs had weighed on the outcome of the health check."
Vodafone holds off deploying Huawei in core network due to security row,Jan 25 2019,"Vodafone, the world's second largest mobile operator, said it was ""pausing"" the deployment of Huawei equipment in its core networks until Western governments give the Chinese firm full security clearance."
Scarred and scared: post-Covid consumers not their old selves,Jun 08 2020,"Michael Clark of Amy's Housewares has one big fear as its London stores prepare to reopen on June 15 along with other retailers around Britain: ""Customers not spending, having no trust in the economy."""
Louis Vuitton expands French manufacturing to meet handbag demand,Mar 27 2018,"Louis Vuitton, the biggest earnings driver at French luxury goods group LVMH , is expanding its leather goods and handbag production with at least two new workshops planned for this year and next, the brand said on Tuesday."
"Nissan, Renault and Mitsubishi executives reaffirmed importance of alliance: Mitsubishi chief",Feb 14 2019,"The chief executives of Japan's Nissan and Mitsubishi Motors met with the newly appointed chairman of Renault in Tokyo on Thursday and reaffirmed the importance of their three-way alliance, Mitsubishi CEO Osamu Masuko said."
S&P cuts Boeing outlook to 'negative' on fresh 737 MAX concerns,Oct 22 2019,"S&P Global Ratings lowered its outlook for Boeing Co  to ""negative"" from ""stable"" on Tuesday, after reports that the planemaker may have misled the U.S. Federal Aviation Administration about problems with the anti-stall software on its grounded 737 MAX jet."
Trump administration mulls stiffer rules for imported cars,Apr 07 2018,"The Trump administration is considering ways to require imported automobiles to meet stricter environmental standards in order to protect U.S. carmakers, according to two sources familiar with the administration's thinking."
China's Xiaomi plans $1.5 billion buyback to arrest stock tumble,Sep 03 2019,"Chinese smartphone maker Xiaomi Corp  announced a HK$12 billion ($1.53 billion) share buyback plan on Tuesday, in a reversal of its cash-management strategy that is aimed at boosting its floundering stock."
"Qualcomm says Apple violating Chinese court order, despite new software",Dec 17 2018,Qualcomm Inc said it believes Apple Inc remains in violation of a Chinese court's orders to stop selling iPhones despite a software update that Apple pushed on Monday.
"Nasdaq confirms correction, bond yields fall further",Jun 03 2019,"The Nasdaq confirmed it was in a correction on Monday as stocks extended their recent sell-off, and the continued flight to safe-haven assets pushed 10-year U.S. Treasury yields to their lowest since September 2017."
LJM Partners sues unnamed 'manipulators' it blames for volatility losses,Jan 18 2019,LJM Partners Ltd on Friday filed a lawsuit against unnamed parties it holds responsible for hundreds of millions of dollars it lost after last year's jump in stock market volatility that effectively put the fund manager out of business.
U.S. adds another China e-commerce site to 'notorious' IP blacklist,Apr 25 2019,"The United States on Thursday added China's third-largest e-commerce platform to its list of ""notorious markets"" for violations of intellectual property rights and kept China on its priority watch list for piracy and counterfeiting concerns."
Fitbit results beat Street as demand for wearable devices climb,May 01 2019,"Wearable device maker Fitbit Inc reported better-than expected first-quarter results and reaffirmed its full-year revenue forecast on Wednesday, as it sells more smartwatches and wearable devices that track health at affordable prices."
Dakota Access pipeline shutdown may revive oil-by-rail industry,Jul 06 2020,"Companies that transport oil by rail are prepping for a business surge after a federal judge ordered the largest crude pipeline out of North Dakota to shut within a month, market sources said on Monday."
U.S. airlines grapple with 'unfair tax' that adds to aircraft supply disruption,Oct 07 2019,(This story corrects name of analyst in penultimate paragraph in October 4 story.)
U.S. airlines call for payroll protections as aid talks continue,Mar 20 2020,"U.S. airlines called on Friday for a government stimulus package to help them weather the coronavirus crisis by providing payroll protections, warning that around 750,000 jobs depend on the airline industry."
"Rich get richer, everyone else not so much in record U.S. expansion",Jul 03 2019,"Last month Pink Floyd frontman David Gilmour sold his guitar collection for $21.5 million, including one piece - his famed ""Black Strat"" Fender Stratocaster - that went for nearly $4 million to the owner of the U.S. National Football League's Indianapolis Colts."
Apple says U.S. tariffs on China would hit 'wide range' of products,Sep 07 2018,"A ""wide range"" of Apple Inc  products including the Apple Watch would be affected by proposed U.S. tariffs on Chinese goods, the company told U.S. trade officials, but gave no sign of an impact on its iPhone cash cow."
Trump taking 'serious look' at policy options on Amazon,Apr 05 2018,U.S. President Donald Trump said on Thursday he would take a serious look at policies to address what he says are the unfair business advantages of online retailer Amazon.com Inc
Fugitive U.S. tech guru: Cryptocurrency is next Cuban revolution,Jul 05 2019,"On the run from U.S. tax authorities, tech guru John McAfee puffs a cigar aboard his towering white yacht in a Havana harbor and says he can help Cuba evade the U.S. government too - by launching a cryptocurrency that defeats a U.S. trade embargo."
"Shell, Total start 2018 on a high thanks to rising oil prices",Apr 26 2018,Higher output and soaring oil prices helped European majors Royal Dutch Shell  and Total  to begin 2018 on a high note with better than expected first-quarter results on Thursday.
Marriott aims to cut commissions for online agencies: CEO,Apr 03 2018,"Marriott International Inc  is looking to lower the commissions it pays to online travel agencies starting with Expedia Group Inc  when it renegotiates its contract with the company later this year, Chief Executive Officer Arne Sorenson said on Tuesday."
Apple to undercut popular law-enforcement tool for cracking iPhones,Jun 13 2018,Apple Inc  said on Wednesday it will change its iPhone settings to undercut the most popular means for law enforcement to break into the devices.
Wall Street ends choppy session higher as strength in banks offsets virus woes,Jun 25 2020,"Wall Street's main indexes closed higher in choppy trading on Thursday, with bank stocks soaring ahead of annual stress test results and helping to offset investor jitters over alarming increases in new coronavirus cases."
"Ryanair slashes flights, says could ground entire fleet",Mar 16 2020,Ryanair  will ground most of its aircraft over the next seven to 10 days as Europe's biggest low-cost airline braces for an up to 80% cut in capacity over the next two months and could even ground its entire fleet due to coronavirus travel restrictions.
"GM, Ford and Toyota join to advance self-driving testing, standards",Apr 03 2019,Three major automakers said on Wednesday they were forming a consortium to help draw up safety standards for self-driving cars that could eventually help create regulations in the United States.
China's Tencent cautious after surge in quarterly profit,Aug 14 2019,"China's Tencent Holdings , the world's largest gaming company by revenue, warned on Wednesday of a difficult economic environment even as it reported a better-than-expected 35% jump in quarterly profit."
Trustees of British Airways-sponsored retirement scheme close to pension buy-in deal: Sky News,Sep 12 2018,"Trustees of British Airways-sponsored Airways Pension Scheme are close to a deal with Legal & General  to insure more than 4 billion pounds ($5.22 billion) of its historic pension liabilities, Sky News reported on Wednesday."
Slack Technologies down 1% after service outage,Jun 28 2019,Shares of Slack Technologies  were down about 1% in extended trade on Friday after the messaging software company said it was still working to resolve reports of downgraded performance from some users.
BMW and Daimler seek 7 billion euros savings from shared platforms: reports,Mar 14 2019,"BMW and Daimler are in talks to cooperate in developing vehicle platforms for electric cars in a step that could save each carmaker at least 7 billion euros ($7.91 billion), Sueddeutsche Zeitung and Auto Bild said on Thursday."
"Nissan's Saikawa, a hard-nosed leader, takes center stage after Ghosn's ouster",Nov 22 2018,"In sacking his long-time mentor Carlos Ghosn as chairman of Nissan Motor Co Ltd , CEO Hiroto Saikawa has only bolstered his reputation for being a tough leader unafraid to antagonize people in the interests of business."
Apple plows U.S. tax cuts into record share buybacks,May 01 2018,"Apple Inc lavished cash on its shareholders like no company in history in the first three months of the year and it intends to keep doing so, making the iPhone maker's investors the clearest winners yet from last year's sweeping U.S. corporate tax cuts."
Trump predicts U.S. will reach trade deal with China,Jan 14 2019,"President Donald Trump on Monday predicted the United States would reach a deal with China to end a tit-for-tat trade war, saying Beijing wants to negotiate and that talks are going well."
Qualcomm ends $44 billion NXP bid after failing to win China approval,Jul 26 2018,"Qualcomm Inc  walked away from a $44 billion deal to buy NXP Semiconductors  after failing to secure Chinese regulatory approval, becoming a high profile victim of a bitter Sino-U.S. trade spat."
"Bill Gross, once Wall Street's 'Bond King,' retires after rocky second act",Feb 04 2019,"Bill Gross, once the bond market's most influential investor, will retire from Janus Henderson Group Plc in coming weeks, ending attempts to reclaim the stature he enjoyed leading the world's largest fixed-income investing firm."
Citi regional executives get new responsibilities in 2019,Dec 21 2018,"Citigroup Inc  has divided up the roles of outgoing North America Chief Executive Bill Mills, according to an internal memo seen by Reuters."
Airline boss stirs gender debate with provocative comment,Jun 05 2018,Promises by the global airline industry to do more to promote gender equality veered off course when one of its top executives suggested his CEO role was too difficult for a woman.
U.S. plans more aid for farmers amid China trade spat,May 10 2019,U.S. Agriculture Secretary Sonny Perdue said on Friday that President Donald Trump had asked him to create a plan to help American farmers cope with the heavy impact of the U.S.-China trade war on agriculture.
U.S. import prices post largest gain in nine months,Mar 14 2019,"U.S. import prices increased by the most in nine months in February, but the trend remained weak, with prices declining for a third straight month on an annual basis."
Oman Air plans Airbus talks unless Boeing provides 737 Max support plan,Jun 14 2019,"Oman Air CEO Abdulaziz Al Raisi plans to hold talks with Airbus if Boeing does not provide a support and recovery plan for its grounded 737 MAX planes before June 17, a statement by the Omani company said on Friday."
Pfizer in talks to merge off-patent drugs business with Mylan: source,Jul 27 2019,"Pfizer Inc  is in talks to merge its off-patent drugs business with Mylan NV  in a stock deal, according to a source familiar with the matter."
Airbus halts output at Tianjin assembly plant due to coronavirus,Feb 05 2020,"Airbus  has prolonged a planned closure of its final assembly plant in Tianjin, China, as a result of the coronavirus emergency, the planemaker said on Wednesday, adding it was monitoring for any signs of impact on deliveries."
"U.S. hits Scotch whisky, Italian cheese, French wine with 25% tariffs",Oct 03 2019,"The Trump administration slapped 25% tariffs on French wine, Italian cheese and single-malt Scotch whisky -- but spared Italian wine, pasta and olive oil -- in retaliation for European Union subsidies on large aircraft."
German juggernaut may face economic jam as tariffs and Brexit loom,Mar 01 2019,"Germany faces the risk of steep U.S. tariffs on cars and a no-deal Brexit, a double whammy which could bring a golden decade of growth in Europe's powerhouse economy to an end."
"Total beats quarterly forecasts despite low oil price, raises payout",Feb 06 2020,"Total  beat forecasts on Thursday by keeping net adjusted fourth-quarter profit steady at $3.2 billion despite low oil prices and fulfilled a pledge to boost dividends, lifting the French energy firm's shares."
Boeing CEO says 'fully supportive' of board's move to split jobs: memo,Oct 16 2019,"Boeing Co  Chief Executive Dennis Muilenburg told employees he was ""fully supportive"" of the board's decision to split his chairman and CEO roles, allowing him to focus on running the world's largest planemaker, according to a memo seen by Reuters on Wednesday."
PG&E says it has $34.45 billion in debt financing for reorganization,Oct 04 2019,"PG&E Corp said in court papers on Friday it has debt financing commitments of $34.35 billion for a planned Chapter 11 bankruptcy reorganization, countering a group of noteholders that has proposed its own reorganization plan for the California power producer."
"FTC, AT&T settle 2014 lawsuit over data slowdowns: court",Aug 23 2019,"The Federal Trade Commission (FTC) and AT&T Inc reached a settlement agreement on a 2014 case that accused the company of slowing down data sent to wireless devices, a federal court ruling showed on Friday."
Opel's new boss to seek concessions from unions in pay talks,Apr 12 2018,"Opel's new chief executive has demanded concessions from labor unions to make the loss-making German carmaker more competitive, ahead of what he said would be a decisive round of pay talks with labor leaders."
How Trump's hawkish advisors won debate on Iran oil sanctions,May 01 2019,"U.S. President Donald Trump's unexpected decision to ban all Iranian oil purchases after May 1 - ending exemptions for eight nations - came after hawkish economic and security advisors allayed the president's fears of an oil price hike, according to three sources familiar with the internal debate."
"Iran says ready for U.S. waivers end, as Guards threaten to shut Hormuz",Apr 22 2019,"Tehran is prepared for a U.S. decision to end waivers granted to buyers of Iranian crude, an Iranian oil ministry source said on Monday, as the Revolutionary Guards repeated their threat to close the strategic Strait of Hormuz, Iranian media reported."
Morgan Stanley shifts London traders to Heathrow site to counter virus: sources,Mar 06 2020,"Morgan Stanley  is shifting part of its London-based sales and trading staff to a secondary site near Heathrow airport to ensure its trading desks can operate smoothly through the coronavirus outbreak, two sources familiar with the matter said."
King dollar reigns supreme as U.S. outshines the euro area,Oct 01 2019,"The dollar surged to a 29-month high against a basket of rival currencies on Tuesday, while pummeling the euro to its weakest since May 2017."
"U.S., China report progress in Beijing trade talks",Mar 29 2019,"U.S. President Donald Trump said on Friday that trade talks with China were going very well, but cautioned that he would not accept anything less than a ""great deal"" after top U.S. and Chinese trade officials wrapped up two days of negotiations in Beijing."
"Retail trade group says plan to impose new tariffs will raise prices, hurt jobs",Aug 01 2019,"The National Retail Federation, a top U.S. trade group, said President Donald Trump's threat to impose 10% tariffs on the remaining $300 billion of Chinese imports from Sept. 1, is a flawed strategy that will raise prices and hurt jobs."
Auto supplier Bosch sees car market stagnating in 2019,Dec 06 2018,"German auto supplier Bosch expects global car production in 2019 to languish at this year's level, the head of its core auto parts unit said on Thursday, citing a cool-down in China and lower demand for diesel cars in Europe."
Factbox: 'Fly up' co-pilot urges in final moments of fatal Lion Air crash,Oct 25 2019,"A final Indonesian report on the fatal crash of Lion Air flight 610 published on Friday details stress and confusion in the cockpit as the Boeing 737 MAX's MCAS software, misled by faulty sensor readings, repeatedly lowered the plane's nose."
Lyft's IPO oversubscribed on road show's second day: sources,Mar 20 2019,(This March 19 story corrects paragraph 15 to remove reference to Stripe planning an IPO)
"U.S. FCC issues final orders declaring Huawei, ZTE national security threats",Jun 30 2020,"The Federal Communications Commission on Tuesday formally designated Chinese's Huawei Technologies Co and ZTE Corp  as posing threats to U.S. national security, a declaration that bars U.S. firms from tapping an $8.3 billion government fund to purchase equipment from the companies."
Huawei denies German report it colluded with Chinese intelligence,Jan 29 2020,"Huawei [HWT.UL], the leading maker of telecoms network equipment, denied a newspaper report on Wednesday that alleged the German government was in possession of evidence that it had cooperated with Chinese intelligence."
"Anadarko backs Occidental's revised bid, pressuring Chevron to respond",May 06 2019,"Anadarko Petroleum Corp's board on Monday backed a $38 billion bid from Occidental Petroleum Corp, adding pressure on rival Chevron Corp to raise its offer or walk away from the takeover contest."
"U.S. attorneys seek Amazon data on coronavirus-linked worker deaths, infections",May 12 2020,"A group of 13 U.S. attorneys general on Tuesday asked Amazon.com Inc  to provide data on coronavirus-related deaths and  infections among its workforce, along with evidence of the company's compliance with paid sick leave laws."
Exclusive: Aurubis to win EU approval for Metallo takeover - sources,Apr 28 2020,"Europe's biggest copper smelter Aurubis  is set to win EU antitrust approval for its planned 380 million euro ($412 million) acquisition of Belgian-Spanish metal recycling group Metallo, people familiar with the matter said on Tuesday."
"Deutsche, Commerzbank favor merger over holding company structure: sources",Apr 05 2019,"Deutsche Bank and Commerzbank favor a straightforward merger over more complex ways to structure a deal, three people close to the matter said."
Ford's Lincoln to partner with Rivian to make electric vehicles,Jan 29 2020,Ford Motor Co owned Lincoln Motor on Wednesday confirmed its plans to make battery-powered electric vehicles in partnership with Ford-backed startup Rivian.
U.S. biofuel credits fall on refiner exemption report: traders,Apr 03 2018,"U.S. renewable fuel credits (D6) drop 6 cents each on Tuesday, trading at 38 cents each, traders said."
Bayer's top seed faces U.S. soybean challenge from Corteva,Mar 04 2020,"Bayer AG's takeover of Monsanto has been beset by problems, and now a decades-long dominance of the $4 billion U.S. soybean seed market is under threat from rival Corteva Inc."
Airbus hints at compromise as governments fret over job cuts,Jul 02 2020,"Europe's Airbus  left the door open on Wednesday to scaling back its planned 15,000 job cuts in exchange for government-funded labour schemes and research, as its coronavirus restructuring stoked political and union alarm."
Pernod CEO: in regular and 'courteous' talks with Elliott,Apr 18 2019,"Drinks group Pernod Ricard is having regular and ""courteous"" talks with activist investor Elliott, although it is not necessarily meeting Elliott any more than it would with any other regular shareholder, the head of Pernod told Reuters."
South Korean prosecutors raid LG's head office in tax probe,May 09 2018,"South Korean prosecutors have raided LG Group's head office as part of a probe into alleged tax evasion by family members controlling the conglomerate, the prosecutors' office said on Wednesday."
Southwest cancels about 40 flights for engine inspections,Apr 22 2018,"Southwest Airlines Co  said it canceled about 40 flights on Sunday, or 1 percent of those scheduled, as it inspects engines after last week’s deadly accident in Pennsylvania."
Ray Dalio's Bridgewater plans to become partnership: NYT,Jun 28 2018,"Bridgewater Associates, the hedge fund controlled by billionaire investor Ray Dalio, plans to become a partnership in the coming months, giving its top executives more say in running the fund, the New York Times reported on Thursday."
Testing times from Beijing to Wall Street,Jan 18 2019,"If you were surprised by this month's bounce in global stock markets, next week may tell you if you should join in or stay out."
Czech firm PPF close to deal with AT&T on buying CME: reports,Oct 17 2019,"Investment group PPF, owned by the Czech Republic's richest man Petr Kellner, is close to concluding talks on buying a majority stake in Central European Media Enterprises (CME) from U.S. firm AT&T , Czech and Bulgarian media reported on Thursday."
U.S. Republicans push for coronavirus lawsuit immunity for business,May 01 2020,"The top Republicans in the U.S. Congress displayed a united front on Friday in their drive for coronavirus-related liability protections for businesses, saying such measures will be crucial to talks about future relief legislation."
"Oil tumbles on demand worries; stocks hit by trade, economic fears",Jun 12 2019,"Oil prices slid 4% on Wednesday on higher U.S. crude inventories and a bleaker demand outlook, while uncertainty over the U.S.-China trade war and U.S. economic data weighed on stocks."
Airbus CEO says post-Brexit production shift open for discussion,Apr 24 2018,"Airbus  will not move its existing activities out of Britain when the country leaves the European Union but could forgo basing new projects there, its chief executive said on Tuesday."
MGM Resorts-led consortium named as lead bidder for Osaka casino project,Feb 14 2020,"A consortium led by U.S. entertainment giant MGM Resorts International  has been named as the lead bidder for an integrated casino complex in Osaka, the local government said on Friday."
"UnitedHealth maintains 2020 outlook, but warns of potential COVID-19 impact",Apr 15 2020,"UnitedHealth Group Inc  on Wednesday reaffirmed its financial targets for the year, but cautioned it was uncertain of the impact of elective procedures being postponed by Americans during the COVID-19 pandemic."
"Mars aims to tackle ""broken"" cocoa model with new sustainability scheme",Sep 19 2018,"Mars Wrigley Confectionery launched a new sustainability strategy on Wednesday with the aim of combating deforestation, child labor and poverty in what it called the ""broken"" cocoa supply chain."
GM Korea's March sales dive; seeks to halt one shift at Bupyeong plant,Apr 02 2018,"General Motors Co's South Korean unit has proposed suspending one of two shifts at a plant near Seoul, an internal union newsletter seen by Reuters showed, increasing uncertainty about the fate of the factory as the U.S. automaker grapples with slumping sales."
"Russia says U.S. has legal curbs on oil output cuts, but should be flexible",Apr 03 2020,"Russian Energy Minister Alexander Novak said on Friday that the United States has legal restrictions on oil output cuts, but the country should be flexible with them, RIA news agency reported."
Samsung's phone fortunes wane as COVID-19 hits 5G phones in Europe and U.S.,Apr 29 2020,"When the coronavirus outbreak in China disrupted global smartphone production in February, Samsung looked set to weather the crisis better than most thanks to its limited exposure there and launches of pricey 5G phones. Its fortunes are reversing."
"Fed voters a less-hawkish bunch in 2020, lowering bar for U.S. rate cut",Dec 06 2019,The bar for cutting U.S. interest rates may get a little lower next year when a new crop of central bankers rotate into voting spots on the Federal Reserve's policy-setting panel as part of its annual membership reshuffle.
U.S. consumer prices increase more than expected in November,Dec 11 2019,"U.S. consumer prices rose more than expected in November, which could further support the Federal Reserve's intention not to cut interest rates again in the near term after reducing borrowing costs three times this year."
Former UAW vice president charged in U.S. corruption probe,Mar 18 2019,U.S. prosecutors in Detroit on Monday charged a former high-ranking United Auto Workers official in charge of the labor union's relations with Fiat Chrysler (FCA) of misusing funds for lavish purchases for himself and other union officials.
Facebook to cut video streaming quality in virus-hit Europe,Mar 22 2020,"Facebook will downgrade video streaming quality on its platform and on Instagram in Europe, the latest U.S. tech giant to respond to an EU call to stave off internet gridlock as thousands work from home due to the coronavirus outbreak."
"Oracle rises on strong quarterly forecast driven by licenses, cloud services",Jun 19 2019,"Oracle Corp on Wednesday forecast current-quarter profit above estimates, as the business software maker benefited from demand for its on-premise IT, cloud services and license support businesses, sending its shares up as much as 7% in extended trading."
White House sees minimal impact on U.S. economy from China's coronavirus,Feb 07 2020,The White House's economic adviser on Friday said that President Donald Trump's administration does not expect the coronavirus in China will have a major effect on the U.S. economy.
Bayer says can begin integration of Monsanto,Aug 16 2018,"Bayer  can begin folding Monsanto into its organization as the antitrust-related sale of assets has been completed, fulfilling final requirements by the U.S. Department of Justice, the German drugmaker said on Thursday."
DoubleLine's Gundlach says it's 'a little late' to go into U.S. Treasuries after rally,Aug 05 2019,"It is ""a little late"" to purchase U.S. Treasuries, which have been rallying recently, and ""if Treasury rates are going to fall from here, something bad is happening,"" Jeffrey Gundlach, chief executive of DoubleLine Capital, said in a telephone interview on Monday."
"In battle of tweets, Canada's Trudeau dismisses Trump critique",Jun 09 2018,"Canadian Prime Minister Justin Trudeau said nothing in his G7 news conference that he has not said before to U.S. President Donald Trump, his office said after Trump criticized Trudeau on Twitter as ""weak and dishonest"" in the wake of the Group of Seven summit."
UK ministers take aim at business over Brexit warnings,Jun 24 2018,"The British government and business leaders clashed in a deepening row over Brexit on Sunday after a senior minister accused companies of issuing ""completely inappropriate"" threats and undermining the prime minister."
"Lululemon soars on menswear, online push; inches into Nike turf",Mar 28 2019,"Shares of yoga-pants specialists Lululemon Athletica Inc rose 15 percent on Thursday, with several Wall Street analysts raising their price targets for the company after a blockbuster fourth quarter."
Kimberly-Clark weighs sale of European tissues business: sources,Jul 19 2018,"Kimberly-Clark Corp  is exploring a sale of its European tissue business, as it tries to slash costs and combat slowing sales by exiting less profitable areas, according to people familiar with the matter."
"U.S. job openings increase by 102,000 in January",Mar 15 2019,"U.S. job openings in January increased in January, led by vacancies at wholesalers, real estate and information sectors, suggesting that a near-stall in hiring in February was probably in part because of a shortage of qualified workers."
Chipotle to pay $25 million related to food borne illness outbreaks: Justice Department,Apr 21 2020,"Chipotle Mexican Grill  has agreed to pay $25 million and enter a deferred prosecution agreement to resolve charges related to food borne illness outbreaks that sickened hundreds of people between 2015 and 2018, the Justice Department said on Tuesday."
"Apple sells fewer than 500,000 smartphones in China in February amid coronavirus",Mar 09 2020,"Apple  sold fewer than half a million iPhones in China in February, government data showed on Monday, as the coronavirus outbreak halved demand for smartphones."
Oracle CEO Mark Hurd takes medical leave; first-quarter revenue misses,Sep 11 2019,"Oracle Corp  said on Wednesday Chief Executive Officer Mark Hurd would be taking a medical leave, and the business software maker posted first-quarter revenue that missed Wall Street expectations."
"Slack forecasts bigger third-quarter loss, slowing revenue growth; shares tumble",Sep 04 2019,"Slack Technologies Inc  forecast slowing revenue growth in the second half and a bigger-than-expected third-quarter loss in its first report as a public company on Wednesday, as it faces intense competition from Microsoft Corp  and others."
"China ready for further U.S. trade talks, ambassador says",May 21 2019,"Beijing is ready to resume trade talks with Washington, China's ambassador to the United States Cui Tiankai said, as a top U.S. business lobby in China said nearly half its members are seeing non-tariff barrier retaliation in China due to the trade war."
Oil majors slash 2020 spending 20% after prices slump,Mar 26 2020,The world's biggest oil and gas companies are slashing spending this year following a collapse in oil prices driven by a slump in demand because of coronavirus and a price war between the top exporters Saudi Arabia and Russia.
Activist investor seeks to oust Trump friend Barrack from CEO job at Colony Capital,Nov 26 2019,"Activist investor Blackwells is pushing to remove Tom Barrack, a billionaire friend of President Donald Trump, as CEO of Colony Capital, saying his mismanagement of the real estate and investment firm has cost shareholders billions of dollars in lost gains."
"Factbox: Deutsche Bank staff react to 18,000 global job cuts",Jul 08 2019,"Whole teams at Deutsche Bank were told on Monday their jobs had been axed as it began 18,000 job cuts globally in one of the biggest overhauls to an investment bank since the aftermath of the financial crisis."
"South Africa's Taste Holdings to exit food business, sells Starbucks stores",Nov 01 2019,"Taste Holdings , owner of Starbucks and Domino's Pizza franchises in South Africa, said on Friday it was abandoning the food business, and had already sold its 13 stores of the coffee chain to a consortium for 7 million rand ($464,000)."
FCC proposes to fine TracFone Wireless $6 million for subsidy violations,Apr 02 2020,The Federal Communications Commission on Thursday proposed to fine TracFone Wireless $6 million for allegedly violating its rules governing the subsidy program for telecommunications services for low income users.
Deutsche Bank sells $50 billion in assets to Goldman amid overhaul: sources,Nov 27 2019,"Deutsche Bank  has sold $50 billion in unwanted assets to Goldman Sachs  as part of its restructuring, three people with knowledge of the matter said on Wednesday."
"J.C. Penney to cut 1,000 jobs, close 152 stores",Jul 15 2020,"J.C. Penney Co Inc said on Wednesday it would cut about 1,000 jobs and shutter 152 stores as the U.S. department store chain looks to emerge from Chapter 11 protection and the COVID-19 crisis."
"Air Baltic CEO says on track for A220 deliveries, as delays ease",Sep 04 2018,"AirBaltic, the largest European customer for Airbus SE's  A220, expects to have 14 of the 130-seat jets by year's end, as production issues and engine woes that once delayed deliveries have eased, the airline's chief executive said on Tuesday."
Exclusive: Comcast prepares all-cash bid to gate-crash Disney-Fox deal - sources,May 08 2018,"U.S. cable operator Comcast Corp is asking investment banks to increase a bridge financing facility by as much as $60 billion so it can make an all-cash offer for the media assets that Twenty-First Century Fox Inc has agreed to sell to Walt Disney Co for $52 billion, three people familiar with the matter said on Monday."
"Goldman Sachs' investment bank consumer, retail group head to step down",Apr 08 2019,"Goldman Sachs Group Inc's global head of the investment bank's consumer and retail group, Rob Sweeney, will step down at the end of April, according to an internal memo seen by Reuters."
"Amid pandemic, crypto crime surges in first 5 months: CipherTrace",Jun 02 2020,"Crypto intelligence company CipherTrace, which started tracking cryptocurrency crime a few years ago, said it has started to see coronavirus-related frauds that require some form of digital currency payment."
"Eliquis, Orencia sales propel Bristol-Myers to strong second quarter",Jul 25 2019,"Bristol-Myers Squibb Co , which is set to buy biotechnology company Celgene Corp  for $74 billion, posted better-than-expected second-quarter profit on Thursday on strong sales of blood thinner Eliquis and rheumatoid arthritis treatment Orencia."
How to create connections at work in the age of isolation,Apr 12 2019,"If an overflowing inbox is killing your productivity at the office, you are not alone."
Wall Street near flat in quiet session ahead of earnings wave,Apr 22 2019,"U.S. stocks ended a low-volume trading session little changed on Monday, with the biggest gains in the energy sector as investors otherwise stayed on the sidelines ahead of quarterly earnings."
Exclusive: ConocoPhillips prepares to sell stake in Canada's Cenovus - sources,Jun 04 2018,"ConocoPhillips  is preparing to offload its stake in Cenovus Energy Inc , which it acquired as part of an asset sale to the Canadian oil and gas producer last year, people familiar with the matter told Reuters."
Tiffany says Australian regulators seek more time to review LVMH deal,Apr 08 2020,"Tiffany & Co  said on Wednesday Australian regulators have sought more time to review LVMH's  multi-billion dollar purchase of the U.S. jeweler due to the coronavirus outbreak, potentially delaying closure of the deal."
"Ford to upgrade Chicago plant for SUVs, hire 450 workers",Jul 22 2019,"Ford Motor Co  said on Monday it would invest $50 million upgrading a Chicago facility to partially assemble hybrid electric SUVs and vehicles for police use, creating 450 jobs."
"In Fed policy review, labor may finally win out over inflation",May 22 2019,"At 2.3 percent, Minneapolis' jobless rate seems impossibly low, even with national unemployment at a 50-year trough."
Sunexpress to fly tourists in Turkey back home after Thomas Cook collapse,Sep 25 2019,"Sunexpress airline will provide extra capacity to fly tourists stranded in Turkey back to their homes after tourism agency Thomas Cook collapsed, a spokesman for the airline told Reuters on Wednesday."
Papa John's founder says successor not right fit for CEO,Jul 26 2018,"John Schnatter, the founder and largest shareholder of Papa John's International Inc , said on Thursday that Steve Ritchie, who rose from a $6-per-hour employee to CEO with Schnatter's backing, should not be leading the company."
Oil prices climb on prospects for deeper OPEC+ output cuts,Feb 13 2020,Oil prices edged higher on Thursday as investors hoped the world's biggest producers would cut output more while they largely shrugged off forecasts of slumping demand due to the coronavirus outbreak in top oil importer China.
China's Tencent talking to Vivendi about stake in Lady Gaga's label,Aug 06 2019,"China's Tencent Holdings Ltd  is in talks to buy up to 20% of Universal Music Group (UMG) from Vivendi SA , valuing the music label of Lady Gaga, Ariana Grande and the Beatles at around 30 billion euros ($34 billion), as both firms look to expand in a recovering global music market."
Goldman Sachs names new head of Johannesburg office,Dec 11 2019,"U.S. investment bank Goldman Sachs  has appointed Jonathan Penkin as head of its Johannesburg office, the bank's base for sub-Saharan Africa where the current chief executive is retiring at the end of the year."
"Nike, Under Armour, among others, urge Trump to remove footwear from tariff list",May 20 2019,"U.S. footwear companies, including Nike Inc and Under Armour, on Monday urged U.S. President Donald Trump to remove footwear from the proposed tariffs list on goods imported from China."
"Emaar says may raise funds against Burj Khalifa viewing decks, not selling them",Dec 24 2019,"Dubai's Emaar Properties  said on Tuesday it was considering raising capital against cash flows generated by the observation decks on its Burj Khalifa skyscraper, but was not looking at selling them."
United Airlines sells $1 billion of stock in fresh move to weather pandemic,Apr 21 2020,"United Airlines Holdings Inc  on Tuesday announced a public offering to raise more than $1 billion, the first major airline to sell equity to help it survive a sharp travel downturn in the coronavirus pandemic."
Airbus frontrunner to win big Air Arabia order: sources,Nov 13 2019,"Airbus  is likely to win an order for at least 100 jets from Air Arabia  with an announcement possibly coming as soon as the Dubai Airshow next week, two sources told Reuters."
Renault strips Ghosn loyalist of executive role,Mar 13 2019,"Renault has sidelined a senior executive close to Carlos Ghosn, as the French carmaker and its Japanese affiliate Nissan continue to overhaul management in the wake of the financial scandal engulfing their former chairman."
LVMH shares hit record high as China demand boosts luxury group,Apr 11 2019,LVMH shares hit a record high on Thursday and buoyed those of rivals after the Louis Vuitton owner posted strong first-quarter sales and said that demand for its handbags and high-end fashion had picked up in mainland China.
Iran eyes private oil exports to help beat U.S. sanctions,Jul 01 2018,"Iran will allow private companies to export crude oil, part of a strategy to counter U.S. sanctions, and is urging fellow OPEC members, including regional rival Saudi Arabia, not to break output agreements, state media and officials said on Sunday."
Billionaire Lawrence Stroll shifts Aston Martin into the fast lane,Jan 31 2020,Canadian billionaire Lawrence Stroll has agreed to buy up to 20% of Aston Martin and rename his Formula One team after the 107-year-old company famed for being fictional secret agent James Bond's car of choice.
China sentences Anbang's ex-boss to 18 years in jail,May 10 2018,"The former chairman of China's Anbang Insurance Group Co Ltd has been found guilty of fraud and embezzlement and sentenced to 18 years in prison, three months after the state seized control of an insurer famed for buying New York's Waldorf Astoria hotel."
Trump wants GM CEO 'to do something quickly' to reopen Ohio plant,Mar 18 2019,"President Donald Trump tweeted on Sunday that he urged General Motors Co's chief executive to ""do something quickly"" to reopen the company's Lordstown, Ohio, plant that was idled more than a week ago."
China may reject new trade talks if more tariffs imposed: WSJ,Sep 16 2018,"The Chinese government may decline to participate in proposed trade talks with the United States later this month if the Trump administration moves forward with additional tariffs on imported Chinese goods, the Wall Street Journal reported on Sunday, citing Chinese officials."
Carige's temporary administrators summon trade unions: sources,May 09 2019,"The temporary administrators in charge of Banca Carige have summoned union representatives for an urgent meeting, two sources close to matter said on Thursday."
Auditors PwC looking to complete Steinhoff inquiry by end of year,Mar 28 2018,"Auditors PricewaterhouseCoopers (PwC) hope to finalize a  forensic investigation into the affairs of crisis-hit retailer Steinhoff International   by the end of the year, a senior investigator said on Wednesday."
Samsung's second quarter profit may flag as smartphone innovation dries up,Jul 04 2018,"Samsung Electronics Co Ltd  is expected to post its smallest profit growth in more than a year in the second quarter, as lackluster sales of its premium Galaxy smartphones overshadow its highly profitable chip business."
"U.S. companies, labs rush to produce blood test for coronavirus immunity",Mar 27 2020,"As the United States works overtime to screen thousands for the novel coronavirus, a new blood test offers the chance to find out who may have immunity - a potential game changer in the battle to contain infections and get the economy back on track."
Exclusive: Schlumberger names new top executives to oversee corporate overhaul,May 21 2020,"Schlumberger, the world's largest oilfield services firm, will reshuffle top executives and operations in coming months to deal with this year's historic decline in the oil industry, according to a memo to employees."
UK PM May promises to protect planemakers' supply chains in Brexit,Jul 16 2018,"British Prime Minister Theresa May will on Monday seek to reassure aviation bosses that her under-fire Brexit plan won't disrupt their supply chains, and promise that the industry will flourish as Britain leaves the European Union."
Trump says March 1 deadline for China trade talks not 'magical' date,Feb 19 2019,"U.S. President Donald Trump said on Tuesday that trade talks with China were going well and suggested he was open to pushing off the deadline to complete negotiations, saying March 1 was not a ""magical"" date."
Drahi says to keep focus on TMT businesses after Sotheby's deal,Jun 17 2019,Billionaire Patrick Drahi said on Monday he would remain focused on his main telecoms and media businesses and would not sell any shares in his Altice Europe NV business to fund his acquisition of Sotheby's auction house.
Factbox: What changes are companies making in response to George Floyd protests?,Jun 11 2020,"The corporate response to a wave of protests over the treatment of African Americans has included pledges to increase diversity, donations to civil rights groups and, in some cases, changes in policies or practices long sought by critics. Here is a sampling:"
Jaguar plans to keep making cars at UK plants until at least end of week,Mar 17 2020,Britain's biggest automaker Jaguar Land Rover  plans to keep making vehicles at its domestic factories until at least the end of the week despite the impact from coronavirus which has shut many other car plants.
Credit Suisse hails cost discipline as net profit jumps 45%,Jul 31 2019,"Credit Suisse  posted its highest quarterly earnings in four years on Wednesday, hailing frugal cost management as paying off in a tough environment."
German finance minister says supervision institutions did their job on Wirecard,Jun 22 2020,"Regulators worked hard and did their job in the case of payments firm Wirecard, which on Monday said that 1.9 billion euros ($2.13 billion) missing from its accounts was likely never there, Finance Minister Olaf Scholz said on Monday."
Trump says U.S. farmers to get $15 billion in aid amid China trade war,May 14 2019,President Donald Trump said on Monday that his administration was planning to provide about $15 billion in aid to help U.S. farmers whose products may be targeted with tariffs by China in a deepening trade war.
Trump administration abruptly postpones New Mexico oil and gas auction,May 20 2020,The Trump administration abruptly postponed an auction of oil and gas leases in New Mexico that had been scheduled to begin on Wednesday morning without providing a reason for the move.
Boeing says up to 50 planes grounded globally over cracks: AFP,Oct 31 2019,"Boeing  has grounded up to 50 planes globally over cracks, Agence France Presse https://bit.ly/3238KJC news agency reported on Thursday."
Pressure rises on Air France as strike forces early CEO exit,May 07 2018,Pressure on Air France-KLM  grew on Monday as its shares fell by more than 10 percent after chief executive Jean-Marc Janaillac said he would resign over the rejection of a pay deal by the airline's staff.
U.S. Supreme Court backs American Express in merchant fee dispute,Jun 25 2018,"The U.S. Supreme Court on Monday sided with American Express Co and against 11 states, ruling that the company's policy of forbidding merchants from encouraging customers to use rival credit cards with lower fees does not violate federal antitrust law."
"Sprint, T-Mobile push back deadline to complete merger",Apr 29 2019,T-Mobile US Inc and Sprint Corp on Monday extended the deadline for completing their proposed $26 billion deal to July 29 as the U.S. Justice Department's Antitrust Division chief said he had not decided whether to approve the transaction.
U.S. House votes to advance bill curbing anonymous shell companies,Oct 22 2019,"The U.S. House voted on Tuesday to advance legislation that would require most companies to disclose who actually owns them, as well as handing banks a long-sought update to anti-money laundering rules."
Citi bolsters Paris hub ahead of Brexit,Jul 09 2018,"Citigroup  is boosting its operations in France ahead of Brexit with a series of senior appointments, according to an internal memo reviewed by Reuters on Monday."
Shares in assets of Russia's Summa group fall after billionaire owner detained,Apr 02 2018,Shares in Russian transport companies that are part-owned by Summa Group fell on Monday after its billionaire owner Ziyavudin Magomedov was detained on embezzlement charges.
Wells Fargo implements work-from-home policy amid coronavirus outbreak,Mar 17 2020,"Wells Fargo & Co  said on Tuesday it is implementing work-from-home policies for most of its employees who don't interact with customers and can effectively work remotely, in response to the quickly-spreading coronavirus outbreak."
"Icahn, Deason want bid of at least $40 per share for Xerox",May 08 2018,"Carl Icahn and Darwin Deason, shareholders in Xerox Corp  who oppose an agreed deal with Fujifilm Holdings , said they would consider an all-cash bid of at least $40 per share - a 43 percent premium to the Japanese firm's offer."
Apple inks deal with Samsung to distribute iTunes shows on TVs,Jan 06 2019,"Samsung Electronics Co Ltd  said Sunday that it will add an app to its smart televisions in the coming months to let owners watch content bought on Apple Inc's  iTunes service, a possible first sign Apple is looking to distribute its forthcoming television service on devices made by others."
Exclusive: Big Australian fund manager divests Commonwealth Bank over misconduct,Sep 05 2018,"Wealth manager Perpetual Ltd  said it has divested Commonwealth Bank of Australia  from its A$1.3 billion ($933.6 million) ethical fund due to revelations of corporate misconduct, the first big institutional investor to do so."
"Fed could soon stop trimming $4.1 trillion portfolio, Powell says",Jan 30 2019,"The Federal Reserve may wind down its gradual asset-shedding operation sooner than thought, leaving the U.S. central bank with a bigger balance sheet than earlier anticipated, Fed Chairman Jerome Powell said Wednesday."
"Exclusive: China central bank sees benchmark rate cut as last resort, may use other tools - sources",Feb 21 2019,"China's central bank is not yet ready to cut benchmark interest rates to spur the slowing economy, despite cooling inflation and a stronger yuan, which have fanned market expectations of such a move, policy sources told Reuters."
UK wants a big U.S. trade deal but health and food standards not up for grabs,Mar 02 2020,Britain said on Monday it will seek to achieve huge gains by removing barriers to trade with the United States in talks for a deal this year but its health service would not be on the table in talks.
White House handling of U.S.-Japan trade deal angers Democrats,Nov 20 2019,"House Democrats on Wednesday blasted the Trump administration for not consulting sufficiently with Congress while negotiating a mini trade deal with Japan, failing to provide details about it and refusing to testify at a congressional hearing."
"Roche, joining rivals, donates hemophilia drug to boost access",Feb 06 2019,"Switzerland's Roche will donate its new hemophilia A drug Hemlibra to a World Hemophilia Federation program, it said on Wednesday, joining rivals who also back the effort to help patients in developing countries who face treatment hurdles."
"U.S., Mexico reach NAFTA deal, turn up pressure on Canada",Aug 28 2018,"The United States and Mexico agreed on Monday to overhaul the North American Free Trade Agreement (NAFTA), putting pressure on Canada to agree to new terms on auto trade and dispute settlement rules to remain part of the three-nation pact."
Goldman Sachs' stock-based pay ratio still much higher than rivals',Mar 26 2018,"Goldman Sachs Group Inc pays employees a much bigger portion in stock than Wall Street rivals, a trend that has come into sharper focus as the bank overhauls its business strategy."
Exclusive: HNA-linked Hong Kong Airlines seeks $255 million from backers to keep license,Apr 12 2019,"Hong Kong Airlines shareholders have demanded to see 2018 accounts before considering providing at least HK$2 billion ($255 million) needed to ensure the carrier - part owned by the indebted HNA Group - keeps its license, two sources said."
Facebook and Twitter must comply with EU consumer rules or face sanctions,Sep 20 2018,"Facebook  and Twitter  face sanctions unless they comply with European consumer rules by the end of the year, the EU said as its regulators continue to their crackdown on U.S. social media giants over privacy concerns."
"Turkish Airlines may delay delivery of Airbus, Boeing planes: report",May 27 2020,"Turkish Airlines , which halted nearly all of its passenger flights as a result of the coronavirus crisis, may delay the delivery of some Boeing  and Airbus  planes, its chairman was quoted as saying on Wednesday."
Metro will correct Russia situation soon: CEO,Jun 04 2018,"The chief executive of Metro  is hopeful that the German retailer will turn around its struggling Russian business soon, he said on Monday."
Coronavirus patients flood hospitals in Swiss canton next to Italy,Mar 19 2020,"The southern Swiss canton of Ticino on the border with Italy is being swamped with coronavirus patients and authorities are battling to find enough intensive care beds, a top public health official said on Thursday."
Ghosn lawyer says he's optimistic former Nissan head could soon win bail,Mar 04 2019,"The lawyer for former Nissan Motor Co Ltd Chairman Carlos Ghosn on Monday said he was optimistic the ousted executive could win bail in the near future, after being held in custody at a detention center in Japan for over three months."
"Wall St. slips; banks fall with prospect of rate cut, energy drops",Jun 12 2019,"Wall Street ended down slightly on Wednesday, with bank stocks declining as prospects of a U.S. interest rate cut rose and energy shares tumbling along with oil prices."
Famed Cullinan mine banks on big diamonds to drive down debt,Feb 17 2019,"The owner of one of the world's most famous diamond mines could be about a decade away from clearing its multi-million-dollar debts, in a sign of the struggles facing an industry assailed by synthetic rivals and uncertain demand."
Gucci owner Kering halts spending in China on virus fears,Feb 12 2020,"Gucci-owner Kering has temporarily shut half of its stores in China, and shelved new openings and advertising campaigns there,  as the coronavirus outbreak throws luxury brands into turmoil."
"China to parade aviation prowess at November expo, but C919 jet a no-show",Sep 13 2018,"China will show off its growing military aviation strength at its biggest airshow in November, with fighter jet flypasts and its largest display of weaponry ever, an air force spokesman said on Thursday."
"Negative U.S. rate bets persist, but seen unlikely to happen",Jul 16 2020,Negative U.S. interest rates could be the norm next year and all through to 2023 if fed funds futures are any indication. Or it could just be traders hedging their bets.
U.S. DOJ says pursuing investigations related to Malaysia's 1MDB,May 21 2018,"The U.S Department of Justice said on Tuesday it would continue to pursue investigations into 1 Malaysia Development Berhad (1MDB) and looked forward to working with Malaysian law enforcement authorities, which have reopened a probe into the fund following a change of government this month."
"Oil, copper slip as U.S.-China trade fight escalates",Aug 23 2018,Oil and copper prices edged lower on Thursday as the U.S.-China trade dispute escalated while global equity markets fell as gains in U.S. technology shares failed to offset declines in commodity-related and trade-sensitive stocks.
U.S. appeals court asks why Facebook encryption order should stay sealed,Apr 28 2020,Federal appeals court judges asked prosecutors on Tuesday why a lower court could seal a ruling that absolved Facebook from having to wiretap a criminal suspect using one of the company’s encrypted services.
"Trump says U.S., China have reached substantial phase-1 trade deal",Oct 11 2019,"President Donald Trump said on Friday the United States and China had come to a substantial phase-1 trade deal, reaching agreement on intellectual property, financial services and big agricultural purchases."
Factbox: What happens if the U.S. terminates NAFTA,Dec 05 2018,"U.S. President Donald Trump said on Saturday he would soon give formal notice to the U.S. Congress to terminate the North American Free Trade Agreement (NAFTA), giving lawmakers six months to approve a new trade deal between the United States, Mexico and Canada to replace it."
Drillers give tepid response to record U.S. offshore lease sale,Mar 21 2018,"Oil and gas drillers bid on only a tiny fraction of Gulf of Mexico acreage offered on Wednesday in the largest lease sale in American history, a setback to the Trump administration's efforts to rapidly pump up investment in the region."
France's Total sees natural gas demand far outpacing oil,Jun 25 2018,"French oil and gas company Total SA expects the global natural gas market to grow far faster than that for crude oil over the next two decades thanks to booming demand for the cleaner-burning fuel in Asia, an outlook that underpinned Total's recent big investments in the space, Chief Executive Patrick Pouyanne said on Monday."
U.S. manufacturing activity plunges to 11-year low as orders sink,May 01 2020,"U.S. manufacturing activity plunged to an 11-year low in April as the novel coronavirus wreaked havoc on supply chains, suggesting the economy was sinking deeper into recession."
Big banks score win as U.S. regulator proposes easing post-crisis derivatives rules,Sep 17 2019,"A U.S. banking regulator on Tuesday proposed easing a rule requiring banks to set aside cash to safeguard derivatives trades between affiliates, marking one of the biggest wins for Wall Street lenders under the business-friendly Trump administration."
Huawei's HiSilicon says it has long been preparing for U.S. ban scenario,May 17 2019,"Huawei Technologies' chip arm HiSilicon said on Friday it has long been prepared for the ""extreme scenario"" that it could be banned from purchasing U.S. chips and technology, and is able to ensure steady supply of most products."
"Powered by SUVs, Hyundai turns in best quarter since early 2017",Jan 22 2020,"Hyundai Motor Co  turned in its best quarterly operating profit in over two years and said it was on track for higher profit margins in 2020, powered by more sales of sport-utility vehicles (SUVs) such as the Palisade and Kona."
Alibaba founder defends overtime work culture as 'huge blessing',Apr 12 2019,"Alibaba Group founder and billionaire Jack Ma has defended the grueling overtime work culture at many of China's tech companies, calling it a ""huge blessing"" for young workers."
Over 40 countries object at WTO to U.S. car tariff plan,Jul 03 2018,"Major U.S. trading partners including the European Union, China and Japan voiced deep concern at the World Trade Organization (WTO) on Tuesday about possible U.S. measures imposing additional duties on imported autos and parts."
Exclusive: Tesla targets November 2019 for start of Model Y production - sources,Apr 11 2018,"Tesla Inc  is targeting November 2019 as the start of production for its Model Y sport utility vehicle, with production in China to begin two years later, two sources told Reuters this week, shedding some light on the electric vehicle maker's next project that could tax its resources and capacity."
"VW's Skoda targets Indian revival with tougher safety, emission rules",Feb 04 2020,Skoda is hoping government moves to drag regulations for cars sold in India up to developed market standards will help turn around its fortunes in a market where it has stalled.
Coronavirus widens the cracks in Egypt's cement industry,Jun 08 2020,The coronavirus is putting Egypt's private cement industry under even more pressure.
Deutsche Bank in partnership talks with SoftBank-backed OakNorth: source,Jul 09 2019,"Deutsche Bank  is in talks with SoftBank-backed  British fintech firm OakNorth to use the latter's credit analysis and monitoring platform, a source with knowledge of the discussions told Reuters."
Amazon opens pop-up store on China's Pinduoduo until year-end,Nov 24 2019,"Amazon.com Inc on Monday said it will open a pop-up store on Chinese e-commerce platform Pinduoduo Inc that will run until the end of December and carry a selection of about 1,000 products from overseas."
Exclusive: Saudi's Falih says no OPEC+ output policy change until June,Mar 10 2019,Saudi oil minister Khalid al-Falih said on Sunday it would be too early to change OPEC+ output policy at the group's meeting in April and that China and the U.S. would lead healthy global demand for oil this year.
"China's factory activity expands, but job losses quicken amid weak exports: Caixin PMI",Jun 30 2020,"China's factory activity grew at a faster clip in June after the government lifted coronavirus lockdown measures and ramped up support steps, but the health crisis continues to pressure exports and jobs, a private business survey showed on Wednesday."
Conoco waiting for Venezuela to pay $2 billion settlement: CEO,Sep 05 2018,"U.S. oil producer ConocoPhillips  is still awaiting payment from Venezuela on a $2 billion arbitration settlement reached last month with the country's state-run PDVSA, Chief Executive Ryan Lance said on Wednesday."
What do the Fed's latest moves mean for U.S. consumers?,Mar 16 2020,"The U.S. Federal Reserve unleashed new emergency measures on Sunday night to limit the economic harm from the coronavirus, including making it easier for banks to get money and slashing its benchmark borrowing rate to near zero."
Activists in dinghy urge Credit Suisse off climate 'collision course',Feb 15 2020,"Climate activists clad in Titanic-era costumes gathered in a rubber dinghy outside Credit Suisse's headquarters on Thursday, to urge incoming chief executive Thomas Gottstein to steer the bank off a climate ""collision course""."
Exclusive: GE seeking to shed troubled insurance business - sources,May 22 2018,"General Electric Co  is working with investment bankers to find ways to shed its insurance business, which has caused it to book hefty charges while sparking shareholder lawsuits and an investigation by U.S. regulators, people familiar with the matter said on Tuesday."
Exclusive: Top lithium miner seeks to monitor water scarcity in parched Chile salt flat,Feb 10 2020,"With residents and courts ringing the alarm about depleted water supplies in Chile's Atacama salt flat, the world's top lithium miner Albemarle  quietly filed a proposal in December for a network to monitor flows beneath the parched desert floor."
CNH Industrial's Iveco unveils first electric truck in partnership with Nikola,Dec 03 2019,"CNH Industrial's truck unit Iveco on Tuesday unveiled its first electric vehicle, the Nikola Tre, built in partnership with U.S. startup Nikola Motor Co.."
"In search of higher margins, Canada Goose to make more of its own luxury coats",Mar 21 2018,Luxury coat maker Canada Goose plans to bring more manufacturing in-house in a bid to boost margins and help it live up to lofty investor expectations as the most expensive stock among major luxury brands.
U.S.-China trade talks 'made progress' but 'significant work remains': White House,Apr 05 2019,"The White House said on Friday after three days of trade talks with Chinese officials in Washington that the negotiations ""made progress on numerous key issues"" but ""significant work remains."""
China iron ore imports fall to 18-month low in April as Brazil shipments slide,May 08 2019,"China's iron ore imports in April fell to the lowest level in 18 months as poor weather in Brazil, the country's second-biggest supplier, disrupted shipments and some production by miner Vale SA was halted after a mine accident."
Kill quarterly reporting? Some investors ring alarm bells,Aug 17 2018,"Less reporting by U.S. corporations could put shareholders in the dark, allow companies to drift off course and even make U.S. stocks less attractive and create less public company investment, some investors and analysts argue."
Elliott adds voice to calls for Whitbread break-up,Apr 16 2018,Hedge fund Elliott Advisors has become the second activist investor to call for Whitbread  to split its hotel and coffee shop businesses after emerging as the largest shareholder in the British company.
Last man standing: lonely Fed tightening spurs dollar surge,May 03 2018,"As speculation about interest rate rises and policy 'normalization' in the euro zone, Japan, Britain and China falls away rapidly, the U.S. Federal Reserve's now lonely monetary tightening has suddenly supercharged the dollar."
Ghosn lawyer says news conference canceled after his daughters raised concerns,Jun 28 2019,"Former Nissan Chairman Carlos Ghosn canceled what would have been his first news conference since he was arrested last year after his daughters expressed concern about the potential consequences, his lawyer said on Friday."
"Facebook says all directors elected, shareholder proposals rejected",May 31 2018,"All eight of Facebook Inc's  director nominees were elected at its annual meeting on Thursday, and all six shareholder proposals urging reforms, including to its voting structure and content oversight, were rejected, company executives said."
"Ant Financial appoints Simon Hu as CEO, part of Alibaba's executive shuffle",Dec 19 2019,"E-commerce giant Alibaba Group Holding Ltd  and its fintech affiliate Ant Financial announced a string of top level executive changes on Thursday, amid an ongoing restructuring following the appointment of Daniel Zhang as chairman of Alibaba."
Odebrecht offered Mexico $18 million to resolve graft cases: document,Oct 24 2018,"Mexico this year rejected an offer by Brazilian construction firm Odebrecht SA [ODBES.UL] to pay $18 million and supply information related to graft cases, according to a document and a person with knowledge of the matter, the conglomerate's latest attempt to move past a major regional corruption scandal."
Strong smartphone sales raise hopes of Samsung turnaround,Oct 08 2019,"Strong sales of Samsung Electronics' Galaxy Note 10 smartphone series are limiting forecast profit falls at the South Korean tech giant, raising hopes it is getting back on a growth track after years of moribund sales."
Majority of Americans favor wealth tax on very rich: Reuters/Ipsos poll,Jan 10 2020,"The idea of imposing a wealth tax on the richest Americans has elicited sharply divergent views across a spectrum of politicians, with President Donald Trump branding it socialist and progressive Democratic presidential contenders Senators Elizabeth Warren and Bernie Sanders prominently endorsing it."
UBS executives pledge $5 million of own cash to coronavirus fight,Apr 09 2020,"Top managers at UBS  will each contribute the equivalent of three months' salary to fight the coronavirus, its chief executive Sergio Ermotti said on Thursday after the Swiss bank bowed to pressure to suspend its dividend."
Wall Street drops after Fed chair dampens rate-cut hopes,May 01 2019,U.S. stocks ended lower on Wednesday and the S&P 500 snapped a three-day streak of record high closes as comments from Federal Reserve Chairman Jerome Powell appeared to dampen hopes the central bank could move later this year to cut interest rates.
"Volkswagen to recall 700,000 cars over roof lighting: trade magazine",Aug 20 2018,"Volkswagen  has to recall about 700,000 Tiguan and Touran cars worldwide due to a possible lighting defect, German trade magazine Kfz-Betrieb reported on Monday."
China's December property investment slows in sign of fatigue for key GDP driver,Jan 20 2019,"Growth in property investment in China cooled to the second slowest pace in 2018 in December, adding to signs of a further slackening in the real estate market in a blow to a key driver economic growth."
"Delta, United poised for most new slots at Tokyo's Haneda airport",May 16 2019,"Delta Air Lines and United Airlines are poised to win the most new daytime slots at Tokyo's Haneda International Airport in time for the 2020 Summer Olympics, according to a U.S. Department of Transportation statement on Thursday."
"Amazon extends work from home policy, still restricting travel",Jul 15 2020,"Amazon.com Inc  has extended a work-from-home policy until Jan. 8 and is continuing to ask employees to defer all non-essential travel, a spokeswoman said on Wednesday."
Oil hits 2019 high on U.S. plan to tighten squeeze on Iran,Apr 22 2019,"Oil prices jumped more than 2 percent on Monday to a near six-month high, on growing concern about tight global supplies after the United States announced a further clampdown on Iranian oil exports."
"Apple, Qualcomm gird for next phase of patent battle after mixed U.S. rulings",Mar 26 2019,Split decisions on Tuesday by a U.S. government panel in  acrimonious patent disputes between iPhone-maker Apple and chip supplier Qualcomm left their battle lines largely unchanged ahead of a U.S Federal Trade Commission ruling and a major trial next month.
Monte dei Paschi's bosses confident about turnaround plan: sources,Apr 04 2018,"The top executives of bailed-out Italian bank Monte dei Paschi di Siena  told investors in London on Wednesday the bank is making progress with its turnaround plan, two fund managers who attended the meetings said."
"Australia tells Facebook and Google to commit to competition rules, or else",Dec 11 2019,"Australia said on Thursday technology giants such as Facebook Inc  and Google  will have to agree to new rules to ensure they do not abuse their market power and damage competition, or the government will impose new controls on them."
Chevron names Brazil chief to lead Venezuela operations after arrests,Jun 17 2018,"(This version of the June 8 story corrects fourth paragraph to show La Rosa previously served as commercial manager in Venezuela, not country manager)"
"Facebook's Zuckerberg unscathed by congressional grilling, stock rises",Apr 12 2018,Facebook Inc Chief Executive Mark Zuckerberg fielded 10 hours of questions over two days from nearly 100 U.S. lawmakers and emerged largely unscathed and considerably richer.
"Ford, Jaguar slash thousands of jobs across Europe",Jan 10 2019,"Ford  and Jaguar Land Rover unveiled sweeping job cuts across Europe on Thursday as carmakers struggle with a slump in demand for diesel vehicles, tougher emissions rules and a global economic slowdown led by China."
"U.S., China made 'some progress' on structural issues in trade talks: U.S. Chamber",Jan 31 2019,"The United States and China made ""some progress"" in addressing differences over intellectual property rights and market access issues, but still have gaps in other structural issues, U.S. Chamber of Commerce officials briefed on the trade talks said on Thursday."
Caution grips European stocks ahead of U.S. mid-term results,Nov 06 2018,European shares ended a choppy session in negative territory on Tuesday as investors punished companies like Zalando that missed expectations and remained cautious while waiting for the results of U.S. mid-term elections.
"U.S. commerce secretary, Chinese vice premier to hold dinner meeting on Sat: U.S. official",Jun 02 2018,"U.S. Commerce Secretary Wilbur Ross will have a dinner meeting with Chinese Vice Premier Liu He on Saturday evening at Beijing's Diaoyutai State Guest House, a U.S. government official said."
Steve Cohen's venture firm invests in U.S. cybersecurity company,Feb 20 2019,"Billionaire investor Steve Cohen's Point72 Ventures has invested in a U.S. cybersecurity firm that will provide a way to detect, alert, and protect against data- and identity-related attacks, according to one of the venture capital company's top officials."
U.S. presidential candidate Warren calls on AT&T to reject plan she says will cost jobs,Oct 10 2019,"U.S. presidential candidate Elizabeth Warren called on AT&T Inc to reject an activist investor plan she said would lead to job cuts, staking out a different position than President Donald Trump who has cheered the investor's involvement."
"Japan, South Korea raise stakes in dispute over forced labor",Jul 10 2019,"Japan and South Korea raised the stakes on Tuesday in a dispute that threatens to disrupt global supplies of smartphones and chips, with South Korea denouncing Japanese reports it had transferred a sensitive chemical to North Korea."
Cathay Pacific shares slide to nine-year low as data leak rattles investors,Oct 25 2018,"Shares of Cathay Pacific Airways Ltd  slid nearly 7 percent to a nine-year low on Thursday after it said data of about 9.4 million passengers of Cathay and its unit, Hong Kong Dragon Airlines Ltd, had been accessed without authorization."
"Facebook, Amazon and Alphabet take center stage on Wall Street",Jul 22 2019,"The so-called FANG stocks take center stage on Wall Street this week, with Amazon , Alphabet  and Facebook  set to report as the S&P 500 approaches a record high."
"Calvin Klein owner PVH profit up 38 percent, forecast raised",Aug 29 2018,"Apparel maker PVH Corp  reported a 38 percent rise in second-quarter profit on Wednesday and raised its earnings forecasts for the year, helped by higher sales of its Calvin Klein and Tommy Hilfiger brands."
"Trump says doesn't want to talk to Xi, could even cut China ties",May 15 2020,"U.S. President Donald Trump signaled a further deterioration of his relationship with China over the coronavirus outbreak, saying he has no interest in speaking to President Xi Jinping right now and going so far as to suggest he could even cut ties with the world's second largest economy."
PSA Group may start production of Opel cars in Russia,Feb 26 2019,"French carmaker PSA Group may begin assembling Opel cars at its Russian plant in Kaluga, the company said on Tuesday, as it reintroduces the brand to the country."
Death of chairman adds to King Power uncertainty as Thai duty-free changes loom,Oct 29 2018,The death of Leicester City soccer club owner Vichai Srivaddhanaprabha adds to challenges his King Power International empire faces as its dominance of the lucrative Thai duty-free industry comes under scrutiny.
Vivendi CEO denies company wants to call Telecom Italia shareholder meeting on board,Oct 19 2018,"A report Vivendi  is thinking of calling a shareholder meeting at Telecom Italia  to appoint four more board members are off the mark, the French media group's CEO said."
Timeline: Saudi Aramco's winding road to an IPO,Dec 05 2019,"State-run oil giant Saudi Aramco has priced its initial public offering (IPO) at the top of its indicative range, making it the world's biggest flotation by raising more than Alibaba's  $25 billion listing in 2014."
"U.S., South Korea revise trade deal with quotas on Korean steel",Mar 26 2018,"The United States and South Korea agreed to revise a trade pact sharply criticized by U.S. President Donald Trump, Seoul said on Monday, with U.S. automakers winning improved market access and Korean steelmakers hit with quotas but avoiding hefty tariffs."
"Instant View: S&P rises above 3,000 level for first time since March",May 26 2020,"U.S. stocks rose above the 3,000 level for the first time since March 5 on Tuesday, continuing a rally that has pushed the benchmark index up nearly 35% from its March 23 closing low on hopes for a potential coronavirus vaccine and the reopening of businesses across the country."
Mediobanca CEO expects second-tier banks to look at M&A in 2020,Jan 29 2020,"Second-tier banks in Italy, Spain and possibly Germany are likely to consider mergers this year in a bid to boost returns which are insufficient to cover their cost of equity, the chief executive of investment bank Mediobanca said."
Aeroplane parts maker FACC scouts for takeovers and ramps up Brexit production,Feb 01 2019,"Austrian aeroplane parts maker FACC is ready to spend 500 million euros ($572 million) on acquisitions to make it less dependent on suppliers, add new technologies and strengthen its core business, its chief executive said."
Canada's tourism industry 'deeply affected' by virus outbreak: minister,Mar 06 2020,"The outbreak of the new coronavirus is hammering Canada's tourism industry, a senior government official said on Friday, as the number of visitors from China plummeted and after the cancellation of a major technology convention."
World shares inch up on Wall Street; trade worries boost safety assets,Jun 28 2018,"A gauge of global stocks eked out a gain as Wall Street closed higher on rises in financial and technology shares on Thursday, but U.S.-driven trade tensions continued to weigh on sentiment and boosted safety buying of Treasuries and German Bunds."
"Aramco trades below IPO price for first time, after OPEC pact unravels",Mar 08 2020,"Shares of Saudi state oil company Aramco  slumped below their initial public offering (IPO) price on Sunday for the first time since they began trading in December, after OPEC's pact with Russia to restrict oil supplies fell apart on Friday."
"Steel, aluminum stocks gain as U.S. moves ahead with tariffs",May 31 2018,"Shares of U.S. steel and aluminum producers gained on Thursday after the Trump administration moved ahead with tariffs on aluminum and steel imports from Canada, Mexico and the European Union, ending a two-month exemption."
"Gilead prices COVID-19 drug remdesivir at $2,340 per patient in developed nations",Jun 29 2020,"Gilead Sciences Inc on Monday priced its COVID-19 antiviral remdesivir at $2,340 per patient for wealthier nations and agreed to send nearly all of its supply of the drug to the United States over the next three months."
French 'AHTOP' tourism association urges France to act after Airbnb ruling,Dec 19 2019,France's 'AHTOP' tourism association urged the French government to take action after U.S. homesharing site Airbnb won its battle to remain exempt from onerous European property regulations.
Limited engagement: Top funds backed gunmaker Ruger board despite no talks,Aug 31 2018,"Funds run by BlackRock Inc  and Vanguard Group backed all  directors at gunmaker Sturm Ruger & Co Inc  despite the company's rare rejection of talks with the world's top asset managers, disclosures to regulators on Thursday showed."
Trump's tariff ambush risks pushing Brazil closer to China,Dec 02 2019,U.S. President Donald Trump's surprise decision to slap metals tariffs on Brazil is a blow to President Jair Bolsonaro's aim of forging closer ties with Washington and could push Latin America's No. 1 economy closer to Trump's top trade foe - China.
"Mnuchin says small business rescue loans launch Friday, despite lender confusion",Apr 03 2020,"U.S. Treasury Secretary Steven Mnuchin said he was pressing ahead with the Friday launch of a $349 billion coronavirus rescue loan program for small businesses, after conceding to bank demands to fix aspects of the program that they said could cause participating lenders legal and financial risks."
"U.S. Treasury's Mnuchin: Revoking Boeing, Airbus licenses to sell jets to Iran",May 08 2018,"Licenses for Boeing Co and Airbus to sell passenger jets to Iran will be revoked, U.S. Treasury Secretary Steven Mnuchin said on Tuesday after President Donald Trump pulled the United States out of the 2015 Iran nuclear agreement."
Britain's Big Four accountants could gain reprieve from audit reform,May 21 2019,"Britain's business ministry will consult further on sweeping reforms of the audit market, it told Reuters, stopping short of legislation demanded by lawmakers."
Renault convenes board to turn page on Ghosn era,Jan 22 2019,"Renault  has called a board meeting to replace Chairman and Chief Executive Carlos Ghosn, in a move that may begin to ease tensions with alliance partner Nissan  in the wake of Ghosn's arrest in Japan for alleged financial misconduct."
Nine state attorneys general back AT&T in Time Warner appeal,Sep 26 2018,A group of nine state attorneys general on Wednesday backed AT&T Inc  as the Justice Department asks a federal appeals court to reverse approval of the company's $85.4 billion acquisition of Time Warner Inc.
How multi-strategy funds are faring as coronavirus slashes returns,Mar 27 2020,"Just one of the world's biggest multi-strategy funds available to retail investors is in the black for the year after coronavirus panic saw markets fall across the board, data from Morningstar showed."
Fed's Bullard considers current U.S. rate setting 'slightly restrictive',Feb 07 2019,"The U.S. Federal Reserve's interest rate increase in December likely tipped monetary policy into slightly restrictive territory, a step beyond the neutral level policymakers had hoped to hit, St. Louis Federal Reserve Bank President James Bullard said on Thursday."
AirAsia X names new CEO to take over from co-founders,Nov 01 2018,Malaysia's long-haul budget carrier AirAsia X  on Thursday appointed Nadda Buranasiri as its new group chief executive officer to take over from its co-founders.
Germany's Merck makes $5.9 billion counterbid for Versum,Feb 27 2019,"German drugs and lab supplies maker Merck KGaA offered $5.9 billion, including debt, for Versum Materials, in a cash deal that tops an offer from U.S. rival Entegris, as both seek to boost their electrochemicals operations."
Instant View: Fed's Powell sees more gradual rate hikes,Apr 06 2018,"The Federal Reserve will likely need to keep raising interest rates to keep inflation under control, Fed Chairman Jerome Powell said in a speech on the economic outlook that did not address the economic risks of rising trade tensions."
Nissan to set out survival plan after expected annual loss,May 27 2020,"Nissan Motor Co  will unveil its plan to become a smaller, more cost-efficient automaker on Thursday as it looks to recover from four years of tumbling profits which are set to culminate in its first annual operating loss in 11 years."
Trump agrees to help Mexico meet global oil cut target,Apr 10 2020,"U.S. President Donald Trump said on Friday he would help Mexico contribute to global oil output reductions, in a surprise move that could break an impasse among the world's major oil producers over cutbacks aimed at stabilizing crude prices."
"Honeywell beats quarterly profit estimates, raises 2019 forecast",Jul 18 2019,"Honeywell International Inc  on Thursday reported a better-than-expected quarterly earnings and raised its full-year sales and profit forecasts, riding on higher demand for aircraft parts and spares, sending its shares up 1%."
China's JD.com boss criticizes 'slackers' as company makes cuts,Apr 13 2019,"Richard Liu, the founder of Chinese e-commerce giant JD.com Inc, has weighed in on an ongoing debate about the Chinese tech industry's grueling overtime work culture, lamenting that years of growth had increased the number of ""slackers"" in his firm who are not his ""brothers."""
Unions urge Airbus to extend output freeze due to virus fears,Mar 18 2020,"French unions are urging Airbus  to keep its French factories closed beyond March 23, when it plans to resume production after a four-day shutdown, raising questions over the knock-on impact on plants elsewhere in Europe."
Papa John's Chairman John Schnatter resigns,Jul 12 2018,"Pizza chain Papa John's International Inc  said on Wednesday its founder and former chief executive, John Schnatter, resigned as chairman of the board."
"Norwegian Air scraps 3,000 flights, plans layoffs due to coronavirus",Mar 10 2020,"Norwegian Air  will lay off staff and cut around 3,000 flights as the spread of the new coronavirus outbreak sends shockwaves across the travel industry."
Factbox: How we die: coronavirus in perspective,Mar 06 2020,"As the new coronavirus spreads and worldwide deaths linked to it top 3,400, global alarm is growing and has caused everything from consumer runs on face masks to mass school closures."
AT&T to launch wireless plans bundled with video after Time Warner win,Jun 21 2018,"AT&T Inc  will launch two new unlimited wireless plans next week that will be bundled with a new video streaming service called WatchTV, in the company's first move to pair entertainment with phone service after closing its $85 billion acquisition of media company Time Warner Inc."
Thyssenkrupp's elevator business gets at least 3 bidders: sources,Nov 12 2019,"By Tom Käckenhoff, Christoph Steitz, Arno Schuetze and Edward Taylor"
"Tesla, Elon Musk win dismissal of lawsuit over Model 3 production",Mar 25 2019,A federal judge in San Francisco dismissed for the second time a securities fraud lawsuit brought by Tesla Inc shareholders alleging that the company made misleading comments about the production status of its Model 3.
Mexico to propose NAFTA renegotiator to lead WTO: sources,Jun 07 2020,"Mexico is set to propose senior trade official Jesus Seade, who helped rework the North American Free Trade Agreement, as a candidate to be the next director-general of the World Trade Organization (WTO), sources said on Sunday."
"ArcelorMittal offers $2 billion of shares, convertibles at discount",May 12 2020,"ArcelorMittal , the world's largest steelmaker, is issuing $2 billion of shares and convertible notes at a deep discount to accelerate debt reduction plans that have been slowed by the COVID-19 pandemic."
"Prominent investors stock up on eBay, then activists flex muscle",Feb 14 2019,EBay Inc.'s stock price slumped for most of last year but a number of prominent hedge funds were so convinced that change is on the horizon for the e-commerce company that they established new or added to existing positions in the last months of 2018.
Brazil JBS workers catch COVID-19 in latest meat plant outbreak,Apr 24 2020,"A JBS SA  poultry plant in southern Brazil was hit by an outbreak of COVID-19, according to labor prosecutors, marking the first large-scale infection at a Brazilian meat plant."
French finance minister criticizes reported pay deal for Airbus boss Enders,Apr 04 2019,"French Finance Minister Bruno Le Maire on Thursday criticized a reported bumper pay deal for Tom Enders, the outgoing chief executive of planemaker Airbus."
Daimler to buy $23 billion of battery cells for electric car drive,Dec 11 2018,"Daimler  will buy battery cells worth more than 20 billion euros ($23 billion) by 2030 as it readies mass production of hybrid and electric vehicles, the maker of Mercedes-Benz cars said on Tuesday."
China's import expo logs $57.8 billion of deals: China Daily,Nov 10 2018,"Around $57.83 billion worth of deals were agreed for the year ahead at the China International Import Expo (CIIE), the official China Daily said on Saturday."
U.S. airline Republic Airways to buy 100 Embraer jets,Jul 17 2018,"U.S. regional airline Republic Airways signed a letter of intent to buy 100 E175 passenger jets made by Brazil's Embraer SA , the two companies said at the Farnborough Airshow on Tuesday."
"Sterling falls on new Brexit fears, stocks edge higher",Dec 17 2019,"The dollar rose on Tuesday amid concerns about a hard deadline for Britain to reach a new trade deal with the European Union, while global equity markets edged higher, lifted by a resurgent U.S. housing market that bodes well for the economy."
"Factbox: From phone makers to farmers, the toll of Trump's trade wars",Jun 27 2019,U.S. President Donald Trump and Chinese President Xi Jinping are expected to meet on Saturday to seek an end to a costly trade war between the world's largest economies.
"Turkey says U.S. trade sanctions could destabilize region, lira slide continues",Aug 27 2018,"Turkey warned on Monday that U.S. trade sanctions against it could destabilize the Middle East and ultimately bolster terrorism and the refugee crisis, underscoring the regional impact of Ankara's deepening rift with Washington."
"American, Spirit eye more Mobile deliveries to avoid Airbus tariffs",Oct 24 2019,"American Airlines Group  and Spirit Airlines  executives said on Thursday they were working with Airbus SE  to mitigate the impact of U.S. tariffs on European-made aircraft, including having more planes delivered from Mobile, Alabama."
American Airlines CEO says expects 737 MAX approval in near future,Nov 06 2019,"American Airlines Group  expects U.S. Federal Aviation Administration approval of Boeing Co's  grounded 737 MAX jets in the near future, Chief Executive Doug Parker said on Wednesday."
China officials optimistic for trade deal with U.S. despite APEC setback,Oct 31 2019,"Chinese officials voiced optimism that Beijing and Washington can find a way to clinch the so-called Phase One trade deal next month, despite the abrupt cancellation of the summit where the heads of state were to meet to formally sign the deal."
"IMF says ECB, ESM support key to strong EU coronavirus response",Mar 30 2020,The International Monetary Fund said on Monday the relaxation of the euro zone's fiscal rules and support from the European Central Bank and the European Stability Mechanism is critical to a strong regional response to the coronavirus pandemic.
"French official says 'not aware' of new discussions on Renault, Fiat Chrysler alliance",Jul 04 2019,"The head of French state holding APE said on Thursday he was ""not aware"" of any new discussions between Renault  and Fiat Chrysler  over a future alliance."
Israel investigating Facebook over privacy concerns,Mar 22 2018,"Israel is investigating Facebook Inc. over possible infringement of its citizens' privacy following reports that British consultancy Cambridge Analytica improperly accessed users' information, the Justice Ministry said on Thursday."
Russia to go ahead with gas pipe project despite U.S. sanctions,Dec 21 2019,"Russia's Foreign Ministry said on Saturday that Moscow will press ahead with a major Russia-to-Germany natural gas pipeline, disregarding U.S. sanctions."
Anthem shares sink as cost concerns overshadow earnings beat,Jul 24 2019,Anthem Inc  shares fell as much as 4% on Wednesday after the U.S. health insurer missed Wall Street expectations for a key medical cost gauge as a result of higher costs of selling Medicaid health plans for low-income customers.
Russia's VTB Bank says no longer lending to Deripaska: CNBC,May 23 2018,"VTB , Russia's second-largest bank, has stopped lending to sanctioned Russian metals tycoon Oleg Deripaska, VTB's President Andrei Kostin told CNBC in an interview released on Wednesday."
China's Fosun holds talks to buy Thomas Cook's main holiday business,Jun 10 2019,"The world's oldest travel company Thomas Cook edged closer to a break up on Monday after its biggest shareholder, China's Fosun Tourism, made a preliminary approach for the British group's core holiday operations."
"Nestle, under pressure, combines key R&D units",May 25 2018,Food giant Nestle plans to combine its scientific research operations into a single unit in an attempt to speed up development of new products at a time when competition from smaller rivals is intensifying.
Drugmaker Sanofi hires Hudson from Novartis as CEO,Jun 07 2019,"Sanofi has poached Paul Hudson from Novartis to replace Chief Executive Olivier Brandicourt who will retire in September, France's biggest drugmaker said on Friday, helping send its shares almost 5 percent higher."
"Europe's recession may be milder than feared, ECB's Schnabel says",Jul 07 2020,"Some economic indicators suggest that Europe's pandemic-induced recession may be milder than earlier feared, European Central Bank board member Isabel Schnabel told Dutch newspaper NRC Handelsblad."
Exclusive: Norway not happy with Gazprom-OMV asset swap deal: energy minister,May 16 2018,"Norway is not happy with an asset swap deal between Austria's OMV  and Gazprom  that would give the Russian gas giant access to the Norwegian continental shelf, the minister in charge of approving the deal has told Reuters in Norway's first comments on the matter."
Campbell to sell Bolthouse Farms for $510 million,Apr 12 2019,"Campbell Soup Co said on Friday it would sell its Bolthouse Farms business to an affiliate of private equity firm Butterfly Equity for $510 million, in the U.S. food company's first major sale as part of its plan to reduce debt."
"Tesla shares rise as Musk says Cybertruck orders hit 200,000",Nov 25 2019,"Tesla Inc shares rose 4% on Monday after Chief Executive Officer Elon Musk tweeted over the weekend that the company had already received 200,000 orders for its futuristic Cybertruck pickup."
Soaring unemployment increases odds U.S. banks will cut dividends,Apr 03 2020,"Questions are building about whether big U.S. banks will have to cut dividends later this year as the coronavirus crisis puts a record portion of Americans out of work, making it difficult for borrowers to pay back loans."
150 trucks a day: auto manufacturers contemplate headache of Brexit,Jun 26 2018,"For BMW  to run its factories in Britain, it needs 150 trucks a day full of parts and equipment to arrive from mainland Europe. It sends 118 trucks, also packed with products, in the other direction."
Ford does not rule out plant closures in Europe as part of overhaul,Jan 10 2019,"Ford  cannot rule out plant closures as part of its efforts to return its European operations to profitability, Steven Armstrong, group vice president, Europe, Middle East and Africa, said on Thursday."
Airbus shares take off after bumper Beijing order,Mar 26 2019,Airbus shares rose on Tuesday after the European planemaker won a deal worth tens of billions of dollars to sell 300 aircraft to China.
U.S. stock index futures dip ahead of big earnings week,Jul 29 2018,"U.S. stock index futures dipped late on Sunday ahead of a week when more than 140 S&P 500 companies, including Apple Inc , will report earnings."
Oil prices fall 1% as economic worries outweigh tanker tensions,Jun 17 2019,Oil prices fell more than 1% on Monday after more poor Chinese economic figures fanned fears of lower worldwide oil demand.
"U.S. Treasury extends time to divest from EN+, Gaz Group, Rusal",May 31 2018,"The U.S. Treasury Department said on Thursday it has extended the deadline for investors to divest holdings in companies covered by Russian sanctions, including EN+, Gaz Group and Rusal to Aug. 5, from June 6."
"At IPO road show, Lyft executives look to lower insurance costs",Mar 20 2019,"Lyft Inc executives are focused on cutting insurance costs and will phase in self-driving vehicles on simple routes first, they said at a road show for investors ahead of the ride-hailing company's initial public offering set for next week."
Dutch Finance Ministry: EU ruling shows Starbucks treated equally,Sep 24 2019,"An EU court ruling on Tuesday overturning an order that Starbucks  pay the Dutch state back taxes shows the multinational ""was treated the same as other companies,"" the Dutch Finance Ministry said."
Saudi Aramco to sign 15 deals worth more than $30 billion: state TV,Oct 23 2018,"Oil giant Saudi Aramco will sign 15 deals worth more than $30 billion, said Saudi state-owned TV Ekhbariya."
"Stocks dip, oil gains as Syria fears go on; U.S. bank shares fall",Apr 13 2018,"Oil prices extended recent gains and a gauge of global stocks eased on Friday as concern over a broader conflict in Syria left investors nervous, while U.S. bank shares led Wall Street lower."
Fed's Evans: too early to cut growth outlook or rates on coronavirus,Feb 27 2020,"Chicago Federal Reserve Bank President Charles Evans said on Thursday it was too soon to say if the U.S. growth forecast would be lowered due to the coronavirus epidemic, let alone if the U.S. central bank would need to cut rates. ."
"Wall Street stocks climb, dollar drops on rate-cut optimism",Jul 12 2019,"Wall Street stocks closed higher and the dollar fell on Friday as investors prepared for a U.S. interest-rate cut, while oil futures were little changed as a forecast for a global crude surplus offset worries about U.S. output declines due to a tropical storm."
GM says it favors fuel-efficiency rules based on historic rates,Oct 29 2018,"General Motors Co  backs an annual increase in fuel-efficiency standards based on ""historic rates"" rather than tough Obama era rules or a Trump administration proposal that would freeze requirements, according to a federal filing made public on Monday."
Huawei CFO seeks bail on health concerns; Canada wants her in jail,Dec 09 2018,"The CFO of China's Huawei Technologies Co Ltd [HWT.UL] argued that she should be released on bail while awaiting an extradition hearing, citing her longstanding ties to Canada, properties she owns in Vancouver and fears for her health while incarcerated, court documents showed on Sunday."
Novartis to pay $310 million for assets from inflammation specialist IFM,Apr 01 2019,"Novartis on Monday said it had agreed to pay $310 million upfront, with the possibility for more later, for some research assets of Boston-based inflammation specialist IFM Therapeutics as the Swiss drugmaker expands its immunology pipeline."
Singapore Airlines grounds two 787-10s citing Rolls-Royce engine problem,Apr 02 2019,Singapore Airlines Ltd said on Tuesday it had grounded two Boeing Co 787-10 jets fitted with Rolls-Royce Holdings PLC Trent 1000 TEN engines after checks of its fleet found premature blade deterioration.
Chanel warns virus impact will linger on luxury sector,Jun 18 2020,"The luxury industry will feel the fallout from the coronavirus crisis for the next two years if not longer, Chanel's chief financial officer said on Thursday, warning the French fashion label's 2020 revenues and profit would be significantly hit."
Netflix to let viewers pick how TV episodes and movies will end: Bloomberg,Oct 01 2018,"Streaming giant Netflix Inc will now allow users to choose how a TV episode or movie will end as it pushes further into Interactive TV, Bloomberg reported on Monday."
"Greenlight's David Einhorn pitches long on AerCap, short on GATX at Sohn Conference",May 06 2019,"David Einhorn, president of Greenlight Capital, at the Sohn Investment Conference on Monday said his firm is positive on airplane leasing company AerCap Holdings and negative on railcar leasing company GATX Corp."
Fed officials suggest U.S. recovery may be stalling,Jul 08 2020,"Federal Reserve officials raised fresh doubts on Wednesday about the durability of the U.S. recovery, while new business surveys highlighted developing risks from the relentless coronavirus pandemic."
"WTO must decide if U.S. complied with Boeing aid ruling, Airbus says",May 06 2020,"The World Trade Organization must decide whether the United States has fully complied with WTO rulings on illegal government aid to Boeing Co , and that process could take some time, a spokesman for Airbus said on Wednesday."
'No truth' in report of possible Target-Kroger merger: source,Mar 23 2018,"There is no truth to a report of merger talks between retailers Target Corp  and Kroger Co , a source familiar with the matter told Reuters on Friday."
Ford's China JV Changan eyes sales rebound at end-2019: president,Apr 16 2019,"China's China Changan Automobile Group expects sales at its joint venture with Ford Motor Co to rebound at the end of this year as the U.S. automaker boosts its China product line, Changan's president said on Tuesday."
"Pfizer to spinoff, merge off-patent drugs unit with Mylan",Jul 29 2019,"Pfizer Inc  has agreed to spin off its off-patent branded drugs business and combine it with generic drugmaker Mylan NV , a move that leaves Pfizer with its more profitable innovative drugs, including cancer treatment Ibrance and pneumonia vaccine Prevnar."
Factbox: How man-made diamonds have grown to threaten natural gems,Dec 21 2018,The growing acceptance of man-made diamonds by millennials has spurred De Beers to reverse its policy of shunning the sector for jewelry and to launch its own laboratory-grown diamonds through its Lightbox jewelry brand.
Toll Brothers profit beat clouded by weakness in orders,Aug 20 2019,"Toll Brothers Inc  reported a better-than-expected quarterly profit on higher home prices, but its shares fell as orders declined, hinting at weaker demand for new homes."
Fed's Powell says U.S. expansion is 'sustainable',Oct 08 2019,"Federal Reserve chairman Jerome Powell on Tuesday flagged openness to further rate cuts to fend off global economic risks, repeating that the central bank will act ""as appropriate"" amid an economy that he said is likely to continue to expand."
Target says payments vendor faces glitch; registers back online,Jun 16 2019,Target Corp on Sunday said it was unable to process select card payments at some stores for nearly 90 minutes due to a vendor-related issue – the second consecutive outage faced by the retailer in a week.
Trump says China trade deal may be signed shortly after January 15,Jan 09 2020,"U.S. President Donald Trump, who announced last month that the Phase 1 trade deal with China would be signed on Jan. 15, said on Thursday the agreement could be signed ""shortly thereafter."""
Factbox: Airlines count mounting costs of the coronavirus shock,Mar 11 2020,Airlines across the globe are feeling the pain as travel demand withers because of the coronavirus outbreak. Several have  grounded many flights and ditched their financial outlooks.
"Americans splurge at Walmart, Target as stimulus checks kick in",May 21 2020,The Trump Administration's coronavirus relief payment provided a fillip to sales of major retailers in April as millions of Americans used the money to buy everything from video games to sewing machines even as the country struggles with record job losses.
Honda to recall 1.2 million vehicles in North America to replace Takata airbags,Mar 12 2019,Honda Motor Co said on Tuesday it would recall 1.2 million Honda and Acura vehicles in North America to replace defective Takata airbags on the driver's side.
Takeda shareholders bin proposal from anti-Shire group; only 10 percent in favor,Jun 28 2018,"A group of Takeda Pharmaceutical Co Ltd  shareholders, who are trying to build support to block the $62 billion acquisition of London-listed Shire Plc , failed to get a proposal passed at the drugmaker's annual general meeting (AGM) on Thursday."
Rich world's jobs crisis jolts money flows to millions,Jun 01 2020,"Carlos Sosa, a Salvadoran waiter in New York, used to send up to $500 a month back home to his mother to help pay for her medical bills and food. But now, after the coronavirus hit and he lost his job in early March, Sosa has burned through his savings and the wire transfers have stopped."
"Gucci to add sparkle with high-end jewels, Kering's Pinault says",Nov 30 2018,"Gucci, the Italian fashion label driving revenue growth at French luxury group Kering , will branch into high end jewelry with a collection in June or July, Kering boss Francois-Henri Pinault said in a newspaper interview on Friday."
Starbucks to add more plant-based food in latest green push; Beyond Meat shares jump,Jan 21 2020,"Starbucks Corp  aims to add more plant-based food and drinks to its menu as part of the company's latest plan to become more environmentally friendly, Chief Executive Kevin Johnson said on Tuesday, prompting a surge in shares of Beyond Meat Inc ."
"JPMorgan commits $50 million to businesses, people affected by coronavirus",Mar 18 2020,"JPMorgan Chase & Co  said on Wednesday that it committed $50 million to funds and community groups that are providing food, support and medical supplies for people hurt by the coronavirus in the United States, Europe and Asia."
"Microsoft, BMW launch industrial cloud technology partnership",Apr 02 2019,Microsoft Corp and BMW Group on Tuesday launched an initiative to create an Open Manufacturing Platform that seeks to stimulate innovation and accelerate the development of 'smart' factories.
Sodexo's sport and leisure business targets China in growth drive,Feb 12 2019,"Sodexo's sport and leisure business, which provides catering at the U.S. Super Bowl, Royal Ascot and the Eiffel Tower, will focus on organic growth as it integrates its 2017 U.S. acquisition Centerplate."
Nvidia forecast lags Wall Street as crypto demand evaporates,Aug 17 2018,"Nvidia Corp  shares fell as much as 5 percent in after-hours trading on Thursday after the chip maker said cryptocurrency-fueled demand had dried up and it forecast sales below Wall Street targets, overshadowing quarterly results that otherwise beat expectations."
"Boeing 737 MAX grounding a drag on Canadian investment in machinery, equipment",Oct 30 2019,"The global grounding of Boeing's  737 MAX jet is weighing on Canadian economic investment in machinery and equipment, with carriers unable to take deliveries of the planes, the Bank of Canada said on Wednesday in a report."
Budget carrier XL Airways seeks rescue deal with Air France,Sep 22 2019,French airline XL Airways has called on Air France  to discuss a rescue deal to avert the collapse of the budget carrier that halted ticket sales and payments last week.
Mexican official eyes stronger ties with China after U.S. trade deal,Jan 19 2020,"Mexico should move to deepen its economic ties with China after U.S. congressional approval of a new North American trade deal, a senior Mexican official said late on Saturday."
"Amazon picks New York City, Washington D.C. area for new offices",Nov 29 2018,"Amazon.com Inc  picked America's financial and political capitals for massive new offices on Tuesday, branching out from its home base in Seattle with plans to create more than 25,000 jobs in both New York City and an area just outside Washington, D.C."
Australia TPG's fate tied to courts after watchdog scuppers $10 billion phone deal,May 09 2019,"Australian internet firm TPG Telecom Ltd's best bet to recover from the serious blow dealt by regulators who blocked its $10 billion merger bid with a rival lies with the courts, with analysts doubting any alternative plans can succeed."
Boeing brings back humans after automation problems on 777 assembly,Nov 14 2019,"Boeing Co  has scaled back use of automation to make fuselage sections for its 777 jetliners amid reports of reliability issues and returned to having mechanics do some of the work, the planemaker said on Thursday."
Pence seeks 'tangible measures' from Mexico on migrant crisis,Jun 05 2019,"Ahead of high-stakes White House talks with Mexico on Wednesday, U.S. Vice President Mike Pence was looking for a comprehensive suite of proposals from visiting officials about stopping the surge of migrants from Central America, a White House official said."
Exclusive: Chinese exporters concerned about U.S.-China trade spat - survey,Apr 17 2018,"As Washington and Beijing face off in a simmering trade dispute, Chinese exporters are expressing concerns about an escalation, although many say they expect the worst to be averted as negotiations continue."
"U.S. auto tariffs, no-deal Brexit are major risks for trade growth: WTO",Apr 02 2019,"The imposition of tariffs on U.S. imports of cars would have a bigger impact on the world economy than the U.S.-China trade war has had to date, while a ""no deal"" Brexit could also weigh on trade growth, the WTO's chief economist said on Tuesday."
Pompeo voices optimism for good outcome on U.S.-China trade,Jan 22 2019,U.S. Secretary of State Mike Pompeo voiced optimism on Tuesday for a good outcome in upcoming trade talks with China and said a superpower conflict between the two nations could be avoided.
Hyundai bet big on China. Now coronavirus is twisting its supply chain,Feb 13 2020,"South Korean car giant Hyundai Motor  has increasingly relied on China to supply auto parts to its manufacturing hub at home in recent years. As the coronavirus spreads, its strategy could be backfiring."
How Trump's steel tariffs kick the can business,May 10 2018,"The president of Pacific Coast Producers (PCP) plans to use around 700 million tin-coated steel cans this year for tomatoes, peaches and pears from 168 growers here in California."
"Oil ends lower after U.S. crude stockpiles jump, gasoline demand sinks",Apr 02 2020,"Oil prices fell on Wednesday after U.S. crude inventories rose last week by the most since 2016, while gasoline demand suffered its biggest weekly drop ever due to the coronavirus pandemic."
Trump says U.S.-China trade deal will be signed on January 15,Dec 31 2019,"U.S. President Donald Trump said on Tuesday that Phase 1 of trade deal with China would be signed on Jan. 15 at the White House, though considerable confusion remains about the details of the agreement."
Big U.S. investors use summer sell-off to ramp up bets,Aug 05 2019,The summer sell-off is finally here - and not all U.S. investors are rattled by it.
French finance minister says no plans to sell stake in Air France-KLM,Sep 27 2018,"France has no plans for now to sell its stake in Air France-KLM  and the priority is to increase the competitiveness of the group's French unit, Finance Minister Bruno Le Maire said on Thursday."
"Barry Callebaut, Dutch partners launch sustainable mass-market chocolate",Nov 29 2018,"Swiss chocolate maker Barry Callebaut  on Thursday signed a partnership with Dutch No.1 retailer Albert Heijn to make its private-label chocolate fully traceable from 2019, reflecting consumers' growing interest in ethical sourcing."
"Impact of virus turmoil would hit Deutsche Bank later this year, not in first-quarter: executive",Mar 18 2020,"The impact of the current turmoil related to the coronavirus is more likely to affect Deutsche Bank  later this year rather than in the first quarter, an executive said on Wednesday."
Amazon raises minimum wage rates in Britain,Oct 02 2018,"Amazon said on Tuesday it is raising its minimum wage in Britain to 10.50 pounds ($13.59) an hour for all employees in the London area and 9.50 pounds an hour for staff in all other parts of the country, effective from Nov. 1."
Bid for Cirque du Soleil dismissed as 'pure fiction' by lenders,Jun 30 2020,A stalking horse bid for Cirque du Soleil Entertainment Group was dismissed as inadequate by lenders during a Quebec court hearing into the company's restructuring on Tuesday.
China's big three airlines seek Boeing compensation over 737 MAX grounding,May 22 2019,"China's three biggest airlines have asked U.S. planemaker Boeing Co to compensate them for losses caused by the grounding and delayed deliveries of 737 MAX jets, just as regulators gather to discuss design changes for the troubled aircraft."
Walmart temporarily limits 'non-business critical travel' to China,Jan 31 2020,"Walmart Inc , the world's largest retailer, said it is temporarily limiting ""non-business critical travel"" to China amid the coronavirus outbreak."
Hyundai Motor says reviews investing in contract manufacturing,Jun 04 2018,"Hyundai Motor  on Monday conducted due diligence on a contract car manufacturing plant site for possible investment, as the South Korean firm seeks ways to cut costs and conserve capital to develop new technologies such as electric vehicles."
Japan prosecutors likely to build new criminal case against Ghosn: Asahi,Nov 23 2018,"Japanese prosecutors are likely to build a new criminal case against ousted Nissan Motor  Chairman Carlos Ghosn for understating his remuneration by 3 billion yen ($27.0 million) over three years from fiscal 2015, the Asahi newspaper reported on Friday."
Renault's board 'studying with interest' Fiat Chrysler deal terms,May 27 2019,"French carmaker Renault said it was ""studying with interest"" the terms of the proposed merger with Fiat Chrysler (FCA)."
Coke profits get health kick in third quarter,Oct 30 2018,"Coca-Cola Co's quarterly revenue and profit topped Wall Street expectations on Tuesday, as investments to cater to changing consumer tastes paid off with higher sales of its sugar-free sodas and vitamin waters."
Trump says U.S. may not impose more tariffs on China,Nov 16 2018,"U.S. President Donald Trump said on Friday that he may not impose more tariffs on Chinese goods after Beijing sent the United States a list of measures it was willing to take to resolve trade tensions, although he added it was unacceptable that some major items were omitted from the list."
Facebook would have to pay $3.50 per month to U.S. users for sharing contact info: study,Feb 25 2020,"German Facebook users would want the social media platform to pay them about $8 per month for sharing their contact information, while U.S. users would only seek $3.50, according to a study of how people in various countries value their private information."
Carlos Ghosn sues Nissan-Mitsubishi in the Netherlands: paper,Jul 20 2019,"Carlos Ghosn has launched a court case in the Netherlands against Japanese carmakers Nissan Motor  and Mitsubishi Motors , who ousted him as chairman of their alliance last year on charges of embezzlement, Dutch newspaper NRC reported on Saturday."
"U.S., China commit to solve trade dispute through dialogue: Xinhua",May 04 2018,"China and the United States have reached a consensus on some areas of their trade dispute but still have relatively big disagreements on others, China's official Xinhua news agency said in a microblog post on Friday."
"U.S. consumer confidence rises; COVID-19, unemployment shadow lingers",Jun 12 2020,"U.S. consumer sentiment perked up in early June as households cheered the reopening of businesses and a surprise rebound in hiring, though they did not expect a significant improvement in the economy amid fears of a resurgence in COVID-19 infections."
"GM Oshawa plant resumes production, supplier strike ends",Feb 08 2019,"Production resumed at General Motors' assembly plant in Oshawa, Ontario on Friday afternoon, ending a near three-hour standstill, after striking workers at seat supplier Lear Corp returned to work, the autoworkers' union said."
Dow posts biggest one-day drop since October as recession fears take hold,Aug 14 2019,Wall Street sold off sharply on Wednesday as recession fears gripped the market after the U.S. Treasury yield curve temporarily inverted for the first time in 12 years.
China's long-term growth will not be affected by COVID-19: stats bureau,Apr 17 2020,"China's long-term growth potential will not be affected by the short-term impact of the coronavirus pandemic, a spokesman for the National Bureau of Statistics said on Friday."
No time frame for UK's cut in gambling machine stakes: minister,May 17 2018,"The British government has not set an exact timetable for implementing a decision to slash the maximum stake on fixed odds betting terminals to 2 pounds from the current 100 pounds, the minister responsible for the sector said on Thursday."
"Fed sees no rate hikes in 2019, sets end to asset runoff",Mar 20 2019,"The U.S. Federal Reserve on Wednesday brought its three-year drive to tighten monetary policy to an abrupt end, abandoning projections for any interest rate hikes this year amid signs of an economic slowdown, and saying it would halt the steady decline of its balance sheet in September."
India soars above global average in hiring female airline pilots,Sep 05 2018,"When Shweta Singh wanted to become a pilot in India 20 years ago, she had to first persuade her parents to let her pick an uncommon profession for women, then deal with unwelcoming male colleagues in the cockpit."
Finland's Supercell reports sales up 2% while core earnings slip,Feb 11 2020,Finland's biggest game maker Supercell reported on Tuesday its full-year 2019 sales rose 2% to 1.39 billion euros ($1.52 billion) although core earnings slipped 4%.
Story on Ghosn's exit from Japan is withdrawn,Jan 03 2020,"This story, first published at 1243 GMT, has been withdrawn pending more reporting."
Las Vegas Sands scraps plans for Japan integrated resort casino project,May 13 2020,"Las Vegas Sands  said it has ended plans to open an integrated resort (IR) casino in Japan, dealing another blow to Japan's attempts to energise its economy through tourism."
"Austrian Airlines, government agree financing package: Kurier",May 26 2020,"Austria's government and Lufthansa-owned carrier Austrian Airlines  on Tuesday reached agreement on loans for the airline and to keep Vienna airport as a long-haul hub, a major step forward in the rescue negotiations, daily Kurier said."
"Shares in Deutsche Bank, Commerzbank up after merger talks confirmed",Mar 18 2019,Shares in Deutsche Bank and its smaller German peer Commerzbank were indicated to open higher on Monday after the two lenders on Sunday confirmed merger talks.
Fed official pushes back on calls for more congressional oversight,Mar 29 2018,"A Federal Reserve policymaker pushed back on calls from two U.S. senators for the nominee to a high-profile job at the Fed to testify before Congress, saying such a rule could hurt the central bank's independence from political pressure."
Coronavirus brings jet refinancing boost: Avolon CEO,Feb 12 2020,"Major aircraft lessor Avolon and its peers stand to benefit from the coronavirus outbreak as airlines shore up cash by refinancing their planes, the Dublin-based firm said on Wednesday."
NYSE takes steps to keep coronavirus from trading floor: memo,Mar 11 2020,"The New York Stock Exchange is taking steps to separate traders on the floor of its iconic 11 Wall Street building and employees of the NYSE and its parent Intercontinental Exchange Inc , to reduce the risk of spreading coronavirus, according to an internal memo sent Wednesday."
"Netflix shares plunge as global growth falls short, U.S. customers shrink",Jul 18 2019,"Netflix Inc  said on Wednesday it lost U.S. streaming customers for the first time in eight years and missed targets for new subscribers overseas, an announcement that jarred investors ahead of looming competition."
"India orders antitrust probe of Amazon, Walmart's Flipkart",Jan 13 2020,India ordered an investigation of Amazon.com Inc and Walmart's Flipkart on Monday over alleged violations of competition law in the latest setback for U.S. e-commerce giants operating in the country.
Brazilian police refer ex-BRF executives to prosecutors in food probe,Oct 15 2018,"Brazilian police have referred two former executives of food  processor BRF SA  to federal prosecutors in an investigation into food safety that disrupted meat production  in 2017, documents seen by Reuters showed on Monday."
Ex-State Street executive cheated clients with secret fees: U.S. prosecutor,Jun 05 2018,"A former State Street Corp  executive directed a fraudulent scheme to overcharge several of the bank's clients, including Kuwait's sovereign wealth fund, by applying secret commissions to billions of dollars' worth of trades, a U.S. prosecutor told jurors on Tuesday."
People are our greatest asset. Wanna buy them?,Nov 19 2018,"Eastern Europe's chronic labor shortage is feeding into corporate takeover activity, with some companies making acquisitions to snap up skilled workers or obtain expertise needed to expand their businesses."
Khamenei says Iran does not have anything to be concerned about,Aug 08 2018,"Iran's utmost authority Supreme Leader Ayatollah Ali Khamenei said the Islamic Republic had nothing to be concerned about, a report on his official website said on Wednesday, as the country's clerical leadership faces biting U.S. sanctions."
Italy set to grant funds to keep Alitalia afloat: source,Dec 02 2019,"Italy is set to free up funds for loss-making airline Alitalia on Monday as Rome struggles to find investors to keep it afloat, a political source told Reuters."
"Linde, Praxair get EU approval for $82 billion deal, await U.S. decision",Aug 20 2018,German industrial gases group Linde  and U.S. rival Praxair  secured conditional EU antitrust approval on Monday for their $82 billion merger but still have to clear a major hurdle with U.S. enforcers.
"Amazon recommends New York, New Jersey employees work from home due to virus",Mar 09 2020,"Amazon.com Inc  has extended its work-from-home advisory to include employees in New York and New Jersey, the company said Monday, as the world's largest online retailer and other corporations aim to lower the risk of coronavirus transmission among their ranks."
Macy's long-time CFO Karen Hoguet to retire next year,Apr 04 2018,Department store operator Macy's Inc  said on Wednesday Chief Financial Officer Karen Hoguet will retire in February next year.
"Bayer open for drug licensing deals, cutting debt remains priority",Sep 05 2018,Bayer is ready to spend money on more drug licensing agreements like last year's deal with Loxo Oncology but its priority is to reduce debt after the takeover of Monsanto.
"Uber, Didi slam Mexico City's new rules on ride-hailing, including cash ban",Apr 25 2019,"Uber, Didi Chuxing and other ride-hailing firms on Thursday criticized a host of new regulations of the sector in Mexico's capital city, which include a ban on cash fares that could exclude many potential customers who lack bank accounts."
EU to rule on AMS's 4.6 billion euro bid for Osram by July 6,Jun 02 2020,"EU antitrust regulators will decide by July 6 whether to clear Austrian sensor maker AMS's  4.6 billion euro ($5.14 billion) bid for German lighting group Osram  after a preliminary review, a European Commission filing showed on Monday."
"Google invests $700 million in Danish data center, secures green energy",Nov 20 2018,Google will invest almost $700 million in a Danish data center powered by the abundant green energy that underpins power-
Tesla in advanced talks with LG Chem on battery supply in China: source,Aug 23 2019,"U.S. electric vehicle maker Tesla Inc  is in advanced talks with South Korea's LG Chem Ltd  to source batteries for vehicles to be made in its Shanghai plant, a person familiar with the matter said."
German carmakers join American farmers on front line of U.S.-China trade war,Jun 22 2018,An increasingly shrill exchange of words between the United States and China that is threatening to trigger a global trade war has claimed another victim - Germany's auto sector.
Audi's detained CEO questioned by prosecutors over emissions scandal:  source,Jun 20 2018,"Munich prosecutors questioned Audi's arrested Chief Executive Rupert Stadler about a global diesel-cheating scandal on Wednesday, a person familiar with the matter told Reuters."
EU goods trade gaps with U.S. and China widen,Jul 16 2019,"The European Union's trade surplus in goods with the United States and its deficit with China both increased in the first five months of 2019, figures that could add extra strain to global tensions."
Ryanair sidesteps unions by ramping up ultra-low-cost unit,Dec 04 2018,"Ryanair  is ramping up a new subsidiary with weaker labor rights to better compete in eastern Europe, infuriating staff and unions by bypassing concessions granted during a year of industrial strife."
"IMF says governments should offer cash transfers, tax relief to ease coronavirus effects",Mar 09 2020,"Government policymakers will need to implement “substantial” targeted fiscal, monetary and financial market measures to combat the economic impact from the rapidly spreading coronavirus, International Monetary Fund chief economist Gita Gopinath said on Monday."
"Special Report: Little known to many investors, cryptocurrency reviews are for sale",Nov 27 2018,"When cryptocurrency issuers want positive coverage for their virtual coins, they buy it."
U.S. says March 1 'hard deadline' for trade deal with China,Dec 10 2018,"Unless U.S.-China trade talks wrap up successfully by March 1, new tariffs will be imposed, U.S. Trade Representative Robert Lighthizer said on Sunday, clarifying there is a ""hard deadline"" after a week of seeming confusion among President Donald Trump and his advisers."
Top House Republican McCarthy confirms deal reached on small business loan bill,Apr 21 2020,The top Republican in the U.S. House of Representatives said on Tuesday that a deal had been reached to replenish funding for an emergency program that extends loans to small businesses hit by a drop in demand due to the coronavirus pandemic.
Foreign airlines to face new rivals on popular China routes as restrictions ease,Sep 26 2018,"Foreign airlines that fly on 20 popular long-haul routes to China will face fresh competitive pressure as Beijing begins to ease decade-old restrictions on Oct. 1, allowing more Chinese carriers to offer service."
"DowDuPont profit falls 28 percent on delayed shipments, weak chemical demand",May 02 2019,"DowDuPont Inc posted a 28 percent slump in quarterly profit on Thursday, as floods in the United States delayed seed shipments and demand for its specialized chemicals used by the auto and smartphone industries declined, sending shares down about 6 percent."
U.S. expands blacklist to include China's top AI startups ahead of trade talks,Oct 09 2019,"The U.S. government widened its trade blacklist to include some of China's top artificial intelligence startups, punishing Beijing for its treatment of Muslim minorities and ratcheting up tensions ahead of high-level trade talks in Washington this week."
U.S. finalizes rule to slap duties on countries that undervalue currencies,Feb 03 2020,"The U.S. Commerce Department on Monday finalized a new rule to impose anti-subsidy duties on products from countries that it has determined undervalue their currencies against the dollar, including potentially China."
Hyundai Motor says reviews investing in contract manufacturing,Jun 04 2018,"Hyundai Motor  on Monday conducted due diligence on a contract car manufacturing plant site for possible investment, as the South Korean firm seeks ways to cut costs and conserve capital to develop new technologies such as electric vehicles."
McDonald's considering deferring rent for franchisees amid virus outbreak,Mar 17 2020,"McDonald's Corp  is considering rent deferral and other measures to ensure liquidity at its franchisees around the world, amid curbs on dine-in restaurants to contain the spread of the coronavirus, a regulatory filing showed on Tuesday."
"Argentine peso, bonds whiplashed after capital controls imposed",Sep 03 2019,Argentine bond prices fell to record lows on Monday and the official and black market pesos diverged after the country imposed capital controls in a bid to stem a currency rout that is sharpening the risk of default.
Philly refinery sale expected to close next week for $27.5 million less,Jun 19 2020,"A sale of the Philadelphia Energy Solutions oil refinery site to real estate developer Hilco is expected to close next week for $27.5 million less than planned, the bankrupt refiner said in a court filing."
It's okay to laugh again: Advertisers prepare for post-coronavirus economy,May 04 2020,"Sad piano chords, somber shots of empty streets and close-ups of people staring out their windows. So prevalent were coronavirus-themed ads that followed a similar template just a few weeks ago, they were parodied in a YouTube compilation video: ""Every COVID-19 Commercial is Exactly the Same."""
Traders add to bets against further Fed rate hikes,Jan 30 2019,"U.S. short-term interest-rate futures erased earlier losses and swung higher on Wednesday after the Federal Reserve said it will be ""patient"" on future interest rate hikes."
"Trump, with a wag, asks Putin not to meddle in U.S. elections",Jun 28 2019,"President Donald Trump on Friday sardonically asked his Russian counterpart to please not meddle in U.S. elections, appearing to make light of a scandal that led to an investigation of his campaign's contact with the Kremlin during 2016 elections."
"Canada panel urges taxes and domestic content rules for Netflix, other U.S. firms",Jan 29 2020,"Ottawa should require U.S. tech companies such as Netflix , Amazon  and Facebook  to collect the same taxes as Canadian companies and also be subject to the same requirements for supporting domestically produced content, a Canadian government-mandated panel recommended on Wednesday."
Iran's Rouhani says Aramco attacks were a reciprocal response by Yemen,Sep 16 2019,"An attack on Saudi Arabia's Aramco oil facilities was a reciprocal measure by ""Yemeni people"" to assaults on this country, said Iranian President Hassan Rouhani on Monday, hours  after a Saudi-led coalition said the attacks were carried out with Iranian weapons."
ECB's tiered rate is cold comfort for euro zone banks,Sep 12 2019,"The European Central Bank is giving euro zone banks a small reprieve from a penalty charge on their idle cash but this is likely to prove too little, too late for a sector hurt by years of low interest rates."
China says it will take 'more steps' to protect interests if U.S. enacts tariffs,Aug 26 2019,China's said it is ready to take more steps to protect its interests if the United States moves ahead in enacting new tariffs.
Lockheed looking to shift sourcing F-35 parts to U.S. from Turkey: CEO,Jul 23 2019,Lockheed Martin Corp  said on Tuesday it has been working to establish alternate supply sources for F-35 parts in the United States after the Pentagon decided last week https://reut.rs/2y5bKbX to remove Turkey from the fighter jet program.
U.S. business inventories rebound in October,Dec 13 2019,"U.S. business inventories increased in October, lifted by stocks at retailers, suggesting inventory investment could again contribute to economic growth in the fourth quarter."
"Policymakers will tread carefully on tax reform after Apple ruling, says Ireland's Donohoe",Jul 15 2020,"Policymakers will pay greater care to the legal foundations of corporate tax reforms after an EU order for Apple to pay 13 billion euros ($14.9 billion) in Irish back taxes was rejected in court, Ireland's finance minister said on Wednesday."
California synagogue shooting casts harsh light on mutual-fund darling Cloudflare,Apr 30 2019,"The gunmen accused of attacking U.S. synagogues and New Zealand mosques over the past six months brewed their ideas on online hate sites, pulling U.S. cyber-defense firm Cloudflare Inc into a debate on the balance between online speech and security."
Dish founder Ergen says he asked for senator's help on T-Mobile/Sprint,Dec 18 2019,Dish Network Corp Chairman Charlie Ergen testified on Wednesday that the Justice Department's antitrust chief advised him on June 10 to ask a senator to speak to the Federal Communications Commission about approving a key piece of the merger of wireless carriers T-Mobile and Sprint.
"UK pay settlements slow in December, start 2020 cautiously: XpertHR",Jan 22 2020,"British employers offered their staff a median annual pay settlement of 2.2% in the three months to December, down from 2.6% in the three months to November, industry data showed on Thursday."
Huawei prepares for 40%-60% fall in international smartphone shipments: Bloomberg,Jun 16 2019,"Huawei Technologies Co Ltd is preparing for a 40% to 60% decline in international smartphone shipments, Bloomberg reported on Sunday."
OPEC October oil output jumps on swift Saudi recovery: Reuters survey,Oct 31 2019,"OPEC oil output has bounced in October from an eight-year low as a rapid recovery in Saudi Arabian production from attacks on oil plants more than offset losses in Ecuador and voluntary curbs under a supply pact, a Reuters survey found."
Shifting sands of inflation unsettle top bankers at Riyadh G20 meeting,Feb 23 2020,"Central bankers from the United States, Japan and the euro zone meeting in the desert kingdom of Saudi Arabia this weekend had their own shifting sands to cross – those of elusive inflation."
"Instant View: Wall Street backslides on economic gloom, uptick in virus cases",Jun 11 2020,"Wall Street indexes nosedived on Thursday, on track for their worst days since early in the coronavirus pandemic as investors reassessed a stocks resurgence after the Fed issued a gloomy growth forecast and infections showed signs of upswing."
Oil rises as Libya declares force majeure in oilfields,Jan 20 2020,"Oil prices rose to their highest in more than a week on Monday after two large crude production bases in Libya began shutting down amid a military blockade, risking reducing crude flows from the OPEC member to a trickle."
Boeing begins crucial certification test flights for grounded 737 MAX,Jun 30 2020,"Boeing Co began a series of long-delayed flight tests of its redesigned 737 MAX with regulators at the controls on Monday, hoping to win approval and rebuild its reputation after fatal crashes that toppled its leaders and grounded the jet worldwide."
U.S. voices concern about detention of Canadian in China,Dec 11 2018,"The U.S. State Department expressed concern on Tuesday about reports a Canadian citizen has been detained in China following the arrest of Huawei Technologies' [HWT.UL] chief financial officer in Canada, and it urged Beijing to end arbitrary detentions."
"Oil falls on dim OPEC demand outlook, pares gains from Gulf of Mexico storm",Jul 11 2019,"Oil prices fell on Thursday as OPEC forecast slower demand for its crude next year, with crude futures easing from their highest in more than a month after U.S. producers cut about half of their output in the Gulf of Mexico ahead of what could be one of the first major storms of the Atlantic hurricane."
Progress in U.S.-China trade talks sparks world stock rally,Feb 15 2019,Progress in the U.S.-China trade talks helped send world stock markets broadly higher on Friday and pulled investors out of the safety of government bonds.
Exclusive: Boeing 737 MAX certification flight tests to begin on Monday - sources,Jun 29 2020,"Pilots and test crew members from the U.S. Federal Aviation Administration and Boeing Co  are slated to begin a three-day certification test campaign for the 737 MAX on Monday, people familiar with the matter told Reuters."
Mexico says timetable slipped slightly for U.S. to ratify trade deal,Oct 31 2019,"The timetable towards ratification of a new North American trade deal has slipped slightly but the pact could still pass the U.S. Congress by year end, a senior Mexican trade official said on Thursday."
"Worries of longer, costlier U.S.-China trade war hits markets",May 21 2019,"Worries that the United States and China were digging in for a longer, costlier trade war weighed on financial markets on Monday as Beijing accused Washington of harboring ""extravagant expectations"" for a deal to end their dispute."
"American Airlines posts $2.2 billion loss on pandemic, first since bankruptcy exit",Apr 30 2020,"American Airlines  on Thursday posted a $2.2 billion net loss, its first quarterly loss since emerging from bankruptcy in 2013, and warned of a roughly $70 million per day cash burn in the second quarter as the coronavirus pandemic halts travel."
JPMorgan plans to cut hundreds of jobs in consumer unit: Bloomberg,Jan 28 2020,"U.S. bank JPMorgan Chase & Co  is planning to cut hundreds of jobs across its consumer division, Bloomberg reported https://bloom.bg/2GsDvzw on Tuesday, citing people briefed on the matter."
China state media attacks Trump on trade in unusually harsh terms,Aug 05 2018,"China's state media on Monday lashed out at the policies of U.S. President Donald Trump in an unusually direct attack, accusing him of ""starring in his own carefully orchestrated street fighter-style deceitful drama""."
"India court stalls Amazon, Flipkart antitrust probes: lawyers",Feb 14 2020,"An Indian antitrust investigation of Amazon.com Inc and Walmart's Flipkart has been put on hold by a court, three lawyers involved in the proceedings told Reuters on Friday."
Factbox: Trump's coronavirus reopening guidelines,Apr 16 2020,President Donald Trump rolled out his guidelines for how the United States can reopen businesses and schools shut down by the coronavirus Thursday evening.
Teva to reduce size of board after June shareholders meeting,Apr 26 2018,"Three directors are stepping down from the board at Teva Pharmaceutical Industries   and only one new director is being nominated to replace them, the company said on Thursday."
"Senate, White House gear up for battle over China's ZTE",Jun 13 2018,"Legislation to block the Trump administration's agreement allowing China's ZTE Corp to resume business with American suppliers could be killed in the U.S. Congress in the coming weeks, lawmakers and aides said on Wednesday."
"Malaysian fugitive Jho Low, four others hit with fresh 1MDB charges",Dec 05 2018,"Malaysian police filed fresh criminal charges and issued arrest warrants for fugitive financier Low Taek Jho and four others wanted in connection with a multi-billion-dollar scandal at state fund 1MDB, officials said on Wednesday."
"K-pop sensation BTS' label picks JPMorgan, others for IPO: media",Feb 24 2020,"Big Hit Entertainment, the music label of South Korean boy band BTS, has chosen JPMorgan , NH Investment and Securities  and others to handle its initial public offering (IPO), according to media reports."
"U.S. ITC says probing Toyota, others in patent infringement case",Jun 07 2018,"The U.S. International Trade Commission said on Thursday it would investigate Toyota Motor Corp , Panasonic Corp  and other companies for alleged patent infringement in certain infotainment systems, components and automobiles containing such systems."
"Macy's shares sink as discounts to clear inventory hurt, tourism drops",Aug 14 2019,"Macy's Inc  cut its full-year earnings forecast on Wednesday after missing estimates for quarterly profit for the first time in at least two years, as it discounted merchandise heavily to clear spring inventory, sending its shares down as much as 18%."
U.S.-China trade deal not falling apart: White House adviser,May 15 2020,"The U.S.-China ""Phase 1"" trade deal reached in January is not falling apart and the two countries are still working to implement it, the White House's top economic adviser said on Friday, but President Donald Trump added that he was not ""thrilled"" with the agreement."
Wells Fargo in talks with ex-Goldman exec Schwartz to be next CEO: NY Post,Mar 21 2019,"Wells Fargo & Co's board is in talks with Harvey Schwartz, the former president and co-chief operating officer of Goldman Sachs Group Inc, to take over as the bank's chief executive, the New York Post reported on Thursday, citing people briefed on the discussion."
"China's Wanda Group, Tencent team up for 'smart retail'",May 30 2018,"Chinese real estate conglomerate Dalian Wanda Group will form a joint venture with technology giant Tencent Holdings  and Groupon Inc's  former local unit to integrate online and offline businesses, as the companies move towards ""smart retail""."
"Oil refineries, offshore drillers face hurricane challenges amid pandemic",Jun 04 2020,"As oil and gas companies began shutting offshore production before the first tropical storm of the season in the U.S. Gulf of Mexico, experts said restarting wells and refineries will take longer and prove more costly this year because of COVID-19."
"Primark owner AB Foods right not to pay dividend, says boss",Apr 21 2020,"Primark owner Associated British Foods'  decision not to pay an interim dividend to shareholders was ""absolutely the right thing to do"" given the coronavirus crisis, its boss said on Tuesday."
U.S. sanctions on Vekselberg have $1.5-$2 billion assets frozen: sources,Apr 21 2018,"ZURICH/MOSCOW - Assets totaling between $1.5 billion and $2 billion have been frozen as a result of sanctions imposed on Russian oligarch Viktor Vekselberg and his Renova Group conglomerate, two sources close to the matter told Reuters on Saturday."
Ryanair aims for union agreement in Germany before Christmas,Sep 18 2018,"Budget airline Ryanair  hopes to find an agreement with German unions before Christmas, Chief Marketing Officer Kenny Jacobs said on Tuesday, after pilots and cabin crew staged a full-day walkout this month and threatened further strikes."
FCC chairman stands by Sinclair Tribune merger review decision,Jul 25 2018,Federal Communications Commission Chairman Ajit Pai said on Wednesday he stands by the decision to refer Sinclair Broadcast Group Inc's  $3.9 billion proposed acquisition of Tribune Media Co  for review by an administrative law judge despite critical comments from U.S. President Donald Trump.
"Trump, Modi hope talks lead to phase one of U.S.-India trade deal: White House",Feb 26 2020,"U.S. President Donald Trump and Indian Prime Minister Narendra Modi have agreed to ""promptly"" conclude ongoing trade talks that they hope can lead to the first phase of a bilateral U.S.-India trade deal, the White House said."
Hyundai confident reorganization will benefit shareholders,Apr 04 2018,"South Korea's Hyundai Motor Group said on Wednesday it was ""confident"" its plan to streamline its governance structure would benefit shareholders, amid investor concerns that the controlling family's interests were being put first."
Dow drops eighth straight session on trade worry; Amazon slips,Jun 21 2018,"U.S. stocks fell on Thursday, with the Dow slumping for an eighth straight decline as industrials wobbled again on trade war concerns while Amazon and other online retailers weakened after a U.S. Supreme Court ruling on state sales tax collection."
Capital One says it won't use CFTC waiver related to oil lending,Apr 04 2020,U.S. lender Capital One Financial Corp  said on Saturday it would not use a U.S. Commodity Futures Trading Commission (CFTC) waiver after commodity price volatility lifted the bank's derivatives exposure toward a key regulatory threshold.
"To avoid a repeat of 2008, Main Street America says help needs to be fast",Mar 26 2020,"Small businesses in the United States say promised help from the federal government and the Federal Reserve is welcome news in the battle to stay afloat through the coronavirus crisis, but needs to hit their bank accounts fast if it's to make a difference as they barter with landlords, hold onto tax receipts, haggle with vendors and hope furloughed staff can get by on unemployment aid."
Tokyo's drive to expel zombie stocks hits small caps,Feb 19 2019,"The Tokyo Stock Exchange's push to weed out small and weak firms from its main board could take years, but some fund managers are already ditching small-caps for fear they could be excluded from benchmarks."
U.S. weekly jobless claims race to more than two-year high,Dec 12 2019,"The number of Americans filing applications for unemployment benefits jumped to more than a two-year high last week, but that probably does not signal a pickup in layoffs as the claims data tends to be volatile in the period following the Thanksgiving Day holiday."
"Toshiba to temporarily close factories, offices in Japan",Apr 15 2020,"Toshiba Corp  on Wednesday said it will temporarily close factories and offices in Japan from May 6 to May 15, allowing as many as 76,000 to stay at home as the coronavirus spreads, Kyodo newswire reported."
Boeing posts first annual loss in two decades as 737 MAX costs near $19 billion,Jan 29 2020,"Boeing Co  on Wednesday swung to its first annual loss since 1997 as 737 MAX costs doubled to nearly $19 billion, and the plane manufacturer indicated it would again cut production of its bigger 787 Dreamliner aircraft, currently its main source of cash."
Berkshire swings to big profit; Buffett laments Kraft Heinz,May 04 2019,"Warren Buffett's Berkshire Hathaway Inc on Saturday said gains in its stock investments fueled a big first-quarter profit, while improved results from its Geico auto insurer and BNSF railroad units boosted operating results."
Britain's RBS one of eight banks in EU bond cartel probe - Bloomberg,Feb 14 2019,"Royal Bank of Scotland is one of eight banks being probed by European authorities for its possible role in a euro bond trading cartel, Bloomberg reported on Thursday citing a source."
Exclusive: Defense firms see only hundreds of new U.S. jobs from Saudi mega deal,Oct 30 2018,"Every time President Donald Trump mentions the $110 billion arms deal he negotiated with Saudi Arabia last year, he quickly follows up, saying ""It's 500,000 jobs."""
EU has no major concerns in Germany over Vodafone-Liberty deal: sources,Apr 02 2019,"The European Union has not raised any major concerns about the impact on Germany's cable market of Vodafone buying Liberty Global's assets, sources with direct knowledge of the matter said on Tuesday, improving the chances of the deal going ahead."
"China launches DRAM chip price probe into Samsung Elec, SK Hynix and Micron",Jun 05 2018,"China has launched a probe into Samsung Electronics Co Ltd , SK Hynix Inc  and Micron Technology Inc , the three semiconductor makers who control the market for DRAM memory chips."
Uber hires former adviser to David Cameron to lead lobbying in northern Europe,Jul 18 2018,"Uber Technologies has hired an ex-adviser to former British prime minister David Cameron to lead the ride-hailing firm's lobbying efforts in northern Europe, less than a month after the company won a reprieve to operate in London."
"Russian oil to remain competitive despite price slump, says energy minister",Mar 09 2020,"Russia's oil sector will remain competitive and keep its share of the market regardless of price forecasts, the country's energy ministry said on Monday."
Woodside holds on to stake in Senegal oil field as FAR challenge fails,Feb 13 2020,"ConocoPhillips'  sale of a stake in a $4.2 billion Senegal oil and gas project to Woodside Petroleum  has been cleared by an international tribunal, resolving a long-running challenge by Australian partner FAR Ltd ."
Exclusive: Boeing CEO eyes major aircraft order under any U.S.-China trade deal,Aug 27 2019,Boeing Co said on Tuesday that an aircraft order from China could result from any deal to end a yearlong trade war between the world's two largest economies.
Google's antitrust cases in Europe,Jul 18 2018,"BRUSSELS - Alphabet unit Google was hit with a record-breaking 4.34 billion euro ($5.04 billion) fine on Wednesday, topping the 2.4 billion euros it was ordered to pay in another case last year."
"Dollar near 3-week trough, lower U.S. yields and strong euro weigh",Jun 08 2018,"The dollar wallowed near a three-week low against its peers on Friday as U.S. Treasury yields fell sharply, while the euro's recovery remained intact amid expectations the European Central Bank will begin unwinding its stimulus program."
"Oil rises as U.S. crude stocks fall again, Fed cuts interest rates",Jul 31 2019,Oil prices rose for a fifth day on Wednesday following a larger-than-expected drop in U.S. inventories and after the Federal Reserve cut U.S. interest rates for the first time in more than a decade.
JPMorgan extends Sapphire card brand to checking accounts,Aug 22 2018,"JPMorgan Chase & Co  is expanding its high-end Sapphire brand to include checking accounts, hoping to attract and keep increasingly affluent millennial customers, the largest U.S. bank said on Wednesday."
"In Versailles, Macron vows to reform to avoid king's fate",Jan 22 2019,President Emmanuel Macron told dozens of the world's most powerful executives on Monday that he would not follow the path of guillotined French royals and would continue to reform the French economy despite a sometimes violent popular revolt.
Two Allergan shareholders call for split of chairman-CEO role,Jun 05 2018,"Two of Allergan Plc's  shareholders, hedge funds Appaloosa Management and Senator Investment Group, asked the drugmaker's board to split the role of chief executive officer and chairman as well as reconsider its acquisition strategy."
Tesla is making its own car carriers,Sep 25 2018,"Tesla Inc  is building its own car carriers, as the electric carmaker faces vehicle distribution problems."
Air France KLM names Air Canada executive Smith as CEO,Aug 16 2018,"The board of Air France-KLM  named Air Canada  executive Benjamin Smith as its new chief executive on Thursday, opting for an outsider to try and steer the group through a fraught stand-off with unions at its French carrier."
Morocco suspends all passenger sea and air trips to France - state news agency,Mar 13 2020,"Morocco on Friday suspended all flights and passenger ship traffic to and from France, the state news agency said."
Exxon Mobil CEO sets plan to boost spending; shares dip,Mar 06 2019,"Exxon Mobil Corp plans to boost capital spending for several years, CEO Darren Woods said on Wednesday, and the largest U.S. oil company's shares fell after he laid out a strategy to ""lean in"" while the rest of the industry cuts back."
Asian chipmakers' production plans in focus as super-cycle winds down,Jul 24 2018,"Asian memory chipmakers' production plans and outlook will be closely watched as they start reporting earnings this week, following sharp falls in their stock prices due to concerns that a 2-year industry super-cycle may be skidding to a halt."
"Nielsen, Headset partner to study U.S. cannabis market",Mar 06 2019,"Consumer research services provider Nielsen Holdings Plc said on Wednesday it had teamed up with cannabis analytics company Headset, to help packaged goods companies understand the U.S. cannabis market."
"Under tariff threat, Mexico less attractive to companies avoiding China trade war",Jun 07 2019,A flood of companies eyeing Mexico as a safe haven from the U.S. trade war with China risks evaporating after President Donald Trump last week threatened to unleash tariffs on Mexico too.
"Apple, Goldman Sachs send Wall Street tumbling",Nov 12 2018,Wall Street's major indexes tumbled on Monday as shares of Apple Inc  and Goldman Sachs Group Inc  dragged down the technology and financial sectors.
Oil jumps 3% on U.S. stockpiles drop; further OPEC output cuts seen,Dec 04 2019,"Oil prices surged more than 3% on Wednesday on expectations that OPEC and allied producers would extend production curbs, and as U.S. government data showed a large drop in domestic crude stockpiles."
"Airbus cuts A330 output, profit capped by engine delays",Apr 30 2018,"Airbus announced a 17 percent drop in planned 2019 deliveries of its most successful wide-body jet on Friday, following a series of order defeats to rival Boeing, while leaving some analysts scratching their heads over plans for the much healthier A320."
Record oil output cuts fail to make waves in coronavirus-hit market,Apr 13 2020,"The minimal impact on oil prices from a global deal for record output cuts showed that oil producers have a mountain to climb if they are to restore market balance as the coronavirus shreds demand and sends stockpiles soaring, industry watchers said."
"Tiffany to temporarily close several stores, cuts hours at others",Mar 17 2020,"Luxury jeweler Tiffany & Co  said on Tuesday it would temporarily close several stores, including its Fifth Avenue flagship store in New York, and reduce working hours at other outlets, in an effort to contain the spread of coronavirus."
"Musk, Medtronic discuss ventilators amid coronavirus outbreak",Mar 21 2020,"As the United States is combating a shortage of ventilators and respirators amid the coronavirus outbreak, Tesla Chief Executive Officer Elon Musk said he has had a discussion about ventilators with medical device maker Medtronic."
"Quarantined bankers, video roadshows: coronavirus hits Argentine debt talks",Mar 16 2020,Argentina's ambitious target to strike a deal with bondholders to revamp almost $70 billion in debts by the end of March was never going to be easy. Now a coronavirus outbreak and crashing bond markets threaten to complicate things further.
"UK looking to Sweden, Japan in search for partners on new fighter jet",Jul 16 2018,"Britain is talking to a number of potential partners for its new fighter jet project, Tempest, which it launched on Monday, a senior official in the UK's Royal Air Force told Reuters."
China automakers seek government relief after February sales dive 79% on coronavirus,Mar 12 2020,"Automakers in China are calling on the government to help after industry-wide sales plunged 79% in February to mark their biggest ever monthly decline, with demand pummelled by the coronavirus outbreak."
U.S. import prices increase more than expected in October,Nov 15 2018,"U.S. import prices increased more than expected in October, boosted by a surge in petroleum and food prices, but underlying imported inflation pressures remained tame amid a strong dollar."
Tech sector pushes the S&P 500 to slight gain,Jan 22 2020,"Technology shares led the S&P 500 marginally higher on Wednesday, as a healthy forecast from IBM helped mitigate worries over the developing coronavirus outbreak."
"Snap shares rise 20% as coronavirus spurs use, revenue growth beats Street",Apr 21 2020,"Snap Inc  on Tuesday beat Wall Street estimates for quarterly revenue and user growth for its Snapchat app, as more people seek entertainment while they stay at home during the global coronavirus pandemic."
"SoftBank's Son unveils $5.5 billion buyback, laments share price",Feb 06 2019,Japan's SoftBank Group Corp announced a $5.5 billion share buyback on Wednesday as it reported a 60 percent increase in quarterly operating profit buoyed by rising valuations for its technology investments.
Airbus bribery scandal triggers new probes worldwide,Feb 03 2020,Fallout from the Airbus bribery scandal reverberated around the world on Monday as the head of one of its top buyers temporarily stood down and investigations were launched in countries aggrieved at being dragged into the increasingly political row.
Mexico's Pena Nieto 'optimistic' on trilateral NAFTA deal,Aug 29 2018,Mexico's President Enrique Pena Nieto said on Wednesday that he is optimistic that the country will reach a trilateral deal on the North American Free Trade Agreement (NAFTA) with the United States and Canada.
Pier 1 CEO steps down after turnaround efforts fail,Dec 19 2018,Home furnishing retailer Pier 1 Imports Inc  said on Wednesday its Chief Executive Officer Alasdair James has stepped down and the company is looking at various options as it struggles with falling sales.
Volkswagen mulls own production of battery cells in Europe,Aug 01 2018,"Volkswagen  is eyeing producing its own solid state battery cells, with possible serial production from 2024 or 2025, its chief executive said on Wednesday."
Stocks fall as Trump's China tariff threat adds to fears over virus-hit economies,May 01 2020,"Wall Street took a nosedive on Friday on fears that the world's two largest economies could resume a trade war, dragging down a global stocks index on a day that many financial markets were closed for a holiday."
"Amazon to close U.S. pop-up stores, focus on opening more book stores",Mar 06 2019,"Amazon.com Inc will close all of its U.S. pop-up stores and focus instead on opening more book stores, a company spokesperson said on Wednesday."
JD.com CEO will not face assault charges in Minnesota,Dec 21 2018,"Minnesota prosecutors will not charge the billionaire chief executive officer of China's JD.com Inc, Richard Liu, after he was accused of rape by a University of Minnesota student during a recent U.S. visit, authorities said on Friday."
No need for imminent ECB action on coronavirus: ECB's Kazimir,Mar 03 2020,"There is no need for any imminent action from the European Central Bank to combat the impact of the coronavirus outbreak, but global coordination to shield the world economy is a welcome step, ECB policymaker Peter Kazimir said on Tuesday."
Exclusive: Saudi Aramco board sees too many risks for New York IPO - sources,Aug 30 2019,"By Rania El Gamal, Alex Lawler, Marwa Rashad and Hadeel Al Sayegh"
New Nissan CEO rules out closer capital ties with Renault,Dec 02 2019,"Nissan Motor Co  is committed to its automaking  alliance with Renault SA  but will not look to deepen its capital ties with the French automaker any time soon, its new CEO said on Monday."
Oil drops as Syria risk seen muted after weekend air strikes,Apr 16 2018,Oil prices dropped on Monday as investor concern waned about escalating tensions in the Middle East following air strikes on Syria over the weekend.
"AIG profit beats on strong underwriting, investment income",Aug 07 2019,"Insurer American International Group Inc  beat Wall Street estimates for quarterly profit on Wednesday, boosted by improved underwriting in general insurance business and higher investment income, sending its shares up 3% in extended trading."
"Once bulletproof, tech stocks now among market's biggest losers",Feb 25 2020,Technology shares -- a key engine of the stock market's climb to records over the last several months -- are now among those leading Wall Street's plunge on growing concerns over the coronavirus outbreak.
HKMA fines JPMorgan Hong Kong branch over anti-money laundering lapses,Dec 28 2018,The Hong Kong Monetary Authority (HKMA) said on Friday that it had fined the Hong Kong branch of JPMorgan Chase & Co  HK$12.5 million ($1.60 million) and reprimanded it for breaching anti-money laundering and counter-terrorist financing rules.
"Exclusive: Deutsche Telekom to win EU nod for Dutch Tele2 deal, shares jump",Nov 26 2018,"Deutsche Telekom will win unconditional EU antitrust approval to buy Tele2's Dutch business, sources familiar with the matter said on Monday, sending telecoms shares higher on hopes of more flexible regulation on consolidation."
Rents lift U.S. core inflation; weekly jobless claims rise slightly,Feb 13 2020,"U.S. underlying consumer prices picked up in January, while the number of Americans filing claims for unemployment benefits rose slightly last week, suggesting the economy was stable enough for the Federal Reserve to keep interest rates on hold this year."
U.S. opens criminal probe into Ford emissions certification,Apr 28 2019,"The U.S. Justice Department has opened a criminal investigation into Ford Motor Co's emissions certification process in the United States, the automaker disclosed on Friday, saying it was cooperating fully with the probe and still conducting its own internal review."
South Korea to spend $6.5 billion on R&D to cut reliance on Japanese imports,Aug 04 2019,"South Korea on Monday announced plans to invest about 7.8 trillion won ($6.48 billion) in research and development for local materials, parts and equipment over the next seven years in an effort to cut the reliance on Japanese imports."
China says U.S. blaming Xi for blocking trade deal is 'bogus',Jul 19 2018,"China said on Thursday comments made by a senior White House official blaming Chinese President Xi Jinping for blocking progress on a deal to avert a trade war were ""shocking"" and ""bogus"" accusations."
Outside panel to review Samsung heir Lee's case: Seoul prosecutors,Jun 11 2020,"An outside panel will weigh the validity of an investigation into Samsung Group heir Jay Y. Lee over a 2015 merger and alleged accounting fraud, the Seoul Central District Prosecutors' Office said on Thursday."
Lloyds defends CEO pay after investor anger at annual investor meeting,May 16 2019,"Lloyds Banking Group has defended the 6.3 million pound ($8.06 million) pay package awarded to chief executive Antonio Horta-Osorio, after criticism from politicians and investor trade bodies."
"Challenged by electric cars, Brembo aims to put the brakes on noise",Oct 24 2019,Brembo's  distinctive colored brakes stop many of the world's fastest cars but when it comes to the electric vehicles of the future it faces a problem - traditional brakes are noisy.
"SoftBank Corp to spend $4 billion to up Yahoo Japan stake, sees profit rising 24 percent",May 08 2019,"Japanese telco SoftBank Corp said on Wednesday it would spend $4 billion to up its stake in Yahoo Japan Corp and turn the internet company into a subsidiary, a move that would help boost its profit by 24 percent this year."
Slowing economy keeping U.S. inflation under wraps,Mar 12 2019,"U.S. consumer prices rose for the first time in four months in February, but the pace of the increase was modest, resulting in the smallest annual gain in nearly 2-1/2 years."
"Sainsbury's-Asda tie-up not a done deal yet, experts warn",Jan 21 2019,"Shortly after last year's announcement of a $9.4 billion deal to combine the Sainsbury's  supermarket group that he runs with rival Asda, boss Mike Coupe was caught on camera singing ""We're in the money""."
Russia's energy minister sees oil prices stabilizing in first-half 2019,Dec 25 2018,"Russian Energy Minister Alexander Novak said on Tuesday that oil prices, which fell by more than a third this quarter, would become more stable in the first half of 2019."
"RBC commits C$150 million to diversity push, aims for more minority executives",Jul 10 2020,"(This July 6 story corrects to say Canadian Imperial Bank of Commerce has one black board director instead of ""none of the top six banks had either a Black CEO or a board member"")"
Toyota's luxury Lexus brand plans battery EV launch in 2020,Oct 23 2019,"Toyota Motor's  Lexus will launch its first all-battery electric vehicle next year, as the luxury brand races to market a battery-operated car amid growing competition to develop zero-emissions vehicles, the head of the brand said on Wednesday."
"Colombia orders Uber to cease ride-hailing, cites competition rules violation",Dec 20 2019,"Colombia on Friday ordered Uber  to cease its ride-hailing operations in the Andean country, effective immediately, after a judge ruled the company violated competition rules."
DoubleLine's Gundlach warns U.S. Treasury yields headed higher,Sep 19 2018,"Jeffrey Gundlach, chief executive officer of DoubleLine Capital, on Wednesday said bond prices across the U.S. Treasury yield curve could fall if the 30-year yield closes above 3.25 percent twice in a row."
Pelosi pushes need for money for smallest U.S. businesses,Apr 09 2020,U.S. House Speaker Nancy Pelosi said on Thursday the country's smallest businesses need to be protected against the ravages of the coronavirus outbreak and pushed for $60 billion to be allocated to those enterprises in the next funding allocation.
Emerging market stocks were laggards in the past decade,Dec 26 2019,"Despite a strong start to this decade in 2010, emerging market stocks underperformed developed market peers and were weighed down by events such as the Chinese market sell-off, debt crises in Turkey and Argentina and the Sino-U.S. trade war."
"ECB policymakers debated 500-750 billion euros package before compromise, sources say",Jun 04 2020,"European Central Bank policymakers debated expanding their pandemic-fighting programme by between 500 billion euros ($566 billion) and 750 billion euros on Thursday before settling for a compromise figure, three sources told Reuters."
Fiat Chrysler's only open Italian plant running at reduced capacity,Mar 17 2020,"Fiat Chrysler (FCA) has resumed limited production at its Atessa facility in Italy, the automaker's only open assembly plant, having halted operations at most of its European factories, a spokesman said on Tuesday."
"Fed divided on policy, discount rate votes show",Aug 27 2019,"U.S. central bankers may have been more deeply divided than previously understood over the decision last month to cut interest rates for the first time in more than a decade, records from meetings held across the Fed's 12 regional Fed banks suggest."
Bombardier to sell Q400 Turboprop aircraft program to Viking Air: source,Nov 07 2018,"Bombardier Inc  is set to announce the sale of its Q400 turboprop aircraft program to Canadian aircraft manufacturer Viking Air, a person familiar with the matter said late on Wednesday."
Apple tells lawmakers iPhones are not listening in on consumers,Aug 07 2018,"Apple Inc told U.S. lawmakers on Tuesday that its iPhones do not listen to users without their consent and do not allow third-party apps to do so either, after lawmakers asked the company if its devices were invading users' privacy."
StanChart plans to bring Asian operations under two main hubs,Jun 05 2018,"Standard Chartered  is drawing up plans to consolidate its Asian operations into two hubs - one in Hong Kong and one in Singapore - in order to better manage its capital, a source familiar with the matter said on Tuesday."
"Gripped by Ghosn crisis, Renault expects slight sales growth",Jan 18 2019,"Renault  expects to deliver sales growth in 2019, despite the imminent ouster of Chairman and Chief Executive Carlos Ghosn and tension with alliance partner Nissan ."
London Stock Exchange shareholders bless $27 billion Refinitiv deal,Nov 26 2019,"London Stock Exchange  shareholders overwhelmingly backed the exchange's $27 billion takeover of data and analytics company Refinitiv on Tuesday, a deal designed to broaden LSE's trading business and make it a major distributor of market data."
Instant View: Wall Street indexes close down sharply,Nov 20 2018,"U.S. stocks extended their selloff on Tuesday, with the S&P 500 hitting a three-week low, as energy shares dropped with oil prices and retailers including Target and Kohl's sank after weak earnings and forecasts."
Tokyo prosecutor says Ghosn's bail conditions not sufficient,Mar 08 2019,"A Tokyo prosecutor said on Friday he thought the bail conditions imposed on Carlos Ghosn, the former head of Nissan Motor and Renault, would not be sufficient to prevent tampering of evidence."
Apple scraps curbs on online buyers of iPhones amid virus outbreak,Mar 23 2020,"Apple has dropped a two-device limit on online purchases of iPhones, a check of its web stores showed on Monday, just days after changing the checkout procedure amid a coronavirus pandemic."
Britain's Sainsbury's warns of $623 million coronavirus hit to profit,Apr 30 2020,British supermarket group Sainsbury's  warned the impact of the coronavirus pandemic on current year profit could be over 500 million pounds ($623 million) and said decisions on paying dividends to shareholders would be deferred.
"Farm machinery makers, Brazil banks working on private financing - Deere",Nov 29 2019,"Agricultural machine manufacturers are working with banks in Brazil to avoid a repeat of slumping sales when public financing is expected to run out next year, the head of the local unit of  U.S. tractor maker Deere & Co told Reuters on Thursday."
"Audi strikes deal with workers to slash 9,500 jobs",Nov 26 2019,"Audi on Tuesday announced a major restructuring scheme, slashing around 9,500 jobs until 2025 in an effort to adopt production to the e-mobility era and achieve billion-euro cost savings."
Delta caps aircraft seating capacity to ensure safety amid COVID-19,May 05 2020,"Delta Air Lines  said on Tuesday it was putting a limit to seating capacity in its airplanes, as the U.S. carrier looks to provide a safe flying experience to customers amid the coronavirus crisis."
LSE offers fee waiver for market makers to smooth coronavirus hit trading,Mar 26 2020,The London Stock Exchange said on Thursday it was waiving registration fees for market makers to attract more liquidity in trading that has become volatile due to economic fallout from the coronavirus.
U.S. goods trade deficit with China tumbles to five-year low,May 09 2019,"The U.S. goods trade deficit with China, a focus of the White House's ""America First"" agenda, shrank to its smallest in five years in March, which could embolden President Donald Trump as he escalates his trade war on Beijing."
Uber car's 'safety' driver streamed TV show before fatal crash: police,Jun 22 2018,"The safety driver behind the wheel of a self-driving Uber car in Tempe, Arizona, was streaming a television show on her phone until about the time of a fatal crash, according to a police report that deemed the March 18 incident ""entirely avoidable."""
Tesla explores building Gigafactory in Europe: Wall Street Journal,Jul 30 2018,"Tesla Inc  is in talks with authorities in Germany and the Netherlands to build its first major European factory, the Wall Street Journal reported on Monday, citing officials involved in the matter."
"Boeing beats Airbus on first quarter jetliner data, rejigs backlog",Apr 10 2018,"Boeing Co  outsold European rival Airbus  almost four to one in the first quarter and increased deliveries by a stronger-than-expected 9 percent compared with the same period last year, company data showed on Tuesday."
Chinese traders ditch cheap U.S. coal for domestic supply as tariffs loom,Aug 22 2018,"Some Chinese coal traders handling U.S. imports have begun sourcing future supplies domestically, people with knowledge of the matter said, as they await delivery of the last U.S. cargoes to arrive before hefty tariffs kick in on Thursday in a deepening trade row between the world's top two economies."
"Tesla closes $2.7 billion mixed offering of shares, debt",May 08 2019,"Tesla Inc said on Wednesday it closed its $2.7 billion offering of stock and convertible notes and that it was over-subscribed, giving the electric carmaker much needed cash as it ramps up production."
Japan automakers need not worry about U.S. trade talks outcome: Motegi,Aug 26 2019,Japanese Economy Minister Toshimitsu Motegi said on Tuesday he did not think U.S.-Japan trade talks would result in an outcome that would cause concern for Japanese automakers.
Google in talks with publishers to pay for premium news content: WSJ,Feb 14 2020,"Alphabet Inc's Google is in talks with publishers on paying a licensing fee for content that would be packaged in a premium news product, the Wall Street Journal reported https://www.wsj.com/articles/google-in-talks-to-pay-publishers-for-content-in-premium-news-product-11581689169, citing people familiar with the matter."
Trump says U.S. is having tremendous success with China on trade,Jan 10 2019,"President Donald Trump said on Thursday the United States was having tremendous success in its trade negotiations with China, a day after U.S. and Chinese officials concluded three days of talks in Beijing."
U.S. tech enforcer says will read 'closely' EU statement on Google,Jul 18 2018,"The head of the U.S. Federal Trade Commission, which has investigated Alphabet's Google in the past for abuse of web dominance, said on Wednesday he would take a close look at Europe's recent decision to fine the company 4.34 billion euros ($5 billion)."
"Dollar slams yen and safe-haven status, gold gains",Feb 20 2020,"The rally in U.S. equities took a pause and the strong dollar got stronger on Thursday, rising to a three-year high against a basket of trading partner currencies, after a steep slide in the Japanese yen called into question its safe-haven status."
Ghosn's lawyer expects fresh indictment to come later Monday,Apr 22 2019,The lead lawyer for Carlos Ghosn said he expected a fresh indictment for the former Nissan Motor Co boss to come later on Monday.
No need for ECB to adapt policy after recent weak data: Coeure,Apr 09 2018,"The European Central Bank does not need to adapt its monetary policy after recent weakness in some euro zone economic indicators, ECB Executive Board member Benoit Coeure said on Monday."
U.S. Senate to hold crash hearing as lawmakers urge grounding Boeing 737 MAX 8,Mar 12 2019,The U.S. Senate Commerce Committee plans to hold a hearing on the fatal crashes of two Boeing Co 737 MAX 8 jets since October as a growing number of lawmakers called on U.S. regulators to ground the airplane.
"Contact tracing, temperature checks and masks: airline industry outlines new norms",May 12 2020,"Airlines and airports are recommending a layered approach to temporary safety measures as air travel restarts, warning that no single measure can mitigate all of the risks during the pandemic, according to a briefing document seen by Reuters."
Invesco thrives in China as former executive Ross leads Trump's trade war,Aug 16 2019,"The former investment company of U.S. Commerce Secretary Wilbur Ross has been flourishing in China, even as he marshals billions of dollars' worth of punishing tariffs in America's deepening trade war."
New U.S. FAA rules on airplane seat size may not create more leg room,Oct 01 2018,"A bill that will regulate minimum seat size on U.S. passenger airplanes for the first time is unlikely to lead to more leg or elbow room for cramped flyers, airline consultants said."
Europcar still in talks over French financial aid,Apr 28 2020,French car hire company Europcar  said on Tuesday it was still in talks with the government over obtaining further financing aid.
"YouTube not obliged to inform on film pirates, Europe's top court says",Jul 09 2020,"Google's YouTube is not required to hand over the email or IP address of users who upload films illegally to its video platform, Europe's top court ruled on Thursday, saying there must be a balance between protecting personal data and copyright."
Kuwait foreign minister calls on armed forces to be on high alert: KUNA,Sep 17 2019,"Kuwait's foreign minister called on the country's armed forces to be on high alert and prepared to confront any incident that may destabilize the country's security, state news agency KUNA reported on Tuesday."
Boeing slows 737 factory work for three days after recent delays,Mar 21 2019,"Boeing Co said on Thursday that production lines will not ""pulse"" or move airframes forward for three days next week at its 737 factory to allow workers to catch up on work that was previously delayed."
"IPO hopeful WeWork adds woman to board, CEO returns $5.9 million, after backlash",Sep 04 2019,"WeWork owner The We Company took some steps on Wednesday to burnish its appeal to investors ahead of its initial public offering by adding a woman, Frances Frei, to its all-male board and announcing that its CEO would return a $5.9 million payment for use of the trademarked word ""We."""
Grocers roll out plant-based burgers - at prices below Beyond Meat,Jan 09 2020,"(This Jan. 8 story corrects para 11 to say private-label companies, and not retailers, will need to sell plant-based products at a net wholesale cost of $1.25 below Beyond Meat and rivals)"
France did not come out well in FCA-Renault deal: Italy's Di Maio,Jun 07 2019,Italy's Industry Minister Luigi Di Maio blamed the French state for derailing merger talks between Fiat Chrysler and rival Renault saying Paris had come out poorly in the situation.
Factbox: Big bank CEOs face the heat over pay disparity at Capitol Hill,Apr 10 2019,"Chief executive officers of some of America's largest banks, including JPMorgan Chase & Co, Bank of America Corp and Citigroup Inc, on Wednesday testified before Congress, where they were grilled on a wide range topics."
Ryanair CEO's new share option scheme targets doubling profit in 5 years,Feb 08 2019,"Ryanair's Chief Executive Michael O'Leary could earn almost 100 million euros ($113 million) if he doubles either the profitability or share price of the carrier within five years, under a new share option scheme announced on Friday."
"Mitsubishi postpones SpaceJet delivery again, books $4.5 billion special loss",Feb 06 2020,Japan's Mitsubishi Heavy Industries  said on Thursday it will book a 496.4 billion yen ($4.5 billion) special loss after its aircraft unit delayed the delivery of its SpaceJet regional jet for at least another year until after March 2021.
Rooftop revolution: Coronavirus chill upends solar power industry,Jul 09 2020,The booming rooftop solar panel industry nosedived overnight when the coronavirus forced homeowners to rein in spending and keep their distance from would-be installers.
China 'would fight to the end' in any U.S.-launched trade war: embassy,Mar 22 2018,"China is ""strongly disappointed"" in U.S. President Donald Trump's decision to launch trade sanctions against Beijing but will not recoil from a trade war with the United States, the Chinese embassy in Washington said on Thursday."
Social media companies defend filtering practices before Congress,Jul 17 2018,"Facebook Inc , Alphabet Inc  and Twitter Inc  told a U.S. House panel on Tuesday that the social media companies are not discriminating against content for political reasons."
Boeing CEO Muilenburg resists multiple calls for resignation,Oct 30 2019,Boeing  Chief Executive Dennis Muilenburg on Wednesday spurned repeated calls to step down by U.S. lawmakers and from the mother of a young woman who was a victim of one of two 737 MAX crashes that killed 346 people.
Coronavirus fears weigh on global equity markets,Jan 23 2020,The biggest tumble in Chinese stocks in more than eight months led global equity markets lower on Thursday as concern mounted about the coronavirus outbreak in China.
Federal Reserve unveils proposal to ease regulations for larger banks,Oct 31 2018,"The Federal Reserve said on Wednesday it wants to ease regulations for U.S. lenders with less than $700 billion in assets, a way to lessen the burden on big commercial lenders that do not have volatile Wall Street businesses."
BP launches $3 billion sale of U.S. onshore assets to fund BHP deal: sources,Dec 19 2018,"Britain's BP has launched the sale of U.S. oil and gas onshore assets that could raise more than $3 billion to help pay for other fields in the United States it bought in October from BHP , industry and banking sources said."
Exclusive: U.S. grants GE license to sell engines for China's new airplane,Apr 07 2020,"The Trump administration on Tuesday granted a license to General Electric Co  to supply engines for China's new COMAC C919 passenger jet, a spokeswoman for the company said."
"U.S. dollar rises on weaker euro, Fed policy; stocks gain",Sep 27 2018,"The U.S. dollar held near a one-week high against a basket of major currencies on Thursday following an interest rise by the Federal Reserve on Wednesday, while robust economic growth and a rally in the shares of Apple Inc and Amazon.com Inc boosted the U.S. stock market."
J.C. Penney to permanently shut about 242 stores as part of bankruptcy plan,May 18 2020,"J.C. Penney Co Inc plans to trim its store count by 29% to about 604, as the U.S. department store chain looks to focus on those more profitable, a regulatory filing showed on Monday, two days after it filed for bankruptcy protection."
"U.S. jobs growth lifts Wall Street, offsetting tariffs",Jul 06 2018,"U.S. stocks climbed on Friday, with the S&P 500 and the Nasdaq hitting their highest levels in two weeks, as strong U.S. jobs growth blunted the impact of an escalating U.S.-China trade dispute."
Disney faces pushback on Walt Disney World reopening,Jun 24 2020,"Petitioners are pressing Disney to delay the July 11 reopening of its Orlando, Florida-based Walt Disney World, citing recent spikes in COVID-19 cases in the state."
Uber disabled emergency braking in self-driving car: U.S. agency,May 24 2018,"Uber had disabled an emergency braking system in a self-driving vehicle that struck and killed a woman in Arizona in March even though the car had identified the need to apply the brakes, the National Transportation Safety Board said in a preliminary report released on Thursday."
Rolls-Royce targets in jeopardy as pandemic brings air travel slump,Mar 31 2020,"British aero-engine maker Rolls-Royce  will likely have to slash its 2020 cash flow target after airline customers parked hundreds of planes due to the coronavirus pandemic, analysts said."
Ex-Nissan chief Ghosn case shines harsh light on Japan's 'hostage justice',Mar 06 2019,"The high-profile case of ex-Nissan chairman Carlos Ghosn has shone a light in Japan on what critics call ""hostage justice"", in which suspects can be held for months after arrest, but any reforms will likely be incremental and slow."
AirAsia expands Airbus A330neo order,Jul 19 2018,"AirAsia Group expanded an order for A330neo passenger jets, adding 34 aircraft to an existing order to bring the total to 100 long-haul wide-body jets worth $30 billion at list prices."
60 Minutes Jeff Fager leaving CBS after reports of inappropriate behavior,Sep 12 2018,"The executive producer of the CBS television program ""60 Minutes,"" Jeff Fager, is leaving CBS News, according to a company memo on Wednesday, amid reports of inappropriate behavior."
Independent labels urge EU to block Sony's $2.3 billion bid for EMI,Aug 13 2018,"Independent music labels group Impala has called on EU antitrust regulators to block Sony Corp's bid to become the world's largest music publisher with its $2.3 billion offer for control of EMI, saying the combination would have too much market power."
U.S. government posts $147 billion deficit in March,Apr 10 2019,"The U.S. federal government posted a $147 billion budget deficit in March, according to data released on Wednesday by the Treasury Department."
UK's Domino's finds buyers for Norway business,Feb 13 2020,"Britain's biggest pizza delivery company Domino's Pizza Group  said on Thursday it would sell its Norwegian business to existing minority shareholders of the business, kicking off the sale of its loss-making overseas operations."
Supermarket chain Morrisons faces equal pay claims worth 1 billion pounds,Sep 11 2018,"Supermarket chain Morrisons is facing equal pay claims worth over 1 billion pounds ($1.30 billion), law firm Leigh Day said on Tuesday, seeking compensation for women who believe they were paid less than men in distribution centers."
American Airlines seeks $3.5 billion in new financing,Jun 21 2020,"American Airlines Group Inc  said on Sunday it plans to secure $3.5 billion in new financing, to improve the airline's liquidity as it grapples with travel restrictions caused by the coronavirus."
Why Walmart farms out same-day grocery deliveries to low-cost freelance drivers,Feb 14 2019,"Jeff Leonard slides behind the wheel of his burgundy Honda Accord and heads to a nearby Walmart Inc store, where he picks up the package of groceries waiting for him."
"Factbox: How TikTok, caught in U.S. regulatory crossfire, rose to global video stardom",Nov 04 2019,"Short video-sharing app TikTok has become the latest Chinese firm caught in U.S. regulatory crossfire, with Washington  launching a national security review of its $1 billion acquisition of U.S. social media app Musical.ly."
Kroger's meal kit deal reheats Blue Apron shares,May 24 2018,"Shares of Blue Apron  climbed on Thursday after Kroger said it was buying Home Chef to broaden its menu in the home meal kit market while stock of Calavo Growers, whose unit partnered with Kroger on another meal kit service, slumped."
Thomas Cook shares climb 45 percent but bonds hit record low,Dec 05 2018,"Thomas Cook's  shares climbed 45 percent on hopes that it would not need to issue new equity, although its bond prices extended their losses to record lows on Wednesday, amid deepening worries about the UK travel group's debt."
"H&M issues notice of temporary lay-offs to 2,000 staff in Norway: DN",Mar 19 2020,"Swedish retailer H&M  has sent notice of temporary lay-offs to 2,000 employees in Norway due to the coronavirus outbreak, Norwegian business daily Dagens Naeringsliv reported on Thursday, citing the head of the Norwegian business."
China says retaliatory tariffs on U.S. goods took effect at 12:01 p.m.,Jul 06 2018,"China's retaliatory tariffs on $34 billion worth of U.S. goods took effect at 12:01 p.m. in Beijing (0401 GMT) on Friday, the official Xinhua news agency said, citing the customs office."
Kenya's high court orders suspension of flights from China over coronavirus,Feb 28 2020,"Kenya's High Court on Friday ordered flights from China to be temporarily suspended over the coronavirus outbreak, following a petition by the Law Society of Kenya."
"Citigroup, with limited options, hopes to lure deposits digitally",Jul 09 2018,"Citigroup Inc  is facing a unique dilemma among the four largest U.S. banks: it is light on deposits from individuals, an important funding source that costs little and tends to stick around."
"Nestle aims to shed skin unit to focus on food, nutrition",Sep 20 2018,"Nestle  put its skin health unit up for sale on Thursday, as the maker of Nescafe and Perrier water ditches underperforming businesses and fends off criticism from an activist investor demanding an overhaul."
Explainer: The transatlantic divide on how banks handle coronavirus loans,Mar 30 2020,"The United States has given banks a two-year break from provisions for loans soured by the coronavirus pandemic, seeking to keep credit flowing while borrowers struggle to stay afloat as economic activity grinds to a halt."
Mexico eyes end to steel dispute with U.S. before trade deal signed,Oct 01 2018,"Mexican Foreign Minister Luis Videgaray said on Monday he hoped a trade dispute with the Trump administration over steel and aluminum could be resolved before a new trade deal between the United States, Mexico and Canada is signed."
Recovered black box from Ethiopian Airlines crashed flight is cockpit voice recorder: state TV,Mar 11 2019,"The black box recovered from the Ethiopian Airlines plane that crashed on Sunday is the cockpit voice recorder, Ethiopian state TV said on Monday."
"As outlook darkens, central banks think hard about their language",Jan 21 2019,"As central banks stock up on policy ammunition in the face of a worsening global economic outlook, they are having to reassess one of their most delicate weapons - the 'forward guidance' they use to flag their intentions to the markets."
"U.S. import prices rebound, but trend still subdued",Aug 14 2019,"U.S. import prices unexpectedly rose in July, but the underlying trend continued to be weak, pointing to subdued imported inflation pressures."
South Korea's KDB signs conditional deal with Hyundai Heavy over Daewoo stake sale,Jan 31 2019,"Korea Development Bank, the biggest shareholder of Daewoo Shipbuilding and Marine Engineering Co Ltd, on Thursday said it has signed a conditional deal with Hyundai Heavy Industries Group to sell Daewoo shares."
Rare permit for Keystone oil pipeline in spotlight after spills,Nov 08 2019,"The massive Keystone pipeline has been transporting oil from Canada to the United States at a higher-than-standard level of pressure since it started operating in 2010, thanks to a special permit granted by U.S. regulators on the condition operator TC Energy Corp  would monitor the line closely."
EU exec proposes shorter work hours to prevent layoffs amid epidemic,Apr 01 2020,"The EU executive proposed on Wednesday a wage-subsidy scheme to encourage employers to cut workers' hours rather than their jobs amid the coronavirus epidemic, a plan that could be worth 100 billion euros in borrowing guaranteed by all EU countries."
Exclusive: Jet buyers back Boeing-Embraer deal as Airbus expands reach,Feb 14 2020,"Some of the world's biggest aircraft buyers are urging the European Union to clear Boeing's tie-up with Embraer, fearing Embraer's commercial aviation business would struggle on its own now Airbus has swallowed its main competitor in regional jets."
U.S. manufacturing dives to 10-year low as trade tensions weigh,Oct 01 2019,"U.S. manufacturing activity tumbled to a more than 10-year low in September as lingering trade tensions weighed on exports, further heightening financial market fears of a sharp slowdown in economic growth in the third quarter."
Prosecutor drops insider trading case against former Deutsche Boerse CEO,Jan 02 2019,The Frankfurt prosecutor's office has dropped an insider trading case against former Deutsche Boerse  Chief Executive Carsten Kengeter in exchange for payments of almost 5 million euros ($5.68 million).
Trump calls Fed 'only problem' in U.S. economy; markets slump,Dec 24 2018,"President Donald Trump blasted the Federal Reserve on Monday, describing it as the ""only problem"" for the U.S. economy, as top officials convened to discuss the growing rout in stock markets caused in part by the president's attacks on the central bank."
China to brief media on U.S. trade talks shortly,Dec 13 2019,"China will give a news briefing at 1030 pm local time (1430 GMT) on the state of trade discussions with the United States, the State Council Information Office said on Friday."
"State AGs fighting T-Mobile, Sprint merger say October trial may not be possible",Jul 15 2019,An attorney for the state attorneys general who filed a lawsuit in hopes of stopping T-Mobile's $26 billion merger with Sprint told the judge on Monday that an Oct. 7 trial may not be possible.
Another foul day on Wall Street after surprise Fed rate cut,Mar 03 2020,"Wall Street tumbled in a volatile session on Tuesday after the U.S. Federal Reserve surprised investors with a half percentage-point cut in interest rates, amplifying fears about the magnitude of the coronavirus' impact on the economy."
Factbox: What is actually in the U.S.-China 'Phase One' trade deal?,Dec 16 2019,"The United States and China have agreed on the terms of a ""Phase One"" trade deal that reduces some U.S. tariffs on Chinese goods and is said to boost Chinese purchases of American farm, energy and manufactured goods while addressing some disputes over intellectual property."
"Pence: U.S. talks to continue, Mexico must do more on immigration",Jun 06 2019,"U.S. Vice President Mike Pence said U.S.-Mexico talks would continue on Thursday, and reiterated President Donald Trump's assessment that Mexico must do more to curb immigration at the border between the two nations."
Japan's Motegi: No extra U.S. tariffs on Japan cars while trade deal is being implemented,Sep 25 2019,"No additional U.S. tariffs will be imposed on Japanese cars as long as a U.S.-Japan trade deal, which was agreed on Wednesday between President Donald Trump and Prime Minister Shinzo Abe, is being implemented faithfully, Japanese Foreign Minister Toshimitsu Motegi said."
No talks have taken place on ousting Fed's Powell: White House adviser,Nov 01 2019,A White House official said on Friday no discussions have taken place about ousting U.S. Federal Reserve Chairman Jerome Powell after President Donald Trump expressed disappointment in him and criticized the central bank's latest interest rate cut.
U.S. service sector slows more than expected in November,Dec 04 2019,"U.S. services sector activity slowed more than expected in November amid lingering concerns about trade tensions and worker shortages, which could revive fears about the economy's health."
U.S. Air Force to release $882 million to Boeing: official,Apr 02 2020,"The U.S. Air Force will release $882 million in payments to Boeing that were held back due to flaws in the KC-46 air refueling tanker, a Pentagon official said on Thursday."
Tesla filing shows U.S. sales tumbled 39% in third quarter,Oct 29 2019,"Tesla Inc's  third-quarter revenue tumbled 39% in the United States, its first drop in more than two years, but sales in China and other regions surged, the electric car maker's break down of sales by geography showed on Tuesday."
"Three Facebook users sue over collection of call, text history",Mar 27 2018,"Three users of the Facebook Messenger app sued Facebook  on Tuesday, saying the social network violated their privacy by collecting logs of their phone calls and text messages, in the latest legal challenge facing the company."
Exclusive: Dubai Aerospace in talks to place huge order for 400 jets,May 17 2018,"Dubai Aerospace Enterprise (DAE), one of the world's largest aircraft lessors, is in talks to buy a near-record total of 400 jetliners from Airbus and Boeing, its CEO told Reuters, in a $40 billion blowout that would match the order pipeline of rivals."
Aerion signs up supersonic business jet customers ahead of greenlighting project: executive,Jun 13 2018,"Aerion Supersonic, the developer of a $120 million supersonic business jet, has signed provisional purchase contracts with wealthy customers as it looks to greenlight the project over the next 18-24 months, a senior executive said."
Britain's FT says allegations over Wirecard reporting are false,Feb 18 2019,"Britain's Financial Times rejected as ""baseless and false"" any allegations accusing the newspaper or its reporters of market manipulation or unethical reporting in relation to German payments company Wirecard."
Sunrise hits snag after announcing $6.3 billion deal for Liberty Global's Swiss assets,Feb 28 2019,"Sunrise Communications' $6.3 billion deal to buy U.S. cable giant Liberty Global's Swiss assets, announced on Thursday, immediately hit a snag as a key shareholder said it would shun a planned rights issue to finance the acquisition."
"Jobs of the future are clustering in a handful of U.S. cities, study finds",Dec 09 2019,"A new analysis of where ""innovation"" jobs are being created in the United States paints a stark portrait of a divided economy where the industries seen as key to future growth cluster in a narrowing set of places."
Qualcomm extends NXP tender offer yet again,Jun 29 2018,U.S. chipmaker Qualcomm Inc  on Friday extended the tender offer for its proposed $44 billion deal to buy NXP Semiconductors NV  for the 29th time as it awaits clearance from the Chinese government.
Siemens CEO rules out job cuts from coronavirus impact,Apr 11 2020,"Siemens will not cut its workforce because of the economic downturn triggered by the new coronavirus, Chief Executive Joe Kaeser said, although short-time working measures could be extended in Germany."
U.S. producer prices rise slightly on weak hotel costs,May 09 2018,"U.S. producer prices barely rose in April after strong gains in the first quarter, held back by a moderation in the cost of services such as hotel accommodation and healthcare, which could ease fears that inflation pressures were rapidly building up."
BMW executive says would shut UK plants if Brexit hits supply chain,Jun 25 2018,"BMW  would have to close its Mini and Rolls-Royce plants in Britain if Brexit seriously disrupts its supply chain, an executive at the German carmaker told the Financial Times."
EU regulators fine Google 1.49 billion euros for blocking advertising rivals,Mar 20 2019,"EU antitrust regulators handed down a 1.49 billion euro ($1.69 billion) fine to Alphabet unit Google on Wednesday for blocking rival online search advertisers, marking the company's third penalty in two years."
"Trump ratchets up pressure on China, threatens tariff hikes",May 06 2019,"President Donald Trump dramatically increased pressure on China on Sunday to reach a trade deal, saying he would hike U.S. tariffs on $200 billion worth of Chinese goods this week and target hundreds of billions more soon."
Icahn sees opportunities but warns of more 'downdrafts' ahead: Bloomberg,Apr 24 2020,"Billionaire investor Carl Icahn said he expects to see ""good opportunities"" to buy after the historic stock market sell-off but warned there will likely be more heavy selling because the coronavirus outbreak has yet to be contained."
French court fines oil group Total in Iran bribery case,Dec 21 2018,"A Paris court fined French oil and gas group Total  500,000 euros ($570,000) on Friday for bribing foreign public officials in a case related to Iranian contracts in 1997."
Exclusive: Neiman Marcus advances bankruptcy preparations - sources,Apr 03 2020,"Neiman Marcus Group is stepping up preparations to seek bankruptcy protection, after the coronavirus pandemic forced the debt-laden U.S. luxury department store chain to close its stores, people familiar with the matter said on Thursday."
Renault in talks over new alliance body with Nissan and Mitsubishi,Mar 11 2019,French carmaker Renault said on Monday that it was in talks with its Japanese partners Nissan and Mitsubishi Motor over a new alliance body for the three companies.
Activists turn tables on companies as EU privacy law comes in,May 22 2018,"Big companies are used to harvesting vast amounts of data from customers to find out what makes them tick. Now, as Europe's new data protection law comes into effect this week, activists are looking to turn the tables."
Geordie Greig named as new editor of Daily Mail,Jun 07 2018,"Geordie Greig has been named as the new editor of Britain's Daily Mail, the newspaper company Daily Mail and General Trust  said on Thursday."
Travel and leisure stocks rejoice on summer holiday hopes,May 26 2020,"European travel and leisure stocks soared on Tuesday amid reports Spain and Germany would ease travel restrictions, and no noticeable increase in infections were reported during the re-opening of businesses after a two-month lockdown."
Facebook's big India deal portends a bruising time for SoftBank-backed Paytm,Apr 24 2020,"Facebook's  $5.7 billion investment in Reliance  promises to be the biggest headache yet for Paytm, a SoftBank-backed pioneer in India's digital payments market but which has been losing ground to rivals with deeper pockets."
Organic wine market growing fast but to remain niche: study,Nov 23 2018,"The market for organic wine will grow rapidly in the next five years as environmentally-conscious consumers increasingly favor pesticide-free wines, but their market share will remain relatively small globally, a study showed."
Citigroup to refund retail customers for investment losses: Australian regulator,Apr 15 2019,"Citigroup is refunding more than A$3 million ($2.2 million) to retail customers in Australia who suffered losses from complex investments sold by the bank without adequate advice, the country's corporate watchdog said on Monday."
Explainer: Euro zone eyes package to support economy against coronavirus,Apr 01 2020,"With the euro zone economy in need of help from the coronavirus pandemic, officials have until April 9 to design a package that satisfies members with completely opposing views: those calling for joint debt issuance and those fiercely against it."
"Japanese automakers close more plants in Europe, Asia due to virus",Mar 18 2020,Japanese automakers on Wednesday said they would temporarily close more vehicle plants in Europe and Asia as the spread of the coronavirus prompts countries to instruct non-essential businesses to suspend operations.
Exclusive: Justice Department demands details from Glencore on intermediary firms - sources,Oct 23 2018,"The U.S. Department of Justice is seeking documents from Glencore  about intermediary companies that the commodities firm has worked with in the Democratic Republic of Congo, Venezuela and Nigeria, sources familiar with the matter said."
"Wall Street posts weekly loss as banks, chipmakers weigh",May 18 2018,The S&P 500 ended lower on Friday after a choppy trading session as bank and chipmaker stocks weighed on the index and investors grappled with U.S.-China trade talks.
Trump floats halt to U.S. cattle imports as pandemic hurts ranchers,May 19 2020,President Donald Trump said on Tuesday the United States should consider terminating trade deals under which it imports cattle as he looks to help U.S. ranchers hit hard by the coronavirus outbreak.
"Fed up with rising costs, big U.S. firms dig into healthcare",Jun 11 2018,"At its Silicon Valley headquarters, network gear maker Cisco Systems Inc is going to unusual lengths to take control of the relentless increase in its U.S. healthcare costs."
U.S. judge urges parties to wisely use Purdue opioid settlement funds,Oct 10 2019,A U.S. bankruptcy judge on Thursday urged parties that will benefit from a proposed settlement with OxyContin maker Purdue Pharma LP to focus on addressing the opioid addiction crisis and avoid battling over the deal's billions of dollars.
Buffett's Suncor bet to revive investor interest in Canadian energy,Feb 20 2019,"Berkshire Hathaway Inc's re-investment in Suncor Energy Inc highlights the benefits of being an integrated oil company and could revive investor interest in the languishing Canadian energy sector, fund managers said."
Wall Street much quicker to applaud Facebook than criticize it,Apr 26 2018,A month of darkening sentiment around Facebook Inc  among analysts was washed away in an instant when the social media's earnings report blew through even the most optimistic earnings estimates.
Flying cars could lure investors away from ground-based services: survey,Dec 09 2019,"Electric air taxis — known colloquially, if somewhat misleadingly, as ""flying cars"" — could draw millions of investor dollars away from ground-based transportation start-up firms in 2020, according to a study released on Monday."
Bridgestone to suspend 11 Japanese plants during late April-early May,Apr 20 2020,"Japanese tyremaker Bridgestone Corp  said on Monday it will suspend operations at its 11 domestic plants, including 8 tyre factories, from late April to early May to cope with dwindling demand due to the coronavirus pandemic."
UK to force big companies to publish worker to boss pay gap,Jun 09 2018,"Britain's biggest companies will from 2020 be legally required to publish the gap between the salary of their chief executive and what they pay their average UK worker, under proposed new government rules."
Chevron shows off war chest by pledging up to $80 billion in returns,Mar 03 2020,"Chevron Corp  on Tuesday said it would keep its spending in check and return up to $80 billion to shareholders over the next five years, with Chief Executive Mike Wirth making the case that his company is the oil major best able to produce oil and generate profits at the lowest cost."
"Volkswagen to invest $800 million, build new electric vehicle in U.S.",Jan 14 2019,"Volkswagen AG  said on Monday it was investing $800 million to build a new electric vehicle at its plant in Chattanooga, Tennessee, and scheduled a briefing with Ford Motor Co  for Tuesday on their efforts to forge a global alliance."
U.S. trade regulators approve tariff exemption for Apple Watches,Mar 23 2020,"U.S. trade regulators have approved Apple Inc's  request to waive tariffs on China-made Apple Watches, the Office of the United States Trade Representative said in a letter dated Friday."
U.S.-China trade deal in sight after progress in high-level talks,Nov 03 2019,"The United States and China on Friday said they made progress in talks aimed at defusing a nearly 16-month-long trade war that has harmed the global economy, and U.S. officials said a deal could be signed this month."
Facebook's Zuckerberg embraces remote work beyond Silicon Valley,May 21 2020,"Facebook Inc will permanently embrace remote work even after coronavirus lockdowns ease, Chief Executive Mark Zuckerberg said on Thursday, accelerating the tech sector's geographic diversification away from its home in Silicon Valley."
"Retailers J.C.Penney, Macy's oppose proposed tariffs on apparel, footwear",Jun 20 2019,Department store operators J.C. Penney Co Inc and Macy's Inc have opposed U.S. President Donald Trump's proposal to include apparel and footwear among the Chinese goods targeted for tariffs.
Trump says auto tariff probe will be completed in three-four weeks,Jun 29 2018,President Donald Trump said on Friday his administration's investigation into whether to increase tariffs on cars from the European Union and other trading partners would be completed in three to four weeks.
Take Five: A spanner in the global economic works,Nov 22 2019,"Can we have it both ways? For two decades, trade expansion has fueled rapid global economic growth. But with trade volumes contracting at a rate of more than 1% year-on-year and the Sino-U.S trade war nearing its two-year anniversary, world growth will plumb decade-lows next year, the Organisation for Economic Co-Operation and Development predicts."
"U.S., China agree on trade war ceasefire after Trump, Xi summit",Dec 02 2018,"China and the United States agreed to a ceasefire in their bitter trade war on Saturday after high-stakes talks in Argentina between U.S. President Donald Trump and Chinese President Xi Jinping, including no escalated tariffs on Jan. 1."
A matter of volume: threat from ascendant Chinese phones hangs over Apple,Nov 14 2018,"A raft of profit warnings from Apple Inc  suppliers this week has fueled investor concerns that iPhone sales, in terms of volume, have hit a wall that could spell trouble for the company's plans to make services its main pillar of growth."
Kraft Heinz hires global brand expert Patricio as CEO,Apr 22 2019,"Kraft Heinz Co named Miguel Patricio as its next chief executive on Monday, hoping the 30-year marketing veteran will revitalize brands such as Planters nuts and Oscar Mayer bacon at one of the world's largest packaged food companies."
White House's Kudlow says Trump not demanding Fed policy change,Oct 17 2018,"White House economic advisor Larry Kudlow said on Wednesday that U.S. President Trump was not demanding a policy change at the Federal Reserve after Trump heaped more criticism on the Fed on Tuesday, calling rising U.S. interest rates his ""biggest threat."""
Deutsche Bank to exit Eurostoxx 50 in blow to lender: documents,Sep 04 2018,"Deutsche Bank  will be booted from the Eurostoxx 50 index of leading European stocks, documents seen by Reuters on Tuesday showed, the latest blow to Germany's largest lender."
Bayer asks California judge to limit evidence in another Roundup cancer trial,Jan 22 2019,"Bayer AG unit Monsanto has asked a California judge in the litigation over its glyphosate-based weed killer Roundup allegedly causing cancer to limit evidence by splitting an upcoming trial into two phases, a request previously successful with another judge."
Pringles maker Kellogg pushes product launches to second half as virus raises costs,Apr 30 2020,"Kellogg Co  said on Thursday it would push product launches to the second half of 2020, as the breakfast cereal maker invests into additional warehouse space and logistics to meet higher demand brought on by coronavirus-led stockpiling."
Powell faces early reckoning on Fed's $4-trillion question,Jan 29 2019,"Federal Reserve Chairman Jerome Powell has a problem: how to explain that the Fed may soon begin to taper its ongoing asset-shedding operation without looking like he's hunkering down for a coming recession, or caving to U.S. President Donald Trump."
Oil producers pin hopes for massive cuts on unprecedented stockpile purchases,Apr 15 2020,An unprecedented deal by oil producers to curb supply to match demand hollowed out by the coronavirus pandemic is set to depend partly on purchases by consumer countries for their strategic stockpiles on a scale not before seen.
Exclusive: Huawei needs 3-5 years to resolve British security fears - letter,Feb 06 2019,"A $2 billion effort by China's Huawei to address security issues raised in a British government report last year will take between three and five years to produce results, according to a company letter to British lawmakers seen by Reuters."
"Egypt reports 13 new cases of coronavirus, bringing total to 93",Mar 13 2020,"Egypt reported on Friday 13 new cases of coronavirus, bringing the total of cases detected in the country to 93, the health ministry said in a statement."
Busy as a Jollibee: Asia's fast-food giant expands abroad,Oct 18 2018,"Jollibee Foods , a major Asian fast-food operator, hopes to generate half its sales outside its home market of the Philippines within five to seven years, up from 30 percent now, its chief executive told Reuters."
"Airbus sells longer-range A321, expects quick end to Boeing crisis",Apr 18 2019,"Airbus sales chief Christian Scherer said it is selling longer-range versions of its A321, while signaling a shift away from chasing market share at any cost and predicting Boeing will emerge quickly from the grounding of its rival 737 MAX."
"Pilot shortages, unsold planes weigh on ATR deliveries: sources",Jun 13 2019,"Franco-Italian turboprop maker ATR is tackling a slump in deliveries resulting from a combination of industrial delays, unsold aircraft and pilot shortages, industry sources said."
White House adviser Kushner says 'making pretty good progress' on USMCA,Dec 09 2019,"White House adviser Jared Kushner said on Monday there was progress on reaching a trade deal with Mexico and Canada, but he would not confirm reports he planned to travel to Mexico for talks."
Apple bans Facebook from tech tools for tracking teen browsing habits,Jan 30 2019,"Apple Inc  said on Wednesday it had banned Facebook Inc  from a program designed to let businesses control iPhones used by their employees, saying the social networking company had improperly used it to track the web-browsing habits of teenagers."
HSBC delays job cuts in face of coronavirus,Mar 26 2020,"HSBC has said it is delaying the ""vast majority"" of its planned redundancies to deal with the fallout from the coronavirus pandemic, a memo sent to staff seen by Reuters said."
"U.S. eyes customs deal with Mexico, plans attorney general visit in January",Dec 28 2019,"The United States is looking at ways to cooperate with Mexico on customs along their border to curb flows of illicit arms, drugs and money, the U.S. ambassador to Mexico said on Friday."
Amazon to expand Whole Foods stores: Wall Street Journal,Dec 30 2018,"Amazon.com Inc  is planning to expand its Whole Foods Market portfolio by adding more stores to put more customers within its two-hour delivery service range, the Wall Street Journal reported on Sunday, citing sources."
"Chinese carriers, Ethiopian Airlines halt use of Boeing 737 MAX 8 aircraft after crash",Mar 11 2019,"China's aviation regulator on Monday grounded nearly 100 Boeing Co 737 MAX 8 aircraft operated by its airlines, more than a quarter of the global fleet of the jets, after a deadly crash of one of the planes in Ethiopia."
"EU's Vestager wants to hear critics of Siemens, Alstom deal",Oct 09 2018,Europe's antitrust chief Margrethe Vestager on Tuesday said she wants to hear critics of Siemens  and Alstom's  plan to create a Franco-German rail champion which is being investigated by the European Commission.
Exclusive: Trump to sign USMCA trade deal Wednesday at the White House - source,Jan 24 2020,"U.S. President Donald Trump will sign a trade pact between the United States, Mexico and Canada on Wednesday during a ceremony at the White House, an administration official told Reuters on Thursday."
"Coronavirus fears spark surge in a volatility-focused ETN, but with a downside",Mar 23 2020,"A product that traders use to profit from surges in volatility has soared as coronavirus fears ravaged stocks, prompting concern about a plunge if the market's wild swings subside."
U.S. Air Force resumes Boeing's KC-46 tanker delivery,Mar 11 2019,The U.S. Air Force said that a Boeing Co KC-46 Pegasus tanker jet was being delivered on Monday to Altus Air Force Base in Oklahoma.
Norwegian Air: all our 737 MAX 8 operate as normal after Boeing statement,Nov 07 2018,Norwegian Air said on Wednesday all fourteen of its 737 MAX 8 Boeing planes were operating as normal after receiving a safety bulletin from the U.S. plane manufacturer.
Starbucks 'unlikely' to be overtaken in China by Luckin in 2019: CEO,Feb 08 2019,"Starbucks Corp is unlikely to cede its leading position in China, the company's fastest-growing major market, to Chinese startup Luckin in 2019, Starbucks CEO Kevin Johnson said in an interview on Thursday."
Trump's 'massive' U.S.-UK trade deal faces big hurdles,Jan 27 2020,Britain is the United States' closest ally but their long friendship may be sorely tested as the two countries try to forge a new trade agreement after Britain's exit from the European Union.
Goldman cuts U.S. growth forecast for first and second quarter due to coronavirus,Mar 15 2020,Goldman Sachs Group Inc  has downgraded its U.S. growth forecast for the first and second quarters in the wake of the economic fallout from the coronavirus outbreak.
UK lawmakers call for new powers for watchdog after inaction on RBS,Jul 31 2018,"Britain's financial watchdog should get new powers to regulate  business loans after it was unable to punish Royal Bank of Scotland  for its ""deficient"" treatment of customers, lawmakers said on Tuesday."
"BT to strip China's Huawei from core networks, limit 5G access",Dec 05 2018,Britain's BT Group said on Wednesday it was removing Huawei Technologies' equipment from the core of its existing 3G and 4G mobile operations and would not use the Chinese company in central parts of the next network.
Orange's banking unit may replace partnership with Wirecard in August: executive,Jun 25 2020,"Orange's banking division may replace its partnership with stricken German payments company Wirecard in August, a senior executive at the French telecoms group said on Thursday."
Mercedes Benz to hire 600 contractors in Brazil as economy recovers,Dec 04 2018,"Mercedes Benz's  Brazil operation will hire some 600 contractors in 2019 on year-long contracts to work on commercial vehicles, adding to a workforce of 10,000, the company said on Tuesday."
"Nissan, Renault break up almighty chairmanship in wake of Ghosn's ouster",Mar 12 2019,"Japan's Nissan Motor and France's Renault said they would retool the world's top car-making alliance to put themselves on more equal footing, breaking up the all-powerful chairmanship previously wielded by ousted boss Carlos Ghosn."
Car parts maker Valeo says sales up but warns of GM strike impact,Oct 24 2019,French car parts supplier Valeo  cautioned on Thursday that the General Motors strike was currently costing it around 160 million euros ($178 million) in sales and around 50 million euros in operating margin terms.
Fed's Daly says her 'bias' is to run hot U.S. economy,Aug 28 2019,"San Francisco Federal Reserve President Mary Daly on Thursday signaled support for continued U.S. monetary policy accommodation, saying she believes the benefits of running a ""hot"" economy currently outweigh the potential costs."
UK committed to nuclear power after Hitachi decision: PM May's spokesman,Jan 17 2019,"Britain is committed to the nuclear power sector, Prime Minister Theresa May's spokesman said on Thursday, after Japan's Hitachi Ltd  froze a 3 trillion yen ($28 billion) nuclear power project in Wales."
Nestle to launch ruby chocolate KitKat in Europe and Americas,Apr 10 2018,"Nestle  will launch a ruby chocolate version of its KitKat brand in Europe next week after it made its debut this year in Japan and South Korea, the Swiss food group said on Tuesday."
India's SpiceJet could take more of Jet Airways' 737 MAX planes: chairman,Oct 04 2019,"Indian low-cost carrier SpiceJet Ltd  may consider taking some of the Boeing 737 MAX planes that were due to be delivered to now bankrupt Jet Airways  but are still sitting in Seattle, its chairman said on Friday."
"CBS, Viacom reach working agreement on leadership team: sources",Aug 02 2019,"Viacom Inc  and CBS Corp  have worked out a management structure in which Viacom Chief Executive Officer Robert Bakish would lead the combined company if the two entities reach a deal to merge, sources familiar with the matter said."
Wall Street rises but ends well off day's highs amid renewed Middle East jitters,Jan 08 2020,"U.S. stocks ended higher on Wednesday, but the day's uneven path showed investors' sensitivity to any signs of turmoil in the Middle East, with stocks rising on comments by President Donald Trump and paring gains on reports of blasts in Baghdad."
China's Nov factory activity unexpectedly expands at quickest pace in almost three years - Caixin PMI,Dec 01 2019,"China's factory activity unexpectedly expanded at the quickest pace in almost three years in November, with solid increases in output and new orders, a private business survey showed on Monday."
Xerox abandons $35 billion hostile bid for HP,Mar 31 2020,"U.S. printer maker Xerox Holdings Corp walked away from its $35 billion hostile cash-and-stock bid for HP Inc on Tuesday, after the coronavirus outbreak weighed on its campaign to take over the PC and printing equipment manufacturer."
Take Five: The shape of you - world market themes for the week ahead,Apr 01 2019,Following are five big themes likely to dominate thinking of investors and traders in the coming week and the Reuters stories related to them.
How Lipper Award-winning fund managers are playing coronavirus scare,Mar 06 2020,Uncertainty over the economic impact of the coronavirus outbreak has prompted at least some winners of the U.S. Lipper Fund Awards to look for companies that can withstand a prolonged pullback.
Macau gambling king Stanley Ho dies aged 98,May 26 2020,"Macau gambling king Stanley Ho, who built a business empire from scratch in the former Portuguese colony and became one of Asia's richest men, died peacefully at the age of 98, his family confirmed on Tuesday."
"U.S., China 'miles and miles' from trade deal: Ross",Jan 24 2019,"The United States and China are ""miles and miles"" from resolving trade issues but there is a fair chance the two countries will get a deal, U.S. Commerce Secretary Wilbur Ross said on Thursday."
Ghosn's right-hand man stands high chance of acquittal in Japan: ex-prosecutor,Jan 22 2020,"A lieutenant to Carlos Ghosn who is facing charges in Japan for underreporting his salary at Nissan Motor Co  stands a very high chance of being acquitted, as would Ghosn had he remained in Japan to face trial, a former prosecutor said."
U.S. agency to mandate Boeing bulletin issued after Lion Air,Nov 07 2018,The U.S. Federal Aviation Administration said Wednesday it will require airlines to follow a safety bulletin issued by Boeing Co reminding pilots how to handle erroneous data from a key sensor in the wake of last week's Indonesian jetliner crash.
U.S. says sees no reason to reduce tariffs in EU aircraft subsidy case,Dec 02 2019,The U.S. Trade Representative's office on Monday said it saw no basis in Monday's World Trade Organization report that would justify reducing U.S. retaliatory tariffs by $2 billion as Europe's Airbus  has suggested.
Popeyes signs first lease for China market as it seeks to take on KFC,Nov 19 2019,"U.S. fried chicken chain Popeyes wants to become the top chicken brand in China, the chief executive of its parent company said on Tuesday, as it prepares to take on KFC, the no.1 player in the world's most populous market."
Spirit Airlines commits to 100 Airbus jets amid tariff dispute,Oct 23 2019,"U.S. budget carrier Spirit Airlines  on Wednesday unveiled a provisional deal to order 100 Airbus A320neo-family jets to be delivered through 2027, becoming the first U.S. airline to pick European planes since Washington imposed tariffs on them."
Fed's Powell takes old-school view on U.S. borrowing capacity,Nov 13 2019,"Federal Reserve Chair Jerome Powell likes to avoid any hint of politics in his public statements, but in a seemingly non-controversial response to a question about U.S. government borrowing on Wednesday, he weighed in on one of the core issues in the political debate over how to manage the economy."
Nike favored to beat soccer juggernaut Adidas at World Cup,Jul 04 2018,"In a World Cup brimming with upsets, Nike Inc  looks on track to defeat soccer juggernaut and archrival Adidas AG  in the closely watched jersey sponsorship battle."
Ryanair cuts more than 250 office staff across Europe,May 15 2020,"Ryanair has cut more than 250 staff in offices in Dublin, London, Madrid and Wroclaw, Poland, Europe's largest low-cost airline said on Friday."
Sinclair countersues Tribune Media over failed tie-up,Aug 29 2018,Sinclair Broadcast Group Inc  on Wednesday filed a counterclaim to a lawsuit by Tribune Media Co  seeking $1 billion for what Tribune said was a breach of contract over a proposed merger.
Losses at Einhorn's hedge fund Greenlight grow in November,Nov 30 2018,"Billionaire investor David Einhorn told investors on Friday that losses at his hedge fund Greenlight Capital grew this month, leaving the fund down nearly 28 percent for the year."
China iron ore imports in June fall to lowest since Feb 2016,Jul 12 2019,"China's iron ore imports in June fell from a year ago, touching their lowest since February 2016, customs data showed on Friday, as supply declined from top miners in Brazil and Australia."
Oil traders ready for musical chairs as China tariffs loom,Jun 20 2018,"Oil markets are bracing for a reshuffle of global trade flows as China threatens to impose tit-for-tat tariffs on imports of U.S. energy products, including crude."
Apple accused in U.S. lawsuit of securities fraud over iPhone sales in China,Apr 17 2019,"Apple Inc was accused in a new lawsuit of securities fraud for concealing a slump in demand for iPhones, particularly in China, leading to a $74 billion one-day slide in its market value once the truth became known.    The complaint filed on Tuesday seeks damages for investors who bought Apple stock in the two months before Chief Executive Tim Cook on Jan. 2 unexpectedly reduced Apple's quarterly revenue forecast as much as $9 billion, in part because of the intensifying U.S. trade w"
Toyota pumps $1 billion in Grab in auto industry's biggest ride-hailing bet,Jun 13 2018,"Toyota Motor Corp has agreed to buy a $1 billion stake in Southeast Asia's Grab in the biggest investment by a carmaker into a ride-hailing firm, at a time when traditional automakers are racing to team up with disruptive tech companies."
Airbus mimics nature with 'Bird of Prey' concept plane,Jul 19 2019,Airbus  on Friday unveiled a concept aircraft with splayed wingtips and a fanned tail inspired by the feathers of an eagle as it experiments with “biomimicry” technology that could eventually lead to quieter landings and less pollution.
"Oil rises on supply cuts, Mideast tensions; trade worries cap gains",Jul 09 2019,"Oil futures rose on Tuesday as Middle East tensions and OPEC supply cuts kept global benchmark Brent crude above $64 a barrel, while gains were limited by the U.S.-China trade dispute that has dragged on the global economy and crimped oil demand."
Mueller probe already financed through September: officials,Mar 11 2019,"Special Counsel Robert Mueller and the team he assembled to investigate U.S. President Donald Trump and his associates have been funded through the end of September 2019, three U.S. officials said on Monday, an indication that the probe has funding to keep it going for months if need be."
Vodafone challenges Deutsche Telekom with $21.8 billion Liberty deal,May 09 2018,"Vodafone  has agreed to pay $21.8 billion to buy Liberty Global's  assets in Germany and eastern Europe to take the fight to rivals with a broader range of superfast cable TV, broadband and mobile services."
Exclusive: Italian prosecutors widen probe over safety of Atlantia-operated bridges - sources,Oct 01 2019,"Italian prosecutors have widened an inquiry into suspected safety breaches at subsidiaries of Atlantia ATL.MI to include more employees and viaducts than they identified last month, two sources close to the investigation told Reuters."
U.S. top court leans towards allowing Apple App Store antitrust suit,Nov 26 2018,U.S. Supreme Court justices on Monday appeared open to letting a lawsuit proceed against Apple Inc  that accused it of breaking federal antitrust laws by monopolizing the market for iPhone software applications and causing consumers to overpay.
U.S. first-quarter GDP growth trimmed; labor market strong,Jun 28 2018,"The U.S. economy slowed more than previously estimated in the first quarter amid the weakest consumer spending in nearly five years, but growth appears to have since regained momentum on the back of a robust labor market and tax cuts."
"EU antitrust official sees more scrutiny for Facebook, others",May 22 2018,"Facebook and other tech giants may attract more regulatory scrutiny in future because of their market power, a senior EU antitrust official said on Tuesday."
"Record highs set by Nasdaq, S&P 500 on upbeat earnings, oil gains",Apr 23 2019,"Global equity markets rallied on Tuesday, with the Nasdaq and S&P 500 indexes setting record closing highs on Wall Street, while European energy shares posted their biggest daily gain since January as crude prices surged."
Microsoft overtakes Amazon as second most valuable U.S. company,Oct 26 2018,Microsoft Corp  regained its spot as the second most valuable U.S. company on Friday after a disappointing quarterly report from Amazon.com  wiped $65 billion off the online retailer's market capitalization.
Rite Aid and Albertsons terminate merger amid opposition to deal,Aug 09 2018,"Drug store chain Rite Aid Corp  and U.S. grocer Albertsons Companies Inc  agreed to terminate their merger agreement, the companies said on Wednesday, a little over 10 days after a shareholder advisory firm opposed the deal."
Aramco IPO banks face pared payday of $90 million or less: sources,Nov 19 2019,"By Saeed Azhar, Hadeel Al Sayegh, Rania El Gamal and Clara Denina"
"Stocks sink on dismal euro zone data, dollar gains",Sep 23 2019,The dollar edged higher while global shares slid on Monday as euro zone equities clocked their worst day in a month after dismal business activity readings in Europe deepened fears of a looming recession there.
Stripteasing Musk launches Tesla SUV program in China,Jan 07 2020,"Elon Musk raised an online storm by dancing on stage at the launch of Tesla's  Model Y electric sports utility vehicle program on Tuesday in its new Shanghai factory, where the company delivered its first cars built outside the United States to the public."
Air Lease signs long-term lease placements for four Airbus jets,Jun 18 2019,Air Lease Corporation said on Tuesday it had signed long-term lease placements for two new Airbus A320neo and two Airbus A321neo LR aircraft with Japan's Peach Aviation Ltd.
Embraer and Boeing's $4.2 billion deal ruled out pandemic as pretext to cancel,Apr 30 2020,"Boeing Co's recently aborted $4.2 billion agreement to buy the commercial jet-making operations of Brazil's Embraer specifically forbade either party from calling it off because of a pandemic or a global economic recession, Reuters has found."
Nissan premium brand Infiniti aims to triple China sales: president,Apr 19 2018,"(This story corrects headline to show title is ""president"" (not CEO).)"
Nissan chairman Ghosn has been arrested: Yomiuri,Nov 19 2018,"Nissan Motor Co Ltd's  chairman, Carlos Ghosn, has been arrested, the Yomiuri daily said on its website on Monday."
Chevron asks staff to postpone all non-essential travel to China,Jan 30 2020,"U.S. oil major Chevron Corp  said on Thursday it has asked its employees to postpone all ""non-essential"" business travel to China in the aftermath of the coronavirus outbreak."
"VW's Slovak unit vows to increase efficiency, curb wage growth",Apr 17 2019,Volkswagen's Slovak unit pledged on Wednesday to increase efficiency by 30 percent by 2020 to get ahead of the company-wide savings drive as it seeks to raise its competitiveness within the group.
"House Democrats would give airlines, contractors $40 billion bailout",Mar 24 2020,"Democratic U.S. lawmakers on Monday proposed giving struggling U.S. airlines and contractors $40 billion in cash grants that would not have to be paid back but require significant new environmental, labor and other conditions."
VW sees mild growth for China auto market over next three to four years,Nov 21 2019,"Volkswagen AG , the top foreign automaker in China, said on Thursday it expects the world's biggest passenger car market to stabilize next year with low growth levels likely for three to four years."
Exclusive: China backtracked on almost all aspects of U.S. trade deal - sources,May 08 2019,"The diplomatic cable from Beijing arrived in Washington late on Friday night, with systematic edits to a nearly 150-page draft trade agreement that would blow up months of negotiations between the world's two largest economies, according to three U.S. government sources and three private sector sources briefed on the talks."
"Exclusive: Exxon Mobil breaks with past, bulks up energy trading to boost profit",Jun 12 2018,"Exxon Mobil Corp  is pushing deeper into energy trading, building a global cadre of experienced traders and beefing up risk-management systems to lift profit, according to executive recruiters and people familiar with the business."
"Hifood Group slumps 11 percent, leading slide in shares of HNA's HK-listed units",Jul 04 2018,"Shares of jewelry maker Hifood Group Holdings, an indirect unit of HNA Group, fell 11 percent on Thursday to all-time lows, leading the slide in Hong Kong-listed stocks related to HNA whose co-chairman died in an accident two days ago."
European airlines plead for rescue package as coronavirus crisis intensifies,Mar 17 2020,European airlines on Tuesday called on governments to draw up a package of measures including deferring taxes to rescue the struggling industry as the crisis caused by the coronavirus pandemic deepens.
Ryanair's Irish pilots agree to talks as strike looms,Aug 13 2019,Ryanair's  directly employed pilots in Ireland agreed to attend mediated talks starting on Wednesday to avert a strike their trade union said would go ahead next week if the airline does not properly address a pay claim.
Canada's Freeland holds firm on tariff retaliation at G7,Jun 08 2018,"Talks among top world leaders at the Group of Seven summit have so far been cordial, but Canada will not change its mind when it comes to illegal U.S. steel and aluminum tariffs, Canadian Foreign Minister Chrystia Freeland said on Friday."
"Wall Street rises, limps across the finish line of a turbulent year",Dec 31 2018,"Wall Street advanced in low-volume trading on Monday as revelers gathered to ring in 2019, marking the end of the worst year for U.S. stocks since 2008, the height of the financial crisis."
Tailored Brands may seek Chapter 11 protection if COVID effect continues,Jun 10 2020,"Men's Wearhouse owner Tailored Brands Inc  said on Wednesday it may have to seek bankruptcy protection or discontinue operations, if the COVID-19 crisis continues to pummel sales."
Bull market beliefs: Stock experts differ on market cycles,Aug 20 2018,"As Wall Street prepares on Wednesday to celebrate the current U.S. bull stock market becoming the longest in history, some investors are keeping corks in their champagne bottles."
U.S. insurers want taxpayers to back pandemic coverage for businesses,Apr 29 2020,"The U.S. insurance industry is promoting the idea of an insurance plan backed by the federal government that would help businesses that in the future suffer losses from a pandemic, people familiar with the effort told Reuters."
Cost to insure Tesla debt spikes to record high,Sep 28 2018,"The cost to insure debt holdings in electric carmaker Tesla Inc  rose to its highest-ever level on Friday as the bond market reflected growing worries about a default, following the news that Chief Executive Elon Musk had been accused of fraud by federal regulators."
Credit Suisse investigated by Geneva prosecutors in Turkish case,Nov 13 2018,Geneva prosecutors said on Tuesday they are looking at whether Credit Suisse  exercised adequate oversight of money deposited in its accounts that belonged to Turkish investors who suffered losses.
"Tesla drops cheapest Model X, S variants, cuts prices to simplify lineup",Jul 16 2019,"Tesla Inc  has dropped the standard-range variants of its Model X and Model S from its product lineup and adjusted prices across its range, in a sales push that comes days after the U.S. electric vehicle maker reported record deliveries."
China September coal output hits nine-month high as new capacity starts up,Oct 18 2018,"China's coal output hit its highest in nine months in September, government data showed on Friday, boosted as new mining capacity started up in the country's northwest."
"Drugmakers Mylan, Pfizer delay merger due to coronavirus outbreak",Mar 26 2020,"Drugmaker Mylan NV's  merger with Pfizer Inc's  off-patent branded drug unit, Upjohn, will now close in the second half of this year, the companies said on Thursday, blaming the coronavirus pandemic for the delay."
Campbell Soup offers to add two Third Point nominees to board,Nov 09 2018,"Campbell Soup Co , which is in the midst of a proxy battle with Third Point LLC, said on Friday it offered to add two of the hedge fund's nominees to its board, after a similar proposal was rejected by the activist investor."
Ryanair to shut Faro base in Portugal in 2020: union,Aug 07 2019,"Ryanair  has decided to close its base at Faro International Airport in southern Portugal from next year with the loss of at least 120 jobs, the SNPVAC cabin crew union, which had called a strike for Aug. 21-25, said on Wednesday."
Men accused of helping ex-Nissan boss flee Japan challenge U.S. extradition case,Jun 08 2020,Lawyers for the former Green Beret and son wanted by Japan for helping former Nissan Motor Co boss Carlos Ghosn flee the country on Monday argued U.S. authorities wrongly arrested them for aiding a crime that they say does not exist in Japan: bail jumping.
"Madoff trustee can pursue lawsuits against Koch, banks, others",Feb 25 2019,"A U.S. federal appeals court said the trustee liquidating Bernard Madoff's firm may pursue dozens of lawsuits to recoup funds from defendants including Koch Industries Inc, long controlled by the billionaire brothers Charles and David Koch, and major banks."
Factbox: A 7% plunge in the S&P triggered a trading halt. Here's how circuit breakers work,Mar 09 2020,A plunge in U.S. markets on Monday triggered a 15-minute trading halt in stocks after the S&P 500 fell 7% shortly after the market opened.
Bombardier resumes deliveries of subway cars to New York City,Jan 28 2019,"Bombardier said it has resumed delivering subway cars to New York City Transit on Monday, spokesman Eric Prud'Homme said by email, after the agency halted deliveries last week because of performance problems."
SoftBank's Son says Japan should make AI mandatory subject for college students,Dec 16 2019,"SoftBank Group Corp  Chief Executive Masayoshi Son said on Tuesday Japan should make artificial intelligence (AI) a mandatory subject for college entrance exams, to counter the yawning gap with the United States and China in the nascent field."
U.S. outlines strong support for self-driving cars at CES,Jan 08 2020,The Trump administration on Wednesday signaled strong support for self-driving vehicles as it released new guidance from federal agencies at the annual CES tech conference.
Air France must slash domestic traffic in exchange for state guarantees -minister,May 24 2020,"Air France  will have to ""drastically"" reduce its domestic air traffic in exchange for state loan guarantees, French Environment Minister Elisabeth Borne said on Sunday."
Daimler to add new compact SUV to lineup this year: CEO,Apr 15 2019,Daimler AG Chief Executive Officer Dieter Zetsche said the German automaker would add a new compact SUV to its lineup later this year.
U.S. judge approves gun maker Remington's bankruptcy plan,May 02 2018,"Weapons manufacturer Remington Outdoor Company Inc won approval for its bankruptcy plan on Wednesday, paving the way for the company to slash debt, boost its cash position and better weather the uncertain climate for firearms in the United States."
Toyota to build prototype city of the future in Japan,Jan 07 2020,"Toyota Motor Corp  said on Monday it planned to build a prototype ""city of the future"" at the base of Japan's Mt. Fuji, powered by hydrogen fuel cells and functioning as a laboratory for autonomous cars, ""smart homes,"" artificial intelligence and other technologies."
Wall Street opens higher as oil lifts energy stocks,May 09 2018,"Wall Street opened higher on Wednesday, with shares of energy companies getting a boost from surging oil prices after President Donald Trump decided to pull the United States out of a nuclear deal with Iran."
Renault boss Ghosn faces tight shareholder vote on pay,Jun 13 2018,"Renault  boss Carlos Ghosn faces another nail-biting salary vote when the French government, the carmaker's largest shareholder, is expected to oppose his 7.4 million euro ($8.7 million) 2017 payout at Friday's annual shareholder meeting."
Alphabet's Google commits $10 billion to accelerate digitization in India,Jul 13 2020,"Alphabet Inc's Google on Monday said it would spend around $10 billion in India over the next five to seven years through equity investments and tie-ups, marking its biggest commitment to a key growth market."
Coronavirus worries and strife: Investors fear markets not out of woods despite big rally,Mar 29 2020,"After a brutal meltdown, some investors have been wading back into U.S. stocks. But others are wary of another leg down as the coronavirus spreads and its economic impact is difficult to predict."
New-look U.S. bank 'stress tests' may leave analysts guessing,Jun 24 2020,"U.S. bank analysts have cleared their diaries on Thursday ahead of a long evening poring over results of the Federal Reserve's bank health checks, which have been upended this year by the coronavirus pandemic."
"U.S. trade deficit shrinks on weak imports, exports",Jun 06 2019,"The U.S. trade deficit unexpectedly narrowed in April as imports and exports tumbled, leading economists to warn that the Trump administration's ""America First"" agenda was curbing trade between the United States and the rest of the world."
Amgen to buy Celgene psoriasis drug Otezla for $13.4 billion,Aug 26 2019,"Amgen Inc will buy Celgene Corp's psoriasis drug Otezla for $13.4 billion in cash, clearing the way for Bristol-Myers Squibb to go ahead with its $74 billion deal for Celgene by the end of the year."
Factbox: U.S. House Democrats back USMCA: What happens next?,Dec 10 2019,"U.S. House Democrats on Tuesday backed a renegotiated version of the U.S.-Mexico-Canada (USMCA) trade agreement after a year of often acrimonious negotiations with the White House, and it was signed by the United States, Canada and Mexico."
Equities inch higher on U.S.-China talks report,Jul 31 2018,"Global stock markets inched up on Tuesday helped partly by a report that the United States and China were seeking to resume talks to defuse the battle over import tariffs, while the U.S. dollar rose against the yen after the Bank of Japan said it intends to keep interest rates low."
Lebanon's Aoun vows accountability over financial crisis-Twitter,Feb 20 2020,"Lebanese President Michel Aoun said on Thursday measures would be taken to hold to account all those who contributed to Lebanon's financial crisis through illegal actions be they transfers abroad, manipulation of Eurobonds or other acts."
Expectations are low for bank earnings but investors say 'buy',Jul 12 2019,"Low interest rates and weak trading volume have pushed down Wall Street's second-quarter estimates for the biggest U.S. banks, yet investors still say they want in on the sector."
Deutsche Bank CEO sees strong case for Commerzbank merger: source,Mar 22 2019,"Deutsche Bank chief executive Christian Sewing believes there is a strong case for a merger with Commerzbank, a person with direct knowledge of his thinking said."
"China to push medical factories to resume, expand production",Feb 04 2020,"The Chinese government will push medical products factories to resume or expand production, state television said on Tuesday after a meeting chaired by Premier Li Keqiang on the coronavirus outbreak."
"Air New Zealand to boost capacity as virus curbs ease, but higher fares expected",May 08 2020,"Air New Zealand Ltd  said on Friday it would boost domestic capacity to 20% of usual levels once the country further loosens pandemic restrictions, but it cannot offer its lowest fares due to social distancing requirements."
"Fed's Powell bolsters rate cut view on trade, global growth concerns",Jul 10 2019,"Federal Reserve Chairman Jerome Powell on Wednesday set the stage for the first U.S. interest rate cut in a decade later this month, pledging to 'act as appropriate' to defend an economic expansion threatened by trade disputes and a global slowdown."
Superyacht linked to 1MDB probe arrives at Malaysian port,Aug 07 2018,"A $250 million superyacht, impounded as part of a hunt for assets linked to the multi-billion dollar investigation into 1Malaysia Development Bhd, arrived at a port in Malaysia on Tuesday about six months after it was seized."
"Air India sale gets no bid, exposes hurdles for Modi's divestment drive",May 31 2018,"India's offer to sell a stake in Air India failed to draw a single bid by the Thursday deadline, underlining the challenges it faces in fixing the debt-laden state carrier and meeting a broader target of stake sales in government-held firms."
Imagination Tech owner tells UK the company will remain in Britain,Apr 17 2020,"Private equity firm Canyon Bridge, the Chinese-backed owner of Imagination Technologies, told the British government it was committed to keeping the chip designer headquartered in the UK, confirming an earlier Reuters report."
"Dropbox shares rise after upbeat results, share buyback plan",Feb 20 2020,"Dropbox Inc on Thursday reported a better-than-expected quarterly profit, raised its outlook for operating margin and announced a $600 million share buyback, sending its shares up 11% in trading after the bell."
Privacy issues emerge as major business risk for Facebook,Mar 20 2018,"Facebook faces substantial business risks from new European Union privacy rules set to take effect in May, a looming reality that came into stark relief over the weekend with revelations that a controversial political consulting firm had improperly obtained personal data on 50 million Facebook users."
"U.S. consumer spending rebounds; falling income, surging COVID-19 cases loom",Jun 26 2020,"U.S. consumer spending rebounded by the most on record in May, but the gains are not likely to be sustainable, with income dropping and expected to decline further as millions lose their unemployment checks starting next month."
Bulgaria's Borissov says hopes for deal in EU top job summit fight,Jul 02 2019,Prime Minister Boyko Borrisov said disagreement over the EU's top jobs had pitted nations against each other but that he hoped that EU leaders would find a way to unite behind a deal at a third day of talks on Tuesday.
Shell writes down up to $2.3 billion on weaker economic outlook,Dec 20 2019,"Royal Dutch Shell  said on Friday it expected to write down up to $2.3 billion in the fourth quarter, the latest major energy company forced to shrink estimates for sector values due to a weaker economic outlook."
Another make-or-break week for Europe?,Apr 08 2019,Europe is facing yet another make-or-break week.
Audi CEO Stadler presses for release from German custody,Jul 19 2018,"Audi's  suspended Chief Executive Rupert Stadler has appealed to a court to be released from custody after spending the past month in jail, the Munich prosecutor's office said on Thursday."
Irish regulator sees U.S. data transfers decided on 'case by case' basis,Jul 16 2020,"Ireland's Data Protection Commissioner, the lead data regulator for Facebook in the European Union, on Thursday ""strongly welcomed"" a ruling by Europe's highest court that a transatlantic data transfer deal was invalid."
ExxonMobil shelves Canada LNG export project,Dec 20 2018,"U.S. oil major Exxon Mobil Corp has withdrawn its WCC liquefied natural gas (LNG) export terminal in Canada from the environmental assessment process, it said on Thursday, signaling that the project has been shelved."
Jaguar Land Rover to build electric cars at UK plant,Jul 05 2019,"Jaguar Land Rover  is making a multi-million pound investment to build electric vehicles in Britain, in a major boost for the UK government and a sector hit by the slump in diesel sales and Brexit uncertainty."
"From blue lipstick to Facebook Live, home shopping networks refine their pitch",Aug 15 2018,"HSN, once known as the Home Shopping Network, is getting an image makeover."
"GM appeals directly to employees as strike losses mount, riling UAW",Oct 11 2019,"General Motors Co took the unusual step of appealing directly to its unionized employees in a blog post on Friday that laid out its latest offer aimed at ending a month-long strike, drawing an angry response from the union that the automaker was trying to ""starve ... workers off the picket lines."""
Coca-Cola CEO Quincey to take on chairman role in April,Dec 06 2018,"Coca-Cola Co  said on Thursday Chief Executive Officer James Quincey would take on the additional role of chairman next April, when incumbent Muhtar Kent retires after four decades with the world's largest beverages maker."
AutoNation CEO Cheryl Miller on leave for health reasons,Apr 13 2020,"AutoNation Inc , the largest U.S. auto dealership chain, said on Monday Chief Executive Officer Cheryl Miller has been granted a leave of absence for health reasons."
Germany in Lufthansa bailout talks with key shareholder,Jun 22 2020,The German government held talks with Lufthansa's  biggest shareholder on Monday to persuade him to accept the terms of a 9 billion euro ($10 billion) coronavirus bailout that it has offered the airline group.
FT says James Murdoch in line for Tesla chair. Musk reply: incorrect,Oct 11 2018,"Elon Musk replied with a Tweet saying: ""This is incorrect"" after the Financial Times reported that outgoing Twenty-First Century Fox Inc Chief Executive James Murdoch was the lead candidate to replace him as Tesla Inc chairman."
Siemens makes deal with German unions on job cuts,May 08 2018,Siemens  said it had agreed in principle with trade unions about its plans to cut jobs and restructure its struggling Power and Gas (PG) and Process Industries and Drives businesses in Germany.
"Coronavirus pummels U.S. retail sales, industrial production",May 15 2020,"U.S. retail sales endured a second straight month of record declines in April as the novel coronavirus pandemic kept Americans at home, putting the economy on track for its biggest contraction in the second quarter since the Great Depression."
'Enough excuses!' France's Le Maire grows impatient over GAFA tax,Oct 18 2018,"Europe has talked long enough about whether to make internet giants like Google , Apple  and Facebook  pay more taxes and it is time for a decision, French Finance Minister Bruno Le Maire said on Thursday."
Macy's raises profit forecast before key holiday season,Nov 14 2018,"Macy's Inc  raised its annual earnings forecast on Wednesday, signaling a strong holiday shopping season ahead, encouraged by good performance at its stores and its growing online business."
New Zealand selects Lockheed C-130J as preferred military transport replacement,Jun 11 2019,"New Zealand on Tuesday said it had selected Lockheed Martin Corp's C-130J Super Hercules as the preferred replacement for five aging C-130 Hercules military transport aircraft, a choice in line with its closest allies."
Wells Fargo continues work from home policy to September: Bloomberg News,Jun 26 2020,"Wells Fargo & Co  employees will be working from home till at least Sept. 7 due to the coronavirus pandemic, Bloomberg reported on Friday."
Text: ECB statement after policy meeting,Dec 13 2018,Following is the text of the ECB's statement issued after its policy meeting on Thursday:
"Dish Network cuts jobs, re-evaluates business in coronavirus fallout",Apr 13 2020,"Dish Network Corp  has cut staff and is re-evaluating  its business to cope better with the fallout from the coronavirus pandemic, the U.S. satellite TV provider told Reuters, without disclosing the number of employees laid off."
"After Monsanto patent ruling, Indian farmers hope for next-gen GM seeds",Jan 11 2019,Monsanto's victory this week in a patent case in India regarding genetically modified (GM) cotton seeds has raised hopes among farmers that the company will now launch its next-generation seeds.
Major averages close at record highs on dovish Fed hopes,Jul 03 2019,"U.S. stocks rose on Wednesday, with each of the major indexes closing at a record high, as expectations grew that the Federal Reserve would take a more dovish turn as a raft of data provided more evidence of a slowing economy."
"High-fives, hugs, kisses discouraged as U.S. companies respond to growing coronavirus threat",Mar 03 2020,"As news broke of more cases of coronavirus spreading across the United States, T-Mobile had a novel response to the threat: fewer hugs, kisses or high-fives."
"Unilever preps for no-sweat Brexit with Magnum ice creams, deodorants",Jan 31 2019,Unilever is stockpiling ice creams in Britain and deodorants in continental Europe to guard against potential supply disruptions in the event of a no-deal Brexit.
VW CEO says carmaker faces same fate as Nokia without urgent reforms,Jan 16 2020,"Volkswagen  needs to accelerate the overhaul of its business to avoid becoming another Nokia , which lost its dominance in the handset market to Apple , the German carmaker's chief executive said."
How Tesla tapped a tiny Canadian lab for battery breakthroughs,May 14 2020,"Tesla Inc  is a leader in electric vehicle battery technology, but the company doesn't do all its own research."
"Exclusive: Bangladesh says to collect, test samples of Johnson & Johnson Baby Powder",Dec 21 2018,"Bangladesh will collect and test samples of Johnson & Johnson's  Baby Powder for asbestos in a couple of days, its main testing authority said on Friday, after a Reuters report last Friday that the firm knew for decades that cancer-causing asbestos could be found in the product."
"China, U.S. heads of state maintain contact on trade negotiations",Oct 31 2019,China's Foreign Ministry said on Thursday that the Chinese and U.S. heads of state have been maintaining contact through various means on trade negotiations.
Amazon cuts Whole Foods prices for Prime members in new grocery showdown,May 16 2018,Amazon.com Inc  and Whole Foods Market are making a surgical strike in the already brutal grocery price war.
Ryanair recognizes German union to represent cabin crew: Verdi,Apr 23 2018,"Ryanair  made an offer last week to formally recognize labor union Verdi to represent cabin crew in Germany, Verdi said in a statement on Monday."
Arla's CFO steps down to take up position at Ahold Delhaize,Oct 22 2019,"Arla Foods, one of the world's largest dairy firms, said on Tuesday that Chief Financial Officer Natalie Knight will leave the company at the end of February because she is moving to Belgian food retailer Ahold Delhaize ."
Wells Fargo's new chief pledges more cost cuts as profit slumps,Jan 14 2020,"Wells Fargo & Co's  profit slumped 55% in the fourth quarter as new boss Charles Scharf set aside another $1.5 billion for legal costs related to the bank's sales scandal and promised ""fundamental changes."""
Kansas City pulls 2020 forecast on pandemic concerns; Mexico shipments drive profit beat,Apr 17 2020,"U.S. railroad operator Kansas City Southern  withdrew its full-year earnings forecast on Friday on coronavirus concerns, but topped Wall Street estimates for quarterly profit as higher Mexico shipments boosted sales its chemicals and petroleum business."
Sorrell plots comeback with new listed company after WPP exit,May 30 2018,"Martin Sorrell is staging a comeback just six weeks after he was ousted from WPP , using the same formula as in the 1980s when he transformed a little-known shell company into the world's biggest advertising group."
"Google to start reopening offices, targets 30% capacity in September",May 26 2020,"Alphabet Inc's Google said on Tuesday it would reopen buildings in more cities at roughly 10% of their capacity beginning July 6 and scale it up to 30% in September, if conditions permit."
Turkish Airlines aims to spread its wings at Istanbul's giant new airport,Apr 04 2019,"After three false starts and a labor protest over harsh working conditions, Turkey will fully open a new airport in Istanbul this week that will give its fast-growing flagship airline a platform to challenge Gulf rivals for regional dominance."
Commerzbank considers sale of Polish unit mBank: Handelsblatt,Sep 20 2019,"Germany's Commerzbank  is considering selling its Polish subsidiary mBank as part of a new strategy, daily Handelsblatt reported on Friday."
U.S. regulator is reviewing Abbott's fast COVID test after studies raise accuracy concerns,May 15 2020,"The U.S. Food and Drug Administration said on Thursday that Abbott Laboratories’  speedy coronavirus test, which can deliver results within minutes and is used at the White House, could potentially be inaccurate but can still be used to test patients."
Honda to cease diesel vehicle sales in Europe by 2021,Sep 23 2019,"Honda Motor Co Ltd said on Monday it would phase out all diesel cars by 2021 in favor of models with electric propulsion systems, as the Japanese automaker moves to electrify all of its European cars by 2025."
Tesla's China car registrations plunge 64% month-on-month in April,May 19 2020,"U.S. electric vehicle maker Tesla Inc  suffered a slump of 64% in car registrations in China in April on the month, data from auto consultancy LMC Automotive showed."
Pompeo says world should have eyes wide open about Chinese tech risks,Mar 01 2019,"U.S Secretary of State Mike Pompeo said on Friday that the world should be ""eyes wide open"" about the risks of using Chinese technology, and that there could be problems for American firms operating in certain places where Huawei equipment was deployed."
IEA sees U.S. leading global oil supply growth to 2024,Mar 11 2019,"The United States will drive global oil supply growth over the next five years, adding another 4 million barrels per day to the country's already booming output, the International Energy Agency said on Monday."
Dunkin' drops 'Donuts' from name in shift to coffee,Sep 25 2018,"Dunkin' Donuts said on Tuesday it plans to rebrand itself as ""Dunkin'"" as part of new CEO Dave Hoffman's plans to bring beverages and breakfast meals to the forefront of the restaurant chain's menu."
"Trump trade chief wants to open China, not change its economic system",May 01 2018,U.S. President Donald Trump's chief trade negotiator said on Tuesday he was not looking to negotiate changes to China's state-driven economic system in trade talks in Beijing this week but would seek to expose it to more foreign competition.
"Trump defends tariff strategy, China says 'not afraid' of trade war",Jun 11 2019,U.S. President Donald Trump on Tuesday defended the use of tariffs as part of his trade strategy while China vowed a tough response if the United States insists on escalating trade tensions amid ongoing negotiations.
Why U.S. energy CEOs will get big payouts despite oil meltdown,May 27 2020,"National Oilwell Varco Inc (NOV) has had a rough few years: Since 2017, the Houston company, whose drilling equipment is in major oilfields worldwide, has lost two-thirds of its value, costing shareholders a combined $9 billion."
Trump to sign trade agreements with Japan on Monday: White House,Oct 07 2019,"U.S. President Donald Trump will sign two trade agreements with Japan later on Monday, the White House said in a statement."
"Upstart Russian oil firm, with Goldman Sachs backing, bucks industry blues",Apr 16 2019,"In the frozen taiga of eastern Siberia, where bears roam in spring after waking from hibernation, an independent Russian oil company is bucking the domestic industry trend by rapidly ramping up its output and expanding operations."
"Group forms to oppose tie-up of U.S. telecom firms T-Mobile, Sprint",Dec 13 2018,"An array of companies and groups that have opposed T-Mobile US Inc's  plan to buy Sprint Corp  announced on Thursday that they had banded together, saying the deal would lead to higher prices for wireless customers and hurt rural consumers."
"After surprise apology, Samsung heir pressed to explain family's intentions",May 07 2020,Samsung Group heir Jay Y. Lee's vow to end dynastic succession at South Korea's biggest conglomerate following three generations of family control sparked skepticism in some quarters and worry in others for the future of the country's corporate champions.
GM and Sao Paulo in talks to invest $2.5 billion for tax breaks: report,Feb 01 2019,"Automaker General Motors Co is in talks to invest 9 billion reais ($2.5 billion) in the Brazilian state of Sao Paulo over the next three years in return for tax incentives, newspaper Valor Economico reported on Friday."
"Toyota, Honda plan to attack costs to free up cash for new tech",May 08 2019,"Two top Japanese automakers said they planned to tighten their belts in the years ahead to free up cash to develop electric cars and ride-sharing services, underscoring the hard task ahead as traditional automakers face a rapidly changing industry."
Global funds prefer stocks despite risks still at play: Reuters poll,Jan 31 2020,"Funds increased their preference for stocks to a two-year high at the expense of bonds and cash holdings in their model global portfolio recommendations this month in a Reuters poll, despite world share markets struggling on the coronavirus breakout."
"In China's hinterland, car market growth engine sputters",Nov 26 2018,"When Cao Jun, 40, an engineer from the central Chinese city of Pingdingshan, takes his old, grey MG 3 car to be serviced he always steals a few moments to pop into the Nissan  and Honda  dealerships next door."
Wall Street rises on U.S.-EU trade relations optimism,Jul 05 2018,Wall Street's major indexes rose on Thursday as reports that the United States and the European Union may agree to withdraw auto tariffs fostered optimism on international trade relations among investors.
NY court overturns $115 million patent judgment against Samsung,Sep 20 2018,The New York State Court of Appeals on Thursday overturned a $115 million judgment against Samsung Electronics Co Ltd  over television patents.
"Novartis hands investors Alcon spin-off, $5 billion share buyback",Jun 29 2018,Novartis  plans to spin off its Alcon eye care business to shareholders and buy back up to $5 billion in stock as Chief Executive Vas Narasimhan refocuses the Swiss group on prescription drugs.
Coca-Cola names company veteran Brian Smith chief operating officer,Oct 18 2018,"Coca-Cola Co  on Thursday appointed company veteran Brian Smith as its chief operating officer, a role that has been vacant since former COO James Quincey became chief executive officer last year."
'Fill or kill': the three weeks that saved Sears,Jan 22 2019,"The future of Sears Holdings Corp  and tens of thousands of its employees across the United States hung in the balance in the freezing pre dawn hours last Wednesday, as Wall Street lawyers and bankers sparred over the fate of the beleaguered retailer in a 50-story Manhattan office tower."
Buyout firm Thoma Bravo adds Sophos to its cybersecurity chest with $3.8 billion deal,Oct 14 2019,"U.S. private equity firm Thoma Bravo is adding Sophos Group  to its cybersecurity stable, announcing on Monday a buyout deal that values the British maker of antivirus and encryption products at about $3.8 billion."
UK investigators search London office of firm at center of Facebook data storm,Mar 24 2018,"Investigators from Britain's data watchdog searched the London offices of Cambridge Analytica, the data analytics firm at the center of a storm over allegations it improperly harvested Facebook  data to target U.S. voters."
"Designed in California, made in China: how the iPhone skews U.S. trade deficit",Mar 22 2018,"(This version of the March 21 story has been refiled to add dropped words ""technology and"" in paragraph 10)"
"Fed wants smallest possible portfolio, says Vice Chair Clarida",Nov 27 2018,"The U.S. Federal Reserve ultimately wants to have the smallest balance sheet possible while still being able to control its policy rate, Fed Vice Chair Richard Clarida said on Tuesday."
Samsung Electronics says undecided on further investment in its China NAND plant,May 17 2019,"South Korea's Samsung Electronics Co Ltd said on Friday that it has not decided on additional investment in a second memory chip production line in the Chinese city of Xian, denying a report by China's official Xinhua news agency."
Bullard: 46 million workers could be jobless in short-term,Mar 25 2020,"As many as 46 million people in the U.S. may be left jobless in the short term as companies shut down services that have ""high contact"" with the public during the battle against the coronavirus epidemic, St. Louis Federal Reserve president James Bullard said on Wednesday."
Higher U.S. soy imports won't harm EU farmers: German minister,Jul 27 2018,"An agreement by the European Union to increase soy imports from the United States will not harm EU farmers, German Agriculture Minister Julia Kloeckner said in an interview published on Saturday."
Finnish government pushes Fortum to strive for carbon neutrality,Mar 30 2020,"Finland's center-left government on Monday gave its blessing to majority state-owned Fortum's  strategy to cut emissions, but promised to push the company further towards carbon neutrality, the minister in charge wrote."
"Dollar firms after Fed chair's upbeat remarks, global stocks gain",Jul 17 2018,"The U.S. dollar rose on Tuesday against a basket of major currencies following an upbeat economic assessment from the head of the U.S. Federal Reserve, while world stocks climbed as a heavy week of corporate earnings also kicked into gear."
Highlights: Draghi comments at ECB press conference,Oct 24 2019,"The European Central Bank kept its ultra-easy monetary policy unchanged on Thursday, ending Mario Draghi's eight-year tenure at the bank in exactly the same place he started: trying to prop up a perpetually ailing currency bloc."
Boeing says successfully tested new 737 MAX software in CEO flight,Apr 03 2019,"Boeing Co said on Wednesday its chief executive, Dennis Muilenburg, had joined a test flight on a 737 MAX 7 jetliner for a demonstration of updated MCAS anti-stall software."
Banning Huawei from 5G would cause difficulties: T-Mobile Polska CEO,Feb 21 2019,"If Poland excludes Chinese tech giant Huawei from 5G development it would cause difficulties and possibly delay the network rollout, the chief executive of the Polish unit of T-Mobile said on Thursday."
"Indian lockdown disrupts Amazon, Flipkart deliveries: sources",Mar 27 2020,"India's coronavirus lockdown is disrupting e-commerce companies including Amazon and Flipkart, despite government assurances it would not, four sources familiar with the matter told Reuters."
"IMF's Lagarde says oil exporters have not fully recovered from oil shock, cautions against 'white elephant projects'",Feb 09 2019,"Oil exporters have not fully recovered from the dramatic oil price shock of 2014, the head of the IMF said on Saturday, and she cautioned against spending money on ""white elephant projects""."
EasyJet summer clouded by Brexit and economic weakness,Apr 01 2019,"Budget airline EasyJet warned on Monday that European travelers were holding off booking their summer holidays for fear of how the Brexit process will end, weakening demand for tickets and prices."
Top Pentagon official has not spoken to admin about 737's,Mar 14 2019,"A former Boeing executive who is now the Acting Secretary of Defense, Patrick Shanahan, told the U.S. Congress he has not spoken to anyone in the U.S. administration about issues with the 737 MAX 8 jet grounded Wednesday by the Federal Aviation Administration following crashes."
Nasdaq futures drop as Facebook tumbles,Jul 25 2018,"Nasdaq futures dropped 0.85 percent late on Wednesday, suggesting the technology-heavy Nasdaq Composite index  would fall when trading opens on Thursday morning."
Google signs healthcare data and cloud computing deal with Ascension,Nov 11 2019,"Alphabet Inc's  Google has signed its biggest cloud computing customer in healthcare to date, in a deal giving it access to datasets that could help it tune potentially lucrative artificial intelligence (AI) tools."
Investor Odey says Sky could be worth as much as 50 billion pounds,Jun 21 2018,Top-20 Sky  investor Crispin Odey said he expects the bidding war for the media company to carry on over the summer and that the European broadcaster could be worth as much as 50 billion pounds ($65.5 billion).
Judge accepts CVS offer on Aetna while reviewing consent decree,Dec 22 2018,A U.S. federal judge reviewing an agreement between the government and CVS Health Corp  allowing it to buy health insurer Aetna has indicated that he will not halt most integration between the two companies.
Citigroup to pay $100 million to settle U.S. Libor rigging probe,Jun 15 2018,"Citigroup Inc  agreed to pay $100 million to settle charges by most U.S. states that it defrauded government and nonprofit entities by manipulating Libor, an interest rate benchmark that underlies a wide range of consumer transactions."
Exclusive: U.S. probes PerkinElmer's role in massive Medicare fraud - sources,May 18 2020,"Medical diagnostic firm PerkinElmer Inc faces a federal investigation into its role in an alleged Medicare fraud involving tens of thousands of unnecessary genetic cancer tests, according to three sources with knowledge of the probe and documents reviewed by Reuters."
"Exclusive: U.S. Air Force to take delivery of Boeing tanker by year end, sources",Dec 20 2018,"The U.S. Air Force will take its first delivery this month of the long-delayed KC-46 aerial refueling tanker made by Boeing Co , people familiar with the process said."
"Dow Jones futures extend fall, down one percent in Asian trade",Jul 10 2018,"U.S. stock futures extended their losses on Wednesday after Washington announced a plan to slap tariffs on an extra $200 billion of imports from China, sharply escalating a trade war between the world's two biggest economies."
Japan's SoftBank taps into Mexican fintech startup Clip: sources,May 06 2019,"Japan's SoftBank Group invested about $20 million in Mexican payments startup Clip early this year, one of its first Latin America deals as it launches a $5 billion technology fund in the region, said three people familiar with the matter."
Congress approves $484 billion coronavirus-relief bill,Apr 23 2020,The U.S. House of Representatives on Thursday passed a $484 billion bill to expand federal loans to small businesses impacted by the coronavirus outbreak and hospitals overwhelmed by patients suffering from COVID-19.
Uber to start shipping car disinfectants to drivers,Apr 02 2020,"Uber Technologies Inc will begin shipping disinfecting car spray to selected drivers in areas most affected by the coronavirus outbreak, an executive said on Thursday."
CBS CEO Moonves accused of sexual misconduct by more women in New Yorker story,Sep 09 2018,"Six more women have raised sexual assault and harassment claims against CBS Corp  Chief Executive Leslie Moonves in a report published on Sunday in the New Yorker magazine, while the media company has reached an exit agreement with him."
U.S. Trade Representative Lighthizer to lead talks with China: White House,Dec 03 2018,"U.S. Trade Representative Robert Lighthizer will lead negotiations with China over tariffs, market access and structural changes to intellectual property practices over the next 90 days, the White House has confirmed, potentially signaling a harder U.S. line."
Exclusive: Rosneft replaces sanctioned trading arm with new one - sources,Jun 04 2020,"Russia's Rosneft , which closed its oil trading arm after sanctions were imposed by U.S. authorities in February, has set up a new Geneva-based trading business, four trading sources familiar with the matter said."
JD.Com's logistics unit taps banks for potential $8-$10 billion IPO: sources,Dec 23 2019,"The logistics unit of Chinese e-commerce company JD.com Inc  has held early discussions with banks about a potential overseas IPO that could raise $8 billion to $10 billion, two people with direct knowledge of the matter told Reuters."
Cisco to acquire software firm ThousandEyes,May 28 2020,"Cisco Systems Inc  has agreed to acquire privately held software maker ThousandEyes Inc, the network gear maker said on Thursday."
The list of U.S. Treasury questions for airlines seeking bailout cash,Apr 13 2020,"U.S. Treasury officials have asked airlines seeking money from a $25 billion fund for payroll support to provide detailed information on their capital structure, liquidity and collateral, people briefed on the matter said."
Ryanair says passenger total for current year may miss target,Jul 16 2019,"Ryanair expects to fly between 151 million and 153 million passengers in the year to March 31, 2020, Chief Executive Michael O'Leary said on Tuesday, down from an earlier forecast of 153 million passengers."
Detroit Three narrowing car production in North America,Nov 28 2018,General Motors Co and fellow Detroit automakers Ford Motor Co and Fiat Chrysler Automobiles NV continue to winnow production of cars in North America as demand for traditional sedans wanes. GM announced on Monday it will halt production at three North American assembly plants and slash thousands of jobs.
Two key Canada-to-U.S. oil pipelines hit by disruptions,Dec 04 2018,"Two major pipelines carrying oil from Canada to the United States were hit by weather-related disruptions on Tuesday, the latest hit to Canada's oil industry just days after the Alberta government announced forced cuts in crude production."
"AB InBev told Indian authorities about cartel, triggering anti-trust probe",Oct 25 2018,"An Indian anti-trust probe into beer price-fixing allegations was initiated after the world's largest brewer Anheuser-Busch InBev told the authorities last year it had detected an industry cartel, three people familiar with the matter told Reuters."
Goldman Sachs commits to new central Paris headquarters,Jun 02 2020,"U.S. bank Goldman Sachs  has signed a lease for a new Paris headquarters building, committing to a city centre office development at a time when many banks are weighing scaling back their presence in cities amid the COVID-19 pandemic."
Brazilian investor group Abradin files complaint against Embraer-Boeing deal,Dec 03 2019,A Brazilian group representing minority investors filed a complaint on Tuesday with Brazil's antitrust watchdog CADE against the Embraer-Boeing deal.
More than 25 percent of WPP investors oppose Sorrell pay arrangements: Sky,Jun 11 2018,"More than a quarter of investors at WPP  have cast votes against a pay report to be discussed at Wednesday's annual general meeting, angered by benefits for former chief executive Martin Sorrell, according to Sky News reporter Mark Kleinman."
SocGen says $1.3 billion U.S. penalties will not affect 2018 results,Nov 19 2018,"French bank Societe Generale  said on Monday it agreed to pay $1.3 billion in penalties to the U.S. authorities to settle a dispute over violations of U.S. economic sanctions, adding the fines were entirely covered by provisions."
Bankrupt Sears wins court approval for plans to sell stores,Nov 15 2018,"Sears Holdings Corp  won U.S. bankruptcy court approval on Thursday to move forward with plans to stay in business and sell itself, even as it continues to evaluate offers to liquidate its business."
Starbucks blames slower China growth on drop in third-party delivery orders,Jun 21 2018,"Starbucks Corp  has reported a sudden slowdown in China growth just weeks after trumpeting rapid expansion in the country, citing a drop-off in unapproved third-party delivery services whose bulk orders had been clogging up its cafes."
U.S. construction spending unexpectedly falls in February,Apr 01 2020,U.S. construction spending unexpectedly fell in February and could decline further as the coronavirus pandemic wreaks havoc on the economy.
Factbox: Carlos Ghosn joins list of execs fighting extradition,Jan 08 2020,"Ousted Nissan boss Carlos Ghosn says he fled to Lebanon last week to escape a ""rigged"" justice system in Japan, where he believed he would not get a fair trial."
TransCanada asks Montana court to allow preliminary work on Keystone XL,Nov 27 2018,TransCanada Corp has asked a Montana court to allow it to resume pre-construction activities on its Keystone XL oil pipeline after a U.S. judge blocked construction on the $8 billion project earlier this month.
Brexit and the City: A barometer for London's financial outlook,Sep 26 2018,"London's skyline is changing fast, pierced by gleaming new skyscrapers which defy predictions of a Brexit-related slowdown in the capital's two financial districts."
Huawei said to be preparing to sue U.S. government: source,Mar 04 2019,"Chinese telecoms equipment company Huawei plans to announce a lawsuit against the United States government on Thursday on grounds related to a defense bill, a source with knowledge of the matter told Reuters."
"Etihad to offer wireless streaming, remove screens from narrow-body fleet",Apr 28 2019,Abu Dhabi's Etihad Airways will offer wirelessly streamed movies and television shows to passengers on mainly short-haul flights as it removes entertainment screens from its Airbus A320 narrow-body fleet.
Rolls-Royce boss laments Brexit distraction at Paris Airshow,Jun 18 2019,Rolls-Royce chief executive Warren East said on Tuesday that uncertainties over Brexit remain an unwelcome distraction for the aerospace industry three years after Britain voted to leave the European Union.
Investment bank loss mars Thiam's final act at Credit Suisse,Feb 15 2020,"Credit Suisse posted its highest annual profit in nearly a decade on Thursday, but volatile earnings at its investment bank and trading divisions muted outgoing Chief Executive Tidjane Thiam's swan song."
"U.S. layoffs easing, labor market distress persists",Jun 11 2020,"The number of Americans seeking jobless benefits fell last week, but millions laid off because of COVID-19 continue to receive unemployment checks, suggesting the labor market could take years to heal from the pandemic even as hiring resumes."
"Despite political headwinds, Huawei wins 5G customers in Europe",Oct 15 2019,"China's Huawei may be facing closer official scrutiny in Europe amid U.S. allegations that it poses a security threat, but mobile operators in the region are still queuing up to buy its gear for their next-generation 5G networks."
Germany wants clarity from Facebook after reports of data abuse,Mar 21 2018,Germany said on Wednesday it wanted Facebook  to clarify the use of its data after reports that a UK-based political consultancy improperly accessed information on millions of Facebook users to build detailed profiles on American voters.
Dividend windfall: Santander latest target in Germany's giant fraud probe,Oct 18 2018,Spain's Santander  is the latest bank to be caught up in Germany's biggest post-war fraud investigation involving a share-trading scheme that the authorities say cost taxpayers billions of euros.
Britain 'reasonably confident' of U.S. trade deal despite Huawei concerns,Feb 10 2020,"Britain takes U.S. concerns about its use of Huawei equipment seriously but is confident a trade deal with the United States will be among its first after leaving the European Union, its foreign secretary said on Monday."
"MSC, CMA CGM to board Maersk's shipping blockchain platform",May 28 2019,"Mediterranean Shipping Co (MSC) and CMA CGM, two of the world's biggest container shipping groups, are to join market leader  Maersk in a blockchain platform aimed at limiting a costly paper trail in the industry."
Gap cuts profit forecast after 'extremely challenging' quarter; shares slump 11%,May 30 2019,"Gap Inc cut its 2019 profit forecast and posted the biggest drop in same-store sales in at least three years at its Gap brand, underscoring its struggles to compete with fast-fashion retailers in the face of changing customer preferences."
EU sees signs of improvement after Google antitrust shopping case,Jun 18 2018,"It is too early to judge Google's  reforms in response to an antitrust case over online shopping, though there are signs some rivals are benefiting, Europe's competition chief said on Monday."
Disney to launch 25 stores inside Target nationwide on October 4,Aug 28 2019,"Walt Disney Co  and Target Corp  announced a collaboration on Sunday that will open 25 Disney stores inside select Target locations nationwide on Oct. 4, with plans for 40 additional sites by October next year."
Minnesota student sues China's JD.com CEO Liu with allegation of rape,Apr 16 2019,"A University of Minnesota student who said she was raped last August by Richard Liu, the chief executive officer of China's e-commerce retailer JD.com Inc, filed a civil lawsuit against him in a Minneapolis court on Tuesday, nearly four months after prosecutors declined to press criminal charges."
Mexico expects meeting of ministers to decide scope of NAFTA deal basics,Apr 03 2018,"The United States, Mexico and Canada have made significant advances on reworking the NAFTA trade deal and ministers will meet in the coming days to determine the scope to agree on the basics of a deal, Mexico's economy minister said on Monday."
"Credit Suisse's Thiam, Rohner blast reports of Khan incident as sensational",Sep 23 2019,"Credit Suisse  Chief Executive Tidjane Thiam and Chairman Urs Rohner said on Monday a detailed inquiry is under way into an incident involving ex-employee Iqbal Khan and blasted media reports as having ""sensationalized both facts and events""."
"EU seeks ambitious deal with Britain, demands fairness",Feb 03 2020,"The European Union wants an ambitious future partnership with Britain, including zero tariffs and quotas, but will demand commitments to ensure open and fair competition, according to the EU's draft mandate for negotiations released on Monday."
Stretched tech stocks leave some investors seeking off-ramp,Jan 13 2020,"As the bull market in U.S. stocks hits new highs, some investors are searching for ways to pare their exposure to the small group of technology and communications stocks that has fueled market gains for years."
Fed Chair Powell spoke with Trump as virus took aim at U.S.,Apr 03 2020,"As the coronavirus bore down on the United States in February and President Donald Trump renewed his public call for interest rate cuts, he and Federal Reserve Chair Jerome Powell conducted two previously undisclosed phone calls, calendars released by the U.S. central bank on Friday show."
McDonald's plans fresh round of layoffs: WSJ,Jun 07 2018,"McDonald's Corp  is planning a new round of layoffs to flatten out its management structure further, the Wall Street Journal reported on Thursday, citing a company email sent to all its U.S. employees, suppliers and franchisees."
UAW union president takes leave of absence under cloud of U.S. federal probe,Nov 02 2019,"The president of the United Auto Workers union, who has been linked https://www.reuters.com/article/us-autos-corruption-labor/federal-corruption-probe-hits-home-for-uaw-boss-contract-talks-under-storm-cloud-idUSKCN1VI229 to an ongoing corruption probe by U.S. federal officials, has taken a leave of absence, the union said on Saturday in a statement."
Goldman Sachs hires Cai Wei as co-head of China investment banking,Jun 19 2018,"Goldman Sachs  has hired Cai Wei as partner and co-head of its China investment banking division, it said in an internal memo, which was confirmed by a Goldman Sachs spokeswoman."
Catholics worldwide pray with pope for end to coronavirus pandemic,Mar 19 2020,"Catholics around the world joined Pope Francis in praying the rosary on Thursday night to ask God to end the coronavirus pandemic, which has killed more people in Italy than anywhere else."
No more MOUs! USTR Lighthizer tweaks trade terminology after dispute with Trump,Feb 22 2019,"In trade talks between the United States and China, Memorandums of Understanding - the building blocks of what would be a historic deal - are officially out."
SoftBank to invest additional $2 billion in WeWork: sources,Jan 07 2019,"SoftBank Group Corp  will inject another $2 billion in WeWork Cos Inc this year, bringing the Japanese conglomerate's total investment in the office space provider to more than $10 billion, according to two people familiar with the matter."
Amazon's EU head of operations steps down amid virus crisis,Apr 15 2020,"Amazon.com Inc's  vice president of the European Union segment, Roy Perticucci, has stepped down, the company confirmed on Wednesday."
Delta CEO says confident Boeing will resolve 737 MAX issues,Apr 09 2019,Delta Air Lines Inc Chief Executive Officer Ed Bastian said on Tuesday he was confident U.S. planemaker Boeing Co would resolve issues relating to its 737 MAX jet following two deadly crashes involving that type of aircraft.
Biogen announces $5 billion buyback days after shelving Alzheimer's trials,Mar 25 2019,"Biogen Inc said on Monday it would buy back shares worth $5 billion, days after its stock slumped on the drugmaker's announcement to end two Alzheimer's disease trials."
Hyundai Motor to invest $1.55 billion in first Indonesia car plant,Nov 26 2019,"South Korea's Hyundai Motor  said on Tuesday it has signed a preliminary deal to build a new factory in Indonesia, which would be its first car plant in Southeast Asia and a crack at Japanese rivals that dominate the market."
"Pinterest quarterly revenue, forecast disappoint; shares plunge",Oct 31 2019,"Pinterest Inc  fell short of Wall Street estimates for quarterly revenue on lower-than-expected average revenue per user and its revised full-year sales forecast came marginally below expectations, sending its shares tumbling 19%."
Goldman Sachs likely to boost legal reserves for 1MDB: analysts,Dec 05 2018,"Goldman Sachs Group Inc  may need to boost its legal reserves by as much as $1 billion to prepare for potential penalties related to its dealings with the Malaysian sovereign wealth fund 1MDB, analysts said."
Fox Corp beats quarterly profit estimates on higher affiliate fees,Aug 07 2019,"Media company Fox Corp  reported quarterly results that beat Wall Street estimates on Wednesday, boosted by higher fees collected from cable and satellite operators and online distributors."
Wall Street drops after China cancels trip to Montana farmland,Sep 20 2019,"Wall Street dropped on Friday, and also finished the week lower, after a Chinese agriculture delegation canceled a planned visit to Montana, dampening optimism about U.S.-China trade talks."
Nissan bolsters taskforce to prepare for Ghosn broadsides: sources,Jan 07 2020,"Nissan Motor Co has strengthened a taskforce of senior officials ahead of an expected onslaught of criticism from former chairman Carlos Ghosn following his dramatic escape from house arrest in Japan, three sources familiar with the matter told Reuters."
NXP Semiconductors sells China JV stake as Qualcomm takeover awaits Beijing nod,Mar 28 2018,"U.S. chipmaker NXP Semiconductors NV , the target of a $44 billion takeover by Qualcomm Inc  that is awaiting approval by Chinese anti-monopoly regulators, has sold its stake in a Chinese chip-design joint venture."
"Renault nationalisation, state cash injection not on the table: chairman",Jun 11 2020,"A further investment by the French government in Renault's  capital would not be the most pertinent or useful use of state resources, the carmaker's chairman said on Thursday, adding that nationalisation of the firm was not being contemplated."
Kroger quarterly same-store sales fall short of estimates,Dec 06 2018,"U.S. supermarket chain Kroger Co  reported quarterly same-store sales that fell just short of analysts' estimates on Thursday, hit by disruptions caused by the company revamping stores to give more shelf space to its best-selling products."
China says U.S. accusations of unfair trade practices 'groundless',Nov 22 2018,"China rejected fresh U.S. accusations of perpetuating ""unfair"" trade practices and urged Washington on Thursday to stop making provocations, showing little sign of backing down days ahead a high-stakes meeting between leaders from both countries."
Chemicals boss Ratcliffe tops Sunday Times Rich List,May 12 2018,"Jim Ratcliffe, the founder and boss of chemical giant Ineos, is the richest man in the United Kingdom, according to the Sunday Times Rich List, first among a record 145 billionaires living in the country."
BP appoints new finance chief as Looney prepares to take over,Jan 23 2020,BP's  finance chief Brian Gilvary is to step down in June after eight years in the role and will be replaced by a close ally of Bernard Looney who takes over as chief executive next month.
"U.S. banks switch to drive-through, ATMs to guard against coronavirus",Mar 20 2020,"Banks across the United States announced plans to close branches this week, switching many to drive-through and ATM operations only, as financial institutions work to keep going despite the coronavirus and widespread closures of schools and businesses."
"Temperature checks, protective suits: Argentine grains sector braces for 1st coronavirus case",Apr 15 2020,"Argentina is braced for the first case of coronavirus to be confirmed among the thousands of port workers and grains handlers involved in the country's key agricultural export sector, local industry officials said."
"Versace takeover will bring jobs to Italy, its designer says",Sep 26 2018,"Fashion house Versace did not receive any offers from Italian investors before selling to Michael Kors  but the deal with the U.S. fashion group will create jobs in Italy, creative director Donatella Versace told newspapers on Wednesday."
Graphic: The long goodbye to easy money - Five questions for the ECB,Apr 23 2018,The ECB meets on Thursday against a backdrop of concern about a global trade spat and a softening in euro zone economic data that could potentially hamper the central bank's plans to unwind its extraordinary monetary stimulus.
Trump says NAFTA talks with Canada likely to meet Friday deadline,Aug 29 2018,U.S. President Donald Trump said on Wednesday that American and Canadian officials negotiating a revamped North American Free Trade Agreement (NAFTA) were probably set to meet a Friday deadline for an accord.
"HNA Group trims debt nearly 11 percent, or $11.6 billion, in first half",Sep 01 2018,"China's HNA Group  reduced its debt load in the first half of 2018 as the company sold off assets acquired under a high-profile acquisition spree helmed by its former chairman, according to the company's latest financial report."
"GM reduces loan refinancing target, may pay up for new debt",Apr 03 2020,NEW YORK (LPC) - General Motors Co (GM) will seek to extend maturities on US$6bn in revolving loans rather than refinance a US$16.5bn credit facility following discussions with its bank group during an unprecedented health crisis in the US.
"Exclusive: In break from past, Louis Dreyfus boss is open to selling stake",Jan 30 2020,"After 169 years of keeping the business in the family, agricultural commodity giant Louis Dreyfus Company (LDC) is open to selling a large non-controlling stake to an external stakeholder, its chairwoman told Reuters."
Mylan shares sink as bleak profit outlook sparks growth concerns,Feb 27 2019,Mylan NV shares slid 10 percent on Wednesday after the generic drug maker predicted poor 2019 earnings that led some Wall Street analysts to wonder if its finances would worsen further.
"Trump says Bank of America, others doing 'great job' on small-business loans",Apr 03 2020,"President Donald Trump hailed one of the country's largest banks, as well as many small lenders, for making small business emergency loans on the first day of a new U.S. coronavirus economic relief program."
Investors ready to resuscitate Johnson & Johnson's ailing stock,Jun 11 2018,"Johnson & Johnson  shareholders have endured a painful year amid worries about prospects for its many businesses, but investors capitalizing on the stock's relatively cheap valuation may be set to apply a Band-Aid to the declines."
White House's Kudlow: Not certain what U.S. will do on China's ZTE: Politico,May 15 2018,"White House economic adviser Larry Kudlow said on Tuesday it was far from certain what steps the U.S. government would take on China's ZTE Corp, which he characterized as an enforcement, rather than trade, issue."
"Apple considered Samsung, MediaTek to supply 5G modems for 2019 iPhones",Jan 11 2019,"Apple Inc  held talks with Samsung Electronics Co Ltd  and MediaTek Inc  along with existing vendor Intel Corp  to supply 5G modem chips for 2019 iPhones, according to an Apple executive's testimony at a trial between Qualcomm Inc  and the U.S. Federal Trade Commission on Friday."
FAA tells U.S. airlines it could approve MAX return to service before mid-year -sources,Jan 25 2020,"Federal Aviation Administrator Steve Dickson called senior U.S. airline officials on Friday and told them the agency could approve the grounded Boeing 737 MAX's return to service before mid-year - a faster time frame than the planemaker suggested this week, people briefed on the calls said."
Hasbro shares plunge as toymaker battles tariff costs,Oct 22 2019,"Hasbro Inc  fell well below Wall Street estimates for quarterly profit on Tuesday, as the toy maker wrestled with higher shipping and warehousing costs due to U.S. tariffs on Chinese imports, sending its shares down about 18%."
Trump announces adjustments to tariff quotas for washing machines,Jan 23 2020,"U.S. President Donald Trump announced on Thursday that tariff quotas on washing machines would be allocated on a quarterly rather than an annual basis, saying that domestic producers had begun to do better in the face of foreign competitors but more was left to be done."
Build-A-Bear CEO apologizes after 'heartbreaking' sale crowds,Jul 13 2018,"Build-A-Bear Workshop Inc's  chief executive on Friday apologized to disappointed customers and offered an extended discount, a day after its one-day pay-your-age event prompted massive crowds and shortages at some stores."
"GE's coronavirus troubles likely to hit power business, not just aviation",Apr 27 2020,Quarantines and lockdowns at large U.S. power plants are threatening to squeeze a multibillion-dollar slice of revenue that General Electric Co is counting on to help lift profits.
"Swiping their way higher: Visa, Mastercard could be the next $1 trillion companies",Jan 31 2020,"Tech and internet titans were the first to reach $1 trillion in stock market value, but the next U.S. companies that could do so are better known for their plastic."
South Africa's Grand Parade loses appetite for Burger King,Dec 04 2019,"Grand Parade Investments (GPI) Ltd , which holds the Burger King franchise in South Africa, said on Wednesday it was in talks to sell a stake in the business, without giving a reason."
"JPMorgan rolls out low-fee, checkless, no-overdraft accounts",Mar 18 2019,"Responding to calls for more bank services for low-income consumers, JPMorgan Chase & Co on Monday began offering checkless accounts with access to its mobile app, branches and ATMs for $4.95 a month and no minimum balance."
European pilot group demands action over Ryanair sick leave policy,Nov 14 2019,"The European Cockpit Association (ECA) pilot group has urged regulators to take action over what it described as a ""safety hazard"" caused by Ryanair's  approach to flight crews' sick leave, according to a letter seen by Reuters."
U.S. safety board wants Boeing to redesign part after fatal 737 NG accident,Nov 19 2019,The U.S. National Transportation Safety Board on Tuesday called on Boeing Co  to redesign the fan cowl structure on all 737 NG planes and retrofit existing planes after an April 2018 incident in which a woman was killed on Southwest Airlines  plane after an engine failure caused by a fan blade.
Huawei founder says will not share data with China: CBS News,Feb 19 2019,"Huawei Technologies Co Ltd's founder and chief executive pledged not to share any customer information with the Chinese government and said the company had never done so, in an interview with CBS News that aired on Tuesday."
Japan's FTC investigating Apple over pressure on parts makers: Mainichi,Aug 05 2019,"Japan's Fair Trade Commission is investigating Apple Inc  over its pressure on Japanese parts makers and whether it abused its power in violation of antimonopoly rules, the Mainichi newspaper reported on Tuesday."
Fiat Chrysler to pay more than $700 million over U.S. diesel emissions claims: sources,Jan 09 2019,"Fiat Chrysler Automobiles NV  will pay more than $700 million to resolve lawsuits from the U.S. Justice Department and diesel owners over claims it used illegal software to allow 104,000 diesel vehicles to emit excess emissions, three people briefed on the matter said on Wednesday."
AmEx profit beats as rewards program boosts customer spending,Apr 18 2019,"Credit card issuer American Express Co's quarterly profit beat analysts' estimates on Thursday, as it spent more on its rewards program boosting customer spending."
Ray-Ban maker EssilorLuxottica halts dividend as postpones AGM,Mar 30 2020,Ray-Ban maker EssilorLuxottica  is suspending its dividend due to the coronavirus pandemic and said on Monday it was delaying its annual shareholder meeting by a month.
Alibaba proposes one-to-eight stock split ahead of up to $20 billion HK listing,Jun 17 2019,China's Alibaba Group Holding has proposed a one-to-eight stock split ahead of a listing in Hong Kong later this year that is expected to raise up to $20 billion.
"Tesla shares jump on leaked deliveries email, entertainment software update",Sep 26 2019,"Tesla Inc  shares closed up 6% on Thursday on a report that Chief Executive Officer Elon Musk saw ""a shot"" at delivering 100,000 cars this quarter and the company said it will roll out a software update for watching movies and playing games in cars."
"Healthcare, bullish bets dominate hedge-fund Sohn Investment Conference picks",May 06 2019,"Big-name hedge fund managers, including David Einhorn and Larry Robbins, pitched stock ideas ranging from airplane lessors to biotech companies that are working to extend the human lifespan at the Sohn Investment Conference in New York on Monday."
Companies Trump said would create thousands of jobs have failed to deliver,Jan 30 2020,"In his first address to the U.S. Congress, President Donald Trump hailed General Motors Co, Harley-Davidson Inc, Intel Corp and seven other companies as innovators and job creators, predicting they would be among those producing ""tens of thousands of new American jobs"" and investing ""billions and billions of dollars."""
Under water? Banks play home loan lottery as insurers bail out,Mar 15 2020,"Only a year after losing their homes to floods in parts of Australia's north eastern coast of Queensland, people are moving into new houses built on or near the same plots."
Re-sale market drives hype around H&M designer collaborations,Nov 07 2019,"As fast-fashion giant H&M  pushes more designer tie-ups,  some consumers are eschewing the long lines outside stores to buy the looks in the fast-growing resale market."
Cineworld sees lower full-year revenue on weaker box office demand,Dec 03 2019,UK-based international cinema chain Cineworld Group plc  on Tuesday warned that revenue for the full year is expected to be slightly below the company's expectations due to weaker box office demand.
Ross says phase one trade deal with China will be good start,Nov 05 2019,U.S. Commerce Secretary Wilbur Ross said on Tuesday that very good progress was being made towards completing a phase one trade agreement with China and he was hopeful that it would be a precursor to a much more robust agreement.
Global auto deals doubled in 2018: PwC,Jan 24 2019,"Global auto industry mergers more than doubled to an all-time high of $97.5 billion in 2018 from a year earlier, driven by mega-deals in the automotive parts sector, according to a report released on Thursday by consultancy PwC."
Trump administration signs up new company to make COVID-19 drugs in U.S.,May 19 2020,"U.S. President Donald Trump's administration awarded a contract worth up to $812 million for a new U.S. company to manufacture drugs and drug ingredients to fight COVID-19 on American soil, aiming to end dependence on other countries."
"Nasdaq sets new record, close to confirming bull market in place",Jun 08 2020,"The Nasdaq Composite Index  rose to a new high on Monday, and looks on track to confirm that it was the first of Wall Street's main indexes to enter a bull market two and a half months ago, after Wall Street's nosedive on worries about the novel coronavirus."
IMF asks G20 to back doubling of its emergency financing to fight coronavirus,Mar 26 2020,The International Monetary Fund on Thursday asked G20 leaders to back a doubling of its emergency financing capacity to strengthen its response to the rapidly spreading coronavirus pandemic that is set to cause a global recession in 2020.
"The U.S. needs more fiscal help to fight coronavirus, Fed officials say",May 12 2020,"U.S. businesses and households are going to need more fiscal support to get through what will likely be a longer period of recovery from the coronavirus shutdown than initially expected, Federal Reserve policymakers said on Tuesday."
Wynn Resorts ceases talks with MGM to sell $2.6 billion Massachusetts casino,May 21 2019,Wynn Resorts Ltd said on Tuesday the company has decided to stop talks with MGM Resorts International to sell its Encore Boston Harbor casino.
"Nissan CEO, others received excess compensation in violation of rules: source",Sep 05 2019,"An internal probe at Nissan Motor Co has determined that Chief Executive Hiroto Saikawa and multiple other executives had received excess stock performance-related compensation in violation of company rules, a source said on Thursday."
Uber told by investors to sell self-driving unit: The Information,Aug 15 2018,"Investors have told Uber Technologies Inc [UBER.UL] it would be wise to sell off its self-driving car unit after it racked up losses of $125 million to $200 million each quarter for the past 18 months, tech news site The Information reported on Wednesday, citing an unnamed person familiar with the issue."
"Uber Eats features black-owned restaurants on U.S., Canadian delivery platform",Jun 04 2020,Uber Technologies Inc on Thursday launched a feature on its food delivery app Uber Eats that lets customers in the United States and Canada order from restaurants owned by black people and pay no delivery fees for those orders through 2020.
What are the links between Cambridge Analytica and a Brexit campaign group?,Mar 22 2018,British consultancy firm Cambridge Analytica lies at the center of a storm for using data obtained from millions of Facebook users without their permission after it was hired by Donald Trump for his 2016 U.S. presidential election campaign.
Airbus names ex Deutsche Telekom boss as next chairman,Apr 10 2019,"Airbus  nominated a new German chairman on Wednesday as Frenchman Guillaume Faury prepared to become its chief executive, signaling that the Franco-German balance at its helm will extend through a sweeping management overhaul."
"U.S. Senate panel to first grill FAA, then Boeing after fatal crashes",Mar 20 2019,"A U.S. Senate panel plans a hearing on March 27 on aviation safety after two fatal Boeing 737 MAX 8 aircraft crashes since October, and said it will also schedule a future hearing with Boeing and other manufacturers, officials said on Wednesday."
Facebook fuels broad privacy debate by tracking non-users,Apr 15 2018,"Concern about Facebook Inc's  respect for data privacy is widening to include the information it collects about non-users, after Chief Executive Mark Zuckerberg said the world's largest social network tracks people whether they have accounts or not."
Facebook CEO says delay in flagging fake Pelosi video was 'execution mistake',Jun 26 2019,Facebook Inc Chief Executive Mark Zuckerberg on Wednesday said his social media company took too long to flag as false an altered video of U.S. House Speaker Nancy Pelosi that appeared to show the Democratic Representative slurring and tripping through a speech.
Take Five: World markets themes for the week ahead,Sep 10 2018,Following are five big themes likely to dominate thinking of investors and traders in the coming week and the Reuters stories related to them.
U.S. jury says Bayer must pay $80 million to man in Roundup cancer trial,Mar 28 2019,"A U.S. jury on Wednesday awarded $80 million to a man who claimed his use of Bayer AG's glyphosate-based weed killer Roundup caused his cancer, in the latest legal setback for the company facing thousands of similar lawsuits."
Want to extend the bull market by $6 trillion? Add women,Jun 05 2018,"The secret to unlocking a further $6 trillion of gains in global stocks and adding another ten years to this bull run? Forget tax cuts and share buybacks, women are key, according to research by S&P Global."
ILO annual gathering of labour ministers postponed for a year,Apr 06 2020,"An annual gathering of the world's labour ministers will not take place this year because of the coronavirus pandemic, but will convene in June 2021, the International Labour Organization (ILO) said on Monday."
Wall Street tumbles as oil crash stirs pandemic fears,Apr 21 2020,Wall Street tumbled for a second straight day on Tuesday as a collapse in U.S. oil prices and glum forecasts by companies worsened fears of a deep economic downturn.
"Saudi Aramco meets ADIA, Abu Dhabi funds in IPO pitch: sources",Nov 25 2019,"Saudi Aramco's executives met officials of Abu Dhabi Investment Authority (ADIA) on Monday to discuss a potential investment in the oil giant's share sale that could raise as much as $25.6 billion, three sources familiar with the talks said."
"Tesla lagging on Model 3 production, workers say",Jun 29 2018,"Tesla Inc is not producing enough Model 3s per shift to reach the 5,000 per week target that Chief Executive Officer Elon Musk said it would reach by Saturday, three line workers at the company's Fremont, California, assembly plant told Reuters this week."
Britain's 'Aramco' listing category attracts interest from a single firm,Aug 17 2018,"Britain's markets watchdog has so far been contacted by only one company interested in taking advantage of a rule it introduced to attract state-owned firms like Saudi Aramco  to London, the regulator told Reuters without naming the firm."
"Disney must offer to buy all of Sky, Britain's takeover regulator rules",Apr 12 2018,Britain's takeover regulator said Walt Disney  must offer to buy all of Sky if it acquires Twenty-First Century Fox's 39 percent stake and if Rupert Murdoch's Fox is prevented from purchasing all of the European pay-TV company itself.
Airbnb to report homeowners' income to Danish tax authorities,May 17 2018,Airbnb will automatically report homeowners' income to Danish tax authorities in what will be the first such agreement globally for the short-term rental service.
"Yemen Houthi drones, missiles defy years of Saudi air strikes",Sep 17 2019,"At a weapons exhibition in July in Yemen's Houthi-controlled capital Sanaa, military officials whipped silken sheets off what they said were newly-developed drones and missiles."
"China set to post slowest growth in 28 years in 2018, more stimulus seen",Jan 20 2019,"China is expected to report on Monday that economic growth cooled to its slowest in 28 years in 2018 amid weakening domestic demand and bruising U.S. tariffs, adding pressure on Beijing to roll out more support measures to avert a sharper slowdown."
"Wall Street analysts bullish over Nike's digital growth, look past margin weakness",Dec 20 2019,"Wall Street analysts were upbeat about Nike Inc's  long-term growth, encouraged by the sportswear maker's robust online sales and strength in China that helped overcome slowing demand in North America, its biggest market."
Huawei set to announce lawsuit against U.S. as it seeks to strike back,Mar 06 2019,"Huawei Technologies is set to announce a lawsuit on Thursday against the United States, ratcheting up its response to a campaign aimed at closing it out of Western markets for fear its telecoms equipment could be used by Beijing for spying."
Microsoft hails revamped goggles as more immersive and easy to wear,Feb 24 2019,"Microsoft unveiled the latest version of its HoloLens augmented reality headset on Sunday, promising wearers would feel more immersed in the augmented reality experience and more comfortable."
"Renault, Nissan boards get investigation updates before expected new Ghosn indictment",Jan 10 2019,"The boards of Renault  and Japanese partner Nissan  met on Thursday for an update on ongoing investigations surrounding alleged financial misconduct by alliance boss Carlos Ghosn, both companies said."
"China says trade war to 'certainly' hurt U.S. exporters, create opportunities to others",Sep 25 2018,"China is being forced to retaliate against the United States in their trade dispute, and U.S. exporters including suppliers of liquefied natural gas would ""certainly"" be hurt, said Chinese vice commerce minister Wang Shouwen."
Daimler profits halve on diesel and restructuring charges,Jan 22 2020,"Daimler  warned its earnings halved in 2019 and it faced further charges of up to 1.5 billion euros ($1.7 billion)related to diesel pollution, in the latest blow to the German luxury carmaker."
"Texas prosecutors accuse Arkema, executives of failures over chemical fire",Feb 27 2020,Jurors in the criminal case against the U.S. arm of a French company on Thursday heard it routinely stored combustible chemicals where floodwaters could reach them and failed to alert emergency workers as toxic fires erupted.
"Buffett appears to fault Trump, laments deals dearth in Berkshire letter",Feb 25 2019,"Warren Buffett on Saturday appeared to fault U.S. President Donald Trump for taking too much credit for the nation's economic growth, while acknowledging that market conditions are making it tough for his Berkshire Hathaway Inc to find more big companies to buy."
Facebook campus given all-clear after sarin scare,Jul 02 2019,Facebook Inc's  Silicon Valley campus received the all-clear on Tuesday after fears that a package at its mail facility contained the nerve agent sarin.
Musk says 'thorough reorganization' underway at Tesla,May 14 2018,"Tesla Inc  chief Elon Musk told employees on Monday the company was undergoing a ""thorough reorganization"" as it contends with production problems, senior staff departures and recent crashes involving its electric cars."
What Britain wants: Johnson outlines post-Brexit trade deal,Feb 03 2020,"Britain set out the type of deal it wants with the European Union on Monday, defining post-Brexit relations between the world's fifth largest economy and its biggest trading partner."
"Aiming to re-energize staff, new head of Britain's BT hands out shares",May 16 2019,"The new boss of Britain's BT Group will give each employee 500 pounds ($641) worth of shares, at a total cost of 50 million pounds, in one of his first moves to drive better performance at the telecoms giant."
Top WPP shareholder says to back re-election of board at AGM,Jun 12 2018,"Top WPP  shareholder Harris Associates said on Tuesday it would back the re-election of the board of the advertising company, which has faced criticism over its handling of the departure of founder Martin Sorrell."
Explainer: U.S.-China trade talks - where they are and what's at stake,Jun 20 2019,U.S. President Donald Trump and Chinese President Xi Jinping agreed this week to meet at the G20 summit in Japan in late June to discuss how to end a nearly year-long trade war.
Tencent gets into global groove with stake in Vivendi's Universal,Dec 31 2019,"A Tencent-led consortium is taking a 10% stake in Vivendi's Universal Music Group, valuing the music label that houses Lady Gaga and The Beatles at 30 billion euros ($34 billion) and giving the Chinese firm a global backstage pass."
"U.S. oil company workers make big, bad retirement bet: their own stock",Mar 11 2020,"Employees at the largest U.S. oil companies have lost around $5 billion in retirement savings since the end of 2018 because of outsized bets on their own slumping stock, according to a Reuters analysis of company disclosures, a trend exacerbated by the recent crash in oil prices."
Wells Fargo receives 'outstanding' rating for community lending,May 04 2020,"Wells Fargo & Co  said on Monday it has received an ""outstanding"" rating on a U.S. regulatory test for community lending between 2012 and 2018."
Wynn ends A$10 billion acquisition talks with Australia's Crown Resorts,Apr 09 2019,"Wynn Resorts Ltd, the world's No. 2 casino operator, said on Tuesday it scrapped preliminary talks to acquire Crown Resorts Ltd for A$10 billion ($7.1 billion), after the Australian Financial Review broke news of the negotiations."
"Target's two-day holiday shipping option beats Amazon, Walmart",Oct 23 2018,"Target Corp, aiming to one-up retail rivals during the upcoming U.S. holiday shopping season, said on Tuesday it was adding more delivery and pickup options for online shoppers to have items shipped to their homes or ready for quick pick-up at local stores."
Wall Street ends lower as Turkey woes hit banks,Aug 10 2018,U.S. stocks slid on Friday as a deepening economic crisis in Turkey dragged on bank shares and triggered a move out of riskier assets.
U.S. bond market's inflation gauges rise as Fed hints at rate cuts,Jun 19 2019,The U.S. bond market's gauges of investors' inflation views climbed on Wednesday as the Federal Reserve signaled it may lower interest rates later this year to counter slowing global growth and sluggish domestic inflation.
Wall Street dips as investors await U.S.-China trade progress,Nov 21 2019,U.S. stock indexes moved slightly lower on Thursday as investors moved to the sidelines with mixed messages and no concrete signs of progress on U.S.-China relations.
Exclusive: International development banks criticize Romania over bank tax plans,Feb 11 2019,"Two major international development banks, the European Bank for Reconstruction and Development and the International Finance Corporation, have formally complained to the Romanian government about proposed new banking sector taxes."
"Airline bosses, asked to trade places, reveal tensions of the industry",Mar 06 2019,"Airline chiefs from the top five operators in Europe on Wednesday were asked a simple question: If they could trade places with one of their rivals for a week, who would they choose?"
BT seeks to repair customer ties with new services and products,Oct 09 2019,"The boss of Britain's biggest telecoms provider BT  on Wednesday set out plans to improve the company's relationship with customers with new superfast services, more technical support and a return of its brand to the high street."
U.S. factory and services activity quicken in November: Markit,Nov 22 2019,"U.S. manufacturing output accelerated in November to its fastest pace in seven months and services activity also picked up more than expected, a survey of purchasing managers showed on Friday in a sign of the continued resilience of the U.S. economy in the face of the U.S.-China trade war and other headwinds."
Brazil prosecutors open investigation into Cambridge Analytica,Mar 21 2018,"Brazilian prosecutors on Wednesday said they had opened an investigation into whether London-based political consultancy Cambridge Analytica acted illegally in Brazil, as controversy over the firm's data harvesting practices spreads across the globe."
EU antitrust regulators to announce deal with Gazprom by next week: sources,May 14 2018,"EU regulators will settle their antitrust case with Gazprom  by next week, people close to the matter said on Monday, after the Russian energy giant pledged to change its pricing structure and allow rivals a foothold in eastern Europe."
"U.S. trade actions on China could slip to Friday, official says",Mar 21 2018,"New U.S. tariffs on China imports expected to be announced as early as Thursday could slip until Friday, a Trump administration official said on Wednesday."
Russia’s S7 Airlines grounds Boeing 737 Max 8 planes,Mar 12 2019,Russian S7 Airlines said on Monday it would ground Boeing 737 Max 8 airlines starting from Wednesday following the crash of an Ethiopian Airlines plane.
Telecom Italia pre-empts Elliott with board resignations,Mar 22 2018,"Most of Telecom Italia's (TIM)  board resigned on Thursday, triggering a full board reshuffle in a move seen as pre-empting activist investor Elliott's bid to change the way top shareholder Vivendi  runs the company."
Wall Street closes higher on signs of economic recovery,Jun 16 2020,"Wall Street advanced on Tuesday as the prospect of additional stimulus and a record jump in retail sales suggested the U.S. economy could bounce back sooner than expected, five months into its pandemic-inflicted recession."
UK paves way for multi-billion pound bailout of airlines: Times,Mar 18 2020,"The British government is paving the way for a multi-billion pound bailout of airlines by lifting a cap on level of financial support it can provide, the Times newspaper reported on Wednesday."
Wells Fargo planning its first post-crisis mortgage bond: Bloomberg,Oct 04 2018,"Wells Fargo & Co  is planning its first post-crisis offering of bonds tied to U.S. home loans without government backing, Bloomberg reported on Thursday citing people familiar with the matter."
German carmakers hit by report Trump threatens to drive them off U.S. streets,May 31 2018,A report that U.S. President Donald Trump has threatened to pursue German carmakers until there are no Mercedes-Benz rolling down New York's Fifth Avenue dented shares in the luxury car manufacturers on Thursday.
China's Anbang to offload health insurance unit as government speeds up asset sales,Jul 05 2019,China's Anbang Insurance Group said it will sell its entire stake in a health insurance unit as Beijing speeds up asset disposals at the troubled government-controlled insurance conglomerate.
Fed rejects call to deny Trump rate cuts; Trump keeps up pressure,Aug 27 2019,"The U.S. central bank on Tuesday rejected a call from a former Federal Reserve policymaker to counter President Donald Trump's trade agenda by refusing to ""play along"" and denying the president the interest rate cuts he has demanded."
Signs of trouble so far just noise to a Fed that sees growth continuing,Dec 20 2018,"Late fall brought a dust cloud of bad news for the U.S. economy, with shippers like Fedex cutting their global outlook for next year, chipmaker Micron Technology missing its revenue target as demand slides worldwide, and GM trimming 14,000 jobs as sales slow, not to mention a stock market limping into year end."
UK parliament tells Barclays CEO: explain emergency business loans delays,May 07 2020,The British parliament's treasury committee chairman has told the chief executive of Barclays  to explain delays to granting emergency loans to small businesses.
'Like watching a train wreck': The coronavirus effect on North Dakota shale oilfields,May 04 2020,"Oil executive Bill Kent was with fellow managers in the Colorado board room of Resource Energy headquarters on April 20 when benchmark U.S. crude prices collapsed to minus $37 a barrel. Sitting six feet apart because of the coronavirus, they knew the pandemic was not only a personal matter."
"Credit Suisse will receive Saudi banking license, finance minister says",Apr 24 2019,"A banking license to operate in Saudi Arabia will be issued to Credit Suisse, Mohammed al-Jadaan, the kingdom's finance minister said on Wednesday."
UK lawmakers still want to question Facebook's Zuckerberg over data scandal,Mar 27 2018,British lawmakers still want to question Facebook boss Mark Zuckerberg over how millions of users' details got into the hands of political consultancy Cambridge Analytica after the company said it would send another executive to appear before them.
Nissan to gradually withdraw from diesel vehicle market in Europe,May 07 2018,"Japanese carmaker Nissan will gradually stop selling diesel cars in Europe, in a further sign of weakening demand for those cars as customers worry about tax rises and looming bans and restrictions related to diesel in many countries."
Oil up 1 percent as market focuses on supply risks,Apr 16 2019,"Oil prices rose 1 percent on Tuesday, as fighting in Libya and falling Venezuelan and Iranian exports raised concerns over tightening global supply, but uncertainty surrounding an OPEC-led production cut limited gains."
JPMorgan puts plans for Ohio office return on hold indefinitely,Jul 08 2020,"JPMorgan Chase & Co  is pulling back on returning some of its 18,000 employees to work at offices in Columbus, Ohio, after coronavirus cases in the state jumped, the bank said on Wednesday."
Oil prices drop to lowest in more than a year as coronavirus spreads,Feb 26 2020,"Oil prices fell to their lowest in more than a year on Wednesday after hundreds of new coronavirus cases reported in Europe and the Middle East stoked fears that energy demand would decline, and on concerns that the virus could spread across the United States."
"J&J beats quarterly expectations on drug sales surge, shares jump",Jul 17 2018,"Johnson & Johnson on Tuesday reported better-than-expected second quarter profit as sales of pharmaceuticals surged 20 percent despite a sharp decline in blockbuster arthritis drug Remicade, and its shares rose more than 4 percent."
China's Liu: China to use trade deal to prove talks working to improve economy - CGTN,Jan 15 2020,"Chinese Vice Premier Liu He said China will use the results of the Phase 1 trade deal with the United States to prove that the negotiations are working to improve the economy, Chinese state television reported on Thursday."
Wells Fargo sees total expenses dropping by $3 billion by 2020: CFO,Sep 14 2018,Wells Fargo & Co's chief financial officer said on Friday the bank expects to reduce total expenses by about $3 billion by 2020.
South Korea indicts group for leaking Samsung display tech to Chinese firm,Nov 29 2018,South Korean prosecutors on Thursday said they have indicted nine people on suspicion of leaking Samsung Electronics Co Ltd flexible display technology to a Chinese company.
Deutsche Bank targets 200 billion euros of sustainable investment by 2025,May 13 2020,"German lender Deutsche Bank  plans to pump at least 200 billion euros ($216.8 billion) into so-called sustainable financing and investments by 2025, its first formal targets for doing so."
Forecasters unanimous: U.S.-China trade war bad for economy - Reuters poll,Sep 19 2018,"The U.S. economy will expand at a robust pace in coming quarters but slow to 2 percent by the end of 2019, according to forecasters polled by Reuters who unanimously said the escalating trade war with China was bad economic policy."
"Warren Buffett says the coronavirus cannot stop America, or Berkshire Hathaway",May 03 2020,"(This May 2 story has been refiled to correct the spelling of ""towel"" in second paragraph)"
Thomas Cook customers may face two-month delay for refunds: watchdog,Sep 30 2019,Britain's aviation regulator said on Monday that refunds of bookings by Thomas Cook customers could take longer than expected as the regulator does not have all information needed from the collapsed travel firm.
Rolls-Royce partners with AI software maker to predict engine performance,Dec 04 2018,"British aero-engine maker Rolls-Royce  has partnered with Chicago-based artificial intelligence software maker Uptake to spot possible operational issues in its Trent engine fleet ahead of time, the companies said on Tuesday."
U.S. labor market strong; inflation pressures benign,Apr 11 2019,"The number of Americans filing applications for unemployment benefits dropped to a 49-1/2-year low last week, pointing to sustained labor market strength that could assuage fears the economy was rapidly losing momentum."
"Mexican president calls on Russia, Saudi Arabia to end oil price war",Apr 04 2020,Mexican President Andres Manuel Lopez Obrador on Saturday called on Russia and Saudi Arabia to reach a deal soon and end their oil price war to avoid deepening the oil price crisis.
"PayPal quarterly profit beats estimates, shares rise",Oct 18 2018,PayPal Holdings Inc  on Thursday reported a third-quarter  profit that beat analysts' estimates as the company signed up more new customers and volume of payments processed rose.
White House adviser says Canada's Trudeau 'stabbed us in the back',Jun 10 2018,"The top White House economic adviser accused Canada's prime minister on Sunday of betraying President Donald Trump with ""polarizing"" statements on U.S. trade policy that risked making the American leader look weak on the eve of a historic summit with North Korea."
"T Mobile, Sprint face new FCC questions on tie-up",Apr 25 2019,"T-Mobile US Inc and Sprint Corp executives this week urged senior U.S. regulators to approve the proposed tie-up, saying the combined company would have the incentive to slash prices, according to a filing on Thursday."
L'Oreal CEO says coronavirus will hamper sales in coming weeks,Feb 07 2020,L'Oreal  CEO Jean-Paul Agon said on Friday that the French cosmetics company had a good January in China but that the spread of the coronavirus would have an impact on demand in the coming weeks.
Four-comma club: Predicting the next company to join trillion-dollar value elite,Jan 24 2020,"The trillion-dollar market cap club expanded last week to a third U.S. company, with Google parent Alphabet Inc  topping the lofty valuation mark. Adding the next member, however, is likely to take a while."
"Seeking to avoid EU tariffs, Washington state House passes bill to drop Boeing tax break",Mar 12 2020,"Washington state's House of Representatives passed a measure on Wednesday night that removes a key tax break for Boeing Co  and other aerospace firms, in a bid to head off possible European tariffs on U.S. goods and ease a transatlantic trade dispute over aircraft subsidies."
U.S. retailer group sees 2018 holiday sales up more than 4 percent,Oct 03 2018,"U.S. holiday sales in 2018 will increase 4.3 percent to 4.8 percent boosted by a strong economy but will be slower than a year ago when consumer spending surged to a 12-year high, according to a forecast from a leading retail industry group."
Ericsson doesn't see sales lift after security concerns hit Chinese rivals,Nov 14 2018,Telecom networks equipment maker Ericsson  said on Wednesday security concerns about its Chinese rivals and wider trade tensions had not translated into more orders for the Swedish firm's products.
"China's growth slowed by service, farm sectors, despite construction rebound",Jan 22 2019,"Weakness in the service and farm sectors slowed China's economic growth in the fourth quarter, despite a strong pickup in construction activity, official data showed on Tuesday."
Renault-Nissan crisis meeting fails to name interim boss,Nov 29 2018,"Renault  and Nissan  vowed to stick by their  industrial alliance on Thursday but failed to name an interim boss to stand in for Chairman Carlos Ghosn, whose arrest has threatened the French carmaker's control of the partnership."
U.S. labor market on solid ground; mid-Atlantic factories sputter,Dec 19 2019,"The number of Americans filing applications for unemployment benefits dropped from a more than two-year high last week, pointing to sustained labor market strength that should continue to underpin consumer spending and the economy."
One in 12 witnessed sexual harassment in Lloyd's insurance market: survey,Sep 24 2019,"Nearly one in 12 employees working in the Lloyd's of London [SOLYD.UL] insurance market has witnessed sexual harassment there in the past year and a quarter of them have witnessed excessive drinking, according to survey published by Lloyd's."
"Visa, Mastercard reach $6.2 billion settlement over card-swipe fees",Sep 18 2018,"Visa Inc, Mastercard Inc, and a number of U.S. banks on Tuesday agreed to pay $6.2 billion to settle a long-running lawsuit brought by merchants over the fees they pay when they accept card payments."
TUI burning 250 million euros cash a month: CEO,May 13 2020,"Travel group TUI  , which is struggling with the impact of the coronavirus pandemic, is burning cash at a rate of 250 million euros ($271 million) a month, its CEO said on Wednesday."
U.S. strikes at a Huawei prize: chip juggernaut HiSilicon,May 22 2020,The latest U.S. government action against China's Huawei takes direct aim at the company's HiSilicon chip division -- a business that in a few short years has become central to China's ambitions in semiconductor technology but will now lose access to tools that are central to its success.
Uber partners with Hyundai on electric air taxi,Jan 09 2020,"U.S. ride-hailing company Uber Technologies Inc  and South Korean automaker Hyundai Motor  have teamed up to develop electric air taxis, joining the global race to make small self-flying cars to ease urban congestion."
South Korea to combine world's two biggest shipbuilders in $2 billion deal,Jan 31 2019,"Hyundai Heavy Industries, the world's biggest shipbuilding group, has announced a share swap deal worth 2.1 trillion won ($1.98 billion) to take over second-ranked Daewoo and create a global heavyweight controlling over 20 percent of the market."
BP says still sees oil at $50-$60/bbl in 2018 as shale output surges,May 01 2018,"BP expects benchmark oil prices to weaken in the second half of the year as U.S. shale production surges by up to 1.5 million barrels per day, Chief Financial Officer Brian Gilvary said on Tuesday."
Cost of insurance against Deutsche Bank default surges after WSJ report,May 31 2018,"The cost of insuring exposure to credit issued by German lender Deutsche Bank jumped on Thursday after the Wall Street Journal reported the U.S. Federal Reserve last year designated the bank's U.S. operations to be in ""troubled condition""."
CEO of GM's Cruise driverless vehicle unit hints at offering low-cost shared rides,Dec 11 2019,"The chief executive of autonomous vehicle company Cruise signaled on Wednesday the General Motors Co  subsidiary intends to offer shared rides ""at a radically lower cost"" as part of a bid to move eventually ""beyond the car."""
U.S. court throws out BlackRock fund fees lawsuit,Feb 08 2019,"A U.S. federal court on Friday dismissed a lawsuit against BlackRock Inc that had accused the world's largest fund manager of charging too much in investment advisory fees, according to a preliminary order."
"Trump delays tariff hike on Chinese goods, citing trade talk progress",Feb 25 2019,"President Donald Trump said on Sunday he would delay an increase in U.S. tariffs on Chinese goods thanks to ""productive"" trade talks and that he and Chinese President Xi Jinping would meet to seal a deal if progress continued."
"N.Y. Fed lowers U.S. Q3, Q4 GDP growth view",Oct 05 2018,"U.S. gross domestic product is expanding at a 2.27 percent clip in the third quarter, slower than the 2.47 percent pace calculated a week ago, the New York Federal Reserve's Nowcast model showed on Friday."
"StanChart sees China slowdown, trade war fears receding, eyes digital push",Mar 26 2019,"Fears over a slowdown in Chinese economic growth and the impact of the Sino-United States trade tensions are ""receding a bit"", the chief executive of London-based bank Standard Chartered, which makes the bulk of its revenue in Asia, said."
China to step up economic stimulus in slowdown fight,Jan 25 2019,"China will take steps to spur growth amid a trade war with the United States, but there is limited room for aggressive stimulus in an economy already laden with massive debts and a property market prone to credit-driven spikes, policy insiders said."
U.S. escalates China trade showdown with tariffs on $50 billion in imports,Apr 04 2018,"The Trump administration on Tuesday raised the stakes in a growing trade showdown with China, targeting 25 percent tariffs on some 1,300 industrial technology, transport and medical products to try to force changes in Beijing's intellectual property practices."
Neiman Marcus reaches agreement with creditors to restructure debt,Mar 25 2019,Neiman Marcus Group Ltd said on Monday it had reached an agreement with a majority of its lenders to extend the maturities of its debt by three years to help the luxury retailer turn around its business.
Nasdaq asks regulators to let companies decide where they trade,Apr 27 2018,"Nasdaq Inc has asked regulators to allow it to give small companies a choice of trading on a single U.S. stock exchange, rather than all 13 of them, in an effort to make it easier for buyers and sellers of the stocks to find each other."
UK fintech firms forced to suspend services after Wirecard collapse,Jun 26 2020,Customers of several British digital finance companies were unable to make payments or access their money on Friday after the collapse of German payments firm Wirecard caused disruption across borders.
Oil's Black Friday drop could hit drilling budgets for 2019,Nov 23 2018,"North American oil producers that have been increasing spending to take advantage of this year's higher prices will dial back as November's reversal fuels worries about a 2019 surplus, energy executives say."
"Four senior executives leave AutoNation amid restructuring, bleak outlook",Feb 04 2019,"(This January 7 story corrects headline to clarify four senior executives are leaving the company, not its four top executives.)"
"Some Samsung, Hyundai workers self-quarantine as Korea Inc braces for virus impact",Feb 24 2020,Some South Korean workers at Samsung Electronics  and Hyundai Motor  are staying home as a precautionary measure as corporate Korea scrambles to prevent the coronavirus outbreak from causing widespread disruption in its home market.
"U.S. retail sales, manufacturing data bolster third-quarter economic outlook",Aug 15 2018,"U.S. retail sales rose more than expected in July as households boosted purchases of motor vehicles and clothing, suggesting the economy remained strong early in the third quarter."
"Ford says cutting U.S. salaried jobs, doesn't say how many",Mar 13 2019,Ford Motor Co confirmed on Wednesday it is cutting an unspecified number of U.S. salaried jobs as part of a global reorganization announced last year.
White House works to move stalled airline contact tracing plan: sources,Jun 10 2020,"The White House wants a plan in place by Sept. 1 for airlines to collect contact tracing information from U.S.-bound international passengers, but will not immediately implement a Centers for Disease Control and Prevention (CDC) proposal, three people briefed on the matter said on Wednesday."
Canada stock market shutdown pushes investors to explore options,Apr 29 2018,"A rare outage at Canada's major stock exchanges could dent the credibility of operator TMX Group Ltd  and encourage investors to explore alternative trading channels, fund managers and traders told Reuters."
Wall St. slides as Huawei fallout hits tech shares,May 20 2019,U.S. stocks slid on Monday as the White House's restrictions on Chinese telecoms equipment maker Huawei Technologies Co Ltd weighed on the technology sector and raised concerns that the move would further inflame trade tensions between the United States and China.
Enel upbeat on outlook after renewables and grids boost earnings,Aug 01 2019,Europe's biggest utility Enel  painted an upbeat outlook after posting a strong rise in earnings in the first six months driven by its green energy and network businesses.
Rolls-Royce considering cutting up to 15% of its workforce - source,May 01 2020,"British aero-engine maker Rolls-Royce Holdings  is considering cutting up to 15% of its workforce, a source close to the company told Reuters, as customers cut production and airlines park planes due to the coronavirus pandemic."
Qualcomm to refile China application to get NXP deal cleared,Apr 19 2018,"Qualcomm  will refile a regulatory application with the Chinese government to clear its $44 billion takeover of NXP Semiconductors , the U.S. chipmaker said on Thursday."
AT&T to pay $60 million in settlement for slowing cellphone data on unlimited plans,Nov 05 2019,"AT&T will pay $60 million to resolve U.S. allegations it  misled millions of smartphone customers by charging them for ""unlimited"" data plans that reduced data speeds if they used too much, the Federal Trade Commission (FTC) said on Tuesday."
Wall St. ends last day of haunted October in the black,Oct 31 2018,"U.S. stocks rebounded for a second day on Wednesday as investors snapped up beaten-down technology and internet favorites and strong company results lifted spirits, even as the S&P 500 closed out its worst month in seven years."
Samsung Electronics executive receives jail term over union-busting: media,Dec 13 2019,"Samsung Electronics  vice-president Kang Kyung-hoon received a 16-month jail term on Friday on charges of union-busting activities, South Korean media reported on Friday."
OPEC extends oil cut to prop up prices as economy weakens,Jul 01 2019,OPEC agreed on Monday to extend oil supply cuts until March 2020 as the group's members overcame their differences in order to prop up the price of crude amid a weakening global economy and soaring U.S. production.
"Walmart removes firearms, ammunition from floor display as protests rage in U.S.",Jun 03 2020,Walmart Inc said on Wednesday it shifted firearms and ammunition out of sales floors of some U.S. stores amid nationwide protests over the death of an unarmed black man at the hands of police last week.
Japan criticizes U.S. digital tax proposal at G20,Feb 23 2020,Japanese finance minister Taro Aso criticized on Sunday a U.S. tax reform proposal that he said could undermine global efforts to agree new rules on taxing big tech companies.
"Oracle to hire 2,000 workers to expand cloud business to more countries",Oct 07 2019,"Oracle Corp  plans to hire nearly 2,000 additional workers as part of an aggressive plan to roll out its cloud computing services to more locations around the world, its cloud chief told Reuters on Monday."
New York regulator proposes easing cryptocurrency rules,Jun 24 2020,New York's financial regulator on Wednesday proposed new licensing rules that would make it easier for companies to engage in cryptocurrency business in the state.
Deutsche Bank's U.S. brokerage fined $1.4 million for reporting problems,Jun 27 2018,Deutsche Bank AG's  U.S. securities division agreed to pay a $1.4 million fine to the Financial Industry Regulatory Authority on Wednesday  to settle charges that it violated reporting and supervisory rules related to equity and municipal bond trades.
Ford considers closing two Russian plants: sources,Mar 05 2019,"Ford Motor Co is considering closing two plants in Russia as part of its global plan to restructure operations in unprofitable regions, three industry sources told Reuters."
U.S. built Mercedes-Benz SUV's held up by Chinese customs,Aug 09 2018,"Mercedes-Benz sports utility vehicles built in Tuscaloosa, Alabama, are being checked for potential problems by Shanghai customs authorities, Daimler  confirmed on Thursday, as a trade dispute between the United States and China heats up."
Saudi delivers deeper cuts as OPEC+ oil producers back new pact,Dec 06 2019,"By Shadia Nasralla, Olesya Astakhova and Bozorgmehr Sharafedin"
U.S.-China trade talks end with no breakthrough as tariffs kick in,Aug 24 2018,U.S. and Chinese officials ended two days of talks on Thursday with no major breakthrough as their trade war escalated with activation of another round of dueling tariffs on $16 billion worth of each country's goods.
"U.S., Chinese trade deputy talks to start on Thursday",Sep 17 2019,"Deputy-level U.S.-China trade talks are scheduled to start in Washington on Thursday, the U.S. Trade Representative's office said, paving the way for high-level talks in October aimed at resolving a bitter, 14-month trade war."
Mattel hires Saban Brands chief to head new franchise division,Aug 30 2018,"Mattel Inc  said on Thursday Janet Hsu, the chief executive of Power Rangers owner Saban Brands, will join the Barbie doll maker as head of a newly created franchise division."
Germany declines to comment on U.S. indictment of ex-VW CEO,May 04 2018,A spokesman for Germany's justice ministry on Friday declined to comment on a decision by the U.S. Justice Department to file criminal charges against former Volkswagen AG  Chief Executive Martin Winterkorn.
NY Fed's markets head says bank is trying to match 'speed and the scale' of pandemic,Apr 17 2020,"The Federal Reserve is moving as quickly as possible to set up new emergency lending facilities to support credit markets and the economy, and its efforts are already helping to stabilize short-term funding markets, said Daleep Singh, head of the markets group at the New York Fed."
Ghosn ready to help Lebanon if asked,Jan 08 2020,"Ousted Nissan boss Carlos Ghosn said on Wednesday he was ready to use his expertise if asked to help Lebanon, which is reeling from a deep economic and financial crisis."
Apple's new iPhones shift smartphone camera battleground to AI,Sep 12 2019,"When Apple Inc  introduced its triple-camera iPhone this week, marketing chief Phil Schiller waxed on about the device's ability to create the perfect photograph by weaving it together with eight separate exposures captured before the main shot, a feat of ""computational photography mad science."""
U.S. producer prices drop for second straight month,Feb 14 2019,"U.S. producer prices fell for a second straight month in January, leading to the smallest annual increase in 1-1/2 years, the latest sign of benign inflation that could allow the Federal Reserve to be patient about raising interest rates this year."
Ruling delays Telecom Italia board showdown with Elliott,Apr 23 2018,"A judge ruled in favor of an appeal by Telecom Italia (TIM) and its leading investor Vivendi to block a vote on some board director replacements proposed by activist fund Elliott at an April 24 shareholders meeting, a court document showed."
"GE and Rolls Royce finalists for Chinese-Russian CR929 jet engine, designer says",Nov 07 2018,"General Electric  and Rolls Royce  are the two finalists to supply engines for a new long-haul jet developed by a Russian-Chinese joint venture that aims eventually to switch to a Sino-Russian engine, a chief designer of the aircraft said."
Fiat Chrysler open to mergers but rules out Maserati sale,Mar 05 2019,"Fiat Chrysler (FCA) is open to pursuing alliances and merger opportunities if they make sense but a sale of its luxury brand Maserati is not an option, Chief Executive Mike Manley said in Geneva on Tuesday."
Musk to go off Twitter ... again,Nov 01 2019,"Elon Musk is going offline from Twitter  after questioning ""the good"" of the social networking site."
Saudi minister Falih says Aramco IPO likely in 2019,May 25 2018,"Saudi Arabia is most likely to hold the initial public offering (IPO) of oil giant Aramco in 2019, Energy Minister Khalid al-Falih said on Friday, confirming a delay from the initial plan to list the company this year."
Nissan plans to file for damages against Ghosn: source,Jan 16 2019,"Nissan Motor Co Ltd plans to file a civil suit against ousted chairman Carlos Ghosn to claim damages resulting from the alleged misuse of company funds, a person with knowledge of the issue said, adding to the high-profile executive's legal headaches."
"Micron sales, profit miss estimates as chip glut hurts prices",Dec 18 2018,"U.S. chipmaker Micron Technology Inc  gave on Tuesday quarterly sales and profit forecasts well below Wall Street estimates, citing a market glut of memory chips as consumer and business demand for phones and computers is weakening."
"Same-day deliveries, store revamps drive Target's strong results",May 22 2019,"Target Corp beat first-quarter estimates for same-store sales and profit on Wednesday, as the retailer's strategy to invest more in its delivery services and revamp stores drew in more shoppers, sending its shares up more than 9%."
Exxon Mobil boosted CEO pay to $17.5 million for 2017,Apr 12 2018,"Exxon Mobil Corp  Chairman and Chief Executive Darren Woods's compensation package rose about 4 percent last year to $17.5 million, his first year running the world's largest publicly traded oil producer."
"U.S. duties on French wine are bad news for all, exporters say",Oct 03 2019,"The U.S. decision to impose tariffs on French wines will penalize American consumers who will see a sharp rise in prices while severely hurting French producers on their largest export market, exporters said on Thursday."
Lufthansa eyes cost cuts to return Eurowings to profit,Jun 24 2019,"Lufthansa's budget airline Eurowings will aim to cut costs by 15% over the next three years and focus on short-haul flights as part of a plan to return to profit by 2021, the German carrier said on Monday."
U.S. GDP data boosts stocks; S&P 500 posts record close,Apr 26 2019,"Global stock markets rose and the S&P 500 notched a record closing high for the second time this week on Friday as data showed U.S. economic growth accelerated in the first quarter, while the dollar fell against a basket of currencies."
"Southwest 737 MAX makes emergency landing, says computer system not to blame",Mar 26 2019,"A Southwest Airlines Co Boeing 737 MAX 8 heading to the California desert for parking during a global ban of the aircraft made an emergency landing on Tuesday due to an engine-related problem shortly after take-off, the carrier said."
New York retail icon Barneys files for bankruptcy,Aug 06 2019,"Barneys New York Inc filed for bankruptcy protection on Tuesday and put itself up for sale, pushed to the brink by falling revenue and soaring rent at its stores that caused many vendors to effectively stop shipping merchandise to the luxury department store chain."
Daimler to develop Smart brand together with Geely,Mar 28 2019,"Daimler will build its next generation of Smart electric cars in China through a joint venture with Geely, as a way to increase economies of scale in a market segment that is struggling to turn a profit."
"'Confidence in Mexico': U.S. and Mexican top brass to talk business, border",Apr 11 2019,A meeting of U.S. and Mexican government and business leaders on Thursday aims to shore up investor confidence in Mexico and defuse U.S. President Donald Trump's threats to close their shared border if illegal immigration is not halted.
Trump advisers considering interim China trade deal to delay tariffs: Bloomberg,Sep 12 2019,"U.S. trade advisers have discussed offering China a limited trade deal that would delay and even roll back some U.S. tariffs for the first time in return for Chinese commitments on intellectual property and agricultural purchases, Bloomberg reported, citing people familiar with the matter."
China says it never backs down in the face of threats after trade salvos with U.S.,Apr 05 2018,"China has never surrendered to external pressure and it will win any trade war with the United States, the nation's state media stressed in a series of editorials and columns in the hours after the world's two top economies targeted each other with steep tariffs."
U.S. goods trade deficit widens sharply in December,Feb 27 2019,"The U.S. goods trade deficit widened sharply in December as slowing global demand and a strong dollar weighed on exports, another sign that economic growth slowed in the fourth quarter."
Russia gives green light to Bayer's takeover of Monsanto: Ifax,Apr 20 2018,"Russia's anti-monopoly regulator FAS has approved Bayer's  takeover of Monsanto , Russian news agency Interfax reported on Friday, citing the regulator."
"Petrobras, Brazil government expect to resolve dispute within 100 days: minister",Jan 03 2019,"Brazil's government and state-run oil firm Petroleo Brasileiro SA  expect to resolve a dispute over the oil producing zone known as the 'transfer-of-rights' area within 100 days, a minister said on Thursday."
Facebook executive meets with U.S. lawmakers to discuss privacy,May 07 2019,"With a multibillion-dollar settlement looming for Facebook over user privacy violations, Chief Operating Officer Sheryl Sandberg met with U.S. lawmakers on Capitol Hill on Tuesday to discuss legislation to protect users of the social network, officials said."
Exclusive: EU tariffs to target 20 billion euros of U.S. imports - diplomats,Apr 12 2019,"The European Commission has drawn up a list of U.S. imports worth around 20 billion euros ($22.6 billion) that it could hit with tariffs over a transatlantic aircraft subsidy dispute, EU diplomats said on Friday."
ING ordered to pay 30 million euros to settle Italy money-laundering probe: source,Feb 04 2020,"A Milan court ordered Dutch lender ING  to pay 30 million euros ($33.17 million) to settle a money-laundering case in Italy, a judicial source said on Tuesday."
Ex-JPMorgan CFO's activist fund takes stake in Deutsche Bank,Nov 01 2018,"An activist hedge fund led by the former finance chief of JP Morgan Chase  has taken a 3.1 percent stake in Deutsche Bank , saying it backed new Chief Executive Christian Sewing's efforts to turn around Germany's biggest bank, but there was more to do."
"Amazon raises minimum wage to $15, urges rivals to follow",Oct 02 2018,"Amazon.com Inc said on Tuesday it would raise its minimum wage to $15 per hour for U.S. employees from next month, giving in to critics of poor pay and working conditions at the world's second most valuable company."
Bayer asks U.S. appeals court to reverse $25 million Roundup verdict,Dec 16 2019,Bayer AG on Monday said it has asked a U.S. federal appeals court to throw out a $25 million judgment it was ordered to pay to a California man who blamed the company's Roundup weed killer for his cancer.
United Airlines says using larger jets on 737 MAX routes is 'costing money',Apr 09 2019,"United Airlines' use of larger aircraft on routes previously flown by Boeing Co's grounded 737 MAX jets is costing the carrier money in the short-term, the company's President Scott Kirby said in a letter to employees on Tuesday."
SEC settles charges against three former KPMG auditors,May 18 2020,The U.S. Securities and Exchange Commission (SEC) on Monday said it settled charges against three former KPMG LLP audit partners stemming from a cheating scandal at the firm.
Facebook commits $100 million to support news media hurt by virus crisis,Mar 30 2020,"Facebook Inc  on Monday pledged $100 million in financing and advertising spending to support news organizations, including local publishers in the United States, reeling from pressure due to the coronavirus pandemic."
"Lennar sees housing demand rebounding, shares up nearly 10 percent",Jan 09 2019,"Lennar Corp  said on Wednesday it was seeing an improvement in home sales in its new fiscal year as mortgage rates start to ease and posted earnings ahead of expectations, allaying concerns of a slowdown in the broader U.S. housing market."
U.S. coal miners worry Trump-China trade dispute could hit exports,Jun 25 2018,"U.S. coal mining companies are worried President Donald Trump’s intensifying trade dispute with China could hurt their booming export business, one of the ailing sector’s most important lifelines, according to industry players."
Explainer: Should Big Tech fear U.S. antitrust enforcers?,Jun 06 2019,"The arcane topic of antitrust law is getting more attention with the U.S. government gearing up to investigate whether Alphabet Inc's Google, Facebook Inc, Apple Inc, and Amazon.com Inc compete fairly."
Trade tensions set for brighter U.S. corporate spotlight,Apr 20 2018,The potential for an intensifying trade dispute to undercut the U.S. stock market could become clearer next week when a host of multinational companies reports quarterly results that may provide a glimpse into the impact of those global tensions.
Jeweller Pandora aims to regain sparkle after LA relaunch,Aug 29 2019,"Danish jewellery maker Pandora  is stepping up efforts to win back shoppers with a brand relaunch in Los Angeles, plus new themed collections based on Harry Potter and Walt Disney's Frozen and a revamp of its stores."
Biotech is going to the dogs - and big profits await,Sep 19 2019,"For Jessica Lescault there is no question that her 6-year old English bulldog ""Moose"" deserves cutting-edge biotechnology cancer treatment as much as any human patient."
Chinese vice premier says trade talks with U.S. went 'fairly well': Bloomberg,May 10 2019,"Chinese Vice Premier Liu He said on Friday that trade talks with the United States went ""fairly well"", Bloomberg reported."
Tata Steel to explore all options for European unit after ThyssenKrupp JV falls apart,May 10 2019,India's Tata Steel Ltd said on Friday it will explore all options for its European steel business after its proposed joint venture with German steel giant ThyssenKrupp AG failed to secure regulatory approval.
China's Vice Premier Liu to sign U.S. trade deal in Washington next week,Jan 09 2020,"China's Vice Premier Liu He, head of the country's negotiation team in Sino-U.S. trade talks, will sign a ""Phase 1"" deal in Washington next week, the commerce ministry said on Thursday."
"Shale pioneer Mark Papa to retire as Centennial Resource's CEO, chairman",Feb 24 2020,Centennial Resource Development Inc  said on Monday shale pioneer and Chief Executive Officer Mark Papa would retire at the end of May.
Exclusive: Germany's Bayer seeks animal health merger with Elanco - sources,Jul 09 2019,"Bayer  has approached U.S. drug firm Elanco Animal Health  to discuss a possible combination of their pet-health businesses to create an industry giant, three sources familiar with the matter told Reuters."
Global share listings dragged to three-year low by European shortage,Jul 01 2019,"Global share listings hit their lowest level in three years in the first half of the year, with a slowdown in Europe counteracting a stronger U.S. showing where tech giants Uber and Pinterest made their debuts."
"Pandemic slams global factories, activity sinks to new lows",May 04 2020,"Factory activity was ravaged across the world in April, business surveys showed, and the outlook looked bleak as government lockdowns to contain the new coronavirus pandemic froze global production and slashed demand."
Former United Auto Workers official gets 15 months in labor corruption case,Aug 05 2019,"A federal judge in Detroit on Monday sentenced the former United Auto Workers union vice president in charge of relations with Fiat Chrysler to 15 months in federal prison for misusing funds intended for worker training to pay for luxury travel, golf, liquor and parties for himself and other union officials."
Visa earnings beat on higher customer spending,Jul 23 2019,"Visa Inc  beat analysts' estimates for quarterly earnings on Tuesday, as a robust economy encouraged customers to spend more and boosted fees for the world's largest payment processor."
Exclusive: Thai Airways to seek $1.8 billion emergency loan to navigate virus impact - document,Apr 30 2020,"Thai Airways International PCL  plans to seek a 58.1 billion baht ($1.80 billion) emergency loan to maintain liquidity and see it through a coronavirus-induced drop in demand, showed a document from the airline detailing the plan."
U.N. cancels some meetings ahead of climate summit due to coronavirus,Mar 06 2020,"The United Nations has canceled some meetings in Bonn, Germany, and elsewhere planned in the run-up to a crucial U.N. climate summit to be held in Glasgow, Scotland, in November due to the coronavirus outbreak, an official said on Friday."
"No-deal Brexit will bring tangle of red tape, Britain warns companies",Aug 23 2018,"Britain on Thursday told companies trading with the European Union they would face a tangle of red tape, possible border delays and more costly credit card payments if the government fails to negotiate an exit deal before Britain leaves the bloc."
Growing field of activist investors pushes companies to perform better,Feb 05 2019,"More investors who typically make passive bets flexed their muscles last year and helped push a total of 922 companies to perform better by improving operations and capital allocation, data from research group Activist Insight show."
Mnuchin says 'thrilled to be here' as he arrives in Beijing,May 02 2018,"U.S. Treasury Secretary Steven Mnuchin arrived in Beijing on Thursday for trade talks with Chinese officials, telling reporters upon arriving at his hotel he was ""thrilled to be here""."
Exclusive: StanChart says CEO Winters will stay to execute current strategy,Mar 06 2020,"Standard Chartered  Chief Executive Bill Winters is expected to stay at the bank until the conclusion of its current strategy, its Chairman Jose Vinals said in an internal memo seen by Reuters on Friday."
'Gold rush': Race is on for health data in East Europe's frontier market,Jan 09 2020,"Eastern Europe is a new frontier for private medical care, and insurers and tech startups are racing to steal a march on their rivals by harnessing the region's health data."
U.S. June deficit surges to $864 billion,Jul 13 2020,"The U.S. federal budget deficit in June surged to $864 billion from single digits a year earlier amid continued strong spending on coronavirus relief programs and a drop in individual and corporate tax receipts, the Treasury Department said on Monday."
"Americans, not Chinese, pay Trump tariffs: NY Fed study",Nov 25 2019,"When the Trump administration imposed tariffs on Chinese imports last year, officials insisted China would pay the cost - implying Chinese firms would have to cut their prices to absorb import ""taxes"" of up to 25% when the goods hit U.S. shores."
UK authorities working to better understand BA cyber attack: PM's spokeswoman,Sep 07 2018,"The government is aware of a cyber attack affecting British Airways customers and authorities are working to better understand the incident, Prime Minister Theresa May's spokeswoman said on Friday."
GM results dented by pickup truck changeover,Apr 26 2018,"General Motors Co  on Thursday reported better-than-expected first-quarter earnings despite a drop in production of high-margin pickup trucks as it gears up for new models, but investors disappointed by the automaker's lower pre-tax profit sent its shares down more than 2 percent."
Bitcoin climbs to six-week high as market sentiment improves,Apr 24 2018,"Bitcoin rose to a six-week high on Tuesday on positive headlines that included the possible entry of major financial institutions into the space, lifting sentiment on the overall cryptocurrency market."
U.S. court deals setback to FCC push to revamp media ownership rules,Sep 23 2019,The Federal Communications Commission suffered a setback on Monday in a long-running legal battle when a federal appeals court struck down its latest effort to loosen U.S. media ownership rules.
Publicis pays $4.4 billion for Epsilon to extend digital reach,Apr 14 2019,"Publicis will pay $4.4 billion to acquire Alliance Data's Epsilon marketing unit, the French advertising group said on Sunday, expanding its digital business and North American footprint."
"Factbox: U.S., China drafting memorandums for possible trade deal",Feb 21 2019,Top U.S. and Chinese trade officials are working this week to hash out language on six broad agreements that aim to resolve the most contentious issues in their seven-month trade war.
Qualcomm stock jumps 23 percent on surprise settlement with Apple,Apr 17 2019,Qualcomm Inc on Tuesday won a major victory in its wide-ranging legal dispute with Apple Inc as the companies reached a surprise settlement that called for the iPhone to once again use Qualcomm modem chips.
American Eagle pulls annual forecast on coronavirus worries; shares plunge,Apr 22 2020,Shares of American Eagle Outfitters Inc  dropped 14% on Wednesday after the apparel retailer withdrew its full-year forecast and said current-quarter results would be significantly hit by coronavirus-related store closures.
Japan's MUFG takes big loss on loan to Glencore-led coal port: sources,Mar 18 2020,"Mitsubishi UFJ Financial Group (MUFG)  sold off its $85 million loan to Glencore's Wiggins Island Coal Export Terminal (WICET) in Australia to a hedge fund on Wednesday at about 52 cents on the dollar, two sources said."
GSK raises 2019 earnings expectations after standout quarter for Shingrix,Jul 24 2019,"GlaxoSmithKline  beat second quarter profit expectations with the help of strong demand for its shingles vaccine, prompting the British drugmaker to forecast a smaller fall in profit this year than originally anticipated."
Global airlines body raises alarm over bailout debts,May 26 2020,"Heavy debts inherited from government bailouts and other fund-raising moves will delay the airline industry's recovery from the coronavirus crisis, a trade body said on Tuesday."
Turkish Isbank CEO says Turkey facing serious speculative attack,Aug 13 2018,"Turkey is under a speculative attack as the recent developments in the lira cannot be explained by the country's economic fundamentals, Isbank chief executive Adnan Bali said on Monday."
Fiat Chrysler board approves moving forward with Peugeot merger: sources,Oct 30 2019,"Fiat Chrysler Automobiles NV's   board of directors has approved moving forward with talks to merge with French automaker Peugeot SA , a person familiar with the situation said on Wednesday."
"Ford to gradually resume operations, production at Mexican plants",May 27 2020,"Ford Motor Co  will gradually resume operations and production at several of its Mexican plants, the automaker said on Wednesday, as the sector begins to come back online as coronavirus contingencies are relaxed."
Rolls-Royce facing fresh issues on Trent 1000 engine,Sep 27 2018,"Rolls-Royce  said on Thursday that turbine blades of its problematic Trent 1000 engines were wearing out faster than expected, grounding additional Boeing Co  787 widebody jets for early repairs."
Saudi Aramco ready for IPO in second half of 2018: CEO,Mar 26 2018,"Saudi Aramco will be ready for an initial public offering in the second half of 2018 and the work is ongoing, Amin Nasser, the chief executive officer of the state oil company, said in a Bloomberg television interview on Monday."
Neil Woodford sacked as flagship Equity Income Fund to be shut,Oct 15 2019,Neil Woodford has been ousted from his flagship LF Woodford Equity Income Fund which will be shut down to pay back investors whose money has been trapped since June.
"Stocks, euro inch higher on ECB stance",Apr 10 2019,The euro rose and world stock markets edged higher on Wednesday amid tame U.S. inflation data and as the European Central Bank left its ultra-easy policy stance unchanged but warned that economic risks remained to the downside.
KFC to test revamped sandwich after last year's fried chicken frenzy,May 26 2020,Kentucky Fried Chicken on Tuesday will begin testing an overhauled sandwich featuring a bigger chicken filet and other modifications that could reignite last year's Great Chicken Sandwich Wars with rivals Popeyes and Chick-fil-A.
Biden previews manufacturing plan to counter 'America First' president,Jul 07 2020,"Democratic presidential candidate Joe Biden on Tuesday promised to revive U.S. manufacturing so that the country is not dependent on China, taking aim at his rival's promises to revive factories."
VW to improve production with Amazon cloud to network its factories,Mar 27 2019,"Volkswagen on Wednesday said it has teamed up with Amazon Web Services to link up and integrate the data from 122 VW Group plants, machines and systems, as a way to improve its production systems and processes."
"Global stocks outlook still positive, but vulnerable to coronavirus: Reuters poll",Feb 26 2020,"Global stocks have further to run this year, but the likelihood of a correction of 10% or more is high, according to Reuters polls of market strategists, with the severity of the economic hit from the coronavirus outbreak being the biggest risk."
AT&T to cut jobs in weaker business units,Jan 28 2019,"AT&T Inc is cutting some jobs in declining areas of its business, while hiring more people in faster-growing segments, an AT&T spokesman said on Monday."
Major automakers fear Trump 'grenade' - imposing U.S. auto tariffs,Apr 17 2019,"Major automakers are bullish on the outlook for the U.S. economy and auto sales, but one big question remains - will President Donald Trump throw a grenade into the sector by imposing sweeping tariffs of up to 25 percent on car and auto parts imports?"
"With deal to close this week, Bayer to retire Monsanto name",Jun 04 2018,Germany's Bayer  will wrap up the $63 billion takeover of Monsanto  on Thursday and also retire the U.S. seeds maker's 117 year-old name.
"With Datsun brand, Nissan has another go at Pakistan market",Mar 28 2018,"Nissan Motor Co Ltd  on Wednesday said it would resume building and selling cars in Pakistan next year, becoming the latest global automaker to operate in a market tipped to expand in coming years as vehicle ownership increases among a growing middle class."
Macron hopes China-U.S. trade deal will not bring new U.S.-EU tensions,Jan 15 2020,French President Emmanuel Macron said on Wednesday that he hoped a new agreement between China and the United States on trade will not lead to new tensions between the United States and Europe.
RBC to provide financing for £2.2 billion ZPG buyout,May 11 2018,"(LPC) - Royal Bank of Canada is providing the £1.07bn financing backing private equity firm Silver Lake’s £2.2bn acquisition of ZPG , owner of online property platforms Zoopla and PrimeLocation."
Jet Airways pilots' union asks India's top court to direct lender to release funds,May 08 2019,"Jet Airways' pilots' union has appealed to India's top court to direct State Bank Of India (SBI) to release interim funding to try to revive the grounded airline, according to a court filing made on Tuesday which was reviewed by Reuters."
Ted Baker shares battered after CEO flags dire UK retail climate,Oct 03 2019,"Shares in Ted Baker  shed more than a third of their value on Thursday, after the British fashion retailer's second profit warning in four months on the back of what new boss Lindsay Page called the worst business conditions in decades."
"French finance minister warns Renault against job cuts, factory closures",Feb 18 2020,"French Finance Minister Bruno Le Maire warned Renault  on Tuesday against shutting factories in France and cutting jobs there after the carmaker announced ""no taboos"" cost cuts last week."
Trump to choose Treasury's Malpass to lead World Bank - sources,Feb 04 2019,"The Trump administration has notified World Bank shareholders that President Donald Trump intends to pick senior Treasury Department official David Malpass as the U.S. nominee to lead the development lender, people familiar with the decision said on Monday."
Germany grills Daimler boss over extent of Vito van emissions fix,May 28 2018,Germany's Transport Ministry quizzed Daimler  Chief Executive Dieter Zetsche on Monday over how many Mercedes-Benz vans and cars need to be fixed after a regulator said it had found illegal software in one of its models.
"Apple asks developers to place its login button above Google, Facebook",Jun 04 2019,"Apple Inc will ask developers to position a new ""Sign on with Apple"" button in iPhone and iPad apps above rival buttons from Alphabet Inc's Google and Facebook Inc, according to design guidelines released this week."
Whirlpool to close Italian plant amid protests,Oct 15 2019,"U.S.-listed white goods maker Whirlpool Corp  said on Tuesday it would close its plant in Naples on Nov. 1, despite a final attempt by the Italian government to keep the site open."
Google stymies media companies from chipping away at its data dominance,Jun 30 2020,"Alphabet Inc's  Google upended plans by European media companies to block it from harvesting data about their readers and slash some of its dominance in online advertising, seven people involved in the talks said this month."
TEXT-Statement from the ECB following policy meeting,Jan 24 2019,Following is the statement from the European Central Bank following its policy meeting.
"Ford would take 'long, hard look' at UK operations after any no-deal Brexit",Apr 02 2019,"Ford would have to take a ""long, hard look"" at its British operations, which include two engine factories, if Britain leaves the European Union without a deal, the U.S. carmaker said on Tuesday."
U.S. orders speedy checks for cracks on 165 Boeing 737 NG planes,Oct 02 2019,The U.S. Federal Aviation Administration said on Wednesday that aircraft operators must inspect 165 Boeing 737 NG airliners for structural cracks within seven days after the issue was found on a small number of planes.
"Apple tunes out trade war as new AirPods, services lift holiday outlook",Oct 30 2019,"Apple Inc  on Wednesday forecast sales for the crucial holiday shopping quarter ahead of Wall Street expectations, with Chief Executive Tim Cook seeing strong sales of the wearables such as the noise-cancelling AirPods Pro and hoping for a U.S.-China trade deal by year-end."
Boeing calling back retirees to fix 737 production snags,Sep 11 2018,"Boeing Co  is bringing retired workers back on the job as the world's largest planemaker tries to fix delays at its 737 jetliner plant outside Seattle, a union official told Reuters on Monday."
France's Atos boosts U.S. presence with Syntel acquisition,Jul 23 2018,French IT services company Atos  is boosting its North American operations with a $3.4 billion cash deal to buy Michigan-based IT services provider Syntel Inc .
Amazon exploring potential alternatives to New York HQ: source,Feb 08 2019,"Amazon.com Inc is exploring alternatives to locating part of its new headquarters in New York in case the plan should fail due to local opposition, a person briefed on the matter told Reuters on Friday."
U.S. existing home sales surge to 13-year high in February,Mar 20 2020,"U.S. home sales surged to a 13-year high in February, but the housing market recovery is likely to be derailed by the coronavirus pandemic, which has unleashed a wave of layoffs and left the economy teetering on the brink of a recession."
Amazon's use of merchant data under EU microscope,Sep 19 2018,"European Union regulators are checking whether U.S. online retailer Amazon  is using merchants' data in a way that stifles competition, Europe's antitrust chief said on Wednesday."
Czech government bans most travel in and out of country to fight coronavirus,Mar 13 2020,"The Czech government has imposed a ban on foreigners entering the country and Czechs traveling abroad as of Monday as it tries to curb the coronavirus outbreak, Prime Minister Andrej Babis said on Friday."
"Netflix shares jump as subscribers grow ahead of Disney, Apple attack",Oct 17 2019,"Netflix Inc  added slightly more paying subscribers than Wall Street expected in the third quarter, a relief to investors who had worried the company might fall short just as Disney and Apple prepare to ramp up the streaming video wars."
Tesla must face lawsuit claiming racism at California factory,Dec 31 2019,"A federal judge rejected Tesla Inc's effort to dismiss claims by two former workers that the California electric car factory where they worked was a hotbed of racial hostility, clearing the way for a possible trial."
Wall Street Week Ahead: Profit estimates may be adding in too much cost risk,Feb 15 2019,"As Wall Street braces for the first quarterly decline in earnings in nearly three years, some investors are wondering if the market is factoring in a bigger erosion in profit margins than will actually come to pass."
"Renault, Nissan join Waymo in exploring driverless services in France, Japan",Jun 20 2019,"French automaker Renault SA, its Japanese partner Nissan Motor Co and tech giant Alphabet Inc's Waymo are exploring a partnership to develop and use self-driving vehicles to transport people and goods in France and Japan, the companies said on Thursday."
What's in a name? Banks count cost of loans in NMC collapse,Jul 10 2020,"As the crisis engulfing his business empire deepened, Bavaguthu Raghuram Shetty met with Bank of Baroda officials in mid-March to discuss the $250 million he and his firms owed."
Explainer: China's rare earth supplies could be vital bargaining chip in U.S. trade war,May 30 2019,"Rare earth elements are used in a wide range of consumer products, from iPhones to electric car motors, as well as military jet engines, satellites and lasers."
"Italian watchdog fines Apple, Samsung over software updates",Oct 24 2018,Italy's anti-trust watchdog said on Wednesday it was fining Apple Inc  and Samsung Electronics Co Ltd  5 million euros ($5.7 million) each following complaints they used software updates to slow down their mobile phones.
"U.S. lawmakers take jabs at Amazon, Big Tech in antitrust hearing",Jul 16 2019,Lawmakers on the House Judiciary Committee's antitrust panel pressed an executive from Amazon.com Inc on Tuesday about allegations that it competed against its own sellers and pushed them to buy advertising and fulfillment services.
China announces anti-dumping measures on some  chemical product imports,Jun 15 2018,"China will apply temporary anti-dumping measures to hydroiodic acid products originating from Japan and the United States, its commerce ministry said on Saturday."
New Zealand central bank revokes ANZ's permission to assess operational risk capital,May 17 2019,"New Zealand's central bank has revoked Australia and New Zealand Banking Group's local license to calculate its own operational risk capital due to ""persistent"" control failures, adding to the bank's minimum capital requirement in the country."
German ministers meet as U.S. urges Huawei exclusion: sources,Feb 06 2019,"German ministers discussed on Wednesday how to safeguard security in future 5G mobile networks, government sources said, amid intense debate over whether to shut China's Huawei Technologies out of the market."
"Reliance sends fuel from India, Europe to Venezuela to sidestep U.S. sanctions",Mar 21 2019,"India's Reliance Industries is selling fuels to Venezuela from India and Europe to sidestep sanctions that bar U.S.-based companies from dealing with state-run PDVSA, according to trading sources and Refinitiv Eikon data."
Delta amends credit facility to include stricter covenants,Jul 02 2020,"Delta Air Lines Inc  said on Thursday it has amended its $2.65 billion credit facility agreement with covenants, which include restricting the U.S. airline's ability to pay dividends or repurchase stock before Sept. 30, 2021."
Airbus moves staff to help secure Hamburg jet output: sources,May 28 2019,"Airbus is mobilizing staff from outside Germany to assist with a tricky production ramp-up of A321 passenger jets at its plant in Hamburg, industry sources said."
"Analyst View: OPEC, allied exporters to cut crude output by 1.2 million bpd",Dec 07 2018,OPEC and its Russia-led allies moved closer on Friday to clinching a deal that would cut oil production by more than the market had expected despite pressure from U.S. President Donald Trump to reduce the price of crude.
Amazon rivals ride on Prime Day marketing as protests unfold,Jul 15 2019,"Amazon.com Inc's Prime Day is now a major marketing opportunity and shopping event in the annual calendar for other U.S. retail companies, rivaling the Thanksgiving holiday's Black Friday as a driver of sales."
"Main Street bailout rewards U.S. restaurant chains, firms in rural states",Apr 18 2020,"Over two frantic weeks, the U.S. government pledged $350 billion to Main Street businesses across America desperate for cash after coronavirus lockdowns."
"Ford shakes up top management, promises faster turnaround",Feb 07 2020,"Ford Motor Co  on Friday shook up its top management, naming strategy chief Jim Farley as chief operating officer of the No. 2 U.S. automaker and promising skeptical investors the company will kick a slow-moving turnaround into a higher gear."
Starbucks says aims to triple China revenue by 2022,May 15 2018,"Starbucks Corp  is looking to more than triple its revenue and almost double its store count in China over the next five years, doubling down on the market as traffic growth comes under pressure in the United States."
"SoftBank, Toyota in talks to invest $1 billion in Uber's self-driving unit: sources",Mar 14 2019,"A group of investors led by SoftBank Group Corp and Toyota Motor Corp is in talks to invest $1 billion or more into Uber Technologies Inc's self-driving vehicle unit, which would value the unit at $5 billion to $10 billion, said two people familiar with the talks."
"Fiat Chrysler brushes off GM lawsuit, sees Peugeot deal by year end",Nov 21 2019,Fiat Chrysler Automobiles NV on Thursday brushed off a shock lawsuit from General Motors Co and said it was confident of reaching a binding merger deal with Peugeot owner PSA Group by the end of this year to create the world's fourth-largest carmaker.
Boeing ups forecast Chinese new plane purchases over 20 years by 6.2 percent,Sep 11 2018,"Chinese airlines will buy 7,690 new planes worth $1.2 trillion over the next two decades to keep pace with booming consumer and business demand for air travel, Boeing Co  said on Tuesday, raising a previous forecast."
What stood out in the February U.S. jobs report,Mar 08 2019,"Headline U.S. job growth hit the brakes in February, registering the smallest gain since September 2017 and the third-smallest during the unprecedented run of 101 consecutive months of payrolls gains."
"Oil drops to 13-month low on weak Chinese demand, traders eye OPEC+ cuts",Feb 10 2020,Oil prices fell to their lowest level since December 2018 on Monday on weaker Chinese demand in the wake of the coronavirus outbreak and as traders waited to see if Russia would join other producers in seeking further output cuts.
Shell sees rise in Nigeria oil spills in 2018,Apr 02 2019,"Royal Dutch Shell last year experienced a sharp rise in the number of oil spills caused by pipeline theft in Nigeria, which the company said were the result of larger output and higher oil prices."
"Canada blindsided by GM closure, workers walk out in protest",Nov 26 2018,"Hundreds of workers walked off the job and Canadian Prime Minister Justin Trudeau expressed ""deep disappointment"" after General Motors Co on Monday announced the closure of its Oshawa plant, catching governments and employees by surprise."
WTO paves way for China to seek sanctions against U.S.,Aug 15 2019,"The World Trade Organization (WTO) on Thursday adopted final findings against U.S. duties imposed on a range of Chinese imports, effectively giving Beijing a green light to seek compensatory sanctions."
"It's the Fed, but the world will have its say",Aug 20 2019,"The U.S. Federal Reserve has a purely domestic mandate, answerable to an elected Congress and facing nearly daily demands from an outspoken president."
New Tesla registrations in California nearly halve in fourth quarter: data,Jan 16 2020,"Tesla Inc's  overall vehicle registrations nearly halved in the U.S. state of California during the fourth quarter, according to a Dominion Cross-Sell report, which collates data from state motor vehicle records."
Nasdaq proposes letting companies decide where their shares trade,Apr 23 2018,"Nasdaq Inc  on Monday said it will ask regulators to let it give thinly-traded companies that list on its main U.S. stock exchange a choice as to whether their shares can be traded on other exchanges, with the aim of making it easier for investors to buy the stocks."
"Elon Musk's tweets bring controversy, nearly 30 million followers",Dec 03 2019,"Trial began in U.S. District Court in Los Angeles on Tuesday in a defamation lawsuit brought against Elon Musk by British cave diver Vernon Unsworth over three July 15, 2018 tweets by the Tesla chief executive, one calling him ""pedo guy."""
"With Trump tensions high, Merkel reaches out to Macron on Europe",Jun 03 2018,"Germany's Angela Merkel has offered her most detailed response to French President Emmanuel Macron's ideas for reforming Europe, seeking to avert a damaging rift with Paris at a time of high anxiety over Italy and growing transatlantic tensions."
Starbucks to lay off 350 global corporate employees,Nov 13 2018,"Starbucks Corp  is laying off about 350 global corporate employees, Chief Executive Officer Kevin Johnson said on Tuesday in a memo to employees, seen by Reuters."
Exclusive: OxyContin maker Purdue taps financial restructuring adviser - sources,Aug 16 2018,"OxyContin maker Purdue Pharma LP has tapped law firm Davis Polk & Wardwell LLP for financial restructuring advice, as its potential liabilities swell with a wave of lawsuits over the opioid addiction epidemic sweeping the United States, people familiar with the matter said on Thursday."
"Apple and Buffett saw value, and acted",May 06 2018,Apple Inc  was not the only one to leap on a chance to buy its stock at a fat discount last quarter as Warren Buffett stepped in to scoop up an additional 75 million shares for Berkshire Hathaway  at the same time.
First-time U.S. home buyers face supply struggle as rates fall,Aug 21 2019,"Mortgage rates are at a three-year low and housing price appreciation has cooled, but many Americans seeking to buy their first home are facing tough times."
America is trying to create 'Iran phobia': Iran's defence minister,Jun 21 2019,"The United States is trying to create ""Iran phobia"", Iran’s defence minister Amir Hatami said on Friday, according to the Iranian Labour News Agency (ILNA)."
U.S. braces for record surge in jobless claims amid coronavirus fallout,Mar 26 2020,"The number of Americans filing claims for unemployment benefits likely raced to as high as a record 4 million last week as strict measures to contain the coronavirus pandemic ground the country to a sudden halt, unleashing a wave of layoffs."
"Apple, Qualcomm battle over possible ban on some U.S. iPhone imports",Jun 15 2018,"The staff of the U.S. International Trade Commission on Friday recommended that a trade judge find that Apple Inc  infringed at least one of Qualcomm Inc's  patents, a move that could lead to blocking the import of some iPhones."
Apple supplier Japan Display finalises deal to raise $200 million from 'customer',Mar 31 2020,"Japan Display said on Tuesday it has finalised a deal to raise $200 million from ""an overseas customer,"" which sources have said is Apple."
"Stocks slide on Apple's virus warning, euro near three-year low",Feb 18 2020,"Gold rose and global equity markets slid on Tuesday after Apple Inc  said it was unlikely to meet its sales guidance because of the coronavirus outbreak in China, a warning highlighting the epidemic's threat to global growth and corporate profits."
Exclusive: Airbus puts six jets made for AirAsia up for sale as crisis deepens,Apr 20 2020,"Airbus  has put six jets made for one of its largest customers up for sale after giving up on Malaysia's AirAsia  taking delivery of them, sources familiar with the matter told Reuters."
Saudi attacks rattle shippers' plan to switch fuels,Sep 19 2019,Refinery outages in Saudi Arabia following weekend attacks on its oil facilities could deal a blow to the shipping industry's preparations for the biggest switch in fuel standards in decades.
Pelosi: revised USMCA pact much improved from initial Trump version,Dec 10 2019,"The revised United States Mexico Canada trade agreement reached between House Democrats and the White House improves U.S. President Donald Trump's initial deal with new provisions targeting the environment and other areas, House Speaker Nancy Pelosi said on Tuesday."
"'Everyone is guessing' about coronavirus economic impacts, say experts",Feb 12 2020,"The coronavirus that spread from a seafood market in Wuhan, China to infect tens of thousands has shuttered businesses, grounded flights and killed over 1,000 people so far, mostly in China."
"EU seeks plane subsidy deal, but U.S. not talking: bloc's trade chief",Sep 16 2019,"The European Union is urging the United States to hold off trade sanctions and seek an agreement on aircraft industry subsidies, but Washington has shown no sign it wants to talk, EU trade chief Cecilia Malmstrom said on Monday."
Investors scope out potential European wins from U.S.-China frictions,Apr 05 2018,"Nobody wins a trade war, International Monetary Fund chief Christine Lagarde said in March. But for some European companies, a bit of friction couldn't hurt."
"Key U.S. business group opposes shutting U.S. stock trading, short-selling bans",Mar 17 2020,"Shutting down the U.S. stock market would be ""exactly the wrong thing to do"" by depriving businesses and investors of capital just when they need it most, a U.S. Chamber of Commerce official said on Tuesday, adding that the group also opposes any ban on short selling."
Apple CEO to advocate end to 'inhumane' immigrant children separation:  Irish Times,Jun 19 2018,"Apple  Chief Executive Tim Cook has described the separation of children from immigrant parents at the U.S.-Mexico border as ""inhumane"" and promised to be a ""constructive voice"" in seeking to end the issue, the Irish Times newspaper reported."
"U.S. economy faces historic shock, with 16% joblessness possible, Trump adviser says",Apr 26 2020,"The shuttering of the U.S. economy due to the coronavirus pandemic is a shock of historic proportions that will likely push the national unemployment rate to 16% or higher this month and require more stimulus to ensure a strong rebound, a White House economic adviser said on Sunday."
"Wells Fargo pulls back from U.S. Midwest, selling 52 branches to Flagstar",Jun 05 2018,"Wells Fargo & Co  is pulling back from retail banking in the U.S. Midwest, selling all of its branches in three states, as the bank embarks on a broader review of branch profitability across the country."
Belgian labor authority launches court case against Deliveroo,Jan 20 2020,"Belgium's labor authority launched the first stage of a court case against British food delivery group Deliveroo on Monday, challenging working conditions for the firm's 3,500 riders in Brussels."
Musk's tunnel-boring firm seeks U.S. tariff exemption for Chinese parts,Aug 17 2018,"A company owned by Elon Musk that is trying to lower the cost of building high-speed transit tunnels has asked the Trump administration to exempt it from tariffs for some Chinese-made tunnel boring machine components, warning the tariffs could significantly delay a planned tunnel between New York and Washington."
"U.S. crude tumbles, widening Brent's premium to 3-year high",May 31 2018,"U.S. oil fell nearly 2 percent on Thursday, despite a larger-than-expected decline in U.S. crude inventories, while global benchmark Brent was little changed, pushing the spread between the two to its widest in more than three years."
'Plain robbery': Lebanese fume as dollar savings hit by financial crisis,Apr 23 2020,Ziad Abdallah has watched with growing alarm as Lebanon's financial meltdown has threatened the savings he spent 25 years building up in his dollar account.
Rusal says Deripaska has not formally resigned; reiterates sanctions may hit business,May 21 2018,"Russia's largest aluminum producer Rusal said on Monday it has not received a formal resignation from director Oleg Deripaska, and reiterated that its business and prospects may be affected by U.S. sanctions."
Uber hires more IPO underwriters as it prepares to go public: sources,Mar 12 2019,"Ride-hailing startup Uber Technologies Inc has hired a string of investment banks to its syndicate of initial public offering underwriters, as it ramps up preparations for a stock market debut, people familiar with the matter said on Tuesday."
"World stock markets slip on second wave virus fears, safe-havens rise",Jun 18 2020,Global stock markets meandered on Thursday as a continued rise in coronavirus cases dashed hopes of a swift recovery from the pandemic-induced economic slump and drove demand for safe-haven currencies such as the dollar and Japanese yen.
New U.S.-Mexico-Canada trade deal to be signed in late November-U.S. official,Sep 30 2018,"U.S. officials intend to sign a new trade agreement with Canada and Mexico at the end of November, after which it would be submitted to the U.S. Congress for approval, a senior U.S. official said on Sunday."
Bundesbank's Weidmann: U.S.-China row may reduce world trade by 1%,Jun 09 2019,"A trade dispute between the United States and China could reduce global trade by 1% in the medium term, Bundesbank President Jens Weidmann said on Sunday."
"Nissan bets on new Ariya electric SUV to symbolize its revamp, but sales plans modest",Jul 15 2020,Nissan Motor Co  on Wednesday unveiled the Ariya - an electric SUV and its first all-new global model in five years - hoping it will symbolize its road to recovery after more than a year of scandal and a precipitous decline into earnings losses.
Volkswagen not interested in buying Tesla stake,Aug 22 2019,"Volkswagen  said on Thursday it was not interested in taking a stake in Tesla , denying a media report that CEO Herbert Diess wanted to buy shares in the U.S. company to access its software and batteries technology."
Norwegian Air's March traffic tumbles 60% amid virus lockdown,Apr 06 2020,"Norwegian Air's  passenger volume fell by 60% year-on-year in March as it grounded planes amid efforts to halt the spread of the new coronavirus, and will book a hedging loss of $102 million as the cost of fuel has plunged."
Aston Martin posts deep quarterly loss as pandemic slams brakes on sales,May 13 2020,"Aston Martin  posted a deep first-quarter loss after sales dropped by nearly a third due to the impact of the coronavirus crisis, though the luxury car maker said production of a crucial sport utility vehicle was on track."
"How U.S. tariffs on China minerals could hurt industry, consumers",Jul 31 2018,U.S. President Donald Trump's proposed tariffs on another $200 billion of Chinese goods threaten a niche trade in minor metals and rare earths used in everything from stomach remedies and jet engines to consumer electronics.
Alphabet board sued on allegations of sexual misconduct cover-up,Jan 11 2019,Two shareholder lawsuits filed this week accused the board of Google parent Alphabet Inc of playing a direct role in covering up sexual misconduct claims against two former executives over the last five years.
French state may call on banks to contribute to Air France bailout,Apr 16 2020,"The French government may call on banks to contribute to a bailout of Air France KLM if it offers state support to the struggling airline, the finance minister said on Thursday."
New York charges Mallinckrodt with insurance fraud over opioid claims,Apr 21 2020,"New York state brought civil charges on Tuesday accusing Mallinckrodt Plc of insurance fraud for misrepresenting the safety and efficacy of its opioid drugs, leading to medically unnecessary prescriptions."
"Mexico proposes 100,000 bpd oil output cut at OPEC meeting",Apr 09 2020,"In a meeting with OPEC and its allies, Mexico proposed reducing its oil output by 100,000 barrels per day (bpd) in the next two months, Energy Minister Rocio Nahle said on Thursday."
U.S. trade deficit narrows on exports; jobs market tightening,May 03 2018,"The U.S. trade deficit narrowed sharply in March as exports increased to a record high amid a surge in deliveries of commercial aircraft and soybeans, bolstering the economy's outlook heading into the second quarter."
SoftBank launches $100 mln fund investing in 'people of colour',Jun 03 2020,"SoftBank Group Corp  is launching a $100 million fund to invest in ""companies led by founders and entrepreneurs of colour"", in the latest corporate action as protests roil the United States."
"In quest for electric supercars, engineers head to start-ups",Apr 15 2019,"Rene-Christopher Wollmann, head of Mercedes-AMG's 2.75 million euros Project One supercar program, has moved to a job at Automobili Pininfarina in a sign that innovation in high end electric sportscars is shifting toward small start-ups."
Finnair hires Nordea banker as new boss,Sep 04 2018,"Finland's state-controlled airline Finnair  has turned to the financial world for its new chief executive, appointing Nordea Bank's  Topi Manner to take the role from January."
Exclusive: Software under scrutiny in Airbus A220 engine failures,Oct 24 2019,"A U.S.-led investigation into a series of engine failures on Airbus's smallest jet, the A220, is studying whether a software change allowed unexpected vibrations that tore parts and forced three emergency landings, several people familiar with the case said."
"Stocks hit record ahead of U.S.-China trade deal, dollar gains",Jan 13 2020,"Bond yields edged higher while a gauge of global equity markets hit a record high on Monday, lifted by optimism over the planned signing this week of a U.S.-China trade deal and hopes the start of the U.S. corporate earnings season will not disappoint."
GlaxoSmithKline appoints HSBC's Iain Mackay as new CFO,Aug 07 2018,"GlaxoSmithKline  has named Iain Mackay from global bank HSBC  as its new chief financial officer, marking another key appointment by Chief Executive Emma Walmsley as she reshapes the top team at Britain's biggest drugmaker."
Wall Street equity traders to get biggest bonuses in 2018: study,Nov 12 2018,"Equity traders on Wall Street are expected to take home the biggest bonuses this year as a surge in volatility boosted client activity, but 2019 may not be as rosy, compensation firm Johnson Associates Inc said on Monday."
"Wall St. rebounds, dollar gains as euro swoons on Draghi",Oct 25 2018,"U.S. stocks climbed back on Thursday after a massive sell-off the day previous, with strong earnings encouraging investors to venture into risky bets again, while the dollar gained on the euro."
Madoff customers' recovery tops 75 percent with Merkin settlement,Jun 13 2018,"The court-appointed trustee liquidating Bernard Madoff's firm on Wednesday announced a $280 million settlement with one of the swindler's earliest investors, enabling customers to recoup more than 75 percent of the principal they lost."
Boeing optimistic about speedy resolution to U.S.-China trade dispute: exec,Nov 06 2018,"Boeing Co  is optimistic of a quick resolution to the trade dispute between the United States and China, an executive at the U.S. planemaker said on Tuesday."
A changing New York neighborhood wonders how Amazon would fit,Nov 08 2018,"It was the lunch-hour rush at the Court Square Diner in New York's Long Island City on Wednesday, and co-owner Nick Kanellos pointed to the elevated subway tracks that rattle overhead as he fretted over the news that Amazon may build a major outpost in the neighborhood."
"ViacomCBS withdraws forecast as virus delays movie launches, sports events",Mar 27 2020,ViacomCBS Inc  on Friday withdrew its forecast for the year as the ongoing coronavirus pandemic and related lockdowns force the media conglomerate to delay movie releases.
China's 2019 birth rate slowest in 70 years: stats bureau,Jan 16 2020,"China's birth rate fell to its lowest last year since the founding of the People's Republic of China 70 years ago, posing a long-term challenge for its government."
Ex-Goldman Sachs banker denied bail in Malaysia pending extradition to U.S.,Jan 07 2019,"A Malaysian court on Monday refused bail to former Goldman Sachs banker Roger Ng, pending his extradition to the United States where he faces charges related to suspected money laundering of funds siphoned off from state fund 1MDB."
Swiss watchdog continues Credit Suisse probe after CEO goes,Feb 07 2020,"Swiss markets watchdog FINMA is still examining corporate governance issues at Credit Suisse after Chief Executive Tidjane Thiam resigned amid a scandal over surveillance of managers, the agency said on Friday."
Prologis to buy warehouse rival Liberty in $12.6 billion deal,Oct 27 2019,Warehouse giant Prologis Inc  said on Sunday it had agreed to acquire rival industrial real-estate business Liberty Property Trust  in a $12.6 billion deal to improve its U.S. presence amid the ecommerce boom.
Tariff deal with U.S. not yet even in 'pre-work' stage: EU trade chief,Oct 05 2018,"The European Union has yet to begin even ""pre-work"" towards a transatlantic trade agreement on industrial goods aimed at averting a tariff war with U.S. President Donald Trump, Trade Commissioner Cecilia Malmstrom said on Friday."
"Canada, isolated over Huawei 5G, is studying British decision",Jan 28 2020,"Canada, the only member of an elite intelligence-sharing network yet to decide whether to allow the use of Huawei Technologies Co Ltd 5G technology, on Tuesday said it was studying Britain's decision not to ban the Chinese telecoms giant from the West's next-generation communications."
New ABB CEO is committed to at least five years at company,Aug 12 2019,"New ABB  Chief Executive Bjorn Rosengren is committed to at least five years with the Swiss engineering group, Chairman Peter Voser said on Monday."
Dakota Access pipeline can keep running amid legal fight: U.S. court,Jul 14 2020,"The Dakota Access oil pipeline can continue to operate amid an ongoing court battle, a U.S. Appeals Court said on Tuesday, setting aside for now a lower court's order earlier this month to shut and empty the line."
"United Airlines sweetens exit deal for flight attendants, others",Jun 17 2020,"United Airlines  sweetened on Tuesday a voluntary exit package for frontline employees like flight attendants and gate agents, saying it needed ""a lot more people to sign up"" to avoid involuntary layoffs in October, according to a staff email seen by Reuters."
Swedbank says authorities searched headquarters,Mar 27 2019,Swedbank confirmed on Wednesday that the Swedish Economic Crime Authority had searched its Stockholm headquarters  but said no one had been informed they were suspected of a crime.
Big Ag turns to peas to meet soaring global protein demand,May 18 2018,"Cargill, the global grains trader, sees the future of protein in the humble pea."
US Foods to buy SGA's Food Group for $1.8 billion,Jul 30 2018,"Food distribution company US Foods Holding Corp  said on Monday it would buy SGA's Food Group of Cos for $1.8 billion in cash and reported disappointing second-quarter sales, sending its shares down 15 percent."
"Tesla develops plan to make 3,000 Model 3s per week in Shanghai to cut tariff impact",Nov 02 2018,"Tesla Inc  said on Friday that it is developing plans to start producing about 3,000 Model 3 vehicles per week in Shanghai in the initial phase of its Gigafactory 3 to reduce the impact of tariffs."
Brazil Embraer's deliveries of commercial jets continue to fall in second quarter,Jul 30 2019,"Brazil planemaker Embraer  delivered 26 commercial planes in the second quarter of 2019, down from 28 planes in the same period of 2018 and 35 in 2017, the company said in a securities filing on Tuesday."
North Korea has more than sanctions to overcome for foreign investment: report,Jun 21 2019,"A historic visit by Chinese President Xi Jinping this week may have bolstered Kim Jong Un's hopes that economic relief may be coming soon, but a new report reveals North Korea's road to international investment may be blocked by more than sanctions."
Comcast prepares to top Disney's $50 billion offer for Fox,May 23 2018,"Comcast Corp  confirmed on Wednesday it was preparing a higher, all-cash offer for most of the media assets of Twenty-First Century Fox , setting up a bidding war with rival Walt Disney Co , which already has agreed to a $52-billion deal with Fox."
Judge proposes PG&E power restrictions for next California fire season,Jan 09 2019,"A U.S. judge on Wednesday issued a proposed order to restrict utility PG&E  from using power lines deemed to be unsafe during high winds in the 2019 California fire season, according to a court filing."
That frenzied Black Friday crush? Not this year,Nov 29 2019,"The frenzy associated with Black Friday shopping was missing this year as U.S. retailers offered earlier discounts and more consumers shopped online, though spot checks around the country showed traffic picked up after a sluggish morning."
CBS sees ad prices rising for the fall season,May 02 2019,"CBS Corp sees advertising prices rising for its slate of TV shows in the upcoming fall programming season, executives said, as the TV broadcaster and media company on Thursday reported first-quarter revenue falling short of analysts' estimates from weaker content licensing and distribution sales."
"Renault board to meet, as CEO denounces potential exit as 'coup'",Oct 10 2019,"Renault SA's  CEO, Thierry Bollore, denounced as a ""coup"" his potential exit from the French carmaker, which has called a board meeting on Friday to discuss governance matters."
Euro zone ministers discuss fiscal boost options as virus worries weigh,Feb 17 2020,"Euro zone finance ministers discussed ways to pursue a more growth-friendly fiscal policy mix on Monday, in a potential nudge to Germany and the Netherlands to spend more as fears of a downturn grow in the wake of the coronavirus epidemic."
"Equities cruise to three-month highs, dollar under protest pressure",Jun 02 2020,World stock markets hit their highest levels since March and oil prices jumped on Tuesday as signs of a global economic recovery from the coronavirus pandemic offset concerns over the worst civil unrest in the United States in decades.
Beer drinkers lose U.S. appeal over Anheuser-SABMiller merger,Aug 08 2018,"A federal appeals court on Wednesday rejected an antitrust challenge by 23 beer drinkers to Anheuser-Busch InBev SA's  $107 billion purchase in 2016 of SABMiller Plc, which they claimed would thwart competition and raise prices in the U.S. beer market."
Latin America's airline apocalypse signals a future with weak competition,Jun 29 2020,"Bankrupt LATAM Airlines  and Avianca Holdings   are dramatically retrenching their once grand ambitions amid the COVID-19 pandemic, reducing competition in Latin America as they mull once-unthinkable cooperation with rivals."
Renault-Nissan unsure whether will publish cost-saving figures: sources,Jul 05 2019,"Renault-Nissan has not decided whether to publish figures on cost savings and other synergies achieved by the alliance over the last year, as has been its custom, two sources close to Renault said, amid growing tension in the partnership."
UPS to pay $8.4 million to resolve U.S. overcharging probe,Sep 13 2019,"United Parcel Service Inc has agreed to pay the United States $8.4 million to resolve allegations it overcharged federal agencies for package delivery services, the U.S. Justice Department said on Friday."
"Reasons for hope: the drugs, tests and tactics that may conquer coronavirus",Apr 13 2020,"With much of the world living in lockdown, the spread of the new coronavirus, SARS-CoV-2, that was first detected in China late last year is beginning to slow in some places. As of April 12, 1.8 million had been infected and 115,000 killed  by COVID-19, the disease caused by the virus."
"India sets out Yes Bank rescue, State Bank of India to take 49% stake",Mar 06 2020,"India laid out a rescue plan for Yes Bank  on Friday under which State Bank of India  will take a 49% stake in the troubled lender, which is struggling with bad loans."
"Worst may be over for euro zone factories, recovery to be slow: PMI",Jun 01 2020,"Euro zone manufacturers appear to have passed their nadir, a survey showed on Monday, but activity is still contracting sharply as government-imposed lockdowns due to the coronavirus pandemic keep demand in check."
Behind flashy IPO of Japan's Mercari lies a thriving thrift economy,Jun 18 2018,"When flea market app Mercari makes its market debut on Tuesday, it will mark the appearance of one of Japan's rarest beasts: a tech unicorn."
Bottler Coca Cola HBC's April sales lose fizz as lockdowns weigh,May 07 2020,"Soft drinks bottler Coca Cola HBC AG  on Thursday said sales in April fell by more than a third as fast-food chains, theatres and other public arenas stayed shut to limit the spread of the new coronavirus during stay-at-home orders."
Amazon launches new in-store pickup option with Rite Aid as first partner,Jun 27 2019,"Amazon.com has steadily added options for customers to receive their packages including in car trunks, inside home garages and potentially by drone."
"Trump rips into China over coronavirus, 'very disappointed'",May 14 2020,"U.S. President Donald Trump on Thursday said he was very disappointed in China over its failure to contain the novel coronavirus, saying the worldwide pandemic cast a pall over his U.S.-China trade deal."
"JD.com CEO, under investigation for rape allegation, skips China forum",Sep 17 2018,"The CEO of Chinese e-commerce giant JD.com , Richard Liu, will no longer appear at a high-profile state-run tech forum in Shanghai this week that he had earlier been scheduled to attend."
South Korea's Hyundai says U.S. car tariffs would harm security ties over North Korea,Jul 01 2018,Hyundai Motor  cautioned the U.S. administration that imposing up to 25 percent tariffs on imported vehicles from South Korea would hurt a security alliance between the two countries over North Korea's nuclear ambitions.
Icahn launches proxy fight after stalled talks with Occidental CEO,Jul 18 2019,"Activist investor Carl Icahn formally launched on Thursday a proxy fight against Occidental Petroleum  to win control of four board seats, a regulatory filing showed, after talks with the oil company's CEO failed to reach an agreement."
Verizon pulls 2020 revenue view as it loses wireless subscribers,Apr 24 2020,"Verizon Communications Inc  withdrew its full-year revenue outlook on Friday as it lost 68,000 phone subscribers who pay a monthly bill in the first quarter amid lockdowns due to coronavirus outbreak that closed 70% of its stores."
Carlos Ghosn says family played no role in escape from Japan: statement,Jan 02 2020,"The family of former Nissan boss Carlos Ghosn played no role in his escape from Japan, Ghosn said in a statement on Thursday, days after his abrupt arrival in Beirut from Tokyo, where he faces trial for alleged financial misconduct."
ASML says damage from corporate theft in U.S. was limited,Apr 11 2019,Dutch semiconductor equipment manufacturing company ASML Holding NV on Thursday confirmed it had been the victim of corporate espionage but downplayed the impact on its business.
"AB InBev sells Australian brewer to Asahi, keeps Asia IPO on radar",Jul 19 2019,"Anheuser-Busch InBev , the world's largest brewer, is selling its Australian operations to Japan's Asahi  for $11 billion and could revive the stalled flotation of its Asian business as it looks to cut debt."
Freeport investing to mitigate risk from tailings dams: CEO,Feb 25 2019,"Freeport-McMoRan Inc Chief Executive Richard Adkerson said on Monday his company has been investing heavily to mitigate any danger from tailings dams and is ""comfortable"" with engineering designs in place at existing dams."
Ariane 6 rocket sees first commercial deals in race with SpaceX,Feb 21 2019,"Ariane 6, Europe's next-generation space rocket, is expected to win its first two commercial launch orders in coming weeks, company officials said, a key milestone as the European launcher vies for orders against Elon Musk's U.S. competitor SpaceX."
China churns out record daily steel output in June - Reuters calculation,Jul 15 2019,"China's daily crude steel output rose to record levels in June, according to Reuters calculations, even as anti-pollution production curbs pushed whole-month production slightly lower, official data showed on Monday."
Tencent to cut reliance on China gaming after profit hit,Mar 21 2019,"Tencent Holdings signaled it will reduce its reliance on gaming in China, where a regulatory review and one-off investment costs led to its sharpest-ever quarterly profit drop and slowest annual profit growth in 13 years."
"U.S. antitrust unit seeks additional information from United Tech, Raytheon",Aug 15 2019,"United Technologies  and Raytheon Co  have received requests for additional information from the antitrust division of the U.S. Department of Justice related to their $120 billion merger, according to a regulatory filing on Thursday."
China files complaint to WTO against U.S. tariffs,Aug 23 2018,"China has filed a complaint to the World Trade Organisation (WTO) against tariffs slapped by the United States on $16 billion worth of Chinese goods, China's commerce ministry said on Thursday."
Image sharing website Pinterest files for IPO,Mar 22 2019,"Pinterest Inc, the owner of the image search website known for the food and fashion photos that its users post, filed for an initial public offering with U.S. regulators on Friday, looking to tap into a red-hot market for new stock offerings."
Wall St. climbs as jobs data supports upbeat economic outlook,May 03 2019,U.S. stocks rose in a broad-based rally on Friday as stronger-than-expected job growth in April coupled with muted wage gains left investors upbeat about the outlook for the economy and interest rates.
"U.S. Fed cuts interest rates, signals it is on hold",Oct 31 2019,"The Federal Reserve on Wednesday cut interest rates for the third time this year to help sustain U.S. growth despite a slowdown in other parts of the world, but signaled there would be no further reductions unless the economy takes a turn for the worse."
U.S. firms face off with Indian rival in lobbying against data storage rules,Jul 24 2018,"U.S. payment firms have successfully pushed India to consider diluting rules on data storage, but their lobbying campaign has sparked a bitter industry spat pitting them against local rival Paytm, according to sources and documents seen by Reuters."
Facebook to expand its local news feature beyond U.S.,Mar 26 2018,Facebook Inc said on Monday it would expand its local news push beyond the United States to provide users with more stories from local sources covering their current cities and other cities of interest.
"Qantas pauses plane deliveries from Airbus, Boeing due to virus",May 10 2020,Qantas Airways Ltd  said on Monday it had advised Airbus SE  and Boeing Co  that it did not expect to take delivery of any new planes in the near term as it grapples with a plunge in demand due to the coronavirus pandemic.
"Take Five: May Day, May Day! World markets themes for the week ahead",Jan 11 2019,Following are five big themes likely to dominate thinking of investors and traders in the coming week and the Reuters stories related to them.
Julius Baer expects ex-banker's sentence to have no bearing on its U.S. legal issues,Oct 30 2018,"Swiss private bank Julius Baer does not expect the U.S. sentencing of one of its former Latin America executives to have any bearing on the bank's U.S. legal issues, it said on Tuesday."
Barrick CEO: Newmont deal 'logical' for shareholders of both companies,Feb 25 2019,"Barrick Gold Corp's $18 billion hostile bid for rival Newmont Mining Corp is a ""logical"" tie-up that would generate value for shareholders of both companies and create an unrivaled global producer of the yellow metal, Chief Executive Officer Mark Bristow said in an interview on Monday."
"Cisco's software push fuels quarterly beat, strong forecast",Aug 15 2018,"Cisco Systems Inc  topped Wall Street targets for quarterly revenue and profit and forecast first-quarter sales above estimates on Wednesday, as the network gear maker's transition to a software-focused company gains traction."
Saudi Aramco to hold joint event with South Korea's S-Oil at big industry conference,Sep 05 2018,"Saudi Arabia's state-owned oil giant Aramco is teaming up with South Korean refiner S-Oil Corp  for a joint reception at this year's Asia Pacific Petroleum Conference (APPEC) in Singapore, according to two industry sources."
Tesla plans increasing imported Model 3 prices in China from January: sources,Dec 11 2019,"U.S. electric vehicle maker Tesla Inc plans to increase prices of imported Model 3 vehicles in China in January, sources familiar with the matter said."
Inmarsat convinced by $3.4 billion cash buyout deal,Mar 25 2019,A private equity-led consortium agreed to buy Inmarsat Plc for about $3.4 billion in cash after the British satellite operator rebuffed a slightly lower bid from U.S. rival EchoStar last year.
Michigan vote to legalize pot fires up investor momentum behind cannabis,Nov 07 2018,Michigan's vote Tuesday to become the 10th U.S. state where the recreational use of cannabis is legal is adding more momentum to a trend that some investors now say is inevitable: that marijuana will become legal nationwide within the next 5 years.
Factbox: Dutch pension pots stand out among global retirement funds,Oct 18 2019,"The world's rich nations face a double-whammy, with ageing populations meaning more retirees -- just as low and negative interest rates make it harder for pension funds to secure the investment returns needed to fill up their coffers."
Apple in charts before second-quarter earnings,May 01 2018,"Apple reports second-quarter results later on Tuesday, following warnings from some chipmakers who supply the world's biggest smartphone makers about demand for the iPhone and other top-end models."
Collapsing bond yields push world stocks to new highs,Jul 04 2019,"Government bonds held near multi-year lows on Thursday on bets the U.S. Federal Reserve would cut interest rates this month and that other major central banks would embrace looser monetary policy, pushing world stocks to new 18-month highs."
China firmly opposes currency manipulator label: PBOC,Aug 06 2019,"China firmly opposes a U.S. decision to label it a currency manipulator, its central bank said on Tuesday, adding that Beijing has not used and will not use the yuan to cope with trade frictions with the world's biggest economy."
"Tiffany sticks to 2019 targets, helped by e-commerce; shares rebound",Mar 22 2019,"Luxury retailer Tiffany & Co said Friday it expected earnings growth to resume in the second half of the year, helped by a healthy e-commerce business, a forecast that allowed investors to look past slightly disappointing quarterly sales."
Trump called Boeing CEO to inquire about 737 MAX production halt: sources,Dec 19 2019,"U.S. President Donald Trump called Boeing  Chief Executive Dennis Muilenburg this week to ask about the status of 737 MAX production, two people briefed on the matter confirmed."
Engie says to end engineering contracts in Iran by November,May 18 2018,French gas and power group Engie  said on Friday it would end its engineering contracts in Iran by November.
U.S. new home sales tumble in March,Apr 23 2020,Sales of new U.S. single-family homes dropped by the most in more than 6-1/2 years in March and further declines are likely as the novel coronavirus outbreak batters the economy and throws millions of Americans out of work.
Papa John’s taps investment banks amid pressure from founder: sources,Aug 24 2018,"Papa John’s International Inc , the world’s third-largest pizza delivery company, has hired Bank of America Corp  and Lazard Ltd  to help find ways to stabilize the restaurant chain, which has come under pressure from its founder John Schnatter, people familiar with the matter said on Friday."
"Turkey, trade worries hit Wall Street",Aug 15 2018,"U.S. stock indexes fell sharply on Wednesday, hurt by concerns over a stronger dollar and Turkey's currency crisis, as well as over the trade tensions with U.S. trading partners that have dominated the first half of 2018."
"U.S. economy expands modestly but trade tensions weigh, Fed survey shows",Jan 15 2020,"The U.S. economy expanded at a modest pace through the final six weeks of 2019 but uncertainty over U.S. trade policy continued to hurt firms, a survey conducted by the Federal Reserve said on Wednesday."
Softbank pushes link-ups as insurance strategy takes shape,Oct 16 2018,"Softbank's Vision Fund plans to pump more money into insurance, a sector it sees as both ripe for disruption and a potential booster for its bigger bets in cars, health and financial services, a Vision Fund executive told Reuters."
"Wall St. rallies on hopes of U.S. rate cut, trade progress",Jun 07 2019,"Wall Street's major indexes charged higher on Friday, as sharply slowing U.S. job growth boosted hopes for Federal Reserve interest rate cuts while optimism about potential progress in U.S. trade fights with China and Mexico added to risk appetites."
ECB weighs investigating Deutsche Bank over alleged unauthorized bond purchases: sources,Sep 18 2019,"The European Central Bank is examining whether to open a formal investigation into Deutsche Bank  for allegedly buying some of its own securities without authorization, two people familiar with the matter said on Wednesday."
"Huge, pricey trucks haul jobs and profits for the Detroit Three",Feb 05 2019,Mickey McMaster is on his 12th pickup truck.
Mylan offers concessions to address EU concerns about Pfizer deal,Mar 30 2020,"Generic drugmaker Mylan NV  has offered concessions to address European Union antitrust concerns about its bid for Pfizer's  off-patent branded drugs business Upjohn, a filing on the European Commission site showed on Monday."
Wall Street ekes out gains ahead of Singapore summit,Jun 11 2018,All three major U.S. stock indexes closed slightly higher on Monday as investors eyed the looming United States-North Korea summit on Tuesday in Singapore while shrugging off the weekend's factious meeting of the Group of Seven nations.
France says Ghosn case not problem for Renault stability,Nov 19 2018,"The arrest of Renault  CEO Carlos Ghosn and his imminent removal from the board of Nissan Motor Co.  does not pose a threat to the stability or survival of the French carmaker, France's finance minister said on Monday."
Carrefour mounts shields for French cashiers in coronavirus crisis,Mar 16 2020,"Carrefour  began putting up protective barriers for cashiers in its French supermarkets on Monday, as it beefs up sanitary measures and looks to keep business flowing as France shuts down other sectors to fight the coronavirus outbreak."
Shoemaker Vans treads warily as China fumes over Hong Kong protests,Oct 08 2019,"U.S. sports brand Vans has removed ""a small number"" of submissions in a sneaker design competition including one apparently giving a shout out to Hong Kong's pro-democracy protests, as companies weigh the risks of angering China."
3M sues five vendors for attempting to sell nonexistent N95 respirators,May 01 2020,Industrial conglomerate 3M Co said on Friday it sued five vendors for allegedly attempting to target government officials with fraudulent offers to sell billions of nonexistent N95 respirators.
JPMorgan Chase will invest $125 million in programs to encourage people to save money,May 15 2019,"JPMorgan Chase & Co will provide $125 million over the next five years to nonprofit groups in the United States and abroad that help people save, pay down debt and improve their credit scores, the bank said on Wednesday."
Judges named to hear government's appeal of AT&T Time Warner deal approval,Nov 06 2018,"A panel of three federal appeals court judges named by former Presidents Ronald Reagan, Bill Clinton and Barack Obama will hear the Justice Department's appeal of a ruling allowing AT&T Inc to acquire Time Warner, court records show."
Largest asset manager wins backing for jumbo board,May 21 2020,"BlackRock Inc  said all of its 16 director nominees received strong investor support at its annual meeting on Thursday, at which Chief Executive Laurence Fink defended the size of the company's large board."
"Zoom shares slip over security concerns, rising competition",Apr 06 2020,"Shares of Zoom Video Communications Inc  fell 8% on Monday, adding to their sharp declines in the past few days, as the video conferencing app battles privacy concerns and increased competition from deep-pocketed rivals."
Trump to meet with Chinese Vice Premier Liu He at 2:45 p.m. EDT/1845 GMT Friday,Oct 11 2019,"President Donald Trump will meet with Chinese Vice Premier Liu He at 2:45 p.m. EDT/1845 GMT on Friday as the world's two biggest economies try to reach a trade agreement, the White House said."
Powell: Fed to act as appropriate to keep expansion going,Aug 23 2019,"The U.S. economy is in a ""favorable place"" and the Federal Reserve will ""act as appropriate"" to keep the current economic expansion on track, Fed chair Jerome Powell said on Friday in remarks that gave few clues about whether the central bank will cut interest rates at its next meeting or not."
"OPEC's Barkindo says OPEC, non-OPEC agreement rescued oil industry",Apr 20 2018,OPEC Secretary-General Mohammad Barkindo said on Friday members of the oil producers group were friends of the United States and have a vested interest in its growth and prosperity.
"Wall Street ends flat amid rate hopes, tech declines",Sep 09 2019,U.S. stocks ended flat on Monday as increased expectations of stimulus from central banks around the world were offset by losses in technology and healthcare shares.
Exclusive: PetroChina to drop PDVSA as partner in refinery project - sources,Jan 31 2019,"PetroChina Co plans to drop Petroleos de Venezuela SA (PDVSA) as a partner in a planned $10 billion oil refinery and petrochemical project in southern China, said three sources familiar with the matter this week."
Colombian proposal to ditch NY coffee price may send buyers elsewhere,Mar 19 2019,"A proposal by Colombian coffee growers' federation that producer countries sell their high-quality harvests untethered from the New York market price could encourage buyers to look for alternative providers, importers and exporters said."
Geneva motor show postponed until 2022: organizers,Jun 29 2020,The organizers of the Geneva International Motor Show said on Monday that they would not organize the event in 2021.
Oil sinks as manufacturing data feeds global economy worries,Sep 03 2019,"Oil prices fell on Tuesday, with U.S. crude futures down 2% after manufacturing data raised concerns about a weakening global economy, while the U.S.-China trade dispute continued to drag on investor sentiment."
Jury says J&J must pay $8 billion in case over male breast growth linked to Risperdal,Oct 08 2019,"Johnson & Johnson must pay $8 billion in punitive damages to a man who previously won $680,000 over his claims that it failed to warn that young men using its antipsychotic drug Risperdal could grow breasts, a Philadelphia jury said on Tuesday."
U.S. Transportation Dept. IG to audit FAA pilot training requirements after Boeing 737 MAX crashes,Feb 10 2020,The U.S. Transportation Department's Office of Inspector General said on Monday it will audit Federal Aviation Administration pilot training requirements for U.S. and foreign air carriers after two deadly crashes of Boeing's  737 MAX.
World Bank shareholders back $13 billion capital increase,Apr 21 2018,"The World Bank's shareholders on Saturday endorsed a $13 billion paid-in capital increase that will boost China's shareholding but bring lending reforms that will raise borrowing costs for  higher-middle-income countries, including China."
"Russia cut oil output by 278,000 bpd in June: Ifax",Jul 01 2019,"Russia cut its oil output in June by an average of 278,000 barrels per day from levels seen last October, Interfax news agency cited Russian Energy Minister Alexander Novak as saying on Monday."
"FAA chief to meet with Boeing officials, test 737 MAX simulator",Sep 17 2019,"New Federal Aviation Administration (FAA) chief Stephen Dickson plans to fly to Seattle this week to fly ""newly configured"" Boeing 737 MAX software in a simulator and will visit with Boeing  officials, the agency said Monday."
Bank of America restricts trading in penny stocks,Sep 28 2018,"Bank of America  is placing trading restrictions on penny stocks as part of a policy change aimed at shielding clients from risky assets, the Wall Street bank said on Friday."
ABB's Voser battles headwinds as he pursues overhaul,Jul 09 2019,"ABB  is pressing ahead with a review of its underperforming businesses and expects a turbulent 2019 amid a slowdown in some markets and China-U.S. trade tensions, Chairman and interim Chief Executive Peter Voser told Reuters."
Bombardier to deliver handful of Global 7500 jets in first half 2019,Feb 20 2019,"Bombardier Inc, the Canadian train and plane maker, will deliver a handful of its new flagship Global 7500 business jets to customers in the first half of 2019, with the remaining 10-15 deliveries expected in the second half, its chief financial officer said on Wednesday."
Trump says OPEC can step up output after Iran waivers,Apr 22 2019,"U.S. President Donald Trump said on Monday that Saudi Arabia and other OPEC nations could ""more than make up"" for any drop in Iranian oil supplies to global markets now that his administration has decided to end waivers that allowed some nations to buy Iranian oil without facing U.S. sanctions."
GE's demolished dividend shreds shareholders' safety net,Oct 30 2018,General Electric Co shareholders were dealt yet another blow on Tuesday.
Swiss seek quick talks with Malaysia on 1MDB investigation,May 15 2018,"Swiss federal prosecutors are seeking quick talks with Malaysian counterparts on how to press forward with an investigation of suspected corruption surrounding scandal-hit sovereign wealth fund 1MDB, the Swiss attorney general's office said on Tuesday."
Canadian court bail hearing for Huawei CFO adjourned until Monday,Dec 07 2018,"A bail hearing for the chief financial officer of China's Huawei Technologies Co Ltd was adjourned until Monday, after"
Top shareholder's candidate for chairman elected to Danske Bank board,Dec 07 2018,"Danske Bank  shareholders elected Karsten Dybvad, who was proposed by top shareholder A. P. Moller Holding as the bank's new chairman, to the board at an extraordinary general meeting (EGM) on Friday."
EU leaders tell social networks to guarantee users' privacy,Mar 22 2018,EU leaders on Thursday urged social networks to guarantee transparent practices and fully protect personal information as pressure piled on Facebook after allegations that data from 50 million of its users was mishandled.
Thomson Reuters to move forex derivatives to Dublin due to Brexit,May 15 2018,Thomson Reuters Corp said on Tuesday it would transfer its $300 billion-a-day foreign exchange derivatives trading business to Dublin from London ahead of Britain's departure from the European Union next year.
Factbox: Airlines suspend flights due to coronavirus outbreak,Mar 10 2020,Airlines across the globe have suspended flights or modified services in response to the coronavirus outbreak.
JPMorgan trades banker offices for shared desks,Feb 22 2019,"NEW YORK - JPMorgan Chase & Co is tearing down walls and moving its San Francisco investment bankers onto ""hot desks,"" a space-saving layout that has long been a fixture at tech companies, while redesigning offices in Dallas and other cities."
Analyst view: Fed's day two of cash injection into U.S. banking system,Sep 18 2019,"As if the U.S. Federal Reserve didn't already have enough on its plate heading into its meeting on interest rates this week, chaos deep inside the plumbing of the U.S. financial system has thrown policymakers an unexpected curve ball."
"APEC fails to live up to its name amid U.S., China acrimony",Nov 19 2018,"The C in APEC stands for Cooperation. But when the two biggest members are fighting a trade war and using the forum to attack each other's policies, it was always going to be hard work delivering on that."
Czech cyber watchdog says its Huawei warning took U.S. by surprise,Mar 06 2019,"The Czech cyber-security watchdog was not pressured by the United States or anyone else into issuing its warning about the possible security risks posed by Chinese telecoms equipment maker Huawei, Prague's cyber attache to Washington told Reuters."
