transaction_id,date,customer_id,amount,type,description
83811,2020-03-21,347,4507.63,credit,Director card garden several every.
14593,2022-12-27,931,3886.23,debit,Step job game head five.
3279,2018-08-29,117,7740.08,transfer,Number note approach join movie least street decade.
97197,2020-12-22,584,9411.22,debit,Play natural represent thank picture structure west compare.
36049,2020-01-29,594,3793.65,debit,Attention happen goal treatment.
32099,2021-12-06,622,4942.42,transfer,Pick project as whatever common boy.
29257,2022-01-14,798,5026.51,transfer,Both that tell where.
18290,2021-07-28,607,2145.65,transfer,By whatever doctor art.
96531,2018-08-03,681,3955.20,debit,Budget plant all whatever group near follow.
13435,2021-10-25,72,1623.96,transfer,Trial deal red important.
88697,2018-11-06,970,2471.79,debit,Many gun green pattern cell inside under.
97081,2018-08-29,348,1345.79,transfer,Those mission bring since.
71483,2022-04-17,283,5224.20,credit,Hand five movement say it more note increase.
11396,2020-12-14,360,427.73,transfer,Democratic risk professional west condition.
77398,2022-01-08,693,2814.30,transfer,Now box show rise accept authority Congress.
55303,2022-06-22,164,4317.58,transfer,Notice challenge voice bit.
4166,2021-12-19,491,6134.94,debit,Attack gun simple of.
3906,2022-02-27,759,80.29,credit,Rule need detail product accept ok arm tough.
12281,2022-12-30,934,3423.86,debit,Lawyer do shake.
28658,2021-08-21,642,670.15,credit,Audience sense mission campaign authority water.
30496,2020-10-19,387,6904.23,credit,Eight if effort action community.
66238,2021-10-10,244,2926.29,credit,Arrive military successful professional her during physical.
78908,2019-10-29,388,1757.76,debit,Life two sound past over.
3479,2019-04-06,740,3663.52,credit,Than science maybe husband allow save that I.
73564,2022-10-10,950,1003.90,transfer,Here daughter strategy follow.
26063,2023-02-01,312,1667.82,transfer,Fund father former debate age reveal painting.
93851,2021-03-16,838,2643.75,transfer,Yourself face sister reveal.
85182,2022-07-31,172,7934.39,debit,Into rest decade.
91925,2018-03-27,986,5648.38,debit,Base voice style democratic although apply morning later.
71427,2021-02-15,221,7878.60,credit,Serve less under avoid.
54988,2020-05-31,78,625.82,debit,Land society miss research.
28894,2021-12-31,941,6551.50,transfer,Describe fly follow color.
58879,2023-02-24,539,1420.60,transfer,Matter PM spend hair race control plant.
77237,2022-07-24,743,1458.05,credit,Again already between water sea buy.
36464,2019-02-05,908,6438.81,debit,Media main center oil various.
852,2020-07-08,518,6986.26,credit,Director food effect rather statement serious test.
99459,2019-08-30,440,3750.28,credit,Street writer pressure author thing until born.
20927,2022-07-27,95,3601.50,debit,Between appear visit present.
91507,2021-08-11,239,8418.83,debit,Happy prepare task.
55393,2019-04-04,188,1983.04,credit,Today rate just gun effort dark.
44598,2023-02-12,154,1870.66,debit,Without participant majority current century.
36422,2022-02-22,268,2412.87,debit,Determine great suggest.
20380,2020-01-01,377,20.70,credit,Building half medical sound tree wrong avoid.
28222,2018-05-30,882,2549.26,credit,Manager list student early throw popular class send.
44119,2021-08-25,537,8836.23,debit,Begin little because raise.
13397,2021-08-29,160,16.44,transfer,Tough stock they interest likely medical also.
12157,2019-03-18,670,3951.02,credit,Edge TV music.
49798,2021-07-01,605,2735.55,credit,Must southern deep structure environment.
12677,2019-03-14,253,1604.13,transfer,Better often likely drive light develop.
47053,2020-09-04,996,6728.19,debit,State term strong difficult doctor anything drug.
45083,2022-08-30,110,9134.23,transfer,Whole sister third call according long.
79132,2020-02-15,224,1942.37,debit,Suggest evening tree buy sister hope.
34672,2018-08-23,857,8220.77,transfer,Father police office.
5696,2020-07-27,999,6340.98,transfer,Until like finish amount page.
95648,2023-01-28,636,2284.18,debit,Service medical professional easy.
60218,2019-12-28,791,8632.45,credit,Us marriage me imagine reveal.
70285,2019-10-09,482,3911.76,transfer,Keep term word season throughout put attorney.
16362,2022-08-08,944,9106.35,transfer,Present side author husband draw term room.
49616,2022-09-14,39,3998.70,credit,Mean allow understand beat wish.
10329,2022-08-04,86,9942.09,debit,Individual significant local doctor.
72358,2020-04-19,38,4194.87,debit,Sure question sell while.
38428,2018-07-10,100,3241.40,credit,Course information town learn everything.
82398,2019-04-08,493,335.14,transfer,Affect nothing travel including whatever north himself politics.
81071,2022-12-06,252,1283.06,credit,Protect particular themselves which when rich detail fire.
47401,2022-04-16,62,3721.27,debit,Too option community growth hit official black.
75675,2019-08-12,652,1954.32,debit,Song push know us pass.
25204,2018-05-19,649,9055.29,debit,Common shoulder again anything.
92350,2022-07-01,253,6168.67,credit,Down over girl become receive.
9117,2020-01-23,292,3518.06,transfer,Good show resource thousand.
6007,2018-08-07,584,999.63,transfer,Woman human human step create hope.
86674,2021-05-08,295,5638.16,debit,Court large should suffer probably.
29872,2022-09-25,834,9607.23,credit,Oil college create ahead single five kind.
37931,2018-08-01,81,9839.47,debit,War conference fast best.
10459,2021-05-24,537,2255.77,credit,Discuss station mother management.
30513,2023-02-10,175,2125.69,debit,Tv cut forward.
13239,2018-12-08,764,8034.44,transfer,Government pattern product build be skin month.
49824,2019-04-23,769,7255.89,debit,Impact race window.
36435,2023-02-19,511,5516.53,transfer,Black alone senior I share.
59430,2020-03-15,14,5960.52,debit,Official above walk fight mention film sister.
83321,2019-06-29,862,650.39,debit,Treat candidate herself nation senior.
47820,2019-06-07,885,4032.68,debit,Foot budget business court rock lawyer than rather.
21320,2021-11-26,423,9998.98,credit,Style his right natural blood report defense future.
48521,2019-05-21,148,8573.68,credit,Painting those modern along behind arm final continue.
46567,2019-03-28,579,9083.11,credit,Let feel wear vote serve once beyond.
27461,2022-03-09,876,3257.60,debit,Thus expert admit imagine.
87842,2018-07-01,395,238.52,credit,Yourself heart wait central him.
34994,2021-01-20,339,3065.98,transfer,Experience seem risk short her beat.
91989,2022-11-09,533,3723.09,transfer,Represent grow indeed break.
89594,2021-07-15,946,6092.76,debit,Everyone truth hit cut someone woman.
84940,2020-11-03,430,5130.39,debit,Too analysis wide pass church hotel.
9359,2021-04-17,466,7292.99,credit,Candidate down may city manage special.
79841,2019-10-12,994,9579.95,debit,She my ready could assume dinner law.
83228,2020-08-09,693,7415.68,transfer,Group it card anyone card vote.
22432,2022-06-02,177,7511.58,credit,Loss cause owner set technology four over.
70011,2018-12-18,216,2457.53,transfer,Force short matter bad out decide.
95569,2021-04-23,977,148.68,credit,Wall doctor apply late easy adult.
32088,2023-01-22,364,1835.36,debit,Yourself machine several.
21418,2019-05-15,16,6308.08,debit,Morning attack economy send.
60590,2018-06-18,831,8917.64,credit,Win manager join medical citizen simple out.
49736,2021-02-06,691,5099.64,transfer,Product girl easy yet court guy.
35383,2022-12-11,422,8073.50,credit,Prove hold begin including.
83887,2019-07-01,697,2057.79,credit,Traditional table day coach.
90199,2022-07-02,184,1635.88,transfer,Animal evening black list man.
73001,2019-10-02,824,3688.92,credit,Very wall second.
28786,2018-05-07,556,2435.03,debit,Responsibility way everything know whatever game speech.
89734,2021-06-27,805,7011.87,transfer,Save every already whether clear outside lawyer.
42505,2018-10-19,349,3199.21,credit,Natural single area loss new full hotel.
7332,2019-04-09,339,8.65,credit,Art watch kind democratic direction several pass health.
30022,2023-01-04,747,3848.45,credit,Act group everybody book require subject hold reveal.
4208,2023-01-25,709,5578.09,transfer,Fast marriage certainly research commercial southern help final.
41348,2021-07-07,392,2355.64,credit,Threat affect source financial.
52582,2021-12-21,534,5845.52,credit,Fine smile first when different.
35094,2019-04-17,712,180.30,transfer,Response develop her.
8676,2022-04-11,595,3494.08,credit,Management fund else.
27654,2022-12-21,360,5455.38,credit,Guess result inside traditional plant space.
74342,2022-11-23,159,3319.23,credit,Probably candidate factor officer.
94099,2019-11-16,194,2590.63,transfer,Argue into west.
41246,2023-02-19,360,776.77,transfer,Role their plan artist training later.
27870,2020-07-26,966,6424.85,credit,Room east card season.
85910,2023-03-20,346,2054.99,transfer,Certain future world certain national line single.
65436,2019-09-11,277,8103.02,credit,Media task goal benefit unit year great.
51857,2021-01-15,435,2828.49,transfer,Rather every member.
84260,2022-10-07,316,6872.65,debit,He something number eat picture focus.
60143,2018-12-15,48,5050.72,transfer,During usually open.
18727,2022-12-24,768,9728.34,debit,Adult she none likely together standard.
34719,2021-02-03,427,6243.48,credit,Mrs president small.
18302,2021-11-30,237,3774.05,transfer,End before both keep.
32326,2018-09-23,223,4234.48,debit,Home surface information whole cultural audience all two.
97648,2018-05-15,556,3502.46,credit,Clearly forward choice market.
73580,2018-07-15,416,2753.84,transfer,Both population theory other husband to might ago.
70645,2020-09-19,168,1225.06,debit,Another eye theory college.
34439,2018-09-29,73,5851.35,credit,Chance city wrong other.
97913,2023-02-27,489,4793.65,debit,Civil turn among resource likely.
76623,2022-11-25,372,2065.22,transfer,Relationship wrong provide responsibility nothing second too office.
56156,2018-12-20,298,8335.41,debit,Yet movement least us.
76485,2021-09-16,51,3001.71,transfer,Wrong miss people without avoid.
52351,2021-01-06,96,4364.10,transfer,Yet age better recognize baby son claim.
47448,2018-06-26,347,8048.23,transfer,Traditional although life.
28747,2022-10-19,262,4230.21,debit,Later minute control drop choose.
18132,2019-10-28,161,8399.85,transfer,Among party owner official happen name science Mr.
66785,2022-03-03,741,5948.79,transfer,Low recently yourself concern bit represent material.
64687,2019-06-27,52,2695.37,credit,Her fine too reality.
11916,2022-03-24,967,9914.11,transfer,Main entire picture stage dog together whatever.
99062,2018-04-24,322,5502.44,transfer,Including sport identify seven along sport.
6176,2022-03-06,689,4652.48,credit,Understand way important chance writer.
14372,2021-07-12,392,4484.18,debit,Hit hear window between.
20034,2019-05-11,577,2448.43,credit,Security sit now else themselves good.
82241,2019-12-15,80,4385.64,transfer,Possible off official floor coach sport board board.
20970,2023-01-20,708,8550.67,debit,Reveal when show stop difference.
89193,2019-05-11,617,3121.66,debit,Buy president truth listen.
55334,2022-09-05,305,3141.72,debit,House since effort cultural risk too.
78173,2022-03-12,902,8176.43,transfer,Cell window color feel including support.
8327,2019-02-13,657,7867.76,debit,Return call financial game.
50433,2019-04-25,243,6909.10,transfer,Tonight hotel difficult situation six own seem.
50020,2019-07-22,656,3998.88,debit,Approach good project high fine energy need.
78105,2022-08-08,208,1524.93,debit,Dream cover store.
61349,2022-02-02,38,4825.75,credit,Soon personal lead commercial.
69353,2021-02-11,636,853.67,transfer,She view remain whether.
32954,2019-11-04,614,4659.72,credit,Focus join couple central.
72513,2021-02-22,150,324.74,credit,Stand save training real think box unit less.
1505,2020-05-29,533,5746.09,debit,Person hope door.
89167,2018-07-08,930,2174.03,debit,Film money environment pull imagine wish.
94467,2018-06-16,232,4460.81,transfer,Student list usually even wall hard.
15015,2019-05-08,2,1746.30,credit,Benefit different should table.
89354,2022-01-22,473,6439.80,credit,Public spring space skill every a save.
70382,2023-02-02,360,7875.70,debit,Customer training sometimes within cost young.
98420,2019-11-30,51,5396.16,debit,Machine executive address might.
34974,2022-11-28,995,1497.62,debit,Put mouth later open.
84013,2021-06-17,85,7943.99,transfer,Manage lay where decide.
44588,2020-06-14,3,999.75,credit,Poor suggest six especially political wish test.
14622,2021-01-12,894,8252.55,transfer,Trip little talk health task start.
38470,2018-11-28,398,1345.37,debit,Store miss down still goal floor no.
56986,2021-06-01,650,3982.07,credit,Night they both already.
20731,2018-11-17,546,4594.54,credit,Nor necessary everybody seven wear its.
59471,2018-08-08,524,9228.28,credit,Assume final beyond suddenly.
426,2020-02-15,368,1947.66,credit,Exist yard continue low finally.
94647,2020-06-09,597,7804.22,debit,Cultural organization bar eye until.
94330,2018-12-19,673,9088.81,credit,Our note discover beautiful.
34523,2022-05-22,498,3764.48,transfer,Woman high rule.
65613,2022-09-04,846,9484.50,credit,Least couple arrive they let.
99872,2018-09-30,290,686.65,credit,Short figure cover expect.
23417,2019-05-15,867,3915.18,debit,Wait short local information than travel consumer.
66543,2021-06-20,922,9414.31,transfer,Listen lot main house information officer behind discuss.
13948,2021-10-29,134,9359.66,credit,Then help show relationship agent maintain student.
81960,2019-08-03,424,7810.56,debit,Detail late leg effort image before natural.
39118,2023-02-01,854,4476.06,transfer,Worker data international though just collection eye.
83749,2022-08-20,461,8652.67,debit,Soon option race free.
66541,2021-11-16,51,8146.10,debit,Too color near bill fast hotel watch pay.
79819,2018-07-07,140,5003.53,debit,Contain represent specific.
26072,2018-12-20,134,9162.12,transfer,Reality since manage.
20033,2019-04-28,978,5181.05,debit,Impact road right operation move explain minute.
49010,2019-03-15,652,7028.35,credit,Piece impact part rule break try drug.
99944,2018-08-03,322,7103.14,transfer,Mind side everything exactly billion information character.
21175,2023-03-13,178,7286.51,credit,Behavior degree near.
70698,2020-12-30,654,8634.61,credit,Bit policy society music music appear land security.
69515,2019-04-13,32,4879.82,credit,Cut customer tough whole commercial onto agree.
75,2018-05-07,433,6022.63,transfer,Maintain training effort thing.
78505,2019-02-08,771,9746.09,debit,Writer store able no natural oil.
42488,2021-06-23,335,4203.51,debit,Coach father head while what crime.
64043,2020-12-16,4,4064.89,credit,Drop serious watch send turn sometimes town get.
2553,2018-11-28,85,667.47,credit,Commercial program administration force radio.
14663,2020-06-27,529,7289.10,transfer,Appear special style responsibility gas number.
47577,2021-07-31,588,9239.07,debit,Easy also science show.
40307,2021-04-29,869,773.59,credit,Step forward research understand yourself.
31386,2022-02-15,262,5016.19,transfer,Age before federal program myself skill.
7593,2022-06-10,287,4941.89,transfer,Yet we company hit evening.
31572,2021-05-22,245,9338.94,debit,Economic could military who seek west want.
74365,2019-07-10,317,4834.15,credit,Today performance task item.
10323,2021-12-26,822,4564.51,transfer,Indeed be system surface scientist.
11227,2021-07-29,343,8161.98,debit,Doctor trip fact policy more who suffer.
95933,2019-10-31,951,5361.76,transfer,Whether behavior new late population star rich future.
63700,2022-03-20,135,4091.92,transfer,Receive doctor conference care art.
9072,2019-01-22,277,6089.62,transfer,West opportunity me smile.
99694,2021-03-01,830,913.28,credit,Good offer soldier card forget southern.
69823,2018-06-17,954,3986.58,transfer,Often in production concern trip.
16484,2020-03-22,17,8099.29,debit,Crime young avoid create.
16829,2022-10-16,602,9410.12,debit,Until until she and.
86475,2022-04-06,768,395.59,credit,Thank official simply decision night rate shoulder.
62297,2018-05-24,132,842.16,debit,Senior human project body daughter way hope.
72064,2018-11-13,900,9305.29,transfer,Worker find care per.
21644,2019-10-12,861,6086.96,credit,Peace green road.
34742,2018-09-22,324,720.35,credit,Husband society anyone total stand certain.
69164,2022-09-28,244,5093.56,credit,Identify loss deep school agent pass.
79508,2019-05-04,529,6463.53,credit,Management indeed four campaign.
55462,2018-06-06,440,1587.90,credit,Child performance country picture example attention TV.
27761,2022-04-08,121,8933.52,transfer,Bill for great.
70687,2019-03-11,497,4671.44,transfer,Lead team put type.
98995,2023-02-08,743,764.21,debit,Town herself fear partner contain something.
95674,2019-05-11,31,7810.51,transfer,Player believe democratic boy.
90423,2021-11-13,162,1931.00,credit,Society himself set.
26366,2018-07-21,529,7069.12,debit,Control year stock.
93448,2020-03-11,816,8578.77,debit,Also agreement market remain growth.
40858,2022-11-20,802,3959.43,debit,Yet value every citizen realize social course.
52297,2022-09-05,368,3156.48,credit,Hard yet feel may trip quite couple.
88040,2021-04-06,174,7363.20,credit,Also by during final have eye.
85181,2021-07-21,544,643.43,credit,Art can wear by project.
48945,2021-06-13,454,6854.13,debit,Prepare charge purpose film respond area.
57423,2022-12-11,263,3225.28,debit,Wear level either could successful deep.
67840,2019-04-08,135,820.98,credit,Physical camera bill truth produce also quickly pick.
59178,2019-06-26,703,2535.36,transfer,Spend effort market out identify.
15861,2020-05-26,692,2726.94,transfer,Establish plan point imagine effect some.
32494,2018-06-23,238,2802.58,transfer,Hospital themselves enter effect smile again next camera.
29452,2022-01-18,932,8013.32,transfer,As attorney meeting across total.
8393,2018-11-26,167,4085.27,credit,Budget wear cultural lot want western.
44314,2019-06-13,747,7362.71,debit,Cost nothing you power page.
2758,2023-01-21,319,9140.45,credit,Structure plant firm.
77111,2018-04-22,341,3375.25,debit,Wait can lot southern again rate.
72604,2023-03-07,534,2995.27,transfer,Sell without commercial three.
30162,2019-10-25,513,5383.80,transfer,Wish professor difficult prevent save own others.
77129,2021-02-22,385,3579.22,debit,Protect control six tonight now visit.
28865,2020-04-29,368,6433.19,debit,Positive history region commercial price.
943,2021-11-05,848,9688.50,debit,Wrong final level notice at.
9306,2021-07-28,63,2267.03,transfer,List major apply agent.
92779,2020-10-25,740,4129.74,debit,Cause product wife Republican heart answer as.
82720,2021-09-12,335,5952.31,credit,Road group wonder she difference full.
7717,2018-11-06,656,1609.30,transfer,Identify many call performance court technology.
30008,2022-03-16,896,2324.50,transfer,New edge fall culture.
8835,2022-05-02,805,4309.92,credit,Report space threat.
4118,2020-02-16,870,228.54,transfer,Certain time sing however industry three statement.
43310,2022-12-17,304,1095.77,debit,Data political field generation.
9288,2021-10-14,307,6809.27,credit,Just into no.
67392,2018-11-04,156,7511.58,debit,Wonder care since much official movie may.
31196,2021-01-18,821,5065.45,debit,Modern method garden take conference.
36501,2020-03-02,287,1575.81,transfer,Point husband between research product week responsibility.
87685,2022-11-02,200,879.41,debit,There art who realize.
63625,2020-07-09,549,3387.42,transfer,Into campaign choice kitchen.
28081,2018-09-30,979,9579.79,transfer,Wind its see tree white.
70679,2021-10-11,468,695.41,credit,Figure drug agent organization phone.
17343,2021-06-08,847,5210.72,transfer,Moment spend audience record reach third truth.
94812,2022-12-05,124,829.66,credit,Step treatment age process do.
74848,2019-06-25,624,4923.79,credit,Fight any possible technology ball across.
75526,2020-10-24,30,1611.15,debit,Option front power.
61954,2021-08-11,181,2019.90,debit,Face candidate family concern reduce size future.
31851,2021-07-04,789,4349.69,credit,Of Mrs staff without suddenly south.
61994,2019-01-19,704,7292.75,credit,Game of what know.
53355,2020-08-03,513,6286.32,credit,Six city imagine special kind today old feeling.
24958,2022-07-22,408,4484.58,credit,Ok get drive both white lose wall why.
12364,2021-08-16,622,5519.80,debit,Left meeting court term indeed space.
12705,2022-10-31,242,7928.09,debit,Positive agree affect.
86375,2022-03-17,245,5584.48,transfer,By none personal media rock benefit benefit.
56499,2019-10-02,926,9368.76,transfer,Most discussion with significant traditional these.
46439,2021-03-07,405,9083.49,debit,Moment contain prepare attack.
55520,2018-11-04,483,6261.19,credit,Specific buy important expert agree need.
53884,2020-07-21,266,8680.85,credit,Enough several human do.
61214,2019-01-12,261,8376.45,transfer,Collection recently order morning practice reason.
95562,2019-09-19,373,3208.12,debit,Because admit but modern relationship.
7101,2021-12-17,727,1974.75,debit,Never her personal experience.
88260,2020-04-16,329,8644.97,credit,Place good hold lawyer attack little though.
85650,2021-09-22,289,9514.08,credit,Challenge adult room bring.
84697,2018-12-11,229,1291.51,transfer,Like sure thus we.
12900,2019-09-17,379,7591.66,transfer,Full resource social explain summer suffer audience plan.
7945,2022-01-13,90,3622.69,credit,Model someone option them.
52773,2023-01-26,292,9561.49,credit,Majority rock probably major old stuff against.
95449,2019-06-17,342,7872.23,transfer,Democratic case issue final yes stay record.
44474,2020-10-07,582,2160.74,debit,Smile require time evening mind continue.
14323,2018-03-28,597,6281.78,transfer,Bar contain should bag move structure official.
32592,2021-03-20,701,8931.06,debit,Trip attack eight write feel question into hospital.
25113,2020-03-22,51,7223.15,credit,Big near successful or.
24932,2022-05-25,240,9891.41,transfer,Money fact report movie.
70293,2022-06-28,688,744.94,debit,Run floor around study collection expert.
58801,2019-04-05,151,9614.55,debit,Bill test stand whose pressure.
18374,2021-02-04,973,7699.85,debit,Mention church statement fund product.
55297,2022-10-03,266,6242.09,transfer,However include day resource.
24051,2020-06-30,703,7314.00,transfer,Forward consumer view person good character family.
36510,2019-09-28,521,3627.31,debit,Role enter film according reduce appear commercial.
60638,2021-09-09,24,2814.37,transfer,Country Mrs much crime catch possible whether Mrs.
32743,2021-03-25,926,3952.72,debit,Reality discover off worker before friend talk.
9881,2018-05-26,753,1663.68,debit,Expect run across recently smile similar.
58083,2018-06-03,201,6830.23,credit,Age represent across family general certain.
72133,2019-06-08,785,8524.24,credit,Least major size ball.
12834,2019-12-28,172,5979.58,transfer,Significant bill home concern.
6631,2020-11-13,977,7323.95,debit,Human student design serious deal there evening century.
85478,2019-02-23,30,559.24,credit,Arm if floor.
70856,2018-03-27,835,1296.08,transfer,Production win medical everyone pretty.
1935,2022-07-10,791,5330.06,debit,House then begin rule drug agency.
12225,2018-07-29,851,5707.36,credit,Throw check beyond north program full.
98772,2019-06-13,746,6830.34,credit,Black next war reality send alone drug.
30983,2020-10-11,22,4451.78,debit,While heart politics adult page relate which.
21799,2018-06-17,903,1752.77,transfer,Summer together save letter receive including party.
53270,2020-04-16,834,5521.56,debit,Enter short professional can good must parent.
63654,2019-09-12,650,306.55,credit,Main bed throw claim chair authority.
63093,2022-12-20,957,3964.01,credit,Behavior with great late business true arrive.
28017,2018-05-23,376,6489.10,credit,Mrs enter information edge everybody.
52566,2018-06-08,448,6452.92,debit,Adult easy team control ability position.
7686,2020-03-17,924,7227.76,transfer,Nature hit financial decide more gun.
21580,2020-08-09,902,9148.83,transfer,Would short in loss sound per population benefit.
49673,2022-05-22,969,1057.81,credit,Form at major often.
283,2020-11-23,954,6506.36,debit,Class wide miss letter hotel area upon.
51174,2021-06-27,168,6727.49,credit,Trial but senior bed property century.
34761,2020-10-06,766,9392.54,debit,Ago modern determine key happy else.
59639,2018-06-28,857,5702.36,debit,Popular heart trouble brother.
37389,2023-01-30,825,3681.26,debit,Great this husband beat four available week.
55445,2018-07-17,98,975.08,credit,Rise population group attention.
91304,2019-08-07,888,9552.90,transfer,Generation pass expert.
95749,2020-04-16,391,9279.56,transfer,Herself attack amount analysis brother.
72846,2018-10-24,737,3945.41,credit,Check interest want of turn.
86753,2021-11-04,945,7600.72,debit,Really social sort central economic.
94164,2021-03-08,693,3390.51,debit,Hope public or public great.
63789,2021-03-05,228,6339.35,debit,Teacher service hold source name work.
20290,2022-04-12,713,7035.13,transfer,Admit floor food entire.
24891,2021-06-04,498,7069.04,transfer,Car statement station recently.
38891,2021-01-31,524,8207.13,transfer,Yeah develop necessary first public now national.
28535,2018-04-13,768,1314.79,transfer,Perhaps never heart into.
7666,2020-12-06,1000,6365.04,debit,Arrive edge film about.
75915,2022-09-28,281,1364.35,transfer,Show author husband enough way now.
96435,2020-01-11,174,9268.97,transfer,Standard catch meet outside improve others machine.
71067,2022-06-29,414,6934.54,credit,Nature never argue you through her against.
7990,2023-02-28,610,9422.80,credit,Wall material item agent.
98039,2018-11-08,952,7529.98,debit,Need ok group though through culture adult.
41105,2019-10-07,187,8293.98,credit,For nor role together watch box.
7493,2022-01-28,345,5204.96,credit,Long source by window energy eat.
6573,2022-09-09,325,5017.32,credit,Than seven defense yes.
76570,2020-12-06,919,1466.20,debit,City direction trial laugh couple statement record.
62494,2021-04-11,845,803.99,debit,Plant husband entire most ago language house.
65910,2022-08-12,360,2913.61,credit,Treatment parent model my order.
69616,2018-05-18,541,2622.58,transfer,Population such bag drug.
20636,2018-10-08,371,6228.17,debit,Thousand since point.
7456,2018-09-02,281,9605.77,debit,Establish by head step.
66563,2021-05-13,137,4847.68,transfer,Pretty network toward.
10501,2019-01-01,831,9210.02,transfer,Along marriage work outside three.
24357,2018-09-02,880,1907.94,debit,Itself age first require.
8982,2022-01-01,239,8974.30,debit,Husband more or himself thousand take time.
77993,2022-06-24,504,2920.36,credit,Decide employee consider consider enjoy.
8908,2021-04-24,188,7456.87,credit,Continue woman throw American including where store.
88502,2020-01-03,385,7917.30,debit,Sit father drop what.
30829,2021-05-14,818,3936.16,debit,Democratic culture truth behavior beyond.
52924,2022-06-03,86,339.97,debit,Everything avoid loss his last last mind.
15714,2018-09-13,491,4445.55,transfer,Activity because foreign individual begin among system.
74669,2019-02-03,540,8063.88,transfer,Series town seven if the the.
32272,2019-04-04,148,5658.70,transfer,Economy happy news.
75881,2019-12-26,11,4121.07,transfer,Thousand meet word.
77925,2018-08-18,146,863.99,debit,Better item market next large forward.
5210,2020-05-30,210,1286.11,debit,Kid artist central fire such always history.
81184,2018-08-07,38,626.83,credit,Have probably professor present.
10746,2018-05-03,382,5917.11,transfer,Often leave safe measure sound thing defense.
54949,2021-11-18,930,8359.57,transfer,Hospital though government feeling us.
86164,2021-11-16,937,575.23,transfer,Although idea stop poor.
76504,2021-09-02,24,5223.45,debit,Travel street treatment contain wish just personal.
74086,2022-01-24,390,4398.28,credit,Hot college film strong billion.
68523,2021-06-09,239,5053.70,debit,Build artist civil play character think wrong.
41468,2019-07-02,70,3388.31,debit,Fast suffer job allow environmental.
34180,2022-01-28,139,2426.86,credit,Above toward goal hit study attack despite.
26773,2020-07-12,320,582.63,transfer,Computer her peace reality amount upon.
87783,2022-10-15,30,6643.68,transfer,Wife pretty catch century.
93873,2019-11-11,217,7810.55,debit,Major treatment for purpose play these.
41181,2019-05-13,8,5655.60,transfer,Word act large state decide expert military old.
31286,2018-07-24,606,1351.99,credit,Few network impact director fine author special wall.
34815,2021-06-21,534,5065.29,credit,Reflect future experience what protect happen dark.
51877,2019-10-19,878,1822.83,credit,Else fear lay throughout.
17155,2021-09-14,996,2697.85,transfer,Million ready long question successful.
84608,2018-10-22,373,8347.24,transfer,Forward theory hair bed cut drug across show.
39322,2021-04-10,395,3511.18,credit,Current year sea actually.
59930,2023-02-09,737,3146.82,debit,Central son pull debate speak notice very.
41442,2021-02-07,71,9207.44,debit,Different there thank wind what story hair.
98549,2021-09-03,487,4973.75,credit,Cell strong team newspaper week do.
9509,2022-10-06,74,5880.39,transfer,Team garden message true.
1221,2022-06-03,661,9638.26,credit,Too weight fact however view science.
60069,2020-04-09,871,5367.19,debit,Get drug use building production.
81417,2018-12-25,345,6286.74,credit,Image term must popular begin.
73793,2019-03-20,872,8139.36,debit,Term he region since yeah alone receive.
13105,2022-10-05,445,5672.14,credit,Southern behavior financial interesting.
9603,2023-03-22,946,2113.89,debit,Draw experience sport president.
70469,2019-05-25,927,2206.90,transfer,Wind important idea pay top clearly cell.
27939,2021-11-14,770,9307.52,credit,Talk expert ask.
66308,2018-06-29,990,4344.34,transfer,Least all no lose range participant draw front.
17362,2021-12-24,843,2560.35,credit,Agency almost you ten.
45746,2018-06-13,959,5196.95,credit,Society page drop subject.
9017,2018-11-09,223,2675.08,transfer,Eat culture example many scientist air these movie.
32019,2018-08-03,735,3405.75,debit,Popular receive evidence list difference religious shoulder.
48435,2019-10-19,374,5184.97,debit,Common or well world enjoy nature student beat.
37354,2022-01-03,98,8441.58,transfer,Especially back keep number sea.
20677,2021-08-19,463,6289.18,debit,Arm owner drop.
57434,2018-07-18,513,8315.41,debit,Word yeah role measure environmental feeling loss.
71201,2021-05-19,7,9112.13,transfer,Use even last treatment.
92215,2018-07-12,193,5031.81,debit,New memory himself likely cover fill may.
39652,2019-07-20,885,2205.13,debit,Develop where join think part eye by learn.
80174,2023-02-20,346,1502.43,credit,Budget now direction land.
85718,2022-12-25,905,4163.78,debit,Cell similar animal born trouble strong approach onto.
69330,2020-11-29,481,4484.58,credit,Yard media fall who.
1026,2023-03-20,447,8494.19,transfer,Nearly require consumer loss perform never.
87539,2021-10-31,613,2182.29,credit,Draw crime security discussion large age.
72693,2020-05-13,667,2167.83,transfer,Laugh blue which.
39241,2020-02-26,816,2672.26,credit,Decade build even get.
86952,2018-11-25,161,3964.01,credit,Than win wind nearly.
13578,2020-09-14,901,1514.39,transfer,Head already investment.
17602,2022-02-19,454,7130.15,transfer,Environment PM their fact recognize.
34665,2019-06-01,759,900.73,debit,History worker dog.
15130,2020-09-18,810,1280.52,credit,Too blue size against where listen.
14030,2022-03-18,875,5095.35,debit,Public kid all send everyone science.
97311,2018-06-03,684,6310.97,debit,Sure how he deal south game.
20375,2022-05-30,698,3203.17,debit,Way maybe official film listen be alone.
35698,2020-10-07,750,7456.68,credit,Kid tonight our late reflect.
36931,2019-08-09,183,2545.92,debit,Rest very dark state whatever.
79277,2022-01-18,897,1855.82,debit,Since development career.
27608,2018-08-17,877,8276.55,transfer,White soon heart best.
94059,2023-02-14,794,2842.34,debit,Available friend share.
44943,2021-03-23,529,9325.04,debit,Pattern college say Mrs view.
26686,2021-11-11,252,3402.45,debit,Budget land month factor.
90112,2020-03-02,865,3444.33,credit,Win party stop education.
83131,2021-11-28,652,6947.67,transfer,Theory big minute recently from.
34601,2020-12-24,957,8196.21,transfer,Democrat health yet main enough.
66245,2021-09-19,341,6388.05,transfer,Individual room hospital exactly or there.
64033,2019-10-18,195,4755.23,transfer,Interest want language clear issue.
32915,2018-09-05,298,4408.76,debit,Watch weight environmental nice.
6659,2023-02-17,786,4557.69,credit,World suffer stop some other law.
12098,2020-12-27,306,9534.70,credit,Indicate young best TV establish measure.
83137,2020-04-06,356,3806.46,debit,Floor indeed start decade land pattern wall.
55519,2019-11-27,657,2954.93,credit,Develop age keep section.
36266,2022-10-10,693,5814.23,credit,Against author bad spend site doctor.
5779,2019-01-28,247,8820.25,transfer,Good control actually.
465,2018-11-14,464,6988.72,debit,Join indeed will purpose provide.
43720,2018-12-26,223,2101.10,transfer,Energy tough maintain since support culture democratic.
17147,2022-12-08,122,2444.58,transfer,Will research above case particularly.
83508,2019-08-05,147,7396.44,transfer,Final raise former throw age red enjoy.
34336,2020-08-28,319,5878.97,debit,Career cell south institution.
21179,2018-10-06,834,5799.83,credit,Feel fast shake able resource see well.
97155,2022-10-31,499,9798.44,credit,Market type decade at set service.
57913,2019-04-30,290,1705.51,credit,Specific close role white possible eight million.
72310,2018-12-04,168,9325.74,debit,Protect family break list.
92494,2020-12-22,518,7015.61,debit,City phone between response technology go.
56058,2021-05-26,399,6560.62,debit,Material interview simply politics.
73520,2020-07-26,195,8147.89,transfer,Measure small economic condition religious list indeed.
1268,2022-04-26,771,2919.65,credit,Our modern yard range though.
14664,2019-05-20,343,5370.62,credit,Develop join news region season.
9863,2019-12-22,59,2758.12,credit,Detail situation whole behavior play.
90574,2021-04-28,340,8518.88,credit,Network small look level travel.
19537,2018-05-10,968,1698.01,debit,Again enough himself machine assume senior candidate.
71512,2018-12-29,429,5545.23,transfer,Because relate computer professor election probably study off.
4723,2022-09-16,403,1748.22,credit,Trade court perform.
48394,2021-04-05,866,3316.65,credit,White nothing blue attack art how.
76351,2022-08-05,313,9968.92,debit,Box high program reflect box fire.
72421,2020-02-09,56,3842.73,debit,Staff upon thank establish especially space.
19411,2022-03-20,510,3814.39,credit,Direction major continue perhaps table senior.
56334,2019-11-16,143,1735.60,credit,Will film and meeting yourself sing break.
16705,2020-12-21,512,8770.78,debit,Treat production force pattern.
5483,2020-02-22,43,9977.90,credit,Size really everything check compare identify Mrs.
40405,2018-08-29,556,2796.06,debit,Tonight class sing glass very.
47796,2021-12-15,628,4878.04,credit,Administration mouth language because.
5230,2020-05-24,698,294.86,credit,Sister pressure turn kid safe wear successful.
46899,2021-12-11,598,3758.67,credit,The reason which believe central.
27536,2018-12-16,598,1027.50,debit,Road building center beat ready.
89400,2019-10-17,994,1231.39,debit,Right arrive arm half threat.
32707,2020-01-14,807,4612.28,transfer,Type foot school.
87417,2021-06-10,781,1601.83,transfer,Find stop size cell scene.
13474,2019-07-03,215,5863.98,credit,Discover yeah marriage others because chance scene.
46358,2019-01-11,93,5700.71,debit,Result yard fill apply back position home.
73386,2020-10-21,471,7852.63,debit,Lay door heavy foreign financial.
53265,2021-11-13,506,9324.28,transfer,Bill physical yes part sing.
81352,2019-12-20,473,7224.12,credit,Who billion science artist.
98236,2021-12-07,671,2606.29,transfer,Green be lead we Congress exist.
20258,2022-09-08,283,1442.27,debit,Especially charge late that our test customer successful.
31030,2021-07-17,972,1240.28,debit,Company always couple point mouth ground.
21300,2022-06-16,939,8901.02,debit,Strategy speak less party.
23207,2021-03-28,723,401.24,transfer,Official tough factor good business another line.
54041,2022-10-27,177,7360.88,credit,Itself soldier indeed standard.
3249,2020-12-15,307,8137.68,transfer,Child room police top cell.
23510,2022-05-15,372,9613.35,credit,Where send of ago describe.
96543,2022-02-28,308,8082.27,credit,Mrs view western issue.
43541,2021-01-09,159,2600.51,credit,Respond force how friend interest.
53965,2021-08-25,147,3488.41,credit,Himself least good least week job dog.
87807,2020-03-04,184,6677.55,credit,Place mention after history.
96346,2022-09-25,576,157.05,transfer,Agree certain cut mother.
32528,2020-03-03,8,4277.21,debit,Purpose decision management or skill boy.
34971,2022-05-13,870,8709.29,debit,Night report pull religious leader base listen.
20867,2021-02-16,389,9944.89,transfer,Half eight around.
91918,2021-06-23,809,9456.31,debit,Rather choice nice either writer sport.
14169,2019-06-17,973,3650.19,debit,Recently star matter hard somebody state.
50141,2018-09-13,197,9980.79,credit,Anything light as last story job.
5076,2019-06-10,452,2183.47,transfer,Leader focus computer drop hit other.
61695,2021-03-26,50,2191.30,credit,Interesting over serve often authority piece.
29155,2023-01-27,466,608.74,debit,Work writer dark fly film us prove provide.
26159,2018-04-27,368,8885.32,transfer,Ever question after bad customer.
60333,2020-01-19,556,8742.15,transfer,One strategy respond whatever.
45831,2019-05-12,181,9041.11,transfer,Model well usually conference rise kid.
40002,2022-01-02,655,2014.86,transfer,Site data with may work out hour.
29832,2019-03-24,519,1312.65,credit,Hope when light.
29220,2020-02-28,599,6544.96,transfer,Travel life modern sometimes whom.
3102,2021-02-19,59,8270.29,debit,Popular none month wind.
86512,2019-11-28,426,7907.73,debit,Develop argue certain tend.
25314,2020-08-26,751,6610.08,debit,Shake section only price.
52228,2018-05-18,768,9544.14,debit,Part adult million put sister factor avoid.
43026,2018-08-08,100,7263.46,debit,Dinner or why industry across though enjoy.
36518,2020-09-25,570,5568.07,credit,Exactly against everything then.
9100,2018-11-28,846,3446.21,debit,Involve style position mother yet north develop.
36586,2019-09-05,996,9933.76,debit,Something despite world.
46026,2022-01-03,89,9631.59,credit,Property professional choose my current site drop very.
84081,2019-09-30,643,4365.96,debit,Across training natural two front safe rather.
66769,2020-03-30,901,3988.87,transfer,Set set fill past.
52387,2022-06-15,72,518.88,debit,Learn seek economic another total cost hospital.
89066,2022-07-11,686,9116.88,transfer,Order contain one whatever green available six.
70283,2019-12-01,771,9860.01,debit,Article send race program attorney.
43405,2019-01-13,976,4641.89,credit,Bill response relationship building six service.
3618,2018-06-20,55,5597.40,debit,International six anyone five attention.
15119,2021-01-22,1,9955.82,transfer,Assume happy everybody personal.
34238,2022-12-30,902,5470.34,transfer,Ready make officer lead step just.
23406,2020-10-07,368,9940.70,transfer,Reality edge remain difficult.
76100,2023-02-14,254,1817.13,debit,Amount second five.
34796,2020-12-20,381,4936.74,credit,Environment build I consider also office street provide.
5015,2019-12-17,513,4888.74,debit,Really reveal look there.
14209,2018-07-24,96,6389.89,credit,Or property likely.
78194,2019-02-17,321,8527.12,debit,Wide language whole out.
56960,2020-02-23,828,5929.54,transfer,Serve news especially discussion firm.
45310,2020-04-20,324,1772.22,credit,Admit know reach enough truth account foreign.
95492,2018-08-21,87,6630.43,transfer,Turn weight buy.
41115,2019-07-19,579,7039.77,transfer,Political for personal less same professor.
57200,2021-03-25,833,3296.90,transfer,With coach expert join teacher for.
79458,2019-02-07,568,9531.44,transfer,Sure attorney chair third.
67034,2018-09-06,105,8037.86,credit,Growth others ago ground around it state.
15158,2018-09-13,832,887.58,credit,Off answer ok there pick national back.
50489,2019-08-28,500,663.01,debit,Take allow garden doctor whatever draw guess.
75575,2018-12-12,391,8883.79,debit,Political year what onto beat fund.
24915,2021-08-20,255,3014.84,transfer,Federal dinner hear western wind.
33387,2021-07-05,324,5661.44,debit,Thought catch feeling.
5818,2020-02-22,975,2237.83,credit,Soldier husband parent identify measure.
92902,2021-03-06,450,5368.02,transfer,News major magazine discuss style.
57155,2021-03-24,635,6896.01,transfer,News off your.
222,2019-01-03,994,1848.84,transfer,Nation a effort question instead data enjoy side.
68147,2021-08-15,675,9889.43,credit,Pressure conference consumer eight.
70576,2021-07-31,892,459.05,credit,Statement today difficult fish member seem clearly personal.
90028,2021-02-20,66,8268.19,transfer,Yet these major feeling price offer treatment.
94298,2020-04-17,657,2938.79,transfer,Exist marriage show movement government three article.
97249,2021-11-26,244,4601.56,credit,Year many environment then although.
96606,2020-12-31,723,4247.55,transfer,Article truth news size test fall moment offer.
87901,2021-04-28,629,4994.94,credit,Result event wait difficult prove structure.
25826,2018-04-05,804,8231.61,transfer,Indeed we rise scientist focus training.
47740,2020-03-19,222,4795.69,transfer,Lead few anything left up.
56532,2022-06-20,344,6039.26,transfer,Office phone heart too meet man animal my.
9172,2018-08-14,728,6627.21,transfer,Care money if evening professional executive lay.
87063,2019-12-18,1000,2296.97,credit,Door stay visit pressure.
43280,2022-01-09,442,1561.04,transfer,Tax democratic east lay poor usually.
81679,2020-01-23,972,3222.82,transfer,Town trouble reason blue name job.
41146,2019-05-12,888,8663.59,debit,Sort adult view tree recognize.
16335,2019-10-17,408,7161.29,debit,Information build the rock pass paper.
94340,2022-12-13,450,1219.07,credit,Health provide ask under change throughout rise onto.
39364,2022-04-08,446,9195.19,transfer,Look day beat serve far.
66470,2019-11-20,655,4465.94,transfer,Her his high suggest above here.
40539,2019-03-03,136,9493.33,credit,Sing firm right cold try morning.
87411,2021-06-07,518,6419.07,debit,Car our care admit draw wide feel.
53529,2018-07-28,328,2308.32,credit,Identify laugh though worry suffer leg heavy medical.
42754,2020-10-17,811,2681.70,credit,Us light become bit answer leader choose take.
52744,2019-09-30,200,841.30,debit,Hair government federal quality.
91385,2019-02-20,889,4561.89,credit,Want opportunity health success short soon.
38753,2018-04-27,725,9183.30,credit,Daughter spring including anyone smile its member.
72668,2021-04-05,289,7508.98,debit,Consider study more least drop.
16684,2018-05-09,674,7214.92,credit,Far play practice we heavy another main.
25145,2021-09-21,217,4048.56,transfer,It class religious debate official admit.
55109,2019-07-02,369,588.49,debit,Public my any point care upon during.
87154,2020-07-22,853,79.37,debit,Budget southern white usually certain.
49696,2020-05-08,173,5775.30,credit,Mr firm indeed state near type.
88778,2020-02-26,15,5973.34,debit,Number lay impact lead trial wall.
98060,2021-09-30,634,8483.44,credit,Method just their choice.
22811,2019-04-18,848,2023.84,transfer,See Republican school only truth candidate throughout.
80677,2020-05-26,251,7587.34,transfer,Nothing fear possible.
74594,2022-07-10,136,1657.18,debit,Sea notice food our list.
39447,2020-12-26,494,4665.55,transfer,Father actually fish six various.
53226,2020-04-12,931,1842.65,debit,Campaign these world various address work.
71820,2021-08-19,980,4288.81,transfer,Difficult receive nature parent.
54,2021-01-02,511,8784.22,credit,Inside Republican suddenly various key.
39830,2019-03-29,750,8512.58,debit,Determine create south former mouth form.
37607,2022-01-26,369,923.96,transfer,Vote stock born him thus suffer fire.
27550,2020-01-09,771,451.94,transfer,Foot sing however opportunity minute ready box north.
56347,2021-08-20,657,2277.49,credit,Build firm history who.
76020,2018-07-24,957,302.60,credit,Sure me fire sort throughout.
79517,2022-05-06,929,3344.19,debit,Buy item fear happen maintain blue red.
85814,2021-04-08,771,2602.22,credit,Arm know certain establish.
42238,2019-04-19,863,5830.13,credit,Race now learn represent paper economic see kid.
60947,2021-03-13,510,245.60,transfer,Result score popular family fight down.
57906,2019-02-28,676,3268.19,debit,Unit project staff keep five room woman.
57955,2022-12-26,574,2695.24,credit,Economy push war can.
88556,2018-09-15,802,1822.57,credit,Cause better grow feel health defense.
28011,2021-08-30,776,1158.07,credit,Phone yard say.
67001,2020-06-12,66,2367.86,transfer,Region audience big example save agent help.
62022,2021-03-25,479,848.23,transfer,Law program inside would usually.
96464,2021-04-20,469,3491.25,credit,Thing realize care student trip tax speak.
22242,2018-06-26,330,843.25,credit,During apply interesting outside.
86357,2020-11-19,974,1753.13,credit,Final dark data.
11115,2019-08-02,62,9437.64,transfer,Issue final key create.
37197,2020-07-14,924,8359.20,debit,Official let situation report young lose.
67562,2020-02-03,216,5178.10,debit,Condition point maybe whose.
87013,2020-09-02,907,612.34,transfer,Chance firm including him theory my.
82961,2018-12-24,711,4410.39,credit,Hear four performance star dark sound less.
81168,2019-04-21,39,1992.48,transfer,Clear scientist increase fact phone standard throughout.
43934,2022-11-19,657,8027.10,credit,Work soon beyond.
12241,2021-10-24,787,4936.18,transfer,Effect different idea share everybody trade now.
98454,2022-09-30,87,8192.33,credit,Among edge factor success.
30785,2019-10-13,869,639.76,transfer,Whatever again play television picture student himself dark.
88185,2020-04-13,873,9173.53,credit,Garden put wide market throw road.
40688,2019-02-07,200,3793.81,transfer,Enjoy best radio tonight hospital where step social.
29445,2022-06-03,289,5197.48,credit,World media over operation.
26101,2018-06-14,422,9915.56,transfer,Can threat image pass trip.
19314,2018-04-17,167,9631.68,credit,Employee despite cost nothing answer begin alone.
3202,2019-06-28,155,1243.32,transfer,Truth since hot trade.
6058,2022-08-28,544,609.83,transfer,Former statement note.
32093,2021-05-15,917,4992.67,credit,Third sense good news goal every.
62278,2023-02-24,560,3108.71,credit,Large leave collection run behavior check receive artist.
80121,2018-12-13,720,4890.31,credit,Chair blue study message good.
9546,2022-01-07,906,8611.39,transfer,Evening his local.
59693,2021-02-24,851,8817.36,credit,Write black significant.
54322,2020-03-17,750,5296.69,transfer,Play model marriage note its loss.
82545,2022-07-02,812,1326.05,debit,How set age.
75455,2020-06-24,977,1732.19,transfer,Soldier require church himself rate charge small.
25486,2020-08-01,853,6012.06,debit,White cover easy trip scene direction compare without.
94156,2022-10-23,100,6331.41,transfer,Thus young idea sell time skill daughter night.
91273,2019-06-07,437,9914.82,credit,Shoulder either skin also.
50329,2018-04-21,662,5724.80,debit,Push office little simply least.
64800,2020-02-15,799,2685.69,transfer,Bill we sort model program wonder.
52384,2021-10-26,205,3465.77,debit,Scientist certain great itself.
31980,2022-04-27,49,8237.72,debit,Those cultural speech try.
19343,2021-12-23,130,5857.79,credit,Bit set television life grow.
85991,2020-05-15,151,8448.28,credit,Drive thousand camera.
90129,2019-01-18,894,5765.26,debit,According piece not wonder two assume.
727,2018-11-18,986,6212.60,debit,Laugh article affect end nature identify toward.
98431,2020-09-06,667,1826.32,transfer,Against other leg home heart.
13971,2021-03-09,89,8124.24,credit,Issue wrong itself act spend.
55725,2020-05-09,966,3648.87,transfer,Agreement think technology garden various however last.
28684,2020-09-02,102,5330.29,credit,Opportunity environmental score big price something.
23054,2020-09-08,412,368.61,debit,Hope smile area city development for oil.
91215,2022-04-08,99,2528.23,transfer,Too science direction must whose record wall.
67890,2020-12-31,127,4535.46,transfer,Agreement marriage take clearly.
60890,2021-04-06,118,6279.00,transfer,Alone member lead herself leader size who.
6583,2018-08-16,972,5833.09,credit,Daughter hand turn I.
73061,2021-03-02,257,9590.81,transfer,Listen group all star.
32663,2021-09-17,843,3762.98,transfer,World better sit run machine north.
15907,2022-04-30,352,8843.66,credit,Sort prove discussion fish decision organization make.
59830,2019-03-08,942,4851.42,debit,Worry our sure forward.
17478,2019-11-18,148,276.78,transfer,Political population economy.
60902,2021-03-10,644,1024.47,credit,Product teach per probably sister write always.
87501,2022-07-19,423,5224.83,debit,Agency Mr student world.
69617,2019-12-27,208,6031.88,transfer,Address market here speak whom per article.
73260,2018-06-20,692,8633.87,credit,Where interesting movie itself.
78048,2023-02-21,115,6323.57,transfer,His form enjoy whose must.
41589,2022-10-25,102,842.02,debit,Yeah deep cut paper recent discover play price.
98993,2018-04-17,669,4901.90,transfer,Discussion wind church enjoy card.
58009,2021-05-03,747,4777.07,transfer,Five north research call technology.
80302,2020-11-06,651,4580.92,debit,North sound window forward fine despite situation our.
94277,2021-05-07,934,3227.22,credit,Glass sure treatment degree.
66163,2020-09-04,101,6327.32,debit,Popular crime order much behavior interest consider.
55934,2022-02-20,942,22.57,debit,Too according the security.
71811,2023-02-21,382,5072.89,credit,Different go language stock.
58447,2021-09-18,196,2366.83,debit,Move area these call fire represent.
20862,2019-05-25,775,3889.26,transfer,Public none debate wonder.
97473,2018-06-27,44,8368.82,transfer,Rock break create service reason brother none.
62217,2019-04-21,396,6944.33,debit,Democrat much candidate change blood yes.
58992,2019-02-04,447,1693.12,credit,Forward keep special state positive senior almost.
33973,2020-11-12,177,7014.08,credit,Research hard them reflect allow boy key project.
98537,2018-08-31,734,5360.80,debit,Simple back care official get little.
32407,2021-09-07,859,1291.31,debit,Nothing suffer clear into.
83580,2019-11-04,893,8285.58,credit,Spend beyond professor lot respond find.
36348,2020-12-30,222,2307.69,credit,Young deal happy leg form should soldier.
68328,2021-11-26,673,1686.85,credit,Collection save spend.
63518,2020-08-30,374,5377.05,debit,However scene young image music.
82150,2021-12-06,185,8150.10,debit,Card shoulder suddenly voice.
31359,2022-05-31,323,6396.18,debit,Company large later break.
35993,2019-01-12,882,3593.25,transfer,Save program matter.
57655,2021-10-21,810,272.21,transfer,Choice three bed tonight day.
10156,2019-01-23,73,783.32,transfer,Street beat low start.
93526,2020-08-27,913,1599.59,transfer,Direction build present short dog floor.
37451,2022-03-20,464,9303.29,debit,Arm society lot ahead value recently.
30736,2021-11-14,428,5176.93,transfer,Happen save section environment.
35615,2018-04-17,991,2236.95,debit,Store than region central their animal record.
44021,2018-12-27,940,1969.14,credit,See pull middle but material.
41905,2021-10-22,541,2925.81,debit,Since out know meet respond whom Republican.
70799,2019-10-03,777,813.80,transfer,Wear hope officer bit.
10562,2022-09-21,445,6208.43,credit,Television somebody serious power future radio look.
18137,2019-08-10,674,243.50,credit,Look social manage herself hour blue.
19770,2020-09-10,54,7820.75,debit,Summer record situation international.
30312,2022-10-20,944,1500.79,transfer,They several customer whole image cell.
50206,2020-05-10,419,7070.68,credit,Our behind role.
90958,2021-02-22,120,889.88,transfer,Such line never affect involve.
20029,2022-01-31,233,2254.05,credit,Understand front identify outside miss.
92592,2022-09-08,303,5784.03,debit,Finish seem follow company yes have play.
28044,2023-03-11,337,8045.24,transfer,Interesting for his partner.
8419,2018-07-02,47,2424.18,debit,Along born student thus least.
54378,2020-03-20,497,4483.00,credit,Attention today center consider only education well.
53425,2020-01-27,107,8634.89,transfer,Knowledge seek push leave week each.
43370,2019-03-31,752,858.03,credit,Camera position beat early again side.
71122,2019-12-03,755,4426.99,credit,Capital remain score threat message.
61070,2018-05-04,887,6137.93,transfer,Pay term eight step.
54497,2021-06-17,321,8055.95,transfer,Whole book about yes rule agent.
8162,2019-02-14,342,4172.35,credit,Participant produce model.
27111,2019-06-04,767,3841.77,debit,Dark way financial less life.
55070,2022-11-13,675,8762.80,credit,Guess huge five.
51050,2018-06-16,832,5382.07,credit,Room beyond training available however main.
76557,2020-02-26,690,2674.58,transfer,First single when he.
91164,2018-12-22,371,7828.19,credit,Adult visit education full.
2561,2018-09-27,426,5728.65,debit,True dog nation where spring perhaps.
75457,2020-06-28,975,1584.14,debit,Assume could follow relate already evening.
49858,2022-08-19,233,8646.02,debit,Enjoy somebody game likely rest relate raise.
62519,2019-10-06,150,3096.05,transfer,Fish level the.
773,2021-01-14,311,7579.19,credit,Company force attack product certainly different.
46106,2021-05-21,238,2919.44,debit,Since article offer best fast need church make.
39140,2019-10-24,621,2041.46,debit,Six should front less finally start.
98760,2021-11-09,481,8220.41,transfer,Central center front town exactly network.
51117,2019-08-23,670,759.39,debit,Task hit could everything adult themselves.
54922,2018-11-05,860,4575.56,credit,Country commercial exist ten adult election important many.
70546,2019-05-11,168,2416.44,debit,Pressure investment rule best card energy information day.
97979,2020-09-09,799,3845.69,debit,Rather develop image listen.
96290,2022-12-28,218,8272.73,debit,Debate than production outside plant coach check plant.
71583,2019-02-04,710,5294.08,transfer,Trade structure son and citizen number join arm.
79070,2018-11-01,189,449.14,transfer,Which coach bank nature.
28907,2019-07-29,592,1429.18,credit,Within country market until series trouble plant.
63994,2021-12-14,545,8871.74,credit,Middle election send fight bill imagine writer.
28761,2020-02-21,211,4012.18,debit,Various help expert.
35775,2019-12-08,255,2603.06,debit,Science travel set support.
57126,2018-05-11,520,6631.74,credit,Rest someone that.
63655,2020-11-08,742,7325.37,credit,Employee ten boy pressure less section conference.
3805,2021-07-01,851,8283.65,credit,Part partner figure value.
50969,2018-11-27,150,9224.06,debit,Step contain outside range risk dog.
44058,2021-08-08,523,2644.07,debit,Whether everybody month pick government.
87671,2022-10-01,488,7297.65,transfer,Follow stock affect research.
89017,2019-12-04,731,6818.19,credit,Forget measure significant avoid his write entire answer.
52995,2021-04-14,48,3937.64,debit,Sign quickly market energy certainly exactly officer magazine.
94920,2020-12-12,693,1590.60,transfer,During soldier authority crime arrive individual old.
21633,2019-02-15,484,5278.67,debit,Care wife authority age hotel soldier rate.
61262,2019-03-04,391,8785.23,transfer,No your speech now director foot someone out.
16729,2020-04-19,595,3873.65,debit,After investment arrive able southern unit.
81561,2019-11-26,473,8700.37,transfer,Tree sense want life cover Mr.
70009,2018-08-30,251,5252.70,debit,Learn central position center.
3535,2022-03-13,452,4612.60,transfer,Hot sister economic middle this election third.
51646,2019-11-27,456,3664.34,credit,Although size article none.
77581,2019-10-10,471,5603.32,transfer,Opportunity deal against rich.
73976,2022-02-01,434,3222.95,credit,Most possible song short identify training.
86901,2018-08-12,483,2327.29,debit,Blood environmental customer lay money.
3553,2019-04-10,829,1648.08,credit,Appear positive yard bill operation door wall.
11004,2020-12-20,541,1503.12,debit,Dog along our guy focus history type.
84247,2018-07-08,509,7655.23,credit,Time green decision least tell out development western.
56180,2019-10-22,634,3273.71,transfer,Economic wife study get.
17787,2020-10-14,463,7467.49,debit,Customer agency all though these treat.
60516,2020-11-04,731,1448.32,credit,Safe soldier yourself must easy.
23820,2020-05-05,255,1217.22,transfer,He read guy side.
6591,2021-08-10,665,5626.65,transfer,Marriage box senior.
34100,2021-03-02,389,6233.77,debit,Central sea seven available through Republican card.
49690,2018-12-05,667,5220.26,transfer,Claim whose mission now charge finally.
42907,2018-12-19,968,9894.80,transfer,Health bad economy machine moment role.
27743,2018-03-31,346,639.08,credit,Throughout red cost land.
59599,2020-11-08,415,5160.22,debit,Science spring minute few human man art.
42841,2020-01-31,940,2356.29,debit,Dark travel pay sign international number pull.
44237,2020-08-30,223,9877.12,credit,Concern what dark line sing.
99776,2019-07-24,919,4609.24,transfer,Local woman condition cold involve keep indeed.
49693,2020-11-29,846,7002.73,debit,Within different policy.
36472,2021-10-16,372,6230.05,debit,Year stage do safe southern your.
98568,2019-05-11,890,9032.42,transfer,Enter certainly research person father character.
55256,2018-10-27,946,1284.61,credit,Appear country ask participant.
33066,2023-02-13,501,2837.08,credit,Special dinner get per speech.
10736,2021-06-28,784,7847.67,transfer,Nature game win month.
61645,2020-10-19,130,1160.74,debit,Political style sport enjoy yard perform through.
2541,2022-01-09,902,1026.83,debit,Marriage message camera suddenly close this compare.
98177,2021-03-26,321,9804.48,debit,Fish do wind understand difference group even glass.
70703,2022-02-15,148,2317.44,transfer,Certain do drug power minute realize.
6827,2021-06-12,223,3848.45,transfer,Out future statement under blood voice public.
45871,2018-04-06,534,9468.90,debit,Close give travel box teach business sometimes.
29390,2021-07-29,425,6647.45,transfer,Example interview able site account.
85216,2019-12-16,617,7141.39,transfer,Anyone eat data capital such woman travel.
8994,2018-11-29,999,2452.94,transfer,Meeting seven forget baby maintain.
85427,2020-08-06,938,1530.96,credit,Although final occur suddenly red.
5277,2020-06-21,629,1852.51,credit,For nearly certain recognize.
98859,2022-04-27,247,479.28,credit,Worker relate one southern.
4068,2020-07-31,863,7283.18,transfer,Wrong yet help treat score tonight threat I.
32412,2022-04-14,112,2955.50,transfer,Work second worry year policy season will avoid.
26131,2020-07-05,228,303.28,credit,Sort apply own share blood health.
2672,2020-01-21,402,9122.38,transfer,Box up herself beyond.
81440,2020-02-06,810,88.08,credit,Certainly term sure.
19974,2019-09-25,605,3116.10,debit,Notice sing fine provide firm.
31267,2019-10-11,486,1929.27,transfer,Reveal bill always although relationship professor.
16545,2020-09-16,795,7929.94,credit,Safe style pretty each.
62071,2022-09-29,520,1002.00,transfer,Understand authority official magazine reflect prove quickly.
87748,2018-07-21,719,7156.98,transfer,Court ground without staff.
14994,2021-09-18,439,9104.69,credit,Actually during hundred my.
73921,2018-07-07,884,1273.67,credit,Hotel body lay news trade however store.
28570,2021-06-06,726,9370.71,transfer,Might station perhaps condition war.
60953,2022-04-17,638,5077.80,debit,See consumer study they note back young.
91681,2018-04-23,129,8893.96,debit,Learn suggest baby.
33587,2022-07-21,604,1682.63,credit,Expert real marriage former manage man sense sort.
48352,2022-06-16,465,6457.73,debit,Really cultural factor.
21993,2022-12-29,767,5755.26,credit,Person to scientist as real.
79416,2019-11-28,542,1162.43,debit,Perform eye provide real which.
79594,2022-03-14,117,5053.44,debit,Clear claim bank south design suddenly find.
98033,2019-04-15,745,5252.69,credit,Nation report collection after.
94157,2020-07-26,872,5277.38,transfer,Be safe mention show too degree radio attention.
15013,2019-04-25,167,6575.68,debit,Own interest you quickly body next family.
21466,2021-03-25,782,4449.14,credit,Sea physical prepare size culture institution.
40769,2020-06-30,992,2783.49,debit,Draw physical military whatever.
75850,2018-12-29,762,9997.34,debit,Under thing company offer opportunity seek mouth.
3366,2020-07-06,422,8034.39,debit,Still say member story everybody fact.
40889,2019-07-23,790,6694.65,credit,Crime card economy section party old coach skin.
75471,2022-07-26,84,2200.05,debit,Yard form bad relationship.
88782,2023-03-19,900,2344.48,debit,Sit growth character organization baby trade no.
49193,2022-12-18,910,7436.60,credit,Just happen you might.
51991,2019-08-23,876,5265.12,transfer,Spend house boy stop plant.
93719,2020-05-03,491,6656.01,credit,Skill again chair feeling live success attorney.
25996,2018-04-12,710,6173.60,credit,Whether camera quality present page.
9962,2021-01-24,313,478.22,transfer,About yeah style dog.
77608,2021-11-23,73,3130.06,transfer,Successful a class board front dream.
90521,2021-12-09,221,508.32,transfer,Stay author physical.
82214,2019-05-26,719,9803.64,transfer,If environmental lead.
31831,2021-10-16,845,3394.71,transfer,Matter property environment common participant air a.
13357,2022-06-06,314,3513.64,credit,Quality term sing goal our.
91383,2022-12-18,891,7263.78,debit,National work pretty.
39530,2022-01-16,463,6529.74,credit,Once statement such blue read for network finally.
89688,2020-05-30,683,5129.10,transfer,Since any trial result experience.
78698,2019-08-31,742,2697.50,credit,Popular common expert result or democratic.
15867,2019-03-09,865,9708.24,credit,Contain the show certain film.
74178,2020-01-17,713,4626.92,credit,We attack send catch.
5384,2023-03-01,690,4952.15,transfer,Sport production seven.
45509,2018-07-11,74,6265.63,transfer,Institution site behavior box party.
69828,2021-09-03,241,7312.31,debit,Its peace school few.
56149,2018-07-05,658,7239.90,credit,Ahead happen organization.
86707,2019-12-30,25,6199.12,credit,Response order music image.
48572,2020-09-21,595,2468.12,credit,Change go least main.
9039,2021-06-03,457,7095.82,debit,Street trouble energy tree part.
66318,2020-11-03,814,3400.85,credit,Rate whatever current strategy piece message one its.
84875,2019-04-10,525,9807.12,transfer,Expert even painting order majority make miss.
44726,2018-11-23,948,9382.00,credit,Four close word particular.
1659,2019-04-13,258,306.17,debit,Investment senior future each.
55058,2018-08-31,606,9328.69,debit,Model leave student hard detail sing.
64252,2020-07-01,623,6694.46,transfer,All consumer simply avoid rate save.
13834,2019-04-24,287,321.37,transfer,But seven hundred sea billion evidence attorney story.
56823,2019-08-15,74,3862.23,credit,Possible through his population.
47473,2023-01-18,340,855.13,credit,Value arm social tree during religious.
83308,2021-01-18,828,1788.09,credit,May modern throw people up art effort.
60259,2020-06-17,889,4639.73,credit,Health form do spend explain.
92709,2019-09-20,241,3863.36,transfer,Three section appear too high business magazine.
20053,2019-08-09,940,2971.64,credit,Seat speak color.
57081,2021-07-03,423,2401.21,credit,Gun local support office minute least concern mission.
23087,2019-10-09,927,9067.06,transfer,Challenge way director six company catch.
96181,2021-05-05,534,9380.58,debit,Idea face stage college operation ahead.
68387,2023-02-01,418,6208.96,transfer,President oil miss exactly.
85257,2020-06-22,345,2876.68,credit,Seven design exactly skill air interest.
35401,2020-04-10,652,3515.02,debit,East six Mr but many.
80729,2019-05-23,455,7846.77,credit,Spend event between when be baby.
70540,2019-11-20,557,6280.69,debit,Specific coach cup.
63373,2019-10-12,274,3884.38,credit,Learn common accept.
60932,2019-12-15,660,9593.42,transfer,Give want series morning.
57092,2021-01-21,454,7203.04,transfer,Again in parent choice.
95818,2022-11-05,235,2175.96,credit,Away expect sound experience claim player respond.
77657,2020-02-04,639,5441.24,transfer,Audience her check school phone.
35180,2019-05-01,965,116.58,transfer,Against whom under able.
42246,2022-05-17,935,2634.47,credit,Design open letter artist two.
32178,2022-10-25,477,565.60,transfer,Very body market become measure.
11360,2019-06-14,459,5169.00,credit,Those record only thank.
36560,2018-08-27,899,4418.42,credit,Deal deal lot decide.
59088,2020-05-06,187,8434.79,transfer,Tell eight hold test.
31964,2021-10-29,974,468.66,credit,Yeah various note traditional.
98367,2022-02-08,395,6484.12,transfer,Officer country place direction notice somebody.
60911,2022-03-22,752,7227.16,credit,Arrive factor everyone state standard.
74692,2020-09-09,56,9188.03,debit,For medical necessary style meet note.
79998,2018-08-30,841,9050.84,credit,Middle new economic feeling vote call statement.
87581,2018-08-30,511,6300.10,debit,Interesting discuss economic article as.
49675,2022-05-05,241,7697.87,debit,Explain affect girl clear small.
44093,2018-04-05,943,4476.68,transfer,The my under economic.
3762,2023-02-06,601,8819.51,transfer,Own ball bag those medical.
64790,2020-07-26,570,9127.58,transfer,Claim good message.
42601,2020-06-09,366,5925.15,transfer,Special minute government tax over thought offer sometimes.
23835,2020-09-17,317,5456.97,debit,Couple then than yourself.
63905,2020-03-26,520,4787.04,debit,Exactly put above west deep.
27803,2020-04-05,890,7760.28,debit,Term play use interview.
46508,2020-05-26,880,1415.03,transfer,Player image program manager.
33863,2021-01-27,321,6218.36,debit,Moment your another.
44609,2021-08-24,311,4210.05,transfer,Various need school third practice.
36656,2021-09-16,860,1283.50,transfer,Other kid sport picture decide.
78140,2022-11-17,692,3080.00,debit,Garden star mention usually.
91906,2022-09-01,271,1019.14,debit,Him be need amount small various.
36212,2022-12-27,874,5477.32,transfer,Often several left.
72849,2020-04-16,910,9552.95,credit,Might eat their rather commercial article usually fact.
1331,2022-07-21,141,3566.81,transfer,Pick change as player pretty sport board.
67716,2020-01-02,68,6862.02,credit,Card today actually there prevent sort response.
25043,2022-06-28,191,198.67,debit,Long prove guess per attention.
11222,2019-09-27,303,3356.68,transfer,Produce clear game edge form same.
31636,2021-02-23,436,3265.09,credit,Cut special week left fund child difficult.
94382,2018-11-23,780,4554.43,credit,Nor not ready general.
53272,2021-11-26,928,6336.55,debit,Difficult soldier possible identify environmental.
64039,2022-11-23,314,1943.16,credit,Again now job dinner color myself together.
72769,2018-05-24,52,8389.51,credit,A degree worker option.
99375,2022-06-09,163,5346.19,credit,Nice war size however watch.
31500,2020-03-14,896,6164.46,transfer,Begin work toward many environment peace he.
90520,2019-12-21,127,4632.41,transfer,Door answer boy determine by.
62403,2019-10-02,866,4289.84,debit,Fast account owner understand relationship community pressure.
84660,2021-07-09,933,6619.70,transfer,Difference major feel admit.
93303,2022-07-13,362,2821.67,debit,Coach require seek old instead above.
64333,2020-08-16,701,552.74,debit,Authority focus whatever even letter.
58744,2022-05-06,378,8502.98,debit,Garden population light reflect commercial.
2261,2021-05-24,218,6949.43,credit,Rock prevent grow impact wonder.
12197,2020-04-05,757,1046.22,transfer,Difficult group decade accept church feeling.
38567,2020-01-10,668,4791.77,credit,Scene physical year cold home activity despite.
29046,2019-12-05,78,6823.29,transfer,So whatever left gun.
53006,2022-05-11,845,681.75,credit,Expect it eat himself store page.
90674,2022-05-15,323,5476.12,debit,Wait smile college despite glass training employee.
31891,2020-07-04,212,1971.31,debit,Age radio culture ready size already answer.
40136,2021-04-26,92,3956.39,credit,Factor base here dream raise.
87027,2018-04-21,781,3001.94,transfer,Wear happen control generation.
76226,2019-02-04,331,4871.15,debit,Agency institution off thought allow of.
48369,2021-12-29,191,7483.77,transfer,Result response begin bit deep.
62032,2021-03-03,178,7197.40,credit,Amount value never ago blood.
72545,2018-12-03,588,1485.24,transfer,Major power me office.
69589,2023-01-23,603,5571.56,debit,Decision me collection pay.
45057,2023-01-23,558,5494.03,transfer,After fact I lay standard night.
55772,2019-08-24,120,8768.49,debit,Pick such light real.
97772,2022-11-04,313,8182.80,debit,Very new weight perform.
72141,2018-06-24,522,5163.92,credit,Baby crime computer attorney near against strong.
43358,2022-07-02,995,4894.81,transfer,Pattern will rich girl program first want space.
46113,2022-02-08,141,3856.95,credit,Into identify with.
92125,2021-07-12,149,4678.35,transfer,Imagine than happy fish executive no us early.
59474,2021-10-08,933,6494.54,debit,Able stock turn detail tax call.
35510,2019-08-03,902,4892.42,debit,Car this newspaper.
40190,2021-11-19,513,1073.79,transfer,Feeling back task turn.
32952,2020-01-12,778,7256.04,debit,Material ask color blue research prove.
30218,2019-10-03,413,4941.22,credit,Or specific painting American coach population.
15815,2021-05-18,285,9658.20,transfer,Quickly mind seat moment door.
94541,2021-06-29,219,9158.82,transfer,Keep recent available.
25243,2020-01-12,540,11.10,debit,Deal look billion near enough.
41360,2022-07-05,398,6148.03,transfer,Rise opportunity term city west actually civil.
15671,2018-09-17,630,7314.36,debit,Record nature peace let.
97371,2019-05-09,625,764.42,transfer,Thousand together hope station run.
70237,2020-06-27,594,5614.00,transfer,Lawyer why point forward.
99902,2021-05-17,193,5048.30,credit,Kind charge improve political operation share artist forget.
90462,2021-03-10,971,2953.90,credit,Low politics hold pass place style church fly.
24268,2022-08-01,404,2416.36,transfer,Matter friend body lot.
25106,2020-08-10,693,156.91,debit,Bit grow particularly include among.
28362,2020-10-11,753,3750.50,transfer,Air moment day yourself.
96811,2021-09-01,340,9978.28,credit,Gas news majority plan board film.
63465,2020-07-01,224,1157.24,debit,Board represent edge exactly specific.
36242,2020-04-22,10,7965.82,credit,Within true major police that as.
94973,2019-09-18,750,7701.99,debit,See family particular set subject quite.
77279,2022-05-21,185,4205.28,credit,Series know better for.
99642,2020-10-28,887,1511.11,debit,Data cold white next community such win significant.
68766,2018-08-14,154,1651.01,credit,Meet capital specific understand.
78223,2019-09-05,104,5549.59,debit,Dog various claim as themselves.
37094,2019-05-05,912,2128.42,transfer,Change strong term fast.
13177,2020-04-04,865,9829.42,transfer,Guy task region letter.
25444,2022-01-26,465,6522.75,transfer,Image operation score.
38830,2018-06-22,306,4634.72,transfer,Thing senior part provide big develop.
29817,2020-04-17,940,1661.94,credit,Position garden simple yeah next life.
47302,2021-11-08,979,1008.00,transfer,Enjoy reason thought news act learn foreign.
23520,2019-05-18,399,2662.81,debit,Staff produce foot sing.
39619,2019-05-15,193,5268.66,debit,Ever third voice about than woman.
1855,2018-06-28,157,1852.41,credit,Administration fall job significant special.
92802,2020-08-24,667,6446.56,credit,Life late five police.
16592,2021-03-11,165,48.12,debit,Father most we wait develop word.
35955,2020-01-07,424,5475.01,debit,Party mother risk happen of discuss chance.
5966,2022-02-08,771,5123.13,transfer,Great option food anyone economy know.
7147,2020-02-29,793,9899.88,debit,Condition learn almost policy already.
72530,2023-03-20,334,7180.71,debit,Goal top candidate.
38291,2018-04-12,26,7072.66,debit,Show she school exist.
91412,2019-10-02,212,8422.79,credit,Glass detail example.
16552,2022-10-07,693,6138.18,credit,Door responsibility interest soldier within capital think economy.
83607,2020-12-15,690,6887.99,credit,Likely until whatever no daughter.
98670,2021-03-01,349,6949.22,transfer,Show indeed sound light everyone.
64341,2021-11-06,870,3888.53,debit,Foreign market month yeah would water.
13447,2019-09-27,205,5076.03,credit,Establish activity call development simple senior along.
1608,2021-01-30,991,7350.91,credit,Phone could word give gun stand break every.
75244,2020-10-17,349,6264.32,credit,Radio common trip.
37269,2020-05-02,9,9235.11,debit,Carry whole turn daughter.
61525,2021-04-03,36,4512.68,debit,Interesting simply exactly industry toward.
62747,2022-04-21,380,2460.06,debit,Administration go of bed artist loss grow.
57734,2021-05-28,174,3858.99,debit,Bill condition nice only consider foreign.
44658,2022-10-26,666,2372.02,credit,Region really song.
24165,2022-04-07,446,2634.24,debit,Across and particularly note view whether whether campaign.
6735,2020-11-22,34,4100.76,debit,Between return factor billion show middle.
33093,2018-06-14,213,5322.29,transfer,Bad suddenly until yet try.
62617,2018-10-20,206,3409.10,credit,Nature early agent herself.
14954,2021-02-07,663,4210.97,credit,Doctor exist her commercial stuff.
8565,2022-02-16,623,3449.12,transfer,Check less your build image.
52522,2019-05-04,924,9873.44,transfer,Call create role we control lose prevent.
64455,2021-09-19,308,368.03,debit,Recently local American on thing each.
9711,2020-09-02,238,2601.98,credit,Glass really pattern again arm second.
75632,2018-11-29,227,9303.92,debit,Name mind read right attorney stop police.
82503,2019-11-17,82,1351.95,credit,Contain find yard policy dinner factor natural.
89975,2022-09-05,230,3031.80,transfer,Half baby to hold.
7027,2023-02-01,550,7430.57,transfer,Health future shake while indeed break.
19888,2021-11-29,113,6016.60,credit,Ten affect can group.
19556,2019-01-08,265,7922.62,debit,Hand join bad available water bar produce.
73773,2018-06-04,818,9049.55,transfer,Identify very environmental find.
39825,2019-07-04,686,3246.18,credit,Population more maybe man month area husband rate.
11165,2022-03-19,651,2569.03,debit,Behind western test executive everybody collection listen.
32531,2018-04-20,778,717.30,credit,Challenge serious go century.
15526,2022-07-13,849,1579.14,debit,Fear ten candidate speak.
73148,2018-07-07,665,5698.07,credit,Message forget theory put.
54549,2018-04-22,462,7633.73,transfer,Finally keep wind son.
79472,2020-10-15,274,1666.49,debit,Name your raise race particularly.
78136,2019-07-26,573,4343.05,credit,Beyond might professor unit.
81058,2018-10-23,587,7425.47,credit,Peace wife store approach treat policy important.
29582,2021-08-06,104,9568.79,debit,Behavior bring history.
68495,2022-07-10,729,6935.22,credit,Imagine sport medical front their recognize always.
49857,2019-07-06,896,5664.92,credit,Still parent their type his forward resource.
59050,2018-04-05,274,2074.36,credit,About each painting economic operation year occur.
58029,2020-04-29,165,8403.84,transfer,Middle class maintain catch perhaps key.
38975,2021-01-21,470,2740.42,credit,We receive face security increase Mr face.
77140,2022-01-24,333,5069.86,debit,Measure civil major statement happen newspaper fish song.
56208,2021-02-07,955,8805.54,credit,Personal provide player stuff design behind as.
40027,2022-07-01,102,7324.24,debit,Live point movement hotel compare.
74532,2020-10-08,997,7465.57,debit,Itself decade computer term.
81400,2019-11-28,174,8066.89,transfer,Occur television exactly test player economy.
7895,2020-07-22,756,601.62,credit,Next court shake note take.
79906,2022-11-25,518,6394.84,debit,Politics whole less opportunity see throughout.
97005,2020-01-06,660,1520.02,transfer,Might join simple.
13007,2019-08-07,731,169.54,credit,Choose down whatever picture none whether customer.
99974,2022-08-22,226,442.27,debit,Against good candidate.
27236,2022-01-09,280,5995.48,transfer,Executive here strategy marriage.
81988,2021-07-11,817,6321.43,transfer,Suddenly natural decade interesting.
27660,2022-04-12,697,8988.90,debit,Understand send employee take consumer fund prove.
34688,2022-06-11,715,1653.43,transfer,Address little must decision perform note.
86564,2018-11-16,885,7851.39,debit,Always concern hot audience bar.
10642,2021-06-03,349,6668.71,credit,Wrong field whole suffer daughter lot.
20586,2020-11-18,552,9779.83,debit,Spend away economic policy glass.
31440,2022-10-13,695,1533.56,credit,Cup prove amount recognize close.
22783,2019-09-20,900,9631.45,credit,Develop heavy ahead quality week glass.
72351,2021-01-13,941,4659.68,transfer,Scientist level itself authority on view final.
9839,2019-08-10,118,80.78,transfer,Season opportunity peace build Mr.
20518,2019-07-10,930,605.08,transfer,So note our may wind.
351,2018-08-05,189,5862.47,transfer,Music view cup benefit morning animal picture.
53546,2023-03-06,150,6688.37,credit,Career audience she imagine.
59049,2020-07-16,446,6060.67,debit,Fine history town almost.
90358,2019-02-06,773,5727.70,transfer,Necessary high involve another quickly follow final.
77833,2022-03-03,657,8972.14,credit,Raise entire really sit some smile.
61593,2019-09-01,90,6610.82,debit,Front film day surface.
38176,2022-04-14,23,2095.85,credit,Through out career exactly I.
4279,2018-11-10,201,7638.86,credit,They Democrat like especially.
30341,2022-07-19,301,3695.77,credit,Policy manage thank meet space.
37763,2019-01-07,384,5476.04,transfer,Unit night pass information identify ask.
92663,2020-10-31,156,8271.74,debit,Show agency both reflect middle south.
37057,2021-09-20,930,3351.11,transfer,Lawyer door care director while.
92142,2019-11-27,688,366.99,transfer,Spend magazine them.
59511,2021-04-17,522,974.68,debit,Affect easy food throughout card.
9330,2022-04-30,232,9172.92,credit,Actually attorney under skill language us leader campaign.
90097,2020-03-22,282,7515.72,debit,True surface new through.
30596,2021-11-05,728,157.10,credit,All today difficult film character step.
34676,2019-05-04,26,8909.69,credit,Throw economy help deal statement admit available decide.
81928,2021-07-15,408,1374.44,transfer,Huge candidate possible recently reality entire.
77305,2021-07-31,347,8160.00,debit,Relationship today these want four.
86663,2020-05-13,465,8713.30,transfer,Effect happen skill.
25929,2021-06-03,553,3310.73,debit,Available environmental time sure eight must again media.
55724,2022-12-28,257,3555.72,credit,Score not reality son they provide media.
15044,2023-01-29,813,8855.91,credit,Often pattern option structure state.
71377,2021-08-05,40,2997.73,debit,Magazine per either kid list inside.
29467,2020-08-06,454,6822.64,debit,Consumer behind within television quality record.
84887,2020-12-13,109,4071.52,credit,Other seven friend dark middle.
19529,2022-02-12,943,5315.04,credit,Tonight write analysis explain.
34817,2019-11-04,926,8115.05,credit,Father determine education manage.
18644,2019-10-24,770,4854.00,transfer,Cost own moment baby lose us reality remember.
9360,2018-04-01,788,8189.43,debit,Be few police interview many.
7817,2018-11-13,785,6114.71,debit,Dog laugh report question spring.
21748,2021-02-10,228,2634.59,transfer,Event car increase include seven understand.
40320,2021-05-06,51,6694.19,credit,Avoid list begin image approach as state.
77994,2020-12-10,164,4457.77,transfer,Traditional rather ready including leader family executive.
98168,2018-10-04,416,9326.33,credit,Sit meet federal write writer.
74608,2022-12-10,56,5612.18,debit,Grow my certain.
37829,2022-04-24,30,1066.02,credit,Into wide today really.
57561,2023-01-01,250,943.50,debit,Less case certainly company consumer.
16300,2019-05-23,640,3123.27,transfer,Director kitchen risk cover hard enjoy fast.
61434,2018-11-09,699,7273.85,credit,Choice car development box notice think trip if.
90267,2019-06-16,708,943.62,debit,Me these resource serious simply understand country.
39858,2022-06-21,900,623.44,transfer,Than consider simply catch and.
91716,2020-12-01,261,8623.57,credit,A us reach especially agent.
52758,2021-04-02,735,4557.66,transfer,Shake design or street heavy direction shake.
35684,2019-11-15,88,799.48,credit,Threat thank Congress.
65598,2020-01-15,818,3572.65,transfer,Quality join five world.
70777,2021-04-20,243,4299.97,debit,Experience continue country fill apply campaign.
64723,2020-06-09,289,5344.10,credit,Nature after case itself.
57378,2021-10-05,35,1795.11,transfer,Threat along dog baby money small kind.
10544,2022-07-07,768,5356.37,transfer,Republican any hair goal study reason.
78386,2021-05-14,537,6146.16,credit,Assume own church painting.
5225,2020-08-25,201,3868.88,debit,Drive figure figure citizen.
56627,2018-12-26,35,7868.53,debit,Professional area argue.
96277,2019-08-09,239,648.16,debit,Personal stop course store huge hotel administration.
42248,2022-03-21,114,4763.78,debit,Charge success let must collection side direction.
79130,2019-03-07,463,2960.83,credit,Measure throughout agree current sign new.
32817,2022-01-06,799,1382.52,debit,No there play concern beautiful develop significant.
3391,2020-12-13,717,9568.31,credit,Politics investment against him behavior interesting student.
11971,2019-10-27,89,347.78,credit,Shoulder yes million here social home.
30006,2020-12-28,259,6721.52,debit,Thus agency specific market our sing.
88382,2018-06-24,808,2004.96,debit,Claim kid wonder you would.
75393,2021-02-05,904,849.66,transfer,Too generation town less late wear.
76956,2022-11-01,74,5180.78,credit,Blue them environmental over summer none.
2720,2022-06-21,260,3713.37,transfer,Policy well mother bed.
88118,2020-10-29,84,6529.63,credit,Design within financial catch yes air life your.
35326,2021-12-20,872,2832.04,debit,Concern tough section.
75530,2020-03-10,579,9494.03,debit,Boy work role reflect Republican hold mission.
5274,2021-03-24,370,6336.77,debit,Middle positive camera none article he many.
99126,2018-12-17,57,2321.95,debit,Picture together despite.
22963,2020-07-08,888,1347.81,transfer,Speak possible government measure protect stage.
61670,2021-04-17,979,423.55,transfer,To top return attorney clearly phone data.
68022,2020-10-01,560,4973.28,transfer,Consumer even wonder range.
85395,2019-09-01,505,4031.95,debit,Participant stock final what production southern.
57964,2021-12-19,740,6676.20,debit,Test mouth production.
36459,2022-07-25,211,9756.39,credit,Smile attention character least.
23789,2020-02-11,243,3578.53,debit,Owner party give movie know police though.
76721,2019-11-24,972,4235.47,credit,Look receive loss huge southern so form decision.
57133,2019-11-24,695,9933.23,credit,Keep seem describe plant term long kind.
83203,2020-10-01,805,4872.45,transfer,Window author note rest.
64452,2022-09-11,614,5496.08,debit,Well without name trip plant.
11960,2021-06-23,939,3432.12,credit,Know couple better wall make security smile.
61606,2018-07-16,177,8378.68,transfer,Seat relationship method indicate ever process.
45608,2018-09-10,442,7000.03,debit,Several total summer report debate social.
53524,2018-10-16,609,3475.89,debit,Official strong say door fire north hit.
43688,2020-12-21,704,7009.01,debit,Best medical explain price will still head.
42082,2021-04-21,786,6016.48,transfer,One bill wrong others check ability.
87836,2018-08-20,199,5686.23,credit,Former teach try then early training.
13711,2022-05-27,811,3447.60,debit,Will tend activity source.
21080,2022-11-03,448,6396.60,debit,North money prove agreement.
43229,2021-09-14,467,571.96,credit,Practice social tell perhaps name keep big.
53956,2019-06-21,413,3116.85,transfer,It big it leg economic organization spring.
90922,2021-11-24,946,8600.92,debit,Test throughout deep subject.
64943,2021-10-22,338,4629.09,debit,Interview throw no inside commercial ever.
37778,2020-09-06,568,5286.44,credit,Benefit future nor Mrs.
86847,2022-03-10,600,9109.56,credit,Message put blood discuss threat eat.
52489,2020-03-26,442,2117.29,transfer,Son write range participant we.
99681,2022-06-29,606,9058.82,debit,Fish teacher notice professor authority sister prevent cup.
72103,2022-05-27,72,8031.11,credit,Idea prove up buy whole.
4810,2021-04-23,42,4963.81,credit,Along away social red phone meet camera.
59615,2021-01-06,953,9732.37,debit,Feel clear prevent house.
11543,2019-01-03,117,3517.26,transfer,Mr however population catch wide western.
41225,2019-03-31,875,3792.89,credit,News bag wrong like law.
33083,2022-07-24,17,997.51,debit,Blue above early song world indeed range.
42373,2020-01-13,142,769.17,transfer,Friend turn theory rate newspaper understand case miss.
15195,2021-01-02,586,1085.22,debit,Happy her news power series.
52977,2020-02-05,540,5999.33,debit,Of argue difference my news either.
67450,2023-02-06,959,7556.39,debit,May of look miss opportunity fund after.
151,2021-05-26,814,6549.22,credit,Stand wrong say test.
86201,2021-02-03,959,5895.79,transfer,Increase stuff pass stage cell hot.
71119,2022-08-16,143,1532.42,credit,Buy new lay field item.
60553,2021-12-26,613,9118.05,debit,Question point available Congress describe.
54166,2020-06-27,565,1669.28,credit,Far stock old account man according.
7105,2020-11-14,763,9836.82,debit,Stage more exactly work talk week.
24587,2019-03-13,925,7175.32,transfer,Huge method live senior.
67953,2020-01-16,880,146.27,transfer,Federal check first example hand will.
47420,2018-11-27,118,4121.16,transfer,Benefit green party.
81610,2020-09-13,246,1656.15,credit,Culture suddenly agreement inside what network.
99149,2019-01-13,410,3457.57,transfer,Amount during election next pressure through.
65339,2020-04-16,695,3882.60,transfer,Today consider answer agent institution town.
81974,2022-09-29,943,562.55,credit,Common exist trial high first.
57940,2022-07-27,234,6504.43,debit,Sense building per else relationship available property.
99614,2021-03-04,478,4327.10,credit,Store community commercial music find story.
6765,2023-03-20,86,9318.13,transfer,Consider environment organization important break course.
26681,2022-10-04,513,2289.59,credit,Forget cut peace evidence player her out.
35004,2021-11-18,155,5145.78,credit,Four travel bank citizen worker physical several.
71988,2020-05-29,225,6737.88,credit,Floor major bit.
17173,2018-07-16,351,8682.50,debit,Food put bring daughter officer.
37753,2018-06-26,420,7335.16,transfer,Star social something say everyone seek explain purpose.
57425,2020-12-15,376,3514.50,debit,Gas that imagine per figure away leave officer.
91522,2022-03-04,260,6201.08,debit,Community become member bring trouble economic.
63533,2022-07-27,880,3861.06,debit,About window there social peace clear.
15916,2019-11-09,360,6218.09,transfer,Common arrive big very.
3784,2019-10-18,682,2885.82,credit,Until decide improve material into process.
82579,2021-03-20,37,5908.73,transfer,Area happen senior both push reduce right.
79807,2020-01-20,386,382.21,transfer,Thought crime management soon.
31366,2020-06-28,423,7304.12,credit,Quality involve state people kind after.
93033,2018-09-26,308,6605.67,credit,Single open can have may.
20759,2019-12-12,263,1866.73,debit,Often identify outside begin.
40731,2021-06-16,757,3379.37,debit,Cold camera person news shake.
72200,2018-08-10,574,395.81,credit,Various street toward poor protect.
1793,2018-09-16,453,617.44,debit,Chair win night easy.
72385,2018-04-10,256,2150.51,debit,Scientist now development increase.
53477,2019-01-26,379,9675.94,transfer,Until single lot miss.
12218,2020-06-17,584,3886.04,debit,Million surface ground.
14872,2022-03-05,932,8301.20,debit,Coach accept visit perform.
60483,2022-05-29,893,4395.80,transfer,Fight tough follow by eat opportunity cup reality.
15397,2022-05-03,194,6675.16,credit,Shoulder there reality class follow hear.
84897,2019-01-11,497,5316.53,debit,Along forward rich.
20182,2020-10-13,176,3013.24,transfer,Reality style government every single.
65324,2022-03-09,423,2849.13,debit,Garden memory gas.
93927,2022-01-07,320,4301.88,credit,Condition tax back go travel near product.
38255,2018-04-05,270,2008.29,debit,Section box group television carry.
66699,2020-06-03,529,3724.67,debit,General quickly computer early.
92460,2022-08-11,335,7517.59,debit,Guess impact wide.
35839,2019-05-03,466,6158.18,credit,Fish today he play.
54460,2021-03-18,881,294.21,transfer,Customer Mrs attack front rather piece specific.
63243,2019-10-02,515,2209.20,transfer,Effect soon why statement article country style.
61895,2020-05-14,368,2075.55,debit,Building serve when meet begin.
31947,2021-03-30,143,117.13,transfer,Much season term how.
59872,2022-09-03,822,8697.72,debit,Food loss beyond another step over.
72256,2021-03-20,647,8126.09,transfer,Type cost we common capital.
18959,2021-09-08,906,6024.02,transfer,Minute officer most better and husband window.
50278,2018-06-23,626,3765.60,debit,After billion mouth report.
24984,2023-03-08,225,6069.44,transfer,Home practice program boy.
78562,2023-02-06,25,3399.21,credit,Often according today finish leader black.
66617,2019-04-29,688,438.37,credit,Parent happen recent traditional them option commercial.
97819,2021-04-27,395,8930.21,credit,You security program development detail.
17893,2023-02-06,589,1147.33,credit,Vote design just network head pressure.
9151,2021-03-01,981,1962.18,credit,Account consumer friend level bar quickly.
36209,2021-07-24,264,8503.15,credit,Figure first position close.
54388,2020-01-31,406,7554.52,transfer,Evening meeting hour team school protect.
44549,2019-04-27,452,3100.58,debit,Yes call speech little.
66551,2020-06-29,55,2535.48,credit,Budget religious material present anything.
35019,2020-12-03,970,6525.77,transfer,Commercial thing chair continue food we process.
337,2020-09-25,656,6648.87,credit,According these fall there.
37073,2018-08-15,739,402.34,credit,General for customer draw however.
95165,2018-06-29,414,6493.97,transfer,Old name before give.
39133,2019-02-15,462,6341.67,transfer,Machine order management article.
76932,2018-06-07,236,7907.93,credit,Baby herself mouth stock particularly job million few.
76012,2018-05-02,98,2041.51,transfer,Soon century miss.
86500,2018-05-06,622,6851.43,debit,Later three action budget maybe six.
64179,2019-10-28,111,78.51,transfer,Close day say since film natural reality many.
19477,2022-10-30,110,8680.82,debit,Environment actually still land bar citizen.
58530,2022-03-10,679,6379.02,debit,Power pass idea within.
70593,2021-04-24,826,9246.13,transfer,School often floor as couple.
63484,2020-08-30,128,3634.55,credit,Anyone question chair fly.
45237,2019-09-22,803,8324.70,debit,Close before building price yeah attack building.
43574,2018-12-21,463,1254.57,credit,Hour election southern season together.
72341,2022-02-13,648,9176.54,credit,Or must carry herself we a huge.
99992,2018-08-01,343,4472.18,credit,Town defense huge Congress direction bit.
71229,2020-09-15,267,4952.02,credit,Particular attack another easy at audience.
49442,2021-06-20,775,7979.40,transfer,From notice point right.
59683,2022-04-22,214,5445.50,debit,Decade authority response skin check.
42177,2020-06-14,549,3523.16,debit,Poor writer present visit nice year remain yet.
24728,2019-12-31,554,8063.28,debit,Word law place generation guess policy surface.
91423,2020-05-11,923,3475.26,credit,Bill process leader safe detail produce.
31301,2020-04-26,485,1710.32,credit,Fear great here building religious visit grow.
74947,2021-06-15,898,2608.59,transfer,Local compare less be moment along go figure.
50197,2019-04-17,958,8413.46,credit,Newspaper assume white guess look black scientist.
30614,2018-08-08,217,2188.68,credit,Rather necessary fire spring.
53842,2019-12-31,705,4034.13,credit,Story memory as difference agent.
5721,2022-01-17,806,6039.40,credit,Little certain surface personal run themselves myself.
41705,2022-05-11,13,7461.04,debit,Part occur service still newspaper market new.
97610,2020-12-09,652,6345.31,credit,Wait help risk soldier.
92436,2022-07-14,162,1658.78,credit,Try sport yourself building.
49969,2021-11-26,553,3917.93,credit,Election wonder thus general avoid.
50605,2021-05-31,143,4154.65,credit,Authority west argue protect enter manage trade hotel.
86992,2018-09-10,191,3888.91,debit,Significant by agency increase thousand himself eye.
85462,2019-10-23,932,1493.58,debit,Threat minute debate technology.
19937,2018-04-09,506,1731.48,transfer,Point audience to group available authority red.
64924,2020-02-19,165,8119.82,transfer,Idea other attorney.
4853,2019-03-18,881,1792.85,debit,Return eye role change memory.
16548,2019-06-07,181,3964.86,debit,Safe source best director interesting.
65837,2022-09-18,958,2085.41,debit,Their man from according set also.
77357,2020-10-02,752,1157.37,debit,Add crime home public TV large article.
43516,2019-12-26,465,919.41,debit,Support reflect store age example president language team.
13155,2018-08-02,217,9415.71,credit,Beyond Republican article enough.
57712,2019-12-31,528,4231.81,credit,Nearly agreement agent.
13070,2022-08-30,566,6410.36,debit,Spring dinner stage.
68938,2020-12-17,750,7084.88,debit,Method population bad art coach eye.
59891,2021-07-11,850,4601.38,transfer,Talk art stock magazine special.
2012,2021-09-10,919,7864.47,transfer,Worker tend deal production play week.
94693,2022-07-21,12,6553.30,credit,Record check so develop.
18895,2020-07-13,52,180.36,credit,Exactly new prepare reality foreign.
53737,2018-04-06,584,4162.96,debit,Drop catch performance matter difference assume.
85824,2018-05-08,29,9782.42,debit,Close any prove five tend.
20233,2019-11-07,667,1460.27,transfer,Line hair without sound short.
9808,2021-10-28,545,5978.30,debit,Exactly almost late action throw grow season.
61538,2021-05-24,207,830.59,debit,Money right huge marriage our.
34738,2021-11-18,38,8419.18,transfer,Race whose perhaps account federal nation.
44376,2021-11-04,375,2080.60,transfer,Power age food seat impact fine.
81692,2021-05-16,253,1565.36,transfer,Court throughout stage not heavy perform.
90795,2023-01-15,626,9304.64,transfer,Collection Democrat activity occur affect some.
52099,2018-06-19,821,4167.68,transfer,Choice operation score state fund.
85176,2019-05-13,843,5314.41,transfer,Usually image choose current skill might.
10528,2020-01-20,146,4592.34,debit,Less pay either support maybe deal.
43066,2019-07-19,628,1219.49,credit,Through base spring debate future.
88390,2019-03-08,549,1490.56,transfer,Seat social actually affect activity.
69943,2022-07-19,989,6592.67,transfer,Little respond point onto.
49809,2020-07-01,517,9002.13,debit,Probably sign people artist deal outside medical.
41506,2018-08-08,60,1654.85,debit,Mind above wide father.
82156,2022-10-16,995,908.85,debit,General last impact herself old.
94204,2020-12-01,535,483.79,credit,Technology other head safe major hold eight.
99537,2018-09-09,836,2365.49,credit,Institution so prepare here stop.
63957,2018-10-06,433,9455.76,transfer,Community same beat become.
70913,2022-12-02,243,4363.79,transfer,Somebody view by husband try cause.
4706,2020-09-30,228,4166.99,debit,Should less keep author maintain now.
80932,2020-09-05,919,9885.60,transfer,Alone trade among month.
8969,2019-05-18,443,8725.73,debit,Series senior color make recognize.
30772,2020-12-05,671,8273.74,credit,Factor nearly reason rest management figure off.
82728,2018-12-18,729,8011.58,transfer,Necessary itself dog husband military Republican party Democrat.
89706,2022-03-08,382,696.80,credit,Allow kind everyone over deep whose unit.
37668,2018-10-26,897,1178.62,debit,Whether employee wind product new.
29818,2020-06-17,528,7072.92,debit,Sport personal not concern property.
97881,2021-05-14,129,72.78,transfer,Interview serve although.
11847,2021-11-28,773,8709.10,credit,Plan dream cup often among show risk.
56882,2022-09-17,440,1308.06,transfer,Color husband visit music together he night.
12904,2022-07-26,974,6791.09,transfer,Expert memory we degree peace.
99664,2022-01-11,55,9271.75,debit,Alone system economic development usually.
83067,2021-05-27,14,8044.43,debit,Station entire design us always whether trip.
92261,2022-07-25,367,9491.37,transfer,Kind score full management green market again.
13174,2021-01-07,170,4307.17,transfer,Experience light least good system shake.
58154,2019-04-07,768,5625.62,transfer,Form company read anything general eat.
21806,2019-12-03,690,3699.20,debit,Window official too memory tax design by.
90965,2018-08-30,532,4121.78,credit,They just ok whatever fly help kitchen.
39252,2020-05-17,942,5192.42,transfer,Pretty want which lay information instead other make.
3795,2020-08-31,35,5566.86,debit,Soldier instead democratic become.
6029,2023-01-29,393,502.58,debit,Yourself best nice recently state you.
42517,2019-07-30,417,2391.28,debit,Evidence director particular fly.
7356,2020-03-29,955,7481.42,credit,Yeah western law into attorney issue choose common.
38453,2022-01-22,262,2326.16,credit,Beat last case class dinner me.
46985,2021-12-24,839,8662.23,credit,Thus together another difference million family.
49132,2021-06-04,128,5849.33,transfer,Maintain property same vote off newspaper.
56451,2022-10-16,79,4883.41,transfer,Event determine in less herself artist girl.
19081,2022-08-05,456,8003.64,debit,Member daughter everybody nothing.
32008,2021-10-28,752,8019.66,credit,Soon well community success least car focus.
69622,2021-06-07,694,9954.22,debit,Appear organization population where arrive brother guess.
54009,2018-10-11,102,2772.34,credit,Turn on exactly beyond large south sister.
89365,2022-07-23,321,3185.47,credit,Writer white language among own player.
23601,2019-06-11,88,4146.45,debit,Free administration nothing point talk big fly.
22281,2021-06-30,849,184.80,debit,Image name job provide family see friend modern.
22947,2018-07-25,363,7741.50,credit,Remember central course.
10351,2022-01-10,603,9883.92,transfer,Add she go little near accept property time.
79888,2022-12-28,365,571.03,credit,Particularly lot lawyer special citizen well happen half.
81227,2018-06-08,526,6538.52,debit,Money walk pull full must.
89540,2018-09-25,658,173.81,transfer,Do need sometimes administration here small.
31567,2019-06-15,217,1115.31,transfer,Pay practice measure green worker same environment.
65231,2022-06-28,397,6518.35,debit,Discussion still shoulder.
76436,2021-08-21,394,6680.67,credit,Message fire improve attorney store my.
18759,2022-06-27,575,5523.64,credit,Throw certainly past entire.
30434,2020-03-08,826,8540.44,transfer,Us early audience mother hospital.
60444,2019-08-14,121,4066.97,credit,Our give spring oil.
83612,2022-02-16,981,1213.86,debit,Record owner none team according.
33290,2021-07-03,890,2825.84,debit,Study mind stuff realize alone only.
60237,2021-12-24,112,9839.05,debit,Father produce rest to city drug full.
33467,2022-12-02,955,18.66,transfer,Behind even door happen several.
87405,2022-03-08,909,8103.70,transfer,Summer fire only offer over mouth possible.
1232,2020-06-01,934,1733.09,debit,Why goal general however meet simple see.
60982,2021-06-23,360,2032.83,transfer,Structure message group bring month.
37701,2022-01-12,865,50.12,credit,Only else sport.
88816,2018-06-22,56,4547.01,debit,Leg on sometimes her next it question.
71644,2021-03-28,895,4344.50,transfer,Pressure represent on perform green program by.
20707,2022-07-31,731,2810.69,debit,Fire grow hair likely.
9682,2020-04-02,319,7639.98,credit,Coach security point officer dog shake.
57899,2021-10-05,23,3594.54,transfer,If heart radio water effort house professional.
45294,2021-11-11,728,4039.62,debit,Trade structure manager safe.
77015,2023-01-19,619,6710.21,debit,Particular throw those decide color key feel exist.
39211,2021-08-09,852,7636.64,credit,Kind magazine response.
83747,2021-07-14,696,5626.82,debit,Different brother whom test describe.
55616,2021-07-27,486,5363.16,transfer,Resource write page not.
90481,2018-07-12,981,3058.96,transfer,Available real sit reveal type no support.
32781,2020-05-05,176,9821.55,credit,Discuss can notice force summer easy weight.
59879,2019-05-31,197,7832.84,transfer,Can join center history.
39600,2022-10-10,424,3291.36,credit,Say tonight power by chance law run.
26112,2019-04-02,925,2808.31,credit,School fish economy.
50423,2020-10-29,468,8069.10,transfer,Opportunity everything black mean whether real her.
63336,2019-09-29,332,7435.97,transfer,Attack firm wall cell daughter conference.
13980,2021-11-19,416,7076.40,transfer,Break his radio charge.
31092,2019-08-18,356,484.81,transfer,Care make reduce article woman.
49987,2020-10-14,529,1029.40,credit,Enough ever tough cost check trade.
74964,2021-11-02,185,1269.81,transfer,Left such difficult age after skin.
47050,2020-03-03,400,2220.50,transfer,Player health detail north.
75342,2022-10-27,570,5025.38,credit,Station person bad through cold state wall during.
38781,2019-12-22,462,7429.32,transfer,Speech treat budget soon.
91656,2019-01-21,224,9985.62,debit,Voice end worry speech.
38697,2019-08-16,155,1625.19,credit,Own opportunity boy about Democrat member.
2876,2019-12-02,51,5020.56,debit,Join appear others town rich huge.
86276,2021-05-15,699,7507.00,transfer,Against administration list firm.
51880,2021-02-08,237,7081.52,credit,Seem dog leader.
35977,2020-12-26,580,5482.23,debit,Size company claim husband clearly good inside condition.
1062,2023-03-10,784,8902.15,credit,Once because focus Mrs.
89890,2018-06-15,830,9696.94,debit,Listen later teach itself agency employee.
97606,2020-12-10,485,3822.47,credit,Stock day probably.
6429,2021-09-05,374,3069.02,credit,Few carry second despite politics catch.
79483,2020-12-08,837,1709.07,credit,Memory southern reveal live quickly.
97672,2020-05-04,555,142.08,transfer,Score area success child.
65108,2020-12-25,816,5969.32,credit,Kid assume tend environment may.
37513,2019-09-20,656,1209.93,transfer,Size nice couple line.
30163,2019-08-17,582,3226.94,credit,Give beyond reality structure.
79570,2018-10-29,752,8402.65,transfer,Imagine too deep form imagine quality.
46180,2022-03-02,336,5840.32,debit,Particularly matter sure throughout official.
28706,2019-02-24,872,3675.71,credit,Show everyone style well a always skin.
83443,2020-12-09,717,2532.88,transfer,With walk over everything various especially.
24921,2022-01-09,537,620.80,credit,Attention rise high what series thing kitchen full.
81382,2022-09-14,770,3676.23,transfer,End reality traditional according against.
32851,2020-07-04,86,333.61,debit,Also newspaper after indeed join his away.
88836,2018-08-01,116,3079.37,debit,Never out election evening skill project example.
99036,2020-09-28,265,4922.34,debit,Nor seven put with.
94494,2022-11-25,537,9104.54,credit,Those change rich else everyone.
86401,2021-12-07,490,5811.30,credit,View customer car decide suggest glass win.
89242,2021-04-01,845,2575.88,credit,Hear sometimes ahead exactly just whose.
17928,2020-07-04,133,6407.38,credit,Rest forward stuff.
82346,2022-09-26,919,4872.51,transfer,Throughout better eye model inside organization camera.
12736,2019-09-16,378,1799.56,debit,East because low in media avoid accept.
82243,2020-06-06,734,2574.18,transfer,Environmental time trip area compare.
84718,2023-03-01,610,7794.87,transfer,Wear prevent close rule.
5168,2021-09-06,246,274.42,debit,Necessary own know avoid think.
40493,2021-12-13,77,843.74,credit,After authority wear police coach indeed rule.
57780,2019-08-29,320,4037.46,debit,Cause standard media life expert.
4374,2022-04-17,381,7694.33,credit,Enter play growth center buy time professor.
75966,2022-01-08,406,8666.59,credit,Imagine I impact two trial me address.
47824,2021-08-06,9,5593.89,debit,Section growth people resource.
95992,2018-12-24,187,3930.77,transfer,Notice ever can thought.
17225,2019-01-30,437,7209.96,debit,Work sing difference condition feel.
11814,2021-11-19,376,7978.97,credit,Job trip need subject area take.
38681,2022-08-12,754,2039.84,credit,Can range reveal something increase.
42824,2022-10-13,246,5456.87,transfer,Spring rock evidence floor.
97974,2019-07-19,117,793.43,credit,Involve home present fill go support him.
54461,2021-11-29,689,4479.59,debit,Green issue possible every.
23022,2019-12-11,139,5864.13,transfer,Question team serve somebody officer.
26319,2021-04-20,519,5533.65,credit,Heavy month particularly eat cup enjoy.
17323,2019-08-06,417,9080.68,transfer,Give four form small much reason.
70702,2018-08-29,411,8481.34,debit,Detail skin traditional character degree.
47954,2021-10-31,969,3134.96,transfer,My son entire cultural.
69580,2018-07-12,690,9908.40,debit,Interest eye hand history treat mean discover.
65772,2018-04-27,11,4184.49,credit,Summer success summer only difference seven.
35721,2019-03-09,413,6384.56,credit,Drug company price ground nation.
21568,2020-07-18,433,8947.45,transfer,Way one able democratic yes.
33682,2020-03-31,220,1482.96,credit,Dog realize play foot cell wonder.
63157,2020-11-05,951,8872.88,debit,Executive official sit give father.
38685,2022-04-16,470,7566.61,credit,Customer modern out quality.
97854,2019-04-25,777,2009.12,credit,Long use candidate crime.
44397,2019-07-26,85,9568.32,credit,Manage ahead name throughout responsibility.
15096,2018-08-16,155,2332.15,debit,Great much boy guy industry decide skin.
61386,2020-01-18,51,8974.89,debit,Although once say successful clearly morning dream source.
9870,2019-07-24,893,6741.58,transfer,Population participant law international we.
18450,2021-10-07,678,4542.76,debit,Course the pay fill water.
98849,2018-10-15,719,2975.18,debit,Lawyer actually begin during.
29572,2020-11-29,919,3866.32,transfer,Message since impact good guess democratic success together.
88648,2019-03-10,27,2727.34,transfer,Article level key yard none.
94925,2021-12-15,244,7057.85,transfer,While such top bag design.
88396,2018-08-10,842,7308.09,transfer,Choose scientist side hotel learn yet.
52090,2021-10-18,292,8503.27,debit,Week truth need boy age white.
73049,2019-12-27,995,5024.93,transfer,Among about exactly tonight.
47943,2018-06-05,303,8990.13,transfer,It size where.
11837,2023-02-26,654,3508.58,credit,Both none final relate sense radio court.
51718,2021-10-10,293,8280.49,transfer,Position after condition blood politics.
1825,2018-08-05,647,5802.96,debit,Teacher religious laugh present end your.
34664,2018-11-04,730,3440.51,transfer,Run send red include.
70330,2018-05-26,82,5580.90,transfer,Else realize stop forget chair.
16200,2022-10-17,50,9826.59,credit,Suffer town operation behavior big everybody.
59610,2021-07-22,460,2383.29,transfer,Adult where fly natural firm use.
48312,2021-12-29,916,1012.40,credit,Person his head ten.
88189,2021-08-04,247,5590.28,debit,Meet administration happy sit I never seem we.
98175,2022-11-09,561,8676.98,debit,Though side however billion get amount job.
88126,2020-12-20,415,3714.40,transfer,Nature pick challenge next again as.
34363,2019-04-14,739,8658.22,transfer,Build your trip.
76620,2022-12-02,801,6047.64,credit,White end specific.
49942,2020-09-10,423,7196.94,debit,Capital option although chance.
83696,2022-04-22,811,8409.63,transfer,Close sign state prove.
48690,2021-10-31,852,2180.20,transfer,Reflect church claim skill win general.
14202,2020-10-28,393,4286.71,debit,Project himself difficult concern feeling wear already.
88453,2021-01-01,464,9669.03,debit,Trade only seven trade range inside fear.
30648,2022-04-17,614,7910.32,debit,Beyond player easy they continue.
61798,2021-09-06,276,4117.51,transfer,Office certainly skin son.
3281,2023-03-24,362,1769.25,transfer,Will computer blood box gun.
81206,2018-08-31,42,6830.71,credit,Popular continue wide.
73585,2019-03-19,86,2470.99,debit,Production may time read investment point citizen.
42993,2018-07-02,872,3530.35,credit,Level none soldier seven worker able him around.
79965,2019-01-30,844,6701.09,credit,Mother own model.
29016,2020-05-07,1,4741.94,transfer,Affect although home answer relationship nearly recently.
84890,2019-09-15,965,6041.31,credit,Factor house rate others other machine.
8286,2021-12-13,282,2259.21,transfer,Continue into talk this second practice peace.
83284,2021-08-02,915,9607.38,transfer,Hour purpose learn us TV.
60853,2020-05-09,196,1381.59,debit,Personal less business audience customer.
91892,2022-05-06,631,6510.97,credit,Happen sometimes plant say push yourself spring.
39609,2019-04-24,659,7786.98,debit,Piece political respond low.
85098,2018-12-27,87,45.12,debit,Another worry indicate ground wonder.
53517,2018-06-12,165,7195.52,transfer,Strategy himself course result improve describe.
15293,2020-08-27,709,8930.50,transfer,Hit sister baby collection out.
18321,2021-03-06,181,756.17,debit,Over age relationship.
5944,2021-03-30,456,7542.16,transfer,Top across reveal.
4878,2021-01-07,467,458.14,credit,Tough front play son drug western.
39894,2019-11-01,773,3675.94,debit,Teach drop any.
64570,2022-04-07,200,5538.72,debit,Party music art school space evidence.
15221,2022-11-04,482,6427.18,transfer,Want finish piece discuss.
12740,2018-12-17,848,2275.59,transfer,Focus produce manager own.
30776,2020-03-23,671,8660.18,credit,Form chair own audience teach wind society.
70458,2022-06-09,373,5341.83,credit,Least score change organization hospital.
17782,2023-02-02,669,8877.65,transfer,Issue discussion two music.
50941,2021-05-24,573,662.57,debit,Member situation kind news hand.
59460,2021-10-19,858,18.53,transfer,Baby central financial.
48630,2019-09-10,896,6337.99,transfer,Sure budget pay foot them product system.
87882,2019-12-19,384,2802.98,credit,Material above evening interesting class coach suggest.
97405,2019-01-13,541,9246.38,debit,Nearly understand campaign hope enter arrive official.
91290,2021-04-01,390,4100.61,transfer,Program medical analysis arrive husband leg respond.
70805,2019-06-30,607,6309.69,debit,Owner ground charge wait toward.
54936,2019-06-09,96,9106.66,credit,Five standard staff because gun travel.
76984,2019-05-03,83,1299.85,credit,Stuff study sport particular heavy cultural human.
97291,2021-09-27,485,8554.95,transfer,Skin street wear home include individual.
95237,2018-10-16,103,3057.79,transfer,Where mouth security task be serious himself picture.
20254,2022-04-01,780,9959.84,debit,Past former end.
54380,2022-03-30,26,5774.01,credit,Religious walk half bag performance prepare drug.
85842,2022-05-25,583,7724.61,transfer,Spend however main.
12979,2020-10-31,945,4573.01,transfer,Learn should response nor turn.
64140,2020-01-07,861,1484.73,transfer,Reach they ok out Congress consumer.
80695,2019-02-23,272,6526.25,debit,Account our radio environmental.
53493,2022-01-04,231,4651.25,transfer,Lot fact media wide central.
36667,2021-10-26,753,3687.32,credit,Amount staff cover mission society body drop.
4289,2020-05-23,975,9376.63,debit,Toward course television hard hair thousand important product.
90477,2023-01-30,973,6123.23,debit,Present view above however.
48567,2022-03-30,539,1851.89,transfer,Benefit close alone what.
28478,2018-11-13,586,6509.90,transfer,Piece popular election the gun.
58116,2019-03-20,367,1086.00,transfer,General much should mouth drop.
58288,2023-03-16,693,3888.71,credit,Help include stuff put white suffer.
30948,2022-07-15,156,6562.95,debit,Some body perhaps language every exist fast.
47538,2019-03-18,885,5838.39,transfer,Others most appear wait huge.
13023,2023-02-18,502,645.87,debit,Avoid cover side each.
89874,2020-05-24,616,3052.02,debit,Pressure bit give shake involve everybody.
48148,2022-09-24,271,4590.31,transfer,Everything among institution every tend process.
71365,2019-12-29,35,2494.97,transfer,Candidate through down something dinner little.
84519,2022-01-11,333,7556.23,debit,Direction ready almost along citizen itself.
47013,2021-05-19,352,1948.84,transfer,Government collection government thank me.
7937,2023-03-06,585,1363.64,transfer,Senior rock thousand effort.
52185,2018-05-22,438,9835.14,credit,Yet appear office step better standard art Mr.
36161,2020-10-25,944,8331.95,credit,Marriage one if.
24879,2021-02-12,615,7656.58,transfer,Home rate stay six final inside.
16012,2020-08-06,955,4644.93,transfer,Capital certainly entire information visit term yourself.
59601,2019-12-04,2,3302.06,credit,Quality military ground whole.
12016,2021-12-23,985,50.77,transfer,Success dog business whom production he yeah.
86871,2021-07-30,22,6996.93,debit,Small trouble truth during Democrat cultural real.
27802,2021-08-11,412,1964.87,credit,Age between beautiful cut let return.
84110,2020-01-24,816,6516.34,transfer,Indeed size real.
83820,2021-06-20,826,4915.41,transfer,Worker environmental air deal human life popular.
78270,2021-04-17,802,6315.29,credit,Weight on check assume three.
2800,2020-08-03,585,5411.34,transfer,Building would operation space watch increase.
6630,2018-06-02,622,7732.46,credit,Individual establish financial which court.
43714,2018-10-29,609,7289.32,debit,Story east she performance argue measure.
31926,2021-04-14,340,650.04,transfer,Write check project scene right play different.
16506,2022-10-01,434,238.97,debit,Doctor half site rich everything believe effect.
74001,2018-07-31,105,2926.00,transfer,Explain again save on within behind help.
26897,2019-09-30,18,7832.86,transfer,Brother claim really push.
8993,2022-03-17,1000,8764.19,transfer,Sport international option idea coach boy magazine.
72642,2022-08-23,688,6900.52,credit,Plant among environmental provide much Republican.
27153,2020-04-18,686,6795.31,credit,Under tough staff particular woman growth believe body.
76859,2018-12-24,589,6438.59,debit,View amount staff site address mission book.
28306,2022-08-09,544,9949.81,transfer,Learn point management.
30540,2020-07-12,331,1592.85,credit,Idea campaign office.
43065,2019-01-05,592,5481.96,transfer,Onto truth only medical dark knowledge part.
19341,2020-12-12,696,2002.50,debit,Debate worry shake them whose mean add.
78117,2020-04-12,745,6223.06,transfer,Man upon citizen police defense.
372,2021-11-09,417,7698.83,debit,Itself without outside.
36343,2021-09-08,725,6775.68,debit,Treatment too test attention shoulder power.
18965,2021-08-02,302,9164.50,credit,Family before image available letter machine.
17039,2021-11-06,625,9981.54,debit,Order argue a stock prove different year.
70808,2018-09-17,255,6491.19,debit,Full add left along speech.
32854,2018-09-07,555,6225.17,debit,International strategy ground approach tree his.
22872,2018-12-23,515,2.26,debit,Congress skin commercial clear.
14409,2022-03-24,945,2509.13,credit,Food the able memory somebody from.
86647,2022-05-24,479,6797.29,credit,Tell still tough hospital worry.
3380,2021-08-16,476,4196.77,transfer,Gas soldier child future suddenly them.
17276,2021-09-24,202,2678.10,debit,Deep before old order end pass.
1948,2021-02-12,418,5232.64,debit,Your score lot student.
46956,2018-05-29,65,8189.16,debit,These forget they give general general join maintain.
31187,2020-01-14,775,8086.86,transfer,Think player government couple.
77183,2018-08-12,462,8047.88,debit,Under decision defense anything in serious light.
42438,2021-05-06,756,9877.82,debit,Article mother avoid least our guess daughter.
2069,2019-07-29,988,2717.68,transfer,Provide line decade into live.
22839,2023-03-10,573,5006.13,transfer,Against tonight attorney summer.
34783,2021-12-17,66,6656.76,credit,Letter style sing use along.
6869,2022-12-21,949,8571.36,transfer,Language weight opportunity fight institution often.
16615,2020-05-21,233,6198.31,credit,Move three born eight color door.
97219,2019-11-29,713,5394.16,debit,Dream good sound station media care scientist.
55177,2018-04-01,506,3478.28,credit,I its charge possible recent computer yet.
68956,2019-08-11,128,6973.62,credit,Help local technology garden avoid listen.
14897,2021-03-06,877,6267.30,transfer,Up least carry pressure half two include.
97736,2019-08-22,651,4276.55,credit,It live accept local run sometimes boy.
8331,2022-02-05,96,4398.83,transfer,One present sort happy.
62423,2022-08-17,156,3412.70,credit,Catch next as collection response discover public.
58757,2020-05-16,816,5744.73,debit,Or help company see anyone baby against.
47454,2018-04-24,163,2772.83,debit,Senior travel suddenly cell.
67272,2019-03-01,613,5970.48,transfer,Now build energy election finally.
77813,2020-12-03,736,3773.96,transfer,Action eight process plant.
14294,2019-12-14,509,5892.13,transfer,Decade two then air others.
59246,2019-05-21,856,3215.12,transfer,Green participant add beat follow others quite arrive.
66040,2019-11-26,574,4717.95,debit,Must from measure above eat.
29039,2019-08-26,182,2597.12,credit,Hit part street process size time.
80624,2022-10-11,635,9417.47,transfer,Fine cell issue air.
5684,2019-05-30,123,5316.48,credit,Often now particular key.
95322,2022-04-21,863,9603.81,debit,Finally key Republican citizen.
86364,2018-07-15,832,1018.40,transfer,Read fire everybody reality staff alone claim.
68348,2020-03-07,321,6640.57,credit,Money even ever arm night medical.
39536,2022-03-08,842,824.10,transfer,View fast war who discover practice.
60037,2022-10-26,537,4766.88,debit,Month something information I listen newspaper win.
84324,2020-10-23,226,9570.17,debit,Follow difficult do how plant.
4083,2022-03-08,111,6155.83,debit,Two increase leader former simply interview for.
7973,2019-08-07,84,5060.52,debit,Can deal hospital without country face.
62782,2018-10-08,419,8621.89,transfer,Coach arrive argue.
52641,2018-07-01,815,8467.03,transfer,Leg positive result necessary can point at.
55873,2021-08-31,833,9640.23,debit,Reach every improve build mean capital.
89929,2020-11-15,868,9201.02,credit,Husband south word play only organization.
14151,2019-12-31,759,1196.81,credit,Actually mouth throw evidence daughter try writer want.
64261,2022-11-17,42,3047.70,transfer,Police song lose task imagine.
93376,2020-02-05,149,3866.71,debit,General total how huge hear maintain image form.
58139,2021-10-31,698,7206.93,transfer,Low trip run world red born.
9633,2019-08-01,197,4734.64,transfer,Firm military simple expert certainly field memory.
10590,2021-07-30,285,5877.41,debit,Lay indicate tough record.
42220,2020-11-29,289,3053.23,debit,Hot too provide section position development cell.
79731,2020-07-14,973,5608.12,debit,Law shake itself this discuss.
19443,2022-12-11,524,66.45,transfer,Four hot sister real trade officer.
8610,2020-06-16,923,2699.85,debit,Serious skill mean dog.
16541,2021-03-25,470,1987.43,transfer,Be near hotel like field firm.
36047,2022-09-25,822,2664.69,transfer,Each read network challenge effort price music.
81831,2022-02-11,498,6574.69,transfer,Than marriage despite theory unit resource.
82979,2022-08-18,657,2691.64,transfer,Social part fine add career.
76725,2020-06-19,371,9216.12,transfer,Who drop the feel shoulder.
71875,2021-11-20,632,1812.86,credit,Eight consider pay.
93344,2018-04-25,613,8239.21,credit,Fish window central race fund.
42623,2023-02-24,674,2260.29,debit,Glass condition TV special edge second.
49926,2019-02-10,228,5683.17,debit,Ok pay ball partner season mind since enter.
78302,2018-05-15,915,9653.44,transfer,Food exist reflect own ready sound issue.
69542,2020-04-02,747,4311.63,transfer,Leader public color head.
38653,2018-11-04,44,2695.29,transfer,Republican heavy know toward onto early.
59470,2019-03-29,51,8309.62,debit,Alone white rise industry boy.
66264,2019-05-03,735,1221.80,credit,Movement story lot appear.
79355,2023-02-20,259,6288.41,debit,Discussion somebody sign assume various.
56388,2023-02-21,962,422.44,transfer,Control often hit type.
13000,2019-04-27,884,3748.50,transfer,Trade quite take take truth traditional.
91984,2019-06-12,421,7715.89,credit,Majority stop pay politics apply laugh reach.
14997,2020-12-24,593,4943.73,debit,With more color memory model.
85815,2020-10-05,404,4073.32,transfer,Page relate over risk.
85317,2022-01-19,846,5692.07,debit,Nature offer include water computer when she art.
72265,2018-08-12,509,754.56,credit,Picture mother worker toward.
94482,2020-04-20,565,7151.19,debit,Yeah vote question rate memory easy.
28184,2020-12-01,182,3171.64,transfer,Various question left exist laugh.
56371,2022-07-11,635,4473.88,credit,Focus chance indeed fish whom because.
59187,2018-07-28,423,1622.68,debit,Seven treatment approach computer.
29950,2019-06-06,267,889.15,credit,Even imagine range return unit reflect its.
54240,2022-02-14,54,3584.79,credit,Change visit push field.
44425,2020-08-14,182,9105.31,debit,Moment environmental five recently down.
59442,2018-12-26,683,9074.78,debit,Later interesting capital already.
52263,2018-05-24,475,2378.40,credit,Yet beyond window raise time likely degree camera.
54525,2021-01-14,604,7220.30,debit,Director center mean general worker.
95632,2022-09-28,722,6059.32,debit,Parent arrive month protect.
12464,2019-08-25,104,7880.80,credit,Child number garden owner forward.
40967,2019-05-04,961,317.79,transfer,Rise race look century unit.
55937,2019-07-21,842,1463.60,debit,Hand hold indeed evidence wrong customer share.
40964,2019-08-21,107,4198.23,transfer,Simply fight alone entire throw hope election out.
87178,2021-06-17,619,5941.00,transfer,System friend bit only attack.
33409,2019-12-11,336,7278.28,transfer,Any success author though probably.
49061,2019-02-10,679,6708.07,transfer,Security medical protect option anyone professor company.
20007,2022-10-23,471,2597.98,transfer,No finish project music modern.
90024,2022-03-31,668,7112.03,credit,Subject especially college these born doctor different.
62164,2021-02-11,599,1127.98,transfer,Interesting cut sure sit bit.
8800,2018-05-28,956,4279.96,credit,Travel light very.
11958,2019-05-14,582,5568.33,debit,Part those something staff hot meet.
11189,2021-02-08,345,6645.61,credit,Bit assume along all middle official western late.
12220,2023-01-20,428,4573.92,transfer,Relate almost power memory recently myself off.
56607,2020-10-09,7,6877.56,transfer,Six on president.
12657,2023-02-02,390,802.17,debit,Rich time perform year hour miss before person.
97595,2020-10-10,213,1630.05,transfer,Power name father surface federal.
96836,2018-04-03,531,1995.53,credit,Worker move risk forward activity.
48844,2022-12-30,587,5655.07,credit,A investment discussion amount enjoy whatever.
17055,2022-07-28,680,2140.28,debit,Cup model green evening lead material attorney.
72925,2019-05-16,481,5831.66,debit,Quality last explain space should fill either head.
7862,2018-06-17,593,5117.24,debit,Pull market fast view rather after.
76870,2022-12-06,14,1172.94,debit,Fact politics onto into guess especially.
73609,2019-12-06,850,1101.17,transfer,Citizen save participant sound close international.
73621,2019-05-26,348,227.89,transfer,Manage if represent she quality partner physical.
43208,2019-07-22,473,220.81,credit,Health skill center attack position happy indicate view.
87820,2021-10-04,423,6758.20,debit,Throughout southern teacher listen imagine.
16022,2022-05-12,211,2519.20,credit,Necessary skill player job build.
53846,2022-12-01,243,5848.90,credit,Exactly thank line.
46347,2018-04-29,307,7092.89,transfer,Democrat skill risk left a tend just.
87208,2020-10-05,131,3862.54,transfer,Computer of I theory actually.
98342,2018-12-02,163,6806.34,transfer,Long dream lose hotel western.
55436,2022-12-14,449,3632.96,credit,Speak seem break leave person.
94511,2020-05-23,128,1797.39,transfer,International actually college even factor book whole.
6744,2019-04-12,538,6865.44,credit,Similar its as minute instead say my them.
78697,2020-01-16,462,3719.39,debit,Own half maybe understand.
40954,2018-10-16,672,7962.25,debit,Entire force season.
46091,2018-09-11,837,4126.49,debit,Because item along education.
13580,2022-12-14,648,9105.60,transfer,Test long wait rest experience.
75749,2020-08-26,44,2834.74,credit,They camera dark this friend card peace.
66508,2018-08-24,89,290.55,credit,Fill side test church when over analysis.
27885,2018-12-02,689,4141.52,debit,Value hour sort adult cut.
20281,2020-05-15,556,8329.85,debit,Impact by nothing mean everything ask.
86080,2019-03-28,904,6526.73,credit,Main expect nature ball air attention organization another.
63202,2022-01-25,440,4439.22,debit,Father product suffer care street determine scientist.
29393,2019-04-23,761,2348.34,debit,Bit strong knowledge need could.
14185,2019-07-22,849,5433.60,credit,Baby role usually.
45891,2018-04-11,748,741.13,debit,Difficult a public.
72911,2019-07-07,834,7680.37,transfer,Group box author hard.
48177,2019-09-19,115,4441.78,transfer,All set share too leg rich.
15059,2020-12-07,48,2734.10,transfer,Send structure high thus shoulder.
99957,2022-06-20,32,187.46,debit,Return special herself responsibility even near.
36513,2019-02-07,89,63.78,transfer,Near medical more eight move.
75249,2019-12-13,412,5978.93,credit,Year tonight interview improve home report.
29644,2019-05-29,533,2088.82,transfer,Significant reveal generation dog plant force.
56245,2020-06-19,378,3567.64,credit,Bar late consider capital budget could age argue.
73527,2019-12-16,259,6597.11,transfer,Without common more from out.
81491,2019-01-14,589,6959.39,transfer,Near history then air happy most even dream.
80423,2021-12-28,678,1289.37,credit,Image figure candidate lot cultural them single.
88471,2021-02-11,394,8617.72,debit,Allow herself far seem heart cut front.
84240,2018-09-15,676,3432.15,credit,Born data know dinner.
72973,2023-02-01,750,8507.31,credit,Fill night year store enter happen.
3442,2023-01-06,23,7498.15,debit,Occur assume establish magazine indicate help economic.
79823,2021-11-23,336,557.59,transfer,Capital talk blue figure practice not.
86224,2021-09-07,180,4246.13,debit,According fish understand.
90895,2021-08-12,978,7325.52,transfer,True billion recent bill statement popular nice.
35055,2020-11-10,156,8685.84,debit,School necessary whose hold.
23648,2021-08-12,998,3995.74,credit,Under leave past blue court floor plan.
35819,2019-12-05,227,4706.92,transfer,Avoid capital say pretty such American.
92105,2019-04-05,978,3615.17,debit,Nor be if.
99931,2022-07-12,937,9815.09,credit,Book sing probably various foot modern.
40500,2019-04-19,783,7952.67,credit,Building read know other court training.
44542,2022-05-26,895,964.16,transfer,Center history he such responsibility military.
46010,2022-06-17,27,6433.43,debit,Hope push son ago anyone.
801,2021-03-04,705,9344.28,credit,Thought rock class than long.
23778,2020-02-03,180,6012.45,debit,Likely without probably computer question executive fall.
18777,2019-12-03,542,1244.33,credit,Feel production kitchen man your idea.
74229,2022-11-30,208,9157.21,debit,Tough see even still public gas under wrong.
86160,2022-09-11,494,4226.31,debit,Spend claim by like economy operation hotel.
52532,2021-04-20,313,8726.64,transfer,Enough news where admit town same.
9121,2019-11-24,354,3180.99,credit,Should continue total class dream.
18596,2019-09-30,218,5626.16,debit,Table care wish still able early able everybody.
97121,2021-09-29,260,4911.06,debit,North they word leader director.
82992,2019-04-19,502,2173.18,credit,Red candidate watch campaign natural.
4019,2021-03-31,37,4188.53,debit,Bring available style.
12027,2021-07-09,646,6433.67,transfer,Those believe go different pay price chair.
97795,2018-09-10,976,906.10,transfer,Wonder worry bad cultural effort plant.
69532,2020-08-14,87,7301.16,debit,Middle sound professor baby report huge.
28198,2022-06-06,5,6541.24,credit,Not chair or dream should participant.
49309,2021-11-22,80,6020.09,debit,Physical him hotel.
55029,2018-08-11,239,6379.56,debit,Quality for option society create whatever.
59461,2022-01-02,116,7811.35,credit,Campaign party position between.
44682,2018-06-25,300,6531.38,credit,Call fast understand word everyone tough.
20632,2021-02-19,236,3780.84,credit,Before gas but alone area.
48504,2019-07-22,824,6091.78,debit,Huge anyone week brother.
40847,2019-08-13,498,3859.71,debit,Pm garden too college.
94582,2019-05-09,925,4979.85,credit,Fast probably case human house control interesting song.
42518,2021-07-21,246,8994.02,credit,Movie value cultural happy.
74396,2022-06-10,213,7095.51,debit,Writer world yard door work century.
78149,2019-05-05,804,60.88,credit,Sure finish parent even.
11136,2020-10-07,889,9.15,debit,Kind look themselves option fast.
6896,2019-01-15,871,3371.15,transfer,Front short style federal notice.
20393,2021-01-08,35,7666.88,credit,Data plant need way sell.
20633,2020-06-30,18,3479.19,transfer,Serve stuff analysis nice environment size.
98886,2022-07-14,212,3917.71,debit,Discover later group.
80982,2022-02-16,104,862.24,debit,Budget sound none particular party chance western.
6523,2022-07-19,111,6296.91,debit,May leave tree where father thing represent.
88339,2019-07-30,907,8885.40,debit,Model pressure prevent very.
10694,2022-02-09,657,9715.45,debit,Hot none per fund son.
35666,2018-08-28,558,7250.41,debit,Place any accept similar leave.
58080,2023-01-30,211,1988.34,transfer,Board have range executive.
86762,2022-06-18,256,1648.42,transfer,Develop hour song.
55577,2018-07-21,362,2675.30,credit,Prove choice stay sing worry never financial happen.
63657,2023-02-01,1000,2044.41,transfer,Personal experience art require line generation benefit return.
79571,2021-08-27,882,2898.35,credit,Pressure prevent read treat political.
54288,2018-04-14,817,6727.41,debit,Concern buy me nice once hot behind return.
35805,2021-11-15,54,5994.48,credit,Report million some ahead sometimes decision.
28256,2021-09-08,951,7085.35,credit,Ago happen news house describe mean phone production.
98952,2021-02-06,793,8818.85,credit,Type media usually trial day.
67155,2019-01-21,649,3303.99,credit,Figure budget mean walk coach charge.
14919,2019-06-25,169,5062.11,debit,Data interesting part type year increase shoulder.
45243,2019-04-07,100,5081.41,credit,Child marriage too thus in see.
56350,2018-05-09,818,4250.26,credit,Ok way idea often human agreement.
14535,2018-11-24,589,8532.28,credit,Toward oil executive campaign door on level.
37126,2022-04-28,980,9264.69,credit,General reduce feel most.
88896,2022-10-03,365,3869.45,credit,Realize city raise oil leader have ability probably.
88931,2019-02-06,205,7900.67,debit,Miss appear off public.
77744,2020-03-26,604,3159.98,credit,Wife either performance industry.
63784,2022-03-15,427,9427.28,transfer,Physical kind she be exactly message.
69067,2021-06-15,112,9201.53,transfer,Off environment return book their game public.
87443,2021-08-28,891,8232.86,transfer,Bad cause full cup work social notice.
40426,2019-11-12,562,5673.75,credit,Sure during onto serious.
5953,2020-05-29,968,394.01,debit,Then wide either notice.
28904,2022-02-19,994,9971.50,debit,Half child option market training blood look.
51808,2021-06-12,600,6726.75,debit,Democratic range study trial exactly move.
78555,2019-03-01,443,5947.56,credit,Government security executive.
7181,2019-04-09,371,9852.90,transfer,Own guess executive best technology.
1008,2019-03-06,929,9161.19,credit,Garden right whole later friend it walk know.
26795,2018-10-21,483,211.90,debit,Trial information risk process place group.
39508,2018-05-23,512,6499.68,transfer,Store certain take ask center team create.
27687,2020-07-13,708,9218.10,credit,Defense create should quite minute Democrat process.
17988,2019-04-20,136,5610.90,transfer,Feeling sister value too child whom happy they.
33492,2020-10-06,7,8462.42,transfer,Western around discuss lead per.
37939,2019-05-28,457,8449.30,debit,Of day quality think south.
43008,2021-11-30,49,5522.65,credit,Do similar prepare.
15727,2018-06-30,886,7899.79,debit,Use project back push.
1014,2021-02-09,273,7768.57,credit,Fire throw third yet operation.
65194,2018-04-11,989,5635.76,transfer,Law able nice main.
56447,2020-04-03,688,6444.32,transfer,Any blood them office.
23029,2018-08-01,50,5945.67,transfer,Heart determine never consider mind above professor.
16933,2021-03-25,577,8692.95,credit,Few stuff worker because between family open.
49835,2018-08-31,114,2751.48,transfer,Person space though all power wife.
69807,2018-10-04,729,6050.68,transfer,Relate while authority real.
92232,2018-05-17,789,5982.36,debit,Mr rich allow reduce idea.
65571,2018-07-24,903,9852.24,transfer,Myself mother position.
73234,2018-08-29,503,5829.92,transfer,Young relationship drug determine both land.
87563,2021-11-09,877,7594.81,credit,Yeah conference develop model behavior rest.
46422,2021-02-12,892,4808.17,debit,Shoulder door foot gun foreign.
9448,2022-05-28,785,8510.83,debit,Mouth force receive probably.
52045,2021-10-27,414,7705.29,credit,Know style everybody this prepare health good.
97261,2022-12-17,281,2634.94,debit,Drop response matter environment.
5545,2022-04-14,860,7354.39,transfer,Local son wife whose eat civil compare.
57177,2022-07-03,111,6597.11,transfer,Theory young right put choose.
2457,2022-04-14,693,4389.81,debit,Own by maintain mean voice feel between agreement.
60261,2020-06-28,697,8550.04,transfer,Floor capital drive a.
10206,2022-06-27,140,6029.51,transfer,Effort example suddenly choice land follow.
41034,2019-05-23,738,8990.23,transfer,Quickly smile week leave later.
75466,2020-06-10,359,7136.16,transfer,On strategy will community edge.
56268,2020-09-30,666,5270.80,transfer,Fish weight population.
75157,2018-05-23,573,3332.99,credit,Hold level dream.
53009,2019-06-19,487,8689.06,credit,West music also.
92996,2019-06-28,1,6232.31,credit,Scene apply take of surface its protect.
83905,2019-10-04,399,2703.14,debit,Month law conference certain.
54748,2020-02-18,284,4295.27,debit,Cup experience back beat themselves main.
37948,2023-02-14,507,1844.59,credit,Oil change word price machine.
15097,2022-08-11,898,3881.03,credit,Probably nothing conference police like according technology.
53089,2022-10-21,950,3867.47,credit,Become to itself watch.
2734,2020-06-26,19,2620.89,transfer,Their large travel somebody soldier matter.
42569,2020-02-04,821,1307.94,transfer,Operation bad fly wrong cut plant authority Congress.
22528,2023-02-23,342,8650.15,transfer,Live image however or high again line.
81019,2019-07-13,211,8990.76,transfer,First without recognize.
60306,2019-12-20,939,6555.39,debit,Operation reveal one.
90389,2021-07-30,597,4851.48,debit,Attack serve baby relationship.
47429,2023-02-15,818,1903.18,transfer,Scientist same reveal first run professional.
11552,2018-10-17,686,3544.19,credit,Exist hundred itself score.
57241,2020-03-10,809,2060.88,debit,Understand view population over start modern write.
13876,2021-11-27,666,6090.72,debit,Race quite occur lay church.
31892,2022-11-21,284,5894.77,debit,Author we event million herself form onto begin.
57105,2020-05-20,336,2759.89,transfer,Call girl police lot entire.
77185,2020-07-26,756,4204.18,transfer,Resource public trial what.
52488,2018-04-20,217,1478.64,credit,Himself more billion I president low.
68677,2018-09-07,584,7685.73,credit,Base seat exist onto film similar eye.
10309,2020-08-19,864,3133.35,transfer,Figure civil and.
51874,2019-10-16,349,6113.43,transfer,Month seven whether.
40669,2019-12-09,832,5959.46,transfer,Tend TV everyone.
97755,2021-12-05,496,6657.92,transfer,Economy unit range heavy play expect save.
44501,2019-10-11,961,2826.89,debit,Push key movie every.
29042,2022-03-20,190,8251.58,transfer,Student everything direction government feel somebody than build.
43656,2018-05-10,851,806.72,transfer,Audience early then wonder money street ago ok.
22038,2020-01-01,6,1706.29,credit,Physical future firm.
10012,2022-08-12,15,8669.23,debit,Happen effort beautiful before.
66911,2022-08-24,132,8828.74,debit,Test debate year serve create.
82999,2022-01-30,788,2026.09,transfer,As recent moment alone Mr land leave.
14946,2021-07-05,843,6409.18,transfer,Meeting debate treat.
69548,2018-07-12,616,3455.12,credit,Outside control either hit care morning series.
66841,2021-10-04,535,2120.42,debit,Such outside positive success.
25416,2019-05-09,186,3540.53,credit,Provide national claim statement husband last space.
45794,2020-11-01,581,939.98,transfer,Pay raise here or region education.
46020,2022-05-08,320,2657.58,credit,Camera standard trade ok interview issue middle.
95340,2023-02-24,459,3897.10,transfer,Today democratic sea money hospital cost safe.
84600,2022-11-29,120,9665.12,debit,Board simple attention despite traditional above.
19359,2022-03-11,17,9385.53,debit,Bed rock challenge sea worry production.
30969,2020-07-06,560,7658.55,credit,Well relate name near road job show.
13475,2020-02-05,125,6742.10,credit,Plant decide police become ground task admit.
19195,2022-03-04,127,1000.47,credit,Social trip stop.
33551,2018-10-07,96,1291.56,debit,Military agreement without how difference ok others.
25857,2022-10-20,605,6944.11,transfer,Window arm still line understand assume.
22741,2020-03-31,191,1821.93,debit,Interesting safe begin up.
78958,2020-05-12,960,7615.22,debit,Again field get ball consider.
20037,2018-08-07,294,811.88,credit,Student police major begin her several.
99643,2020-10-09,256,8307.82,transfer,Last all pressure plant my final fund determine.
99504,2018-11-21,745,8870.97,debit,Lawyer card I specific.
85919,2022-04-22,226,5529.19,credit,Hard more camera compare nature yourself mind each.
9877,2020-11-07,408,6407.98,debit,Development answer section data people.
23219,2018-12-14,230,1305.28,transfer,Worry air pretty serious memory contain.
82307,2018-09-12,820,6501.29,debit,Always customer member you.
64765,2023-03-06,18,2939.93,transfer,Develop recognize can position.
60812,2021-12-02,492,4051.26,transfer,Cost then carry none lawyer into.
98887,2023-03-27,133,8739.72,transfer,Simply understand general glass score.
73890,2021-11-09,872,5757.60,transfer,Body bit kind right author.
99599,2018-05-25,975,5950.03,credit,Business staff matter tell news issue draw.
75953,2019-04-29,975,9595.16,debit,Nation compare shoulder the alone.
58839,2021-08-04,225,6066.05,debit,A hundred light among network later walk.
89278,2020-12-22,302,5927.35,transfer,Executive drug probably return same something also.
73990,2022-12-01,186,1561.31,transfer,Should enough focus they.
84279,2020-08-23,367,8365.96,debit,Remain reason read back whatever country action.
83270,2022-06-04,120,8298.46,debit,Well audience good discover.
81858,2022-07-29,828,1031.44,transfer,White ahead technology beautiful institution table base.
42364,2021-01-29,59,6158.35,transfer,Fine that whatever follow list the.
82211,2019-03-08,664,6738.84,transfer,Evidence person us couple owner collection.
41437,2018-11-04,742,8975.71,transfer,Close official identify clear whatever late focus religious.
19787,2020-10-17,188,8641.97,credit,Pretty eight nearly hotel information camera bring building.
57641,2021-02-16,845,2370.10,debit,Many once girl fish.
8951,2021-05-19,341,6262.36,debit,Left station near some maybe per sea.
61463,2018-07-04,948,8058.33,debit,Three maybe against skill traditional dog fast.
57962,2019-11-12,865,1814.17,transfer,Standard gun series art none carry.
82757,2021-05-17,713,5762.62,debit,Body player government situation.
39692,2018-06-06,950,7092.60,transfer,Sure energy suffer score.
36003,2020-06-10,949,8012.18,debit,Play everything guy theory.
77519,2019-05-08,442,9305.52,credit,Why draw health score determine before relationship.
7363,2018-08-25,848,3902.16,transfer,Issue approach very unit full since.
46130,2020-12-24,462,4465.51,credit,Development business media decision.
66498,2021-07-18,779,7717.62,credit,Others the personal notice ten job true his.
9725,2022-01-06,123,9562.24,transfer,Accept technology experience rise already run.
40686,2018-08-05,738,2700.12,credit,Participant often language.
60522,2019-08-18,117,83.66,transfer,Far evening seek.
59234,2021-07-05,198,8930.48,debit,Because make would mouth dog significant war.
4930,2022-11-06,82,2956.29,transfer,Must key book movement other behavior generation.
7457,2019-08-14,18,5980.18,debit,History expert crime system visit front.
48332,2022-02-03,43,6906.12,debit,Against inside which travel eight.
37628,2019-09-16,455,6320.63,transfer,Bit loss guy yourself throughout number.
10058,2019-01-27,504,4033.98,credit,Phone agreement forward identify card.
84498,2021-12-19,108,8449.58,credit,Recent store peace sometimes whose image.
11836,2022-04-17,556,4149.28,credit,Government generation spring follow wrong represent herself.
80611,2020-09-26,983,4498.67,credit,Address eat your give from look his.
77868,2019-05-19,473,2105.82,credit,Mean interest past lead exist could firm use.
66463,2019-11-11,718,7278.64,credit,Use section according off.
50395,2019-07-21,304,3853.67,debit,War far finally card however follow seek.
60649,2018-12-19,78,4577.48,transfer,Site how our research figure staff score.
76065,2018-11-15,447,1672.42,credit,Spend begin decide science allow woman off.
72656,2022-04-24,610,5922.39,transfer,Film never up response have.
96852,2020-09-13,764,1164.72,credit,Possible good common easy.
5377,2022-03-25,128,1487.55,credit,Clear specific type without participant company.
58948,2022-12-07,252,4283.68,debit,Culture drop seat beautiful.
74929,2021-11-11,100,4094.75,debit,Start old interview full.
85438,2021-12-11,536,5755.48,credit,Become natural the service yes wind.
24673,2023-03-03,68,3909.65,debit,Military pass try least along own.
42144,2020-12-30,825,2386.33,credit,After job or break side.
79300,2023-01-25,175,1378.76,credit,Prepare board thought ask baby style.
62342,2018-06-23,24,4932.03,transfer,Deep perform manage particular me.
65716,2021-02-05,4,9476.73,credit,House glass increase speak.
19774,2018-09-25,617,4237.69,debit,Prove two election power.
8110,2020-01-21,111,7814.13,credit,Mean a technology threat nor ok party.
59051,2018-09-16,195,4734.87,credit,You impact bar rest age.
13567,2023-02-20,809,3066.42,credit,Family computer law certain your.
45016,2018-10-11,286,1507.98,debit,Meeting serve soon performance outside energy find.
93627,2022-01-08,926,8094.74,transfer,Country garden camera southern country.
11054,2019-11-21,85,2680.93,debit,Agent tax six.
66133,2019-09-09,462,7149.34,credit,Truth tax you.
84690,2020-03-24,519,5307.05,credit,Tend white office drive store community occur.
22618,2018-09-21,508,5982.72,credit,Should prepare be no modern bill.
5131,2018-10-04,376,3196.54,transfer,Democratic student book indicate arm surface.
32473,2019-06-24,363,4406.86,credit,Within strategy executive executive look grow popular.
92750,2022-09-19,444,1253.04,transfer,Term someone executive discover against admit deep off.
57596,2022-12-22,339,2153.46,transfer,Very your everything white piece effect general.
68691,2020-08-28,7,682.99,debit,Class main effect necessary challenge.
68518,2018-10-03,217,7730.89,transfer,Total sport trouble wind.
79929,2022-07-23,553,5588.04,transfer,One role friend sometimes.
20808,2023-02-28,393,3611.89,transfer,Quite away year late author part senior.
47697,2022-10-28,44,6298.77,transfer,Pay person voice already official foreign while.
48871,2020-09-25,248,6663.18,credit,Type fast base understand professional learn both.
37080,2019-03-17,484,8228.36,credit,Range indicate at out director energy special.
50780,2021-06-01,523,1530.11,transfer,Unit every give catch.
53579,2020-08-31,236,1226.41,credit,Company surface political nothing.
44351,2018-12-05,133,7275.29,debit,Prove blood thus by.
88985,2021-01-27,131,4235.35,debit,Truth throw activity direction speak.
78367,2019-07-29,991,1111.97,credit,Nature try hit course resource determine.
6864,2018-11-05,274,2623.25,transfer,Since go hotel one door unit.
82692,2022-11-18,957,8114.24,transfer,Road never try somebody this however.
84844,2020-08-15,496,9141.06,credit,Cell heart chance.
43864,2020-10-17,682,5215.25,transfer,Tell cold health job.
8640,2020-02-09,342,5166.28,transfer,Care poor say exist show.
43214,2021-06-17,325,8352.22,credit,Firm over individual on third.
12388,2021-07-05,484,7838.59,transfer,Animal begin decade.
73134,2019-12-02,199,169.93,transfer,Grow money operation her report available then song.
88917,2023-02-04,827,3331.14,credit,Day dog others any understand.
50668,2018-09-09,67,760.41,credit,The official threat require certain.
37244,2021-11-17,809,6421.93,debit,Know share race take admit knowledge.
33030,2021-02-05,125,3241.50,transfer,Behavior need history own cover region per.
94862,2022-06-13,642,1068.76,debit,Any send election act lose yard husband.
86058,2019-02-13,969,6732.26,credit,Loss standard reflect large.
78998,2019-08-05,415,9966.65,debit,Fine board fear this like like increase day.
19710,2023-01-13,251,2359.92,credit,Source stock series close teacher.
43695,2021-09-30,956,7877.14,transfer,Born member occur live main play.
10683,2022-03-11,19,5493.55,transfer,Service good simply trial finally cause how.
76381,2022-08-27,331,7814.66,credit,Face now return leave while black.
86981,2018-11-26,965,9962.12,transfer,People lay recent approach.
18538,2018-10-17,260,6581.19,transfer,Despite finish wish yeah.
45852,2021-08-07,427,8126.25,debit,Statement almost establish same vote not management speak.
40663,2021-08-14,873,2920.93,transfer,Economy season foot plan.
91552,2021-11-27,788,482.43,debit,Sell court serious newspaper impact order.
86788,2021-01-11,522,4330.02,credit,Idea grow between likely.
51375,2020-08-13,458,9338.32,credit,Group another general over sing range.
16902,2021-02-15,570,5612.92,transfer,Statement partner because nation.
92909,2022-07-15,918,2099.17,credit,Claim family policy perhaps either.
11105,2018-04-16,663,1587.60,debit,Social and far assume.
40578,2019-01-08,921,1776.19,debit,Mother suddenly drive art.
49373,2018-04-14,140,763.14,credit,Suggest inside day purpose.
84344,2019-04-10,851,6239.20,transfer,Ball how religious pick all public arm.
43055,2018-12-05,554,6803.85,debit,Suffer blood nice computer whatever.
16751,2018-11-01,519,7659.83,transfer,Trouble set ability establish claim.
87834,2023-03-15,620,76.16,debit,Fine surface spring story around.
92122,2022-08-15,852,1729.80,debit,With respond watch green move.
96833,2019-09-10,133,7485.23,transfer,Human opportunity during simple magazine sell.
89839,2021-03-30,427,1562.36,credit,Measure thus discuss degree teacher evening pressure.
68996,2019-08-06,777,6542.08,debit,Goal prepare threat up hundred grow.
12250,2022-12-11,991,3494.97,debit,In table system cover deal.
84676,2020-02-08,193,1618.90,transfer,According still close sound when clear.
87879,2021-08-03,130,22.27,credit,Generation condition truth ever similar bank.
55497,2019-11-30,53,3278.17,transfer,Leader like any you continue tough though.
66649,2018-12-23,845,2580.98,credit,Why fire board husband.
47426,2021-06-14,565,2374.83,transfer,Hear book determine arrive yes.
2390,2023-02-27,897,3941.87,debit,Medical raise certainly officer good throw report.
47527,2022-04-20,59,6991.95,debit,Recognize program arm man especially.
40484,2018-07-14,530,9038.88,debit,Serious brother shake war full.
23628,2021-06-12,519,4968.24,debit,He process necessary ask draw.
28075,2020-09-08,981,3350.95,debit,Total hope now issue determine only.
44792,2021-01-25,938,1784.65,debit,Put continue point success fall smile successful.
63737,2022-12-31,636,6358.85,transfer,Understand recognize foot spend.
25167,2023-02-22,89,7602.40,transfer,Difficult operation several road nature data.
29694,2020-05-28,744,9438.33,credit,Situation lot contain year actually.
18031,2022-12-05,194,7060.81,debit,Computer that on get.
20309,2019-01-28,840,1700.71,transfer,Miss agree amount work civil material.
10115,2019-05-21,13,3443.81,credit,Candidate test have would prove thank.
38771,2020-12-03,606,8413.87,transfer,Middle cover bit.
13257,2022-11-10,724,2037.13,transfer,Himself understand with idea cover.
66544,2019-07-11,497,8487.29,debit,Particular nice support impact character citizen three.
70749,2021-09-17,713,498.58,credit,Black pay although article.
96816,2019-11-26,365,6252.44,credit,Early find medical admit control street.
69014,2021-03-08,535,3640.81,debit,Cover who approach.
4948,2020-12-02,740,638.95,transfer,White put around lot decide simply.
86761,2021-11-17,43,9421.22,credit,Amount able participant even international last.
44141,2021-12-02,726,742.87,debit,See law us involve series bad.
81007,2019-05-27,264,3762.31,credit,Article today billion side away serve something.
17177,2022-10-03,813,5147.67,credit,When free long free Republican small.
78283,2022-02-06,857,7830.99,transfer,Eat outside prepare test upon.
49378,2019-07-27,383,812.92,transfer,Strong probably office economic enough friend high.
20219,2020-05-28,182,7778.68,credit,Traditional no hot rather.
21267,2018-05-09,944,5545.65,debit,Ability rate above program day car.
23704,2019-04-04,189,3022.85,debit,Seat raise half line impact personal case.
90813,2019-09-17,507,287.46,transfer,Scientist bit force market memory.
81886,2021-03-26,944,5456.74,credit,Rather realize officer design suffer value tend.
21698,2019-09-30,471,883.08,credit,Black position food modern take campaign.
94527,2020-02-14,140,9318.65,credit,Store whose same realize plant player.
57367,2020-07-04,106,3212.01,debit,Health officer each strong community.
5727,2019-01-06,160,4240.16,credit,Offer under fund leg condition partner.
53853,2021-03-28,284,6518.15,debit,Economy like public director stand.
47750,2022-04-14,585,3876.28,debit,Song site short serious moment number.
88653,2018-05-31,874,9975.57,debit,Born after those him attention company free.
94318,2018-07-26,282,5242.54,credit,Vote tend attorney girl amount charge purpose.
31134,2018-07-18,531,6581.33,debit,Majority either allow hold by actually.
58223,2021-11-18,129,4927.97,transfer,Total beautiful majority human bank.
80032,2019-03-22,655,8778.23,transfer,Run employee believe.
37347,2020-04-12,243,2419.04,debit,Yet would fear task.
98618,2019-08-09,147,5516.17,debit,Democrat government church result certainly take move region.
98113,2019-06-04,871,4117.81,credit,Present senior goal reality why enjoy.
58842,2022-12-22,926,2657.55,transfer,Computer action citizen.
30672,2019-02-02,254,6098.28,credit,Head entire environment hundred door sea including.
69994,2019-01-05,711,6997.42,credit,Successful energy agent perhaps start imagine day.
31349,2020-06-19,542,4375.58,credit,Assume behavior magazine room history each ten majority.
40563,2019-09-08,155,6249.82,credit,Writer century question a.
61475,2021-07-30,895,4128.74,transfer,Never science song difference actually together difficult.
25431,2019-03-07,195,8939.53,transfer,Significant myself player operation cultural door.
48214,2018-06-29,801,8971.07,debit,Other already station blood impact employee.
88908,2018-06-07,254,3687.24,transfer,Worry training draw consider.
74767,2022-12-10,621,9894.32,credit,Daughter commercial can point.
57750,2021-01-29,617,5317.08,transfer,Adult tonight TV open soon contain Democrat.
60514,2020-07-16,156,876.77,credit,Effort prevent anyone choice late until provide.
36933,2023-02-27,586,1946.16,credit,Plant or share yes budget.
50053,2022-09-10,85,5440.56,credit,Prepare should near score more left doctor instead.
65917,2022-04-03,927,2879.49,debit,Suffer professional woman make report thought.
69136,2021-05-13,155,1864.09,debit,Low their similar seem.
54875,2019-10-08,366,1287.77,transfer,Beautiful road skin for owner own teacher.
21242,2019-05-23,714,1768.49,transfer,Sell risk growth.
26175,2021-02-18,785,5286.38,transfer,Rock give happy land fund.
79255,2021-08-18,151,1127.13,credit,Be check full material team might continue program.
18141,2021-03-17,719,4488.81,credit,Involve space commercial rise local say.
32769,2020-07-06,555,3113.78,transfer,Yourself say billion pattern.
6840,2020-04-12,616,5042.52,debit,Available main already behind win heavy.
84041,2022-06-20,584,8107.15,credit,Size two case decade speak.
62992,2018-06-13,941,3484.98,debit,Success blood physical design a couple.
48656,2019-09-09,751,9908.83,debit,Fund media dinner collection simply left really.
72685,2021-02-23,586,7056.04,debit,Ten whose turn this early guess.
93245,2021-02-24,883,45.15,credit,Model material type service south.
67622,2020-04-07,517,9862.65,debit,Voice either move wide.
16342,2022-06-13,458,9401.00,debit,Her make something wish.
37364,2021-01-26,644,5649.11,transfer,Him fly member property wall receive.
10994,2018-07-01,234,3284.16,transfer,Former ask analysis lot north just company.
21013,2019-04-07,687,7281.28,debit,Country really remember few threat teach key.
35756,2019-12-14,766,8829.60,transfer,School young scene question big.
58894,2019-12-11,267,8062.44,transfer,Available wall table second center executive as.
67287,2023-03-03,262,3900.86,debit,Need weight employee hold sense.
57341,2020-06-29,458,7222.30,credit,How low ability create also civil across.
12022,2023-03-20,147,4018.02,debit,Such present discussion rule discover company agent.
29103,2021-01-28,280,5188.05,transfer,Ground head benefit military bill.
59131,2022-03-13,506,4105.08,debit,Area party collection.
45821,2018-09-15,413,8854.98,transfer,Anything board cell view through certainly.
3496,2021-12-29,629,3087.31,debit,Mrs party smile.
54382,2020-09-19,517,885.02,transfer,Rule time accept.
6981,2022-07-07,930,7926.44,credit,Man mind listen computer within.
51965,2022-11-07,693,2968.81,transfer,Walk raise effort.
65800,2021-11-12,213,9394.90,transfer,Human nearly large know stop tax.
49016,2021-02-23,382,9031.21,debit,Almost five hot appear medical computer room.
30904,2019-03-06,916,2975.21,debit,Assume heavy before leader arrive force.
50616,2022-08-08,649,147.54,debit,Reason thousand teach building difficult never.
10697,2021-06-24,67,9948.77,transfer,Summer now hand.
49141,2020-08-23,104,8609.33,transfer,Race end nothing industry recently.
29431,2018-05-27,736,7930.01,credit,Describe personal certain agreement center enjoy this.
3695,2022-11-23,931,5425.48,transfer,Left blood quickly mother truth action.
41771,2019-02-19,482,2800.34,debit,Land week newspaper.
12988,2019-07-17,552,316.78,transfer,Member people billion will tough of national.
93678,2018-11-04,679,914.30,credit,Open dog nor certainly toward language increase.
85192,2018-12-11,173,5821.64,transfer,All blue off realize bit happy.
43948,2022-04-08,23,4102.53,credit,Commercial form concern long Republican expect.
19143,2019-01-17,430,6980.41,debit,Truth central wife buy defense performance mean home.
18036,2019-07-25,688,2250.09,transfer,Thousand name authority course your.
5021,2018-09-20,240,4730.25,debit,Course list work million suggest.
37602,2019-07-04,290,6582.63,transfer,Else sell power evening series.
61926,2020-06-16,400,3340.45,debit,Nearly theory first court across suddenly there.
91236,2022-06-08,788,7284.74,transfer,Officer him whatever thought yeah responsibility.
18192,2018-04-07,768,9355.45,credit,Board whether expert.
99463,2020-10-06,393,6286.75,credit,Who have dream color.
92477,2021-08-07,343,7979.12,transfer,Leg believe head themselves walk half.
61488,2022-05-19,322,8421.26,debit,Less management you.
58800,2023-01-30,951,8728.74,credit,Chair line by necessary down read again.
80655,2021-08-08,617,1951.05,transfer,Officer store expert without.
689,2019-08-04,23,4481.27,credit,One win reach anything bring computer.
10385,2019-12-26,284,1449.67,transfer,Of recent road throw more.
2491,2020-07-15,209,1155.87,credit,Long face else charge nearly alone process mouth.
33545,2020-03-19,816,4157.58,credit,Scene religious next traditional.
28267,2019-02-19,438,5188.29,transfer,Work collection suddenly type enter.
19598,2021-05-28,939,3758.31,credit,Property assume boy more spring.
71933,2019-03-04,138,5697.61,debit,Tell federal most voice goal money.
95321,2019-07-20,37,6777.46,debit,Light threat little take.
79808,2019-08-03,100,1098.76,transfer,Leader son work can new paper study step.
69177,2018-04-23,534,488.13,debit,Throughout card push southern large.
55477,2020-01-15,325,1473.85,debit,Sit everyone happy natural arm long later beautiful.
14574,2020-10-20,317,7519.54,credit,Admit act information behind reason door wide.
31148,2022-08-26,887,5752.85,debit,Early beyond actually individual the space.
39473,2018-09-01,569,185.30,debit,Again guess something change improve off reflect.
15971,2020-03-31,728,642.17,debit,Pressure section goal question off official ability girl.
6259,2020-04-19,624,5943.85,transfer,Heavy federal sit through address improve.
31253,2020-04-09,411,5756.34,credit,Arrive music player late describe federal program.
55028,2022-12-13,95,5957.41,transfer,Position tree this may certainly method there.
81634,2020-07-05,398,4956.39,credit,Move against prevent upon everybody within.
59915,2018-09-09,96,9316.63,debit,Information usually nation family.
8233,2022-11-07,659,4602.40,debit,Speech TV leader company go test many laugh.
14531,2021-08-13,889,312.39,transfer,Question such nor that the.
65514,2020-02-15,950,632.00,debit,White majority argue billion chance material since.
78216,2019-08-01,343,2774.15,credit,Total box take ever focus would.
70262,2018-05-04,431,61.60,debit,Investment ten collection kitchen fact fine wish above.
2155,2018-04-24,368,9620.43,credit,Industry enough example what different someone society.
82832,2022-06-29,170,5750.91,transfer,Source personal day base.
67552,2021-09-01,251,6563.28,debit,Under what hour room economy recently purpose.
75373,2019-04-02,159,1331.16,transfer,More dog bar politics.
31712,2020-01-21,647,3685.85,debit,Form around marriage game.
94182,2019-11-26,829,564.58,transfer,Similar set recent argue state pretty authority start.
18819,2021-06-01,53,6080.96,debit,Evening wind hear former be stock house.
38178,2019-09-16,957,7119.62,transfer,Theory sister community.
56262,2019-01-30,211,7366.49,credit,Pick people study nearly goal class behavior.
206,2021-11-26,792,9833.81,transfer,Three recent rest little international opportunity.
80585,2021-02-13,253,6628.05,debit,Various consumer as be crime.
46245,2018-07-16,731,3450.26,transfer,Strong church watch leave stay allow.
31532,2019-02-02,210,7951.02,debit,Let audience floor section exactly represent image.
74799,2022-03-13,108,8448.79,credit,Beyond process officer nearly religious.
54601,2019-08-12,99,5451.16,credit,Inside exist travel just dream mention worry.
24552,2019-07-11,519,2037.38,transfer,Increase present shake Republican simply book not girl.
87081,2020-05-17,14,4937.65,debit,Remember where language.
87585,2022-05-30,634,9859.80,credit,Situation character later woman.
68615,2022-07-23,247,8453.99,credit,Consumer exactly road would focus.
47266,2023-02-05,133,1217.66,credit,Unit identify sea personal step system night first.
8871,2018-05-11,159,613.59,credit,Hot newspaper statement change know.
68952,2019-10-17,631,7557.26,transfer,Yard whose throughout leg including raise.
71314,2018-09-21,207,6825.66,debit,Water matter within.
66497,2022-11-13,767,8876.68,debit,Program security hot cultural during difference successful lay.
66536,2020-10-18,56,7884.81,credit,Blood safe expert five language hand alone plant.
72634,2019-11-07,611,2514.65,credit,Bank outside special collection employee any suffer.
2666,2020-11-02,387,2965.20,credit,Including per service along whom lawyer career nor.
51178,2022-11-10,834,8172.24,transfer,Even catch baby mean thousand.
61622,2020-01-17,983,7633.43,credit,Black leave state American throughout interest image character.
5707,2019-06-11,432,8136.00,transfer,Early law site beautiful ago service politics.
83319,2021-07-11,758,1097.81,credit,Cover artist eight truth fill reduce will art.
50710,2020-03-23,128,6163.59,debit,Power head idea president nothing hospital.
48930,2020-11-03,323,1802.75,credit,Hour world role group decide.
33247,2019-01-31,770,556.76,transfer,Standard agent compare lose might method blue.
97953,2019-07-28,921,8592.73,debit,Argue example first.
2129,2019-11-07,934,8228.71,transfer,Close suggest member arm people task five present.
46806,2022-12-04,728,3397.89,transfer,During amount seem travel fish.
8856,2018-07-23,942,3365.94,credit,Year customer full fine yes some.
45194,2021-09-03,974,2195.76,transfer,Institution including study stage any.
31605,2021-02-09,46,4433.01,debit,Lot range ready those prove take condition.
96069,2021-03-24,406,2906.94,transfer,Happy network begin whom.
86128,2018-08-01,959,2631.35,transfer,Lot message these training visit religious goal.
82347,2018-04-16,853,3951.67,credit,Environment church which word seven research country.
13588,2020-03-16,432,6973.35,debit,Usually space agency hear dream.
76272,2019-03-17,608,2068.19,transfer,Where keep bed.
96363,2022-10-31,491,3499.83,credit,Result we decade movement.
99180,2020-10-21,35,4228.08,transfer,Program support full produce gun eat.
43584,2019-10-06,464,9435.53,debit,Mouth bring prevent this site staff land example.
17487,2020-11-10,675,2134.52,debit,Security make easy ever nothing democratic.
5812,2021-03-06,932,214.65,credit,Rule care loss information letter pressure various.
46177,2023-02-27,64,9874.26,transfer,Prove war so style report audience.
71568,2021-10-10,373,8686.76,credit,Say every those either citizen.
44375,2020-06-21,511,1662.22,transfer,Million arm fund front wind.
84253,2019-02-15,93,6299.18,transfer,Number be majority listen form price billion action.
22950,2018-07-09,508,8842.64,transfer,Machine star nothing reality debate marriage.
89743,2020-03-30,770,8635.45,transfer,Trip particular attention rule mission must result middle.
60900,2019-03-12,731,2064.80,transfer,Behavior relate yes describe soldier perhaps.
91147,2020-10-22,449,4760.21,transfer,Military phone Mrs treatment.
62723,2020-10-07,908,9734.35,debit,Author society in camera line similar among.
82803,2018-05-21,200,1192.15,transfer,Center before society weight apply region.
23892,2021-06-17,916,4151.28,transfer,Still south those all foot agreement either.
17676,2021-04-09,214,1096.02,credit,Common arm institution address.
8271,2020-04-22,10,8108.22,transfer,Them some popular cell.
93854,2020-05-05,584,8741.32,debit,Attack feel customer job.
59989,2021-11-09,360,981.97,credit,Figure human though sort capital east.
4848,2020-02-21,303,1035.78,transfer,City police land.
38463,2022-12-03,166,6368.18,transfer,Yet each tough campaign nearly little certain.
26423,2019-09-11,528,1530.56,debit,Loss great without newspaper for ask.
5742,2020-01-10,936,3741.41,transfer,Community skin physical ball record standard simply mention.
26145,2019-06-24,839,4922.21,credit,Put want suffer serious defense.
5493,2022-08-19,887,3851.22,transfer,Result great free common then view.
41366,2019-12-02,796,1296.36,debit,Responsibility result several research.
40643,2022-08-09,672,6315.24,debit,Seven student day where.
67553,2019-09-14,344,75.79,transfer,Beautiful party happy board age lead.
52197,2021-09-16,580,1522.11,debit,Pull hot avoid answer onto someone response realize.
71177,2023-01-29,187,3130.39,transfer,Degree since south specific certainly reveal.
62050,2020-10-29,618,6660.78,credit,Us serious act long help then effort.
33203,2023-03-02,383,5423.12,debit,Network grow throughout physical.
4800,2019-05-09,974,3146.36,debit,Boy lot maybe.
98736,2019-12-06,898,5988.55,transfer,Least red sign partner position trouble office.
84791,2020-07-03,148,2187.54,credit,Suddenly open stop idea south low mention.
25049,2021-11-22,483,1417.30,transfer,After response by goal Democrat back end authority.
37502,2019-12-15,857,6933.43,transfer,Section the author address various beautiful exist.
46790,2023-01-24,338,757.05,debit,Own foot question painting stock.
6266,2021-02-15,821,3413.81,debit,Way yard difficult energy like pass.
85949,2018-08-28,864,4026.62,debit,Note sport rich price management month.
43507,2022-06-26,234,6766.32,debit,Employee society again necessary series.
35812,2018-04-26,17,694.06,debit,Gun argue conference decision later impact.
16316,2020-02-10,243,2976.82,transfer,Approach at suddenly truth himself wear.
48238,2019-04-25,194,3703.21,debit,Network either executive talk.
57273,2021-09-08,557,9204.10,transfer,Recognize Democrat guess degree anything weight somebody team.
52432,2018-06-12,297,4057.34,debit,Husband on similar do take.
97427,2021-05-05,403,852.75,debit,Production hour finish Republican.
57638,2019-04-08,682,7667.52,credit,Drop public almost by trip indeed.
50679,2018-04-13,729,3933.29,transfer,Structure song decade age authority.
44439,2022-04-07,62,659.58,debit,Guy again small so record.
24487,2019-01-12,182,3763.80,credit,Because over news light ask young really.
65039,2021-09-09,602,9832.67,transfer,Produce front coach take order very.
90711,2018-07-14,929,8433.60,transfer,Role American whom past major computer serve.
65212,2020-01-21,290,4103.93,credit,Price evidence everyone now then.
48149,2019-03-30,939,5945.17,transfer,Exist western fill top sign population.
68063,2021-02-15,274,6394.36,transfer,Condition control situation feeling history.
34960,2019-05-04,548,7977.45,credit,Act about risk hit dream claim.
10829,2023-02-09,455,9705.84,credit,Technology growth hand standard interview car group.
95301,2018-07-17,68,3377.77,debit,Government city suggest.
55641,2019-11-19,877,1771.47,debit,Listen need notice without easy simply.
10346,2018-06-28,350,2540.44,transfer,Realize say shoulder him forward.
56441,2019-11-13,414,4902.22,credit,With only face unit move.
78965,2021-12-22,958,8109.22,credit,Effect alone nature place senior threat raise relate.
23653,2020-05-06,984,2436.05,debit,Process there remain federal onto Mr.
71497,2020-05-11,433,4435.17,credit,Forward travel per country.
38505,2019-11-09,502,5668.82,credit,Player through finish two two large hospital seek.
42102,2018-04-03,999,7438.43,credit,While fire room Mr firm time another.
13448,2018-09-22,298,1647.62,debit,Former financial again concern nearly together.
10495,2022-10-29,773,5391.78,debit,Agree agree play research thousand avoid light major.
42982,2021-06-23,963,6042.94,debit,Care dark traditional.
86629,2020-05-25,339,77.70,debit,Participant fear per so church full.
38751,2021-07-26,262,5427.68,debit,Expert party president site factor computer.
40174,2020-07-08,181,1567.00,debit,Something each pass even.
58448,2022-11-17,36,1072.00,transfer,Animal tonight customer course.
78987,2021-09-19,458,5493.44,transfer,True class energy leave.
94066,2022-08-19,80,1480.73,credit,High name student science top.
55852,2020-06-12,524,3409.28,debit,Information money pattern they together wonder.
21843,2022-03-10,814,7371.26,debit,Ten brother material election provide security local.
90409,2019-03-17,638,2595.25,credit,Nation network money successful positive recognize peace throughout.
58184,2021-03-06,728,3447.13,debit,Data play practice five student before early talk.
46078,2019-05-27,666,8757.93,transfer,Always open need use campaign rest produce ability.
58607,2021-05-07,518,6486.64,credit,Morning official use day picture city.
5552,2022-04-06,938,6611.81,credit,Quality window above.
95266,2019-06-20,829,8092.63,credit,Research paper happen world nor material.
46211,2018-07-07,87,1198.95,transfer,Skin out school success hair without baby.
80590,2022-07-20,832,366.50,credit,Democrat service learn development raise.
57009,2020-05-19,258,6790.00,debit,Major focus response recently brother brother however.
35987,2020-09-05,15,5019.25,debit,Bed yes image.
83817,2019-09-09,830,661.30,credit,Food computer improve read good.
7519,2019-06-02,606,1068.81,debit,Series realize board yet fear.
9836,2018-07-23,836,9112.98,credit,Tonight pressure sound officer challenge camera.
87974,2021-06-12,24,7566.27,debit,Senior always court goal.
83561,2021-01-15,377,581.39,debit,Red design increase star discussion.
53243,2019-07-17,580,6093.90,credit,Art create full stock seem view student.
47620,2020-12-20,658,7276.71,transfer,Theory minute crime building possible well many call.
67252,2019-12-06,12,3677.93,transfer,Face not experience way artist.
98291,2023-02-26,377,4537.19,transfer,Dark firm east camera particular get.
89052,2019-01-07,712,6088.87,transfer,Reason history particular politics.
4082,2021-01-27,952,9221.01,credit,Lead industry factor develop day.
18715,2018-11-24,260,6865.56,transfer,Air approach do a.
79636,2021-01-10,212,7900.86,credit,Support yard movement.
88879,2021-03-04,799,2188.16,transfer,Bed as where fly.
57433,2019-02-08,981,1375.04,transfer,Central health full high.
4562,2021-06-25,262,8376.48,transfer,Kind final laugh when affect.
16546,2018-07-31,32,326.07,transfer,Like trade read.
8813,2018-12-02,586,3750.97,transfer,Boy once many street.
30933,2019-12-04,639,4482.01,transfer,Statement control we best president.
84563,2020-04-06,938,2857.23,transfer,According join safe fear.
48016,2021-11-26,458,7926.51,credit,Bad region year ahead hard.
47468,2019-01-31,61,7925.68,transfer,Spend within next budget plant decade.
50182,2020-04-10,135,6461.60,credit,Under receive try least officer half hand her.
74350,2022-05-16,974,7871.75,credit,Guy economy particular serve hear win foot miss.
4245,2021-09-05,664,8925.89,credit,Degree real nearly question.
79311,2019-04-21,764,3221.27,credit,Break outside under piece both loss choice.
20112,2018-03-30,65,4574.03,credit,Where return consider class.
89007,2019-06-08,96,7265.91,credit,Remain any board them wear.
58973,2018-03-29,804,8797.43,transfer,Some force morning.
48624,2022-03-18,260,9341.15,transfer,Project issue feel want hospital success.
48761,2020-04-27,736,6700.40,debit,Individual form five opportunity.
58189,2021-01-08,290,1497.23,transfer,Weight society discussion whom test owner responsibility.
10078,2019-07-07,608,7361.25,debit,Across dark skill treatment she brother hand ten.
75226,2019-11-24,638,2725.16,debit,Grow happy term.
18048,2023-03-16,720,9390.85,credit,Data expert bring whom fire window.
69398,2020-02-15,944,1403.20,debit,Result could song million close system point.
48097,2019-05-17,503,4959.50,credit,No weight nearly return drop many.
52172,2020-09-03,967,8044.64,credit,Question skin fire force analysis.
41208,2021-05-25,653,914.64,credit,Address size personal improve consumer inside.
85140,2023-02-04,952,5305.24,credit,Fill fund perhaps anything.
36529,2023-02-01,295,7099.12,credit,Back garden teach election each have less network.
32718,2022-04-02,848,7966.21,credit,Off attorney mention imagine.
14870,2020-11-25,815,8783.25,debit,Imagine agree total big manager source.
3397,2020-11-22,874,874.54,credit,Usually toward shoulder environment professor government guy.
96427,2022-10-18,377,8668.67,debit,Onto institution customer officer perhaps.
24386,2021-07-27,171,8112.47,transfer,Toward part different couple lead upon.
65411,2018-05-25,706,6790.02,debit,Shake father mission.
67862,2020-02-08,617,823.77,transfer,Create everybody physical.
50724,2020-04-13,248,6027.62,credit,Glass from set enjoy.
73620,2020-05-01,465,7259.13,transfer,Somebody peace increase young different guess tonight.
15436,2021-01-03,813,1058.13,credit,Design professional each major.
34312,2020-05-07,799,7201.28,transfer,Know truth year too cover.
34117,2020-06-26,236,5503.98,transfer,Eight analysis threat one maybe.
92280,2020-09-30,143,6667.72,transfer,Consider where learn spring fight series assume store.
58494,2018-05-21,106,3142.36,debit,Factor collection focus maintain general manager.
28125,2018-10-17,671,1060.07,transfer,Politics difficult pretty yeah.
80200,2021-06-17,827,1090.27,credit,State room list wind each upon.
37432,2021-07-12,594,1880.90,credit,Short partner glass near open theory certain director.
90962,2023-01-06,609,155.48,debit,Explain ability bad building.
64383,2019-02-21,198,9155.46,transfer,Story serious medical risk positive.
26238,2021-11-03,649,6033.99,transfer,Away design school form cup stock.
16075,2022-04-19,915,8347.07,transfer,Out among mean improve build really lead.
17791,2020-03-30,741,3204.53,credit,She tell follow foreign.
9707,2018-10-01,104,2071.99,transfer,All instead she serve note truth bit.
59251,2020-12-14,91,9086.46,credit,Hold public place show wind shoulder.
22631,2020-07-04,243,4004.20,transfer,Station from sometimes mission popular.
93503,2019-03-25,16,891.98,transfer,Challenge president require.
58342,2021-05-09,998,9547.66,credit,Former fast example attention can.
11507,2022-04-29,119,7442.18,transfer,Beat team arm still happy.
89382,2022-09-22,488,3902.93,debit,Service remember unit blue eat able.
41890,2018-03-27,875,3732.14,debit,Standard save certain enough message.
87536,2020-04-25,917,8551.29,credit,And partner serious story phone plant idea.
45538,2018-05-16,995,6555.90,transfer,Bed improve conference forward resource industry lose relationship.
93001,2021-02-18,359,2829.17,transfer,Responsibility yes night door.
8512,2018-05-18,975,7972.07,transfer,Major ok standard I old.
72090,2018-08-15,492,2982.36,debit,Only person guess.
71064,2020-06-09,653,8682.33,transfer,Pressure card goal with represent industry skill positive.
38059,2019-06-19,996,6237.13,transfer,Style girl including chance.
39316,2019-10-14,239,9796.89,transfer,School try so.
20645,2020-10-11,318,7704.93,debit,Student such I rule sport.
93299,2023-01-25,698,5719.39,transfer,Everything possible serve along single manage institution.
93004,2022-09-14,33,444.53,debit,Reach involve sense gun some only.
91780,2023-03-04,203,8852.33,transfer,Near believe traditional parent.
83585,2020-06-08,555,63.86,credit,Design movie wind improve quality.
22819,2020-03-17,194,9565.14,transfer,Case left career tend behavior must along.
47382,2021-05-17,822,519.79,transfer,Fear development interest send over language generation.
66684,2022-03-05,21,6735.36,debit,Student system know.
29392,2021-02-05,755,6190.43,debit,Protect perhaps strategy poor.
15908,2018-08-16,924,608.11,transfer,Week edge here six heart condition democratic.
26343,2022-08-08,811,7008.13,transfer,Tell member authority color necessary sense big information.
18203,2021-03-22,913,569.10,credit,Page rock expert audience single.
64753,2019-06-20,353,4593.71,debit,Black eight those arrive unit house couple.
3446,2022-06-22,803,4831.99,transfer,Inside stop child my figure.
47304,2018-09-06,312,7382.88,credit,Change lot reality.
72617,2018-11-04,350,1237.32,credit,Around cover source old front stage case.
75010,2019-10-12,324,4100.23,debit,Important image avoid follow next.
48354,2018-08-22,60,7753.46,transfer,Page whom true less protect many.
61264,2023-03-02,767,857.80,debit,Her staff eight go.
72306,2019-07-21,288,7618.32,transfer,Main take admit perhaps community what take.
17010,2018-08-22,298,579.97,debit,Weight economic say great very hundred public.
80210,2020-12-09,44,1300.30,credit,Everything up smile recent affect cut stop.
11301,2019-08-05,451,8153.97,transfer,Bit case director increase vote.
8618,2019-08-17,152,9995.30,debit,Radio answer model all.
40540,2018-05-18,901,3830.98,debit,Challenge create former least.
52188,2019-07-29,174,5743.32,credit,Us sense population commercial oil feeling.
93970,2022-03-04,770,8851.18,debit,But cause already in compare book.
94224,2022-03-28,698,1255.62,transfer,Hospital summer physical mother team.
62740,2022-11-21,390,3579.68,debit,Perform direction fact provide wrong least.
68904,2020-08-11,660,3205.46,credit,Nation action own factor stuff main.
53844,2019-05-07,294,1380.25,debit,Home support measure walk could contain take.
53666,2020-04-27,827,587.72,debit,Report western job act step.
75354,2021-05-21,811,6952.79,credit,Safe home others our investment individual cell evidence.
9667,2019-04-16,272,5365.59,debit,Discover modern particular set dark thus yard ground.
16427,2019-06-19,818,4310.99,debit,Positive figure spring perhaps seven generation bad.
41554,2022-12-09,651,1831.73,transfer,Few foot prove new minute.
84193,2018-08-25,137,4917.61,transfer,Per make share government meet.
9721,2019-10-17,714,8768.71,credit,Number across performance thing trial investment money.
58980,2022-07-18,147,9874.96,credit,Specific store nation teach analysis.
61058,2022-03-26,854,8279.92,debit,Thus with stop yeah.
89144,2019-01-04,775,8282.67,credit,Society see cup may through in.
67812,2019-04-16,425,1021.14,debit,Lawyer activity office support growth garden way.
45157,2019-05-27,236,4943.84,transfer,Choice free relationship close memory lead forget.
16822,2022-08-12,86,3474.49,transfer,Chair us page product consumer necessary red.
72261,2021-08-08,987,546.78,transfer,Town do get.
83860,2022-11-04,894,833.92,transfer,Group others his year day card.
77043,2018-12-18,305,1527.68,credit,Main forget century natural lay.
23851,2019-11-18,250,5603.37,transfer,Computer fine in figure because.
16913,2018-08-10,147,6079.57,credit,Nature week heavy change officer matter its.
56705,2021-01-24,354,1293.25,credit,Play million staff accept bad all enjoy.
65912,2020-08-22,75,3902.71,transfer,Data cut color my.
7264,2023-01-21,699,3001.62,credit,Least matter method social.
16275,2022-11-02,925,2445.92,credit,Machine own be write allow whose.
67909,2018-09-15,650,3969.64,credit,Avoid cold by source again religious value pay.
20057,2022-06-28,677,2369.61,credit,Style state husband few manage.
39863,2021-08-13,614,5323.44,transfer,Hair least resource special.
21582,2018-08-01,647,4921.65,transfer,Article style strategy real cultural prove interview night.
21230,2021-11-13,542,3613.07,credit,Network dream single care mention throw happy court.
42292,2021-10-24,629,2155.40,credit,Set spend from standard collection continue.
92974,2019-02-01,448,6613.48,transfer,Significant what election next new cell.
29553,2022-09-07,445,8903.48,debit,Radio fear purpose girl treat international pick.
45354,2019-10-17,161,4657.45,transfer,Second consumer language.
68013,2019-10-29,763,4137.96,debit,Theory increase radio.
37231,2021-10-25,825,1108.55,debit,Data assume stock source just miss seek different.
10337,2023-03-09,839,3840.36,transfer,Fine speak before away order.
32848,2019-06-28,753,2103.99,transfer,According center result increase Republican wrong expert.
25730,2022-11-15,405,8075.79,debit,Usually rule Republican condition power eight common.
83239,2020-11-17,411,4671.68,transfer,Day sell begin response ever all receive.
35973,2021-08-23,72,9614.20,transfer,Computer sometimes project country late particular.
16407,2021-08-18,738,114.55,transfer,Foreign interesting strategy benefit author turn.
81923,2022-11-10,795,2259.25,transfer,Modern hit national unit reality continue apply.
80535,2019-06-13,413,1458.13,credit,Them media mention price.
69925,2021-05-11,756,3190.08,debit,Whose successful few consumer seat.
12246,2021-05-27,448,2908.74,credit,Process trial song respond hour.
65874,2019-01-04,265,7744.91,transfer,Present information life save.
84016,2022-05-22,304,1362.58,debit,Race nice chair town high.
22104,2021-11-07,637,2663.53,credit,Worry be seat former this.
77570,2019-07-30,908,3342.61,credit,A mother skill seem.
76107,2019-01-01,786,6246.11,transfer,Stay see outside positive alone hotel rate per.
20211,2022-03-05,84,3457.93,credit,Discover budget star foreign light early happy yeah.
22440,2020-09-19,637,1713.06,credit,View bit court seven kid.
86342,2022-01-17,3,98.68,credit,Wall picture successful expect family direction interview.
81852,2018-11-24,538,5075.50,debit,Resource pay court bill tend fill.
94455,2020-05-23,399,4839.86,credit,Attorney especially current inside system space.
79317,2019-02-19,435,7622.71,credit,Gas fish wait wind firm personal stand white.
44253,2021-05-28,558,6117.60,debit,Security tonight executive little.
73875,2021-12-15,383,2194.90,transfer,Mr heart exactly morning.
5400,2022-02-13,730,2611.58,debit,Tend law resource occur.
3719,2020-02-26,632,9224.78,transfer,Which those man assume small art key.
10647,2022-10-02,848,7106.19,credit,Wait finish government buy exist may get ability.
5959,2020-07-19,13,8884.48,debit,Training today rule rest.
84077,2021-06-25,885,3888.26,credit,Impact away politics environment kind break difference.
75599,2022-05-07,154,6060.71,credit,Move personal kid central matter pick.
34689,2020-09-04,925,4589.87,debit,Allow now peace loss see improve new tree.
85345,2019-08-10,145,2103.82,transfer,Statement voice hard song operation strong.
27632,2020-03-02,730,7896.20,debit,Improve sometimes production under training article old.
74992,2022-06-16,157,441.72,debit,Modern personal so follow anything.
54603,2022-09-30,358,7724.14,debit,Member late it investment throughout.
81017,2021-05-25,670,4689.85,transfer,Most why statement.
83754,2018-08-16,399,4349.38,debit,Arrive measure lot walk least show after third.
3970,2021-03-14,785,9303.14,debit,Republican family need hard newspaper.
65279,2021-08-04,417,3148.85,debit,Up employee total why newspaper few.
82204,2021-09-04,519,4613.88,credit,Themselves put shake experience.
71510,2018-09-29,266,1109.72,transfer,Sign discuss pattern any indeed think past.
37968,2023-01-13,917,3423.54,transfer,Per either we someone station world local.
84137,2021-07-23,27,9695.10,credit,Not project two soldier training organization task.
39597,2019-05-16,722,1099.70,debit,Them old glass ahead effect discover.
63301,2019-12-11,397,8483.02,transfer,Team receive financial doctor.
32097,2021-12-25,949,6463.22,credit,Ball level that dog doctor western.
89784,2022-08-13,822,1567.21,credit,Level century wide.
53228,2022-09-22,168,1090.97,transfer,Girl goal enjoy know.
38986,2019-11-06,849,6672.82,debit,Book begin project of sound.
59447,2020-12-07,476,4368.44,transfer,Say music cost red.
9565,2018-09-28,263,272.96,debit,My boy company exactly.
90258,2019-06-29,300,7337.30,transfer,Benefit history up policy.
7853,2021-02-24,466,3760.89,debit,Much only clearly.
20720,2023-02-23,379,3525.36,debit,Star less thing between they election.
57620,2018-04-19,186,4065.68,debit,Protect expert material hot hard indeed.
54477,2021-08-27,140,7394.13,debit,Fast those send close.
63472,2020-05-09,986,5457.46,credit,Success community one appear able various.
60876,2019-02-03,966,8473.66,transfer,Office force energy within approach buy up.
26742,2020-11-25,720,2074.59,credit,There stay cover rock.
44590,2022-12-11,435,5365.59,transfer,Challenge television physical.
18831,2019-09-21,80,7257.49,debit,Past benefit media parent.
40971,2020-11-14,229,1445.42,credit,Suddenly though where.
94158,2019-02-19,756,5982.09,debit,Improve bed cell Congress science my fact mind.
41854,2018-07-26,827,193.72,credit,Century weight government.
96234,2018-06-03,538,5940.19,transfer,Again simply rock thus head late energy.
45269,2020-02-12,223,3465.33,credit,Protect bank employee threat form control.
52261,2019-11-16,1000,3458.70,transfer,Television father type its admit sort whether treat.
17140,2020-01-03,51,4626.76,debit,Piece shoulder result perform air.
99702,2021-06-06,843,8375.94,debit,Material issue indeed apply.
48568,2018-10-28,229,656.98,transfer,Training see continue want return heart attorney.
67500,2021-09-10,402,7895.13,debit,Call travel benefit commercial interesting.
73617,2019-12-31,426,6560.63,credit,Save especially mind onto.
13918,2020-07-20,590,328.50,credit,General street break even at two rather.
41828,2020-08-31,756,9551.97,transfer,Describe kid always gun.
31686,2019-06-29,909,1821.53,debit,Message rather represent low available type citizen.
61142,2023-02-04,311,4634.43,credit,Moment occur item draw car reason management.
16060,2018-08-17,84,2615.14,credit,Another team claim they course phone plant.
35059,2021-08-20,270,1662.67,transfer,Feel region week traditional appear.
58930,2019-08-04,384,1482.73,debit,Herself last course ok later edge.
32496,2018-05-04,397,8463.41,credit,Never where school account.
18466,2022-02-21,289,9453.86,debit,Least some be management left.
12690,2020-02-10,213,2858.98,transfer,True member out.
6633,2020-02-10,64,1595.55,credit,Education treatment worker them.
38039,2020-12-04,191,7626.34,credit,Before table buy play accept source.
50352,2019-11-05,652,8785.04,transfer,Everybody religious to picture return.
80659,2020-01-19,432,5459.37,credit,Personal cost lead Republican chair.
54806,2020-05-11,98,4405.87,debit,Food event hospital summer should ten wear.
32542,2018-12-26,77,5549.04,transfer,Side thing game forward final.
20933,2018-06-10,129,219.48,debit,Spend sing word western without phone.
42918,2021-04-10,551,4715.86,credit,Drop approach total low.
75719,2022-01-18,563,435.61,credit,Agent second protect economic charge someone college.
94520,2022-04-23,172,1136.39,credit,Power chair happen me within threat.
40989,2022-09-09,256,5071.42,transfer,Beautiful little year seven mind second.
24882,2019-04-15,722,7384.40,transfer,He mean term maybe near tree.
20886,2018-06-18,169,3022.76,credit,Who into do trouble ground such.
65309,2022-06-06,88,2490.89,transfer,Team determine probably figure enjoy.
67467,2021-07-31,867,9155.41,transfer,Few generation eight war score green country.
61187,2021-01-07,81,2540.04,credit,Billion oil station say information.
65374,2021-10-18,652,8904.19,transfer,Night be act represent list wish.
40442,2020-03-19,967,8422.63,debit,Reflect argue party high wrong alone dinner fast.
65192,2020-08-01,249,8957.13,credit,When now drive deep.
3038,2022-01-05,779,1489.15,credit,Indeed likely attorney door fill wonder.
11803,2022-04-11,965,8478.65,transfer,Wife mention condition likely ten or hospital.
51544,2021-10-10,987,1600.67,credit,Low might college.
66250,2021-07-16,628,9613.37,debit,Clearly month by church increase.
59931,2021-07-03,653,9307.70,credit,Land east shoulder shoulder standard give huge.
31553,2019-05-10,397,5131.33,credit,Recognize best rock power director price mention.
28200,2020-03-21,603,4196.34,debit,Half movement work fact heavy look.
76461,2022-07-22,665,8688.64,debit,American shake bring sign concern action state.
46255,2018-04-18,18,8275.54,transfer,Sell somebody between culture course response thus rise.
6378,2018-11-02,47,5643.22,credit,Professional give kind light.
6625,2019-05-29,899,7909.86,transfer,Green often yet current crime approach.
36878,2019-07-14,204,7253.01,transfer,Newspaper laugh feel already.
64867,2022-09-23,651,1.45,debit,Doctor finally receive democratic evening soldier.
78318,2022-05-31,256,3131.60,credit,True beat behind bill.
85756,2021-02-28,876,4396.04,transfer,Wait require chance stop buy fine require.
88149,2019-08-27,717,5855.73,debit,Provide wear company start call quality establish.
61681,2019-09-05,38,4486.97,transfer,Pattern until town everything material.
37454,2019-02-05,191,738.16,credit,Director business democratic dream service foreign.
70346,2019-10-14,869,5031.48,debit,Democrat choice discussion matter south street.
1072,2021-01-21,905,3308.25,transfer,Do international onto there.
14090,2020-06-15,967,6269.99,debit,Poor cultural loss lay effort.
56483,2019-11-24,477,4168.30,debit,Former prepare final next then group.
17556,2018-06-03,406,7738.03,credit,Involve must policy agree probably of local do.
95356,2022-05-07,588,3515.56,debit,Law loss visit box whose.
47944,2021-11-17,932,1996.17,credit,Law start air lay game.
52856,2019-11-17,703,4571.42,credit,Pressure recent edge difference force team share.
47965,2021-11-04,280,9988.66,transfer,Name owner message hot.
5931,2022-04-03,189,4564.52,transfer,Court affect possible feeling crime three.
52506,2019-04-20,171,6139.08,credit,Very live walk everybody.
6706,2021-06-20,21,9529.14,debit,Society suffer prove husband audience kind.
74748,2019-09-25,440,8251.69,transfer,Enough safe support physical too participant.
73639,2022-12-25,521,4355.26,credit,Miss claim hold partner.
25514,2022-08-22,394,1428.34,transfer,Economy who southern finish land herself nearly.
47517,2019-07-13,733,1374.23,debit,Speech exactly produce necessary.
37828,2019-03-05,578,1790.05,credit,Next relationship player bill piece would.
9638,2022-07-05,944,5275.37,transfer,Thought smile develop best sure language.
50640,2022-10-09,371,3619.92,transfer,Time player side cell choose many act chair.
66094,2022-02-08,61,1158.89,debit,Station system pass respond billion decision.
59029,2021-02-24,398,1481.29,credit,Act land experience yes main beat still.
72071,2022-04-17,163,1780.20,debit,Much toward hope environmental dog several grow.
36664,2021-08-24,614,6486.28,credit,Behavior people picture.
81690,2022-09-06,212,3603.60,debit,Most share where thank.
89182,2019-02-12,217,316.74,debit,Under food drive add statement four store.
80091,2022-03-28,353,5944.43,transfer,Rather project huge save exactly.
15573,2023-01-03,127,337.10,debit,Camera rock enter gas.
16865,2019-01-26,88,1256.58,debit,Instead family about hear long state draw.
12673,2020-02-23,634,1382.52,credit,Treat American either general.
51630,2021-08-19,62,9412.82,debit,Culture since until although kitchen will.
48916,2022-03-06,34,4510.53,credit,How once with when away attention.
44445,2018-09-29,199,8846.79,debit,Remember site oil media as.
73117,2022-02-07,626,5225.23,debit,Allow weight still employee possible.
47921,2020-11-21,837,3385.00,transfer,Particularly off machine business he market consider.
98955,2021-05-03,768,1146.74,debit,Two though big glass old fine show.
18910,2020-06-24,790,9084.48,debit,Culture above decade others long myself.
26091,2018-07-01,853,9978.22,debit,President toward somebody little else born.
78967,2020-10-05,623,9766.43,transfer,Building important tree thousand area keep its.
66732,2022-01-13,944,6374.12,debit,Hard provide travel shake.
52611,2021-01-10,676,4961.13,debit,Organization reach pick us understand evening fear fill.
65547,2021-09-28,630,8827.08,credit,Answer action short three water our describe.
5939,2019-02-11,898,5707.78,credit,You college return reveal.
5101,2019-11-27,520,4446.89,debit,Affect window kind represent return husband.
17962,2019-01-23,639,2543.86,transfer,Friend value well company.
93532,2018-08-24,558,4838.73,transfer,Act debate show Mrs will.
43653,2018-07-15,92,74.85,transfer,Safe develop laugh education idea lay.
62095,2021-10-06,723,7961.21,debit,Husband issue those yourself rock military.
68070,2020-03-11,244,2076.49,transfer,Make personal provide recognize day.
59899,2022-03-07,728,1495.16,credit,Grow push six these.
19522,2022-10-29,606,2668.86,transfer,Of there certain.
79464,2021-11-26,290,751.29,transfer,Method house check argue happen affect training.
67569,2022-10-09,699,7914.40,credit,Kid grow election main onto eye source.
18322,2019-12-11,852,3766.74,debit,Early audience different organization eat writer his.
42988,2018-04-02,195,201.96,transfer,Deal rise nor throw firm four citizen better.
80357,2018-07-25,126,3653.63,credit,Why agency perform under.
41751,2022-05-06,616,6319.32,debit,Accept attack action.
51506,2020-08-03,159,2053.73,credit,Company never enough face grow certainly process table.
80806,2019-11-28,380,2484.05,debit,Alone view lay spring government her particularly.
96905,2018-09-13,256,5605.11,credit,Less success reveal course television.
39222,2022-10-27,691,2548.01,debit,Usually imagine girl tend experience future simple.
77821,2019-03-07,641,7788.61,credit,Provide pattern position.
44090,2023-03-15,565,8133.84,credit,Their accept wait bad current again.
66495,2020-01-09,90,7635.08,credit,Red room risk know hour interesting sound.
66810,2021-04-16,449,9443.18,credit,Little degree quite he kind create best.
69775,2021-07-22,219,4550.55,debit,They coach single per gun move play.
64206,2022-01-13,380,8717.73,debit,Happen side rock fish ground however build he.
92896,2022-04-30,915,5224.13,credit,Some race strategy something participant degree heart.
73784,2023-02-03,361,6745.65,transfer,Mission dream I raise month leg.
39295,2023-02-27,109,8873.22,credit,School amount item almost risk at former.
62246,2022-02-24,780,3697.00,debit,Hope even task gas.
2181,2021-03-29,778,8659.58,transfer,Difference network technology game participant open.
48282,2020-01-09,380,3168.38,debit,Nothing close for hospital scientist answer.
43417,2019-04-07,761,8775.60,debit,Stand manager stage never far.
88318,2020-08-17,202,5392.94,debit,Affect new garden specific certain.
14367,2022-09-17,875,1702.55,debit,Risk page personal work.
54597,2022-07-10,432,1924.85,transfer,Choice eye age sport.
76508,2022-05-09,969,8234.34,debit,Huge training history Mr report forget individual.
40328,2021-06-19,412,131.34,debit,Least capital education he head poor.
95070,2021-05-31,456,6960.33,transfer,Wish history sit research per fund.
90184,2022-11-12,382,6815.92,transfer,Firm hold growth though city administration game.
82479,2023-02-02,60,6645.99,debit,Democrat girl fish score Democrat yard light word.
3493,2022-10-19,936,3032.57,credit,Tough community research movie both.
78239,2019-07-07,510,4850.62,transfer,About for bed dream financial employee.
62206,2019-05-15,284,5650.76,transfer,Indeed ok reach main strategy anything phone girl.
34804,2018-06-05,733,4298.43,transfer,Could and line participant factor anything.
85930,2022-04-04,203,4304.39,debit,Treat choice every understand.
75822,2023-01-24,133,1175.34,transfer,Agreement shake discover.
75712,2019-08-20,792,7894.22,credit,Explain someone admit rise news.
29825,2019-05-27,27,7465.12,transfer,Free protect task also sign war star.
94556,2019-08-25,453,9663.06,debit,Green door to yeah car management ever.
6732,2019-11-27,773,3713.01,transfer,Research idea sell need high off.
76484,2019-04-04,339,9562.87,debit,Shoulder professional wish during claim cut.
62974,2022-03-17,189,1335.36,debit,Rate yourself situation thus bar situation room time.
22350,2018-08-11,554,1625.22,transfer,Factor television true item make.
68713,2020-08-26,294,8807.63,transfer,Nature table call pass way.
82448,2020-11-07,85,7661.53,transfer,Already capital computer reach argue very.
81231,2022-10-25,113,3518.67,debit,Kind event child out receive newspaper movement.
49833,2020-12-29,776,9183.64,credit,Image collection serve fact possible.
19370,2023-02-11,509,1870.33,debit,Defense both each whatever raise.
89225,2018-08-31,925,165.63,credit,Half page letter might fund pick perform.
31746,2022-10-11,94,9911.72,credit,However realize build interest.
4139,2020-04-10,728,4481.62,credit,Staff management professor floor word.
75048,2019-08-03,140,6008.82,debit,Detail sing catch support.
91819,2022-12-19,76,2677.71,debit,Up customer me two.
14405,2021-08-27,599,7009.10,transfer,By into friend table opportunity else now nation.
25007,2019-05-06,466,9472.64,credit,All nor soldier job explain community.
2483,2019-01-03,655,8437.45,transfer,Most reflect where just catch.
57808,2021-07-25,87,3548.11,credit,Yes around break laugh find admit.
41117,2018-05-31,185,4282.46,transfer,Just hot over.
54891,2018-11-16,821,9716.64,debit,Federal or daughter once once instead chair.
19849,2021-07-05,565,1935.93,transfer,Nearly radio message particular policy.
54128,2021-07-11,87,2999.28,debit,Decade field about computer assume.
90506,2019-08-15,496,6216.18,credit,Kid level fall sort culture thus.
26725,2023-01-02,924,9937.26,credit,Nor must discover smile quality at.
53789,2021-11-14,628,1102.23,debit,Real physical ready really know party.
65775,2022-08-17,567,2312.83,transfer,Treat stand account present.
80148,2019-01-18,745,9323.52,debit,Identify statement fire politics.
61815,2019-01-12,106,8884.26,debit,Really one protect statement.
96448,2022-06-14,58,2489.20,transfer,Tough war amount to clear action body.
95343,2018-07-06,978,2302.33,transfer,Star improve whose six pull discuss you.
8164,2021-12-09,665,5952.67,credit,Determine they throughout.
92508,2022-03-01,308,8026.27,transfer,Fish pattern brother think continue.
18099,2020-05-19,97,3890.86,transfer,Garden enter figure every.
67985,2020-11-29,614,5304.53,credit,Issue either production chance adult accept science.
27177,2021-11-13,623,188.16,credit,Crime source analysis sign herself box discover.
73517,2021-11-18,534,7390.05,credit,Item defense toward.
42605,2018-05-24,63,5374.44,credit,Boy major glass whatever hand accept owner begin.
86800,2020-11-02,426,4034.35,credit,Despite reach whatever time for according.
62702,2022-06-08,434,3599.05,debit,Bill the eight executive research about.
68876,2021-03-20,941,7316.53,debit,Degree staff glass in bring hope left wonder.
49392,2019-03-22,791,1724.10,debit,Catch just before bar benefit.
41125,2019-08-11,15,6337.82,debit,Successful seven story board play low.
22700,2021-03-05,620,2195.71,debit,Short start anyone method certainly.
60250,2018-08-18,460,3435.63,credit,Spring after help but smile music find.
69879,2019-03-28,115,7654.73,transfer,Computer beyond practice soon do.
44870,2022-08-04,132,9735.29,transfer,Long reveal before which run give political.
71602,2018-05-26,333,3271.20,transfer,State thing tonight commercial keep approach fish.
46438,2018-05-08,372,4722.35,credit,Foreign long answer discover claim.
88588,2022-09-10,213,2555.73,credit,In thing against more late he.
89227,2022-05-20,611,4285.83,transfer,Home husband toward account cup be understand.
84320,2020-04-02,852,8527.00,credit,Court figure remember north.
90874,2022-05-02,532,5432.60,transfer,Fund card impact buy increase technology sense.
34651,2021-06-22,777,6659.75,transfer,Family international who those time mean manage.
79964,2018-08-10,578,38.47,debit,Good yard end to writer.
63463,2020-01-24,601,5549.40,debit,Door if something energy.
25201,2021-05-02,912,8712.49,debit,Open police same partner loss employee opportunity price.
32312,2019-12-09,873,9848.67,credit,Exactly executive later future character hospital suggest at.
36570,2021-06-25,221,1489.88,transfer,Two create it energy there recent support.
73150,2021-03-14,692,7320.22,credit,Like usually under give unit quickly.
39125,2022-04-26,683,6312.69,debit,Better fund almost catch them cultural face trial.
29474,2019-04-09,99,4714.10,transfer,Lose American exactly continue card rich.
39009,2021-08-01,376,812.32,debit,Crime hope crime class industry wife station.
37881,2021-04-07,411,4014.40,transfer,Nor wear environment base prepare side response.
92393,2020-02-16,117,4048.24,debit,Simple on bar perhaps single.
27169,2021-05-08,713,3132.40,credit,Wrong any three hospital inside around treat.
90472,2022-04-17,354,8917.08,transfer,Final ready say me remember success then.
92405,2021-04-17,576,3557.55,credit,Medical fact development fire society world.
64095,2020-01-02,362,3456.82,transfer,Perhaps degree image capital television few debate without.
41556,2018-11-16,172,6959.39,transfer,Bring particularly water every.
62889,2019-07-13,208,9331.38,debit,Heavy story whose course performance direction watch.
45719,2021-11-13,61,6508.24,transfer,Reach network much environmental south threat view.
73465,2020-01-08,798,7013.78,transfer,Eight would care list.
94590,2022-01-11,454,1672.58,credit,It want election information.
35843,2023-02-24,716,4079.03,transfer,Time drug represent customer operation.
37722,2018-11-17,883,2312.19,credit,Data free that grow positive think wonder.
15975,2022-11-25,510,8728.93,transfer,Work stuff fight hear next join letter.
75167,2019-08-14,438,2830.43,credit,Himself real school chair white position whose listen.
88687,2019-09-19,111,4493.61,credit,Institution soon room hand bad like.
71198,2021-05-14,938,3323.76,debit,Bar before movement outside remember.
49768,2020-10-01,676,7613.26,transfer,Choice movement then hotel he.
51713,2022-02-24,556,6223.51,debit,Focus ready end behavior only model board.
45238,2021-04-22,714,6786.70,credit,Say establish establish relationship edge share too.
19199,2022-09-28,411,7792.22,transfer,Fight majority sell final enjoy.
38071,2020-04-04,487,9606.11,transfer,While they Mr increase political trip major fast.
5514,2022-11-02,855,5658.09,credit,Shake view surface eye water.
93604,2019-07-13,348,746.09,transfer,Reach fight unit accept behind.
10359,2021-12-17,360,8886.16,credit,Positive budget expert coach each.
45399,2022-02-14,87,1165.86,debit,Station almost card.
57984,2021-07-26,170,6442.92,transfer,Rule according push watch.
85980,2022-08-08,736,283.85,debit,Structure but southern difference.
33613,2020-09-12,141,9837.83,transfer,Decide common product move power air draw.
97956,2019-08-07,427,4314.67,transfer,Again most sign space win young.
62794,2020-06-22,865,552.48,transfer,Almost again energy.
28048,2020-11-26,665,6695.70,credit,Thus knowledge center bank low over.
26486,2022-04-25,559,9788.35,credit,Catch lead power expect chance administration chair.
35538,2018-11-25,480,6472.40,transfer,Adult capital sea research including.
73665,2021-04-14,205,6392.38,debit,Lay quality commercial wife result including.
91249,2022-10-07,280,3193.76,credit,Fly evidence truth seem try even others business.
35602,2022-07-20,62,5145.42,transfer,Position compare make trade.
17993,2018-05-29,87,6783.67,transfer,Congress thing style nice pretty cause.
14317,2018-04-09,292,5509.62,credit,Part authority environment best husband.
80699,2020-09-06,677,2406.68,credit,Free walk allow.
97111,2019-05-09,729,6423.63,debit,Help about responsibility value travel join stuff.
76918,2018-10-04,821,6556.30,transfer,Foreign former social put end less nature.
31364,2022-05-16,617,1819.43,credit,Despite game develop husband success go list.
31780,2018-03-29,501,2104.67,credit,Tax television buy development find politics.
6654,2021-08-31,26,4843.06,credit,Area open send boy rich position alone measure.
87797,2019-05-29,508,5537.35,debit,Hot church time certainly.
69605,2021-03-22,808,6203.89,debit,Throw family vote lay.
29580,2018-12-14,614,9787.91,transfer,Probably bag chair mission seat off product.
83617,2018-11-04,362,8474.66,transfer,Authority seem very six leg some.
30519,2022-01-11,107,8557.01,transfer,Even tough heart care mouth stay ready partner.
6881,2018-06-29,508,260.64,credit,Officer key rich share pass finally.
13134,2022-12-22,428,1917.64,debit,Gun simply discuss.
54173,2022-01-06,463,1577.37,transfer,Where five down score environmental official consumer Republican.
43293,2020-03-10,620,9359.87,debit,Tough six accept drug among take.
94026,2020-05-13,330,8746.08,credit,Yeah nation speak environment most.
61919,2020-07-19,92,7576.26,debit,Wonder product upon simply.
13179,2020-05-28,455,6254.12,debit,Election radio realize born show.
89286,2022-11-01,197,3811.26,debit,Left most specific floor city value.
18019,2019-08-04,30,6791.12,transfer,Site world garden quickly week blue sport nice.
680,2019-09-27,572,895.59,debit,Process another challenge.
72136,2021-07-27,600,7815.24,credit,Forward free chair member mother wear.
20702,2022-12-12,877,8814.80,debit,Put space company.
53335,2021-09-14,326,3841.78,debit,Analysis last financial itself.
85576,2019-03-23,523,9939.26,credit,However very treatment drive.
62351,2020-08-02,499,6061.55,transfer,Different magazine president president reason pull power though.
62581,2021-07-09,488,5978.45,credit,Grow couple air.
85268,2022-11-29,320,7178.69,transfer,Fine require consumer under why long against.
26144,2020-03-16,313,9908.56,credit,Upon who itself.
99079,2018-12-27,54,5129.49,transfer,Ever fly truth what.
37650,2019-10-16,376,8803.81,credit,Effect force loss particular detail both condition.
42097,2020-03-20,28,7885.06,credit,Management hotel baby.
37410,2022-09-25,183,4392.71,debit,Mr article here inside few.
7755,2020-09-29,561,8083.30,transfer,Language be spend form now evidence center.
11726,2021-08-15,837,3762.96,transfer,Machine organization participant read guess should no.
85499,2021-01-27,399,8331.71,debit,Chair coach media important discuss personal.
75253,2021-12-08,848,3136.10,debit,Cost rest land draw summer.
30438,2021-10-24,871,7348.54,transfer,Decide carry school present.
70144,2020-05-09,650,4474.84,transfer,Tell make chance alone every event growth send.
96822,2019-01-20,599,8272.74,debit,Deep clear line benefit sound language audience.
94781,2018-05-18,486,2414.37,debit,Two south plant simply.
4889,2020-06-27,47,5538.41,credit,Charge crime make dinner war responsibility.
54774,2021-10-12,348,7260.87,transfer,Tree call side join people.
23041,2022-07-03,489,4761.52,debit,Audience consider challenge receive talk economic.
4764,2019-07-29,356,9645.90,debit,Song even realize big point eye they.
52035,2022-09-18,131,1453.44,debit,Let improve stand a.
64931,2021-04-29,250,2585.66,debit,Wait lawyer determine senior attack little effect society.
24421,2022-10-01,419,4840.33,debit,Change as keep my section administration.
98174,2019-12-08,334,9397.59,transfer,Major responsibility state whose still race tough.
37942,2020-09-23,172,6828.51,transfer,Night game seek his.
4911,2022-02-24,64,2306.81,debit,Sell ground difficult building long.
1215,2020-09-09,749,7778.59,transfer,Room hour little age respond people this.
39111,2021-02-27,799,9812.36,transfer,Bill sit up police watch.
74444,2022-08-26,75,2906.29,transfer,Would simple gas summer.
79008,2021-05-16,164,7918.46,debit,Small method available.
14065,2023-01-05,567,1431.51,transfer,Fill life production audience someone cell.
43915,2021-05-12,551,6831.01,transfer,Rate national human clear house staff.
37299,2018-09-13,812,576.11,credit,Not strategy quality onto.
59553,2021-12-16,121,5650.59,transfer,The community build provide hear government.
84059,2021-12-13,145,8335.43,credit,Manage president analysis two.
71212,2020-07-01,979,6301.96,transfer,Order American with write much.
68724,2021-07-15,675,4209.01,transfer,Write food live deep finally anything.
64739,2020-03-17,934,5874.71,debit,Respond during look would sister mind.
17590,2023-03-27,297,4828.50,credit,Few already behavior piece speech will.
66089,2019-05-14,221,4579.92,transfer,Trouble note decade series and ago.
61345,2019-12-25,779,5802.69,credit,This against kind leader look move office.
35762,2019-11-27,959,9973.45,transfer,Religious standard water sport race.
25273,2022-04-12,942,3859.94,debit,Subject card toward cold allow.
14765,2018-06-14,85,2428.11,credit,Themselves clearly huge figure art.
43344,2019-04-25,497,1313.44,credit,Movement specific politics back budget.
21299,2022-03-08,623,2514.58,credit,Hair all turn six quite he.
95830,2021-09-04,999,1984.70,transfer,Arrive eat size imagine.
60151,2020-07-09,249,5736.11,credit,Thank keep less home material bad.
84973,2019-08-16,947,1717.49,debit,Painting specific attorney strong accept.
33721,2019-12-20,167,7428.43,debit,Above manage may audience few team carry morning.
94189,2018-03-27,213,7617.10,credit,Mrs itself off treatment daughter author field.
24406,2018-11-11,977,2052.85,credit,Act culture radio late live.
1847,2019-07-10,206,4936.32,credit,Control material investment yeah.
96550,2020-09-02,944,4478.08,transfer,Trouble street fall of.
44186,2020-01-13,134,4427.34,transfer,Remember laugh expert enough.
38670,2023-01-02,856,161.02,transfer,School catch wrong must fast husband shake.
74421,2022-03-26,135,3789.75,debit,War fire range energy general pull or.
99259,2019-09-01,972,7609.86,transfer,Order name explain director avoid second large.
25319,2018-10-02,593,4526.61,transfer,Away performance blue drive position.
23003,2023-03-18,548,6339.48,transfer,Clear expert question property these both.
80080,2023-02-22,730,1370.86,transfer,Alone control box forget.
83720,2018-12-01,244,3334.35,debit,Around tree require election.
53149,2020-03-15,456,9476.42,transfer,Evening attack create.
56060,2021-07-06,256,3087.51,debit,Teacher movement nature understand term.
67539,2022-03-25,126,3134.13,credit,Be perhaps be guess role second.
42983,2020-12-28,214,121.80,debit,See letter mouth four loss stock.
11369,2020-10-21,537,2888.25,credit,Half professional sure people build under.
52539,2021-11-22,787,3075.98,debit,Major party prevent collection.
87721,2018-11-12,950,3513.16,transfer,North explain dinner buy term example.
12503,2022-12-16,790,1242.71,credit,Gas unit senior fear person wind.
24220,2020-01-24,940,5025.82,transfer,Series out under these can find specific.
18431,2019-12-31,471,6397.71,credit,Bar away dinner better there bit indeed.
42416,2023-03-27,730,6710.63,debit,Myself agree because person.
32513,2023-03-08,275,2964.52,transfer,Take size research color thank site.
896,2020-02-11,135,1306.80,transfer,Rise your understand push trade.
34182,2021-10-21,667,2757.66,credit,Rate line road choose gas really series.
50276,2021-06-20,218,6656.92,debit,Imagine throw could quality its serious his stage.
30871,2022-09-18,49,2443.84,credit,Learn crime ever including.
58555,2021-12-03,402,3020.09,debit,Build whatever ahead garden although mission surface.
98797,2020-09-13,77,1825.21,transfer,Development responsibility structure piece fall whole add.
34996,2022-06-26,910,361.00,credit,Positive peace month news grow focus.
43205,2022-04-17,930,3460.25,transfer,Three control myself will TV deal necessary.
39577,2021-06-15,708,6092.37,transfer,Radio find number around about plan.
76345,2022-02-07,642,865.54,debit,Explain fish not or after century collection.
94750,2020-06-26,873,8646.45,debit,Heart score sign southern car.
75089,2020-10-23,782,346.37,credit,Account everything into time.
1499,2019-08-29,673,1961.78,debit,College Mrs member two ready and.
34283,2021-01-04,892,5520.66,debit,Movement federal first.
85680,2019-10-30,36,6812.06,debit,Concern treatment movement.
47128,2018-07-12,777,5250.22,credit,Party upon movement defense clear everyone plan.
90803,2018-10-09,308,5285.49,credit,Fish team artist treatment impact position.
30973,2020-02-15,983,8180.59,debit,Most listen drop Congress feel they election his.
8143,2022-09-30,734,7315.74,credit,Similar since summer wind.
87529,2021-01-02,707,7611.28,debit,View hear policy effort fear always third.
15496,2021-06-10,861,3945.55,transfer,Drug law truth newspaper.
61001,2020-08-21,1000,5726.53,debit,Design them social evening star development.
40214,2019-10-10,952,2748.87,credit,Tonight Mrs dark well receive.
20935,2019-12-12,62,4925.65,debit,Direction machine huge whether make.
53139,2022-01-25,370,1370.30,credit,Statement debate decade affect Mrs.
89926,2021-05-11,145,3589.11,transfer,Open hundred begin must ago baby thousand.
65867,2019-08-25,164,5028.81,transfer,Line vote time believe should certainly establish just.
92217,2022-02-07,747,7973.63,transfer,Wall because person list first wind candidate.
40761,2021-09-16,600,9196.20,credit,Debate south produce security truth wrong listen.
90478,2019-04-03,510,7964.11,transfer,Suffer note little choose institution apply.
15390,2018-11-17,531,1879.23,transfer,Agreement impact us.
83718,2019-04-27,974,8494.96,debit,Effort them recognize.
38672,2021-03-21,192,156.95,transfer,Today information thought open.
48175,2021-06-29,719,3295.62,credit,Kid prevent adult by wear nothing heart.
80561,2019-10-08,46,6688.79,debit,About discuss third feeling serious end media.
28948,2020-05-03,77,4010.74,debit,These number western describe student so player.
28722,2020-02-07,194,7158.56,credit,Yet time require in mission consider tend.
17508,2019-03-15,343,1339.70,debit,Agent measure stock friend since.
62677,2021-03-02,532,7943.06,credit,Physical threat without like understand security subject.
20079,2020-07-04,332,8359.23,credit,Market mention government task message.
59635,2018-10-05,404,5516.18,credit,Him begin claim deep.
98008,2019-10-12,827,7589.03,transfer,Law cost research TV response customer always.
79396,2020-02-06,300,941.69,debit,Training wonder exactly daughter admit.
48972,2022-05-26,965,7169.24,transfer,Ago argue improve run.
54506,2021-02-10,940,9537.68,transfer,Event power difference.
92005,2020-03-19,710,8321.43,credit,Unit car both leader arrive evidence.
71990,2019-08-21,337,9597.61,transfer,Interesting film option identify.
61713,2023-01-08,733,7865.15,transfer,Course without young short weight fear sing.
99268,2022-08-19,924,7036.15,transfer,Mean nor appear seven.
70454,2022-07-18,227,3430.46,credit,Southern this commercial.
87045,2022-05-17,412,6747.72,debit,Break sister worry anything best.
28628,2022-06-19,359,6625.52,transfer,Help me blood perhaps office receive add.
99859,2021-09-29,960,6965.39,credit,Machine involve history learn film.
32436,2018-05-18,833,1641.41,credit,High system more piece future summer news.
89174,2022-03-24,253,3590.15,credit,Television including physical hospital.
98926,2022-01-03,762,8336.72,transfer,International personal who look medical space.
78095,2021-07-06,531,2332.71,debit,Involve easy visit hard this control painting.
10731,2022-02-05,649,1054.08,credit,Again teacher store arm.
68880,2023-01-26,333,3217.07,credit,Check performance theory enter statement hold.
58557,2018-04-26,961,7316.87,transfer,Exist side sea catch.
69229,2020-04-18,509,4828.76,debit,Movement base teach consider picture ok.
92245,2022-04-30,669,9869.37,credit,Senior apply director performance institution old area.
10238,2019-03-21,188,6568.88,credit,Sell federal spend six soon shoulder manage.
73947,2021-08-15,217,8247.00,transfer,Campaign around chance blood enter reflect might.
14708,2022-02-04,992,7065.20,debit,Identify article election tree.
8095,2020-05-30,185,5916.36,debit,Notice all although long summer reality.
71782,2020-01-04,885,7544.50,debit,Lead weight building manager card.
66256,2020-01-22,308,8555.75,debit,Cover indicate girl report.
26498,2022-02-15,610,8640.38,debit,Crime field prove finally during.
75066,2020-05-13,20,9562.35,transfer,Election character traditional control share its campaign.
70342,2019-01-28,111,5665.05,transfer,Campaign walk base suggest.
19642,2019-07-27,569,6371.26,debit,Technology late similar factor special although accept.
21567,2023-02-02,390,5434.77,debit,Value over though.
68203,2021-01-25,109,5163.40,debit,Create drive from sometimes debate TV paper.
15236,2021-08-18,271,9924.44,transfer,Central stuff find property land.
89168,2020-04-01,764,8386.02,debit,Something hour individual evidence organization sort.
26923,2022-12-16,148,9860.08,debit,Close hope simple if follow.
93968,2022-08-29,56,1080.84,transfer,Civil same image.
76435,2022-07-10,530,3188.91,debit,Certainly five door operation discuss watch save.
64072,2021-05-27,299,2456.90,transfer,Fact set remember mention.
11920,2018-04-26,261,7258.46,credit,Expert human population late expect.
66896,2019-05-13,979,8492.26,credit,Current north yard Democrat.
58391,2019-07-03,301,9293.59,transfer,Daughter themselves high a Democrat.
7293,2020-11-17,299,661.49,debit,Wife simple find head finish next.
59433,2021-11-12,939,3456.19,credit,Media seem dog room.
17295,2022-06-30,668,9883.74,debit,Edge heavy remember address series hospital.
67273,2020-03-29,620,6501.17,credit,Year growth affect its sort key also.
54451,2020-09-03,740,2810.15,debit,Personal involve newspaper away argue effort.
59874,2021-07-26,423,1937.02,credit,Big yeah learn dark carry management sure save.
73913,2018-12-21,163,6289.20,debit,Like total less week partner few just.
7568,2019-02-08,531,3550.85,transfer,Effect economic you space hold prove.
73243,2020-06-23,733,2852.74,transfer,After throw thousand top find social.
60605,2021-01-31,382,9069.64,credit,Pattern authority choice general bring expert.
88182,2018-12-08,701,5960.68,credit,Citizen case now Congress kind.
40393,2022-10-19,766,6773.26,transfer,Rock light cause visit then half.
94802,2021-04-29,873,4465.76,credit,Trade young on when.
2854,2019-11-23,333,7236.09,debit,Shake start risk.
51898,2020-01-08,764,6369.45,credit,Movement attorney statement beautiful see radio.
33353,2019-04-04,185,1318.32,credit,Control day certainly beat until realize white.
396,2021-06-05,794,2669.10,debit,Congress just would eye watch nature boy begin.
28561,2023-02-26,596,7353.55,transfer,Wall it exactly require.
75801,2022-03-07,431,5953.82,transfer,Degree shoulder bit man real environmental inside.
9573,2018-05-26,465,2021.37,transfer,Benefit north work memory future.
5937,2019-12-24,122,9933.29,credit,Role want head expect deal.
55535,2022-12-13,342,2283.51,debit,None around billion stand available.
45159,2019-08-20,91,1041.70,credit,Office and unit image until when media.
91801,2022-06-17,50,3143.90,debit,Training long toward everything.
8358,2018-04-09,458,8210.21,debit,Respond seven after consider.
70932,2018-12-27,636,4541.36,credit,Rate report rich often return voice understand.
7898,2019-05-27,353,6449.34,transfer,Follow yeah message every heart.
9047,2018-07-12,762,9288.90,debit,Green building statement design type either very.
61876,2022-08-11,552,5531.86,credit,Everybody might drug fly continue else knowledge.
4160,2021-08-19,748,5893.20,transfer,Than per trouble few carry your.
37630,2018-06-29,875,196.14,debit,Whether ten anyone view.
53592,2018-07-05,992,5362.71,credit,Public station agent that budget program.
23591,2021-03-24,436,9771.30,credit,Without it want image weight.
17751,2022-03-09,553,2599.05,credit,His sound bank around son Democrat.
84086,2022-12-18,237,8462.03,transfer,Three time many style another.
95590,2021-06-14,393,8140.03,transfer,Off good challenge notice fall continue center.
84657,2022-10-04,134,6562.44,credit,Add well positive.
55098,2018-05-27,506,8729.83,transfer,Radio situation decade.
49082,2021-05-01,232,3263.42,debit,Hour four behind heavy hair Mr both however.
50133,2021-09-02,533,1768.85,debit,Friend drug free allow front American me.
58791,2020-02-03,870,6134.89,debit,Very together camera product kind writer small.
49480,2021-10-06,468,7077.86,credit,Onto painting record citizen skill ever compare involve.
49237,2022-09-02,661,875.00,credit,Risk more conference large similar.
10519,2019-09-01,415,6944.21,transfer,Western foreign PM face.
89487,2018-08-20,864,2301.75,transfer,Open water too night me conference series.
86743,2021-07-15,845,4566.31,transfer,Land sometimes degree possible power share.
70688,2021-07-28,277,5697.51,transfer,Build ready send once suggest want.
17432,2019-07-09,627,3418.06,debit,Future term garden station those first.
85661,2018-06-15,300,8296.91,credit,Consumer letter science cut.
45583,2020-06-15,796,3827.93,debit,Population prevent blood phone indicate among represent standard.
15550,2018-07-31,728,5864.11,transfer,Building drop mission kid.
23393,2020-11-30,656,8735.04,debit,Owner myself even let accept indicate.
70420,2020-12-19,427,2056.91,debit,Safe evening many national computer strategy ground.
51519,2021-06-16,546,8120.61,debit,Arrive he gun prepare Republican.
69317,2022-03-30,420,8787.02,credit,How claim wife technology play.
16692,2020-12-11,460,7615.85,transfer,Finish art defense method another plan tell.
95402,2018-09-07,458,9875.45,debit,The become behavior film rest.
29189,2022-08-18,311,8066.90,debit,Describe anyone win choose.
456,2020-04-21,993,568.79,credit,Executive bill TV measure economy general reality meeting.
99114,2019-01-29,471,5255.34,transfer,Remain hear carry hand yard majority think.
2980,2018-07-20,82,4692.58,debit,Positive dog country meet power left.
39108,2020-02-20,169,1793.09,credit,Hear face question.
60687,2020-02-03,169,5802.52,credit,Position better world prove glass.
88277,2020-01-07,858,5781.93,transfer,The bill road provide reach anyone well five.
94254,2020-10-30,445,5700.11,transfer,Early open style.
71362,2022-03-07,31,8966.18,debit,Mention anything less writer various reflect from.
55592,2021-10-21,316,5969.06,credit,Teacher since ahead if.
69722,2023-03-27,439,7468.18,transfer,Mother billion catch discussion.
49713,2020-10-28,271,895.25,credit,Street interest last and major guy chance radio.
30103,2021-05-19,761,4828.20,debit,The tax early drop.
32442,2018-09-09,671,7949.58,credit,Charge laugh very organization democratic enough.
60376,2020-04-15,225,680.87,transfer,East month morning.
45372,2018-05-27,443,1650.02,debit,Memory risk few development.
20333,2020-10-13,743,7417.06,transfer,Exactly stay general edge election street expect.
36130,2018-10-24,538,1680.64,transfer,Develop thus rule whatever until.
24705,2020-04-29,33,4075.25,credit,Issue behind low become product none.
95031,2022-04-25,255,1999.35,transfer,Home research opportunity decide later save.
14791,2020-07-20,187,8392.88,debit,Out way different home through.
4223,2020-09-21,495,1255.69,debit,Seat opportunity left open sister nation for.
86534,2020-09-30,508,5881.26,credit,That mention interesting responsibility activity similar.
54951,2019-05-11,629,5010.71,transfer,Knowledge vote kid.
80600,2020-02-06,359,8809.70,transfer,Factor civil time throughout base voice writer.
2051,2019-09-28,405,5034.09,credit,Half accept situation good all every American risk.
31545,2021-04-19,135,901.31,debit,Nothing note policy.
27012,2021-04-30,663,6908.39,debit,Part situation see different lead.
8820,2022-01-03,356,850.06,transfer,Night fund voice traditional.
13225,2023-03-07,204,8583.75,debit,Card plant middle cold reach perhaps blue.
77850,2018-09-04,986,475.55,credit,Worry here near assume head easy already.
4401,2018-04-02,498,8957.15,credit,Check consumer break wish.
58516,2021-01-23,442,1938.95,credit,Board building firm little challenge.
78353,2022-10-29,81,3046.37,credit,Guess simple window marriage decision game us.
88084,2021-12-29,569,6758.45,credit,A research at trip middle figure with.
92182,2022-09-20,649,2393.41,credit,Choose under tough floor head tax.
6381,2020-05-10,827,1325.27,credit,Outside throughout wait.
32078,2019-06-03,125,398.50,credit,Address itself among risk at hear.
97065,2020-08-13,535,7202.25,debit,Result agree size inside nor head difference.
5799,2021-04-19,14,3202.24,credit,Apply first condition myself suddenly later try.
