,TWEET,STOCK,DATE,LAST_PRICE,1_DAY_RETURN,2_DAY_RETURN,3_DAY_RETURN,7_DAY_RETURN,PX_VOLUME,VOLATILITY_10D,VOLATILITY_30D,LSTM_POLARITY,TEXTBLOB_POLARITY,MENTION
,Netflix,28/09/2018,374.13,0.017587469596129644,0.010023253949162056,-0.012562478282949749,-0.03458690829390853,7114878.0,33.245,40.211,1,0.2333333333333333,@netflix
17031,"@Ford is investing in the future, but when asked by @CNBC about details of the payoff, CFO Bob Shanks said this… https://t.co/gketWuM03q
",Ford,31/10/2017,12.27,-0.01385493072534637,-0.0171149144254278,-0.0171149144254278,-0.006519967400163005,42010246.0,20.659,15.913,-1,0.0,@Ford
,TMobile,01/03/2017,62.34,0.0030478023740776023,-0.002726981071543177,-0.0020853384664742147,0.011870388193775984,3777302.0,33.056999999999995,29.438,1,0.875,@TMobile

33228,"RT @obedmanuel: Yo, @netflix, y’all need to shut off that weird Halloween intro sound. It’s scary! Me and my wife every time we open the ap…

",Netflix,28/10/2018,299.83,0.0,0.0,0.043491311743321284,0.10952873294867102,19616041.0,81.178,60.422,-1,-0.04999999999999999,@netflix

,Tesco,29/12/2017,209.25,-0.004062126642771778,-0.0007168458781362277,-0.011947431302270013,-0.011947431302270013,8555912.0,8.79,16.461,-1,0.0,@Tesco
,Amazon,29/09/2017,961.35,-0.005149009205804385,-0.010901336661985771,-0.023664638269100743,-0.0065012742497529506,2543759.0,14.876,16.144000000000002,1,0.0,@amazon

66866,"Bert &amp; Ernie ARE NOT Gay Couple tee shirt anti-gay Bert &amp; Ernie Are Not Gay T-shirt anti-gay






https://t.co/OdOAEfnpYr via @amazon

",Amazon,19/09/2018,1926.42,0.00759439789869285,-0.009546204877441108,0.02272090198399102,0.03300422545446991,4056822.0,26.16800000000001,21.99,1,-0.2083333333333333,@amazon
,eBay,31/08/2017,36.13,-0.012178245225574449,-0.0257403819540548,-0.03653473567672295,-0.0345972875726543,8591090.0,16.855,18.385,-1,-0.4333333333333333,@eBay
71738,RT @McDonalds: Our $1 Sandwich deal means serious savings. Only available on our App. https://t.co/cVVhNPkjj0

4846,RT @dontcarebut: So @Loreal claims to be a brand that supports women's rights yet this is their ambassador and spokesperson in the m… 
,Chevron,31/03/2017,107.37,0.003818571295520132,0.006519511967961149,-0.0018627177051318137,0.00577442488590845,6158992.0,12.259,15.612,-1,0.0,@Chevron
,eBay,01/09/2017,36.35,-0.006052269601100381,-0.018156808803301342,-0.031636863823933936,-0.045942228335625904,5122878.0,11.82,18.392,-1,-0.16666666666666666,@eBay


62319,Check out Matchbox 2017 70/125 Heroic Rescue Blue Police Meter Made #Mattel https://t.co/eCystAo5ew via @eBay
72983,@Reuters Good news
,eBay,01/03/2017,34.27,-0.010796615115261293,0.0002918004085205138,-0.0061278085789320345,-0.013131018383425818,5736123.0,15.84,22.073,1,0.0,@eBay

28078,Hey @Tesco thanks for the empty lolly wrapper in my Barrets Halloween mix #cheated https://t.co/kcN15hakMy
,Bank of America,30/09/2018,29.46,0.0,0.0,0.016293279022403268,0.053292600135777336,74707597.0,21.039,14.242,-1,0.1953125,@BankofAmerica
66819,RT @Geoff49940067: Check out LED ZEPPELIN IV 1981 JAPAN Vinyl LP ATLANTIC P-6519A NEAR MINT  https://t.co/dx8cev2XMD via @eBay

30545,"Putin trumpets end of US world power, says Trump listens well https://t.co/Nvt76jrJHB via @Yahoo

",Yahoo,24/10/2018,3.37,-0.02522255192878337,-0.011869436201780426,-0.011869436201780426,0.023738872403560853,45.0,53.724,41.775,1,0.0,@Yahoo

,eBay,23/09/2018,34.04,0.0,0.0,0.005875440658049437,0.001762632197414873,24874963.0,10.372,14.015,-1,0.0,@eBay
,Walmart,01/09/2018,95.86,0.0,0.002503651157938607,-0.0022950135614437602,-0.009493010640517384,6324813.0,11.067,29.6,1,1.0,@Walmart
1020,RT @Reuters: EU chair labels Trump a 'threat' as Europeans debate U.S. ties https://t.co/FtSPol7cxh
23833,RT @OriginOfLettuce: @RealTriceraFish @MonsterEnergy @CallofDuty @Walmart But apples don’t give you 2x xp :)
52687,The @Tesco self serve checkouts are a Fucking joke!! Useless robot cunts are think as fucking shit!!!
43834,.Will you be wearing your @Nike
36968,"Ooh boy, just finished Ozark Season 2 in less than 24 hours, an amazing season well done @netflix @batemanjason and everyone else involved

",Netflix,01/09/2018,367.68,0.0,0.008975195822454339,0.000979112271540507,-0.024097040905134936,7943443.0,34.963,35.842,1,0.2166666666666668,@netflix
23364,RT @PrinceRuben166: In #Vegas why not just buy the same collection @PrinceRoyce is wearing. This jacket is 🔥 @hm https://t.co/GW5yzrjWLD
29963,"RT @Reuters: Prince Harry and Meghan arrive in Fiji, the first time the royal family has visited the South Pacific since 2006 https://t.co/…

",Reuters,24/10/2018,51.0849,0.010780093530573595,0.013152614569080116,0.0049603698940391214,0.009270841285781213,2228486.0,19.335,23.332,1,0.25,@Reuters

15624,Check out Next Size 14 Top Blue Layers  https://t.co/0BIXI7URdx @eBay
14203,Check out Flower Basket Bell Pull Cross Stitch Kit #071-0202 Janlynn 2004 8x18.5  #Janlynn https://t.co/anuZTon6Qh via @eBay

14804,RT @Apple: A new generation of iPhone. Available now. https://t.co/oEqZ9JzGMa
,Reuters,04/09/2018,48.871,0.0036074563647152226,0.0036074563647152226,0.0036074563647152226,0.006535573243845932,2464463.0,19.369,16.923,1,0.0,@Reuters



6615,RT @exxonmobil: Algae could be a potential revolution in biofuels. #AlgaeBiofuels https://t.co/LqYYjRNSrs
,Sony,11/09/2018,6335.0,-0.014206787687450671,-0.016574585635359115,-0.016574585635359115,-0.008997632202052092,5444200.0,14.12,17.796,1,0.0,@Sony
,Heineken,18/09/2018,81.86,0.002931834839970619,0.008062545809919332,0.008062545809919332,0.003176154409968301,624743.0,10.844,11.559,-1,0.25,@Heineken
19113,"So @FCC won't let us be, let us have net neutrality, I'm trying to watch @netflix on my tv but the fuckers are tryi… https://t.co/NfEoktTeyp
",Netflix,30/11/2017,187.58,0.0030387034865123853,0.06184028147990187,0.03982300884955752,0.04659345345985702,6630051.0,35.174,25.384,1,0.0,@netflix
48102,RT @Nike: Don’t ask if your dreams are crazy. Ask if they’re crazy enough. #justdoit https://t.co/Wd5L42egV8
12060,"Kick off the school year with Back 2 School Fest, presented by @Shell, this Saturday, August 5 at @XULA1925 





https://t.co/tAcbPFF7gU
",Shell,31/07/2017,2133.0,-0.008204406938584154,-0.008204406938584154,-0.008204406938584154,-0.03516174402250352,7081282.0,13.307,13.591,1,0.0,@Shell
67610,RT @w_terrence: I need a huge favor from everyone! @facebook banned me for taking of for Mollie Tibbett after she was killed and dumped in…

75951,"Pu Erh Black Tea, Fermented Puer Tea Loose Leaf Bag Packing 24 Ounce (680 gra... https://t.co/TYYgSmyZ4v 来自 @amazon

",Amazon,27/09/2018,2012.98,-0.01894206599171383,-0.01909109876898929,-0.039056523164661405,-0.034118570477600405,4329391.0,28.695,22.88300000000001,1,-0.1217948717948718,@amazon
74826,"RT @Raghavendra0703: @Overseasrights @amazon Done 






Like and RT @Overseasrights 






#ContestAlert #Contest @amazon






Join






@HimanshuRijhwa3 @Nisha…

",Amazon,26/09/2018,1974.85,-0.0001519102716661795,-0.02050282299921513,-0.03030103552168515,-0.02452338152264721,4313459.0,27.409,22.276,1,0.0,@amazon
46236,@RealDLHughley @Nike I am pretty sure they aren’t happy with the boycott movement!


,CBS,30/06/2017,63.78,-0.0036061461273127,0.021480087801818808,0.0037629350893696283,-0.002665412354970237,2391240.0,30.711,22.809,1,0.0,@CBS
6975,AJS Motorcycle FRIDGE MAGNET Vintage Poster 6x8 Magnetic Canvas Print Fridge ... https://t.co/0yZSdD5zmW via @amazon
285895,RT @Disney: 2018 is going to be a magical year for all things Disney! ✨ https://t.co/TuYaKusgby


12214,"RT @Walmart: Yay! *Waving at you* If you spot our blimp in the sky and grab a 📸, we'd love to see it! Tag us with #ISpyWalmart https://t.co…
",Walmart,31/07/2017,79.99,-0.002250281285160553,-0.002250281285160553,-0.002250281285160553,-0.038754844355544375,6263189.0,12.08,15.178,-1,0.0,@Walmart

15445,"I just listed: 'Earth Feelings', for 44.09 via @amazon https://t.co/QpyY33Dxs9
",Amazon,29/09/2017,961.35,-0.005149009205804385,-0.010901336661985771,-0.023664638269100743,-0.0065012742497529506,2543759.0,14.876,16.144000000000002,1,0.0,@amazon
,Nike,05/09/2018,79.92,-0.004004004004004097,0.028528528528528538,0.028528528528528538,0.03591091091091097,12269138.0,21.037,19.239,-1,0.0,@Nike
36979,@Sheilanmm Yes we need to #SaveDallas @TheCW @CBS @tntdrama @ABCNetwork @netflix @warnerbrostv so please help the f… https://t.co/91Yo7jpP6D
55992,RT @netflix: If Jamey and Peter Kavinsky had a conversation https://t.co/Z9FkHzw2Js
,eBay,28/09/2018,33.02,0.009691096305269542,0.01695941853422154,-0.00787401574803165,0.03089036947304652,8467405.0,22.738000000000003,17.202,-1,0.0,@eBay


47198,"RT @SSGDJDaily: Divested all  @Nike equities w/ a sweet gain... 🤑🤑🤑













Donation of workout gear to local charity’s @nikestore ✔️













Bought a 🤬…

",Nike,05/09/2018,79.92,-0.004004004004004097,0.028528528528528538,0.028528528528528538,0.03591091091091097,12269138.0,21.037,19.239,1,0.175,@Nike
45526,"@cedarsjwsurvey @Nike I agree. A belief is just an illusion it it's not based on truth or reality.






Nothing to be pr… https://t.co/T9qczRSMAV

",Nike,04/09/2018,79.6,0.03266331658291468,0.03266331658291468,0.03266331658291468,0.03743718592964829,18565837.0,20.517,20.153,-1,0.0,@Nike
,TMobile,23/10/2018,69.28,0.003319861431870727,0.006784064665127004,0.006784064665127004,-0.0049076212471132145,3113004.0,23.207,19.667,1,1.0,@TMobile
413265,@FoxNews @realDonaldTrump We want to know about that item you used to buy at  @Walmart and Walmart stopped selling… https://t.co/8p2xZr2KDc
35776,RT @Apple: @Starr_Foxx The #AppleEvent is about to start. Join us live at https://t.co/xi6CRXyseh. Reply #stop to opt out.
611931,RT @LaBeck81: @F3Moist @johnrich @Nike Nike has your money already and now you are ruining clothes that underprivileged kids could be using…

10893,"RT @juanblanco76: The 7 Intuitive Laws of Employee Loyalty. By @Customerfanatix. Now available on @amazon 





https://t.co/G5FKF5cap2 👈 https:…
",Amazon,01/07/2017,968.0,0.0,0.008192148760330526,0.02306818181818186,0.0369214876033058,3390345.0,17.035,19.114,-1,0.0,@amazon
73770,Check out NEW KIPLING Sady Shoulder Tote Bag Black Nylon Satchel MonkeyTM5611Travel Light #Kipling https://t.co/fXVmhV1gsb via @eBay
76630,@miracruz16 @CatrinVal1 Actually is the @ASOS winter collection ikr https://t.co/pH21yXsIy0
25090,RT @kieraroboto: . @Hyundai is the WORST don’t ever fall for their warranty SCAM. being a “valued customer” of theirs is equalivent to bein…

33221,@Klayton83 @JonnyDakota @studioteo @getongab @stripe @PayPal @joyent @realDonaldTrump Popular with Nazi's.

,eBay,12/09/2018,34.26,-0.004378283712784547,-0.01605370694687674,-0.007880910683012143,-0.0037945125510798435,6035857.0,17.333,14.621,-1,0.0,@eBay
48199,RT @Manal_Cali: Hey @Nike can you sue her for illegally using your trademark and name without permission? https://t.co/XLeHqsZknc
,Netflix,30/10/2018,285.81,-0.003393863055876377,0.049053567055036496,0.049053567055036496,0.1656695007172598,23685702.0,65.92699999999999,59.646,-1,0.0,@netflix
,Reuters,28/09/2018,50.3139,0.0008764973496391129,-0.005034394074003325,0.00043725491365220287,-0.006785401250946561,7988967.0,6.837999999999999,12.771,-1,-0.4,@Reuters
666434,"RT @Google: Turning back, flipping forward: how we’re marking 20(ish) years of Google this month → https://t.co/bxzOlsDTma https://t.co/voo…
",Google,09/09/2018,1177.59,0.0,0.0,0.005434828760434524,0.04603469798486743,1633190.0,20.101,16.475,-1,0.0,@Google

,eBay,24/10/2018,27.29,0.03297911322828883,0.043972150971051636,0.0534994503481129,0.1733235617442288,16309320.0,51.743,35.956,-1,0.0,@eBay
616723,@sclancy79 @NFL @Nike The NFL or Nike didn’t force you to do anything. You made that choice all on your own.
42060,@Paisano @RealJamesWoods @StacyLStiles @Nike How many children around the world have literally been murderd in the… https://t.co/PEr82x7sVH
,Reuters,31/05/2017,48.089,0.0034352970533801635,0.002977811973632228,0.002977811973632228,-0.0011457921770050518,928465.0,13.133,20.003,-1,0.0,@Reuters
,eBay,25/10/2018,28.06,-0.02744119743406984,0.004632929436920975,0.015324305060584454,0.12437633642195305,12239614.0,55.348,37.514,-1,0.0,@eBay
,eBay,31/03/2017,33.57,0.003872505212987863,0.002383080131069357,-0.0011915400655346784,-0.005064045278522542,10222995.0,12.663,12.648,-1,0.05,@eBay
,Amazon,04/09/2018,2039.51,-0.0131404111771945,-0.0131404111771945,-0.0131404111771945,-0.05231158464533151,5721093.0,16.9,20.593000000000004,-1,0.0,@amazon
50410,RT @Vintage0Antique: Check out Antique Chinese Blue White Bowl with Phoenix Central Medallion https://t.co/tWtsYLeZoW @eBay
35858,"RT @Apple: Introducing the new iPad Pro. Now with an all-screen design, Face ID, USB-C, and redesigned Apple Pencil.

",Apple,30/10/2018,213.3,-0.004969526488513841,0.014064697609001406,0.014064697609001406,0.04421003281762765,36659990.0,31.718000000000004,30.011,1,0.13636363636363635,@Apple
,Google,30/06/2017,929.68,0.008755700886326587,0.033699767661991266,0.019802512692539458,0.06067679201445667,2287662.0,23.273000000000003,20.035,-1,0.0,@Google
,Reuters,23/10/2018,51.6356,0.002347217810967661,-0.005757655570962667,-0.005757655570962667,-0.010452091192897852,1277461.0,19.515,23.201,1,-0.125,@Reuters
69236,I think I’m going to send @PayPal and @gyft a bill for the time I have to spend to get MY MONEY back for a glitch in their systems!
41012,Them shoes burning slow. We see the quality in your work @Nike
,Sony,23/10/2018,6184.0,0.02021345407503234,0.025388098318240626,0.025388098318240626,0.0278137128072445,6745200.0,32.576,31.517,1,0.0,@Sony
172732,"RT @Razorleef: Uber CEO: I'm pro Trump 











Everyone: #deleteUber 











Uber CEO: ""wait, so is @Disney, @GM, &amp; @IBM!""











Disney, GM, &amp; IBM: https://…
",Disney,01/02/2017,111.3,-0.00584007187780765,-0.003234501347708889,-0.017969451931716084,-0.02929020664869713,10501334.0,10.433,12.575,1,0.0,@Disney
61622,"RT @GretchenOHara: “At @Microsoft, we believe we cannot be competitive without women. Because we cannot expect innovation or disruption in…

",Microsoft,14/09/2018,113.37,-0.004057510805327758,-0.014642321601834797,-0.018788039163800032,-0.04551468642498024,19122349.0,21.74,15.938,1,0.0,@Microsoft
49854,RT @Nike: Don’t ask if your dreams are crazy. Ask if they’re crazy enough. #justdoit https://t.co/Wd5L42egV8


21900,"Check out Vintage Brass Tray Lovely Design Small 4"" x 10""  https://t.co/EOM0r8zpmL via @eBay
",eBay,30/12/2017,37.74,0.0,0.004769475357710644,-0.0034446210916799828,0.0005299417064121892,4652483.0,9.985,19.193,-1,0.125,@eBay

21408,@netflix We want Sense8 https://t.co/EhEw35XiaD
33431,See what I m up to on @eBay! View my profile to see my favorite finds and more: https://t.co/zCdRz1E2Qd via @eBay



71119,@Apple we just want the damn headphone jack back and charger cables that won’t break 😔
53327,"RT @Eagles: Thanks to the #Eagles recording four sacks last night, you can get a free Big Mac today from @McDonalds with any $2 purchase by…

",McDonald's,07/09/2018,163.9,-0.0009762050030506195,-0.004026845637583871,-0.01330079316656502,-0.010189139719341158,2868309.0,8.415,11.466,1,0.15000000000000002,@McDonalds
71007,RT @Reuters: ICYMI: Puppies steal the show at Chilean military parade https://t.co/LRBWMAKSPM
50226,RT @Nike: Don’t ask if your dreams are crazy. Ask if they’re crazy enough. #justdoit https://t.co/Wd5L42egV8

,eBay,24/10/2018,27.29,0.03297911322828883,0.043972150971051636,0.0534994503481129,0.1733235617442288,16309320.0,51.743,35.956,1,0.4,@eBay
21210,#jewelry Check out Zippo Harley-Davidson Eagle Wings Pocket Lighter- NEW #Zippo https://t.co/6oFLnkEjKg via @eBay

,Nike,14/09/2018,83.49,-0.00023954964666422359,-0.005868966343274583,-0.010300634806563654,-0.038208168642951235,4884358.0,23.117,18.114,-1,0.0,@Nike
13926,"Check out Deer - Russia Postage Stamp,  laminated bookmark  #Bookmark https://t.co/Ba2iy7tU4t via @eBay
",eBay,31/08/2017,36.13,-0.012178245225574449,-0.0257403819540548,-0.03653473567672295,-0.0345972875726543,8591090.0,16.855,18.385,-1,0.0,@eBay
,Google,28/04/2017,924.52,-0.035780729459611395,-0.03826850690087829,-0.0385929996106087,-0.07092328992341965,3845857.0,20.884,17.192999999999998,-1,-0.5,@Google
16774,A true BUSINESS WOMAN 😘😘😘😘❤️❤️🔥 im so so proud and happy for you babe @NICKIMINAJ @hm https://t.co/N62t7numTQ
,eBay,01/10/2018,32.51,0.01568748077514627,0.01568748077514627,0.01568748077514627,0.03721931713318982,11990681.0,23.54,17.737000000000005,-1,0.1,@eBay

,Netflix,18/10/2018,346.71,0.051887744801130654,-0.0008941190043552314,-0.03916818090046432,-0.07386576677915249,18461040.0,77.507,51.917,-1,0.625,@netflix
591908,"RT @markhumphrys: Just your periodic reminder that @Google is not a real search engine any more.





Search results are sites that Google likes…
",Google,10/09/2018,1175.06,0.0021530815447721586,0.0021530815447721586,0.0021530815447721586,0.04828689598828997,1383938.0,15.854,15.685,-1,-0.1,@Google
52638,.@gerard_270 &amp; @Nike - what’s not to like!? Inspiring talk about brave brands who know who they are #DMC2018 https://t.co/a8ZYExewHB

,Facebook,30/06/2017,150.98,0.0003974036296198324,0.014968870049013244,-0.002649357530798631,0.027089680752417564,17666022.0,20.113,18.363,1,0.3145454545454546,@facebook
,Disney,05/09/2018,109.87,0.00891963229270947,0.019568581050332132,0.019568581050332132,0.02348229726039864,6388627.0,7.923999999999999,13.743,1,0.0625,@Disney
48417,@cutdastrings @jeffkatzshow @Nike Ok but that has nothing to do with the original statement. Now you're deflecting.
72290,RT @Apple: Welcome to the big screens. The new iPhone XS and iPhone XS Max are here.
,Netflix,12/09/2018,369.95,-0.03789701310987967,-0.05822408433572095,-0.05749425598053786,-0.07776726584673599,10480769.0,46.107,37.963,1,0.2,@netflix
65004,RT @Reuters: JUST IN: Senate Judiciary Committee will hold public hearing to review allegations against Supreme Court nominee Kavanaugh - s…
33978,RT @_SilenceIsGold_: Why isn’t Norbit on @netflix yet??? 😭😭

1765,"RT @IMPL0RABLE: #TheResistance #resisttrumptuesday











I stopped using @facebook when they became a media platform for a corrupt dictator. Hav…
",Facebook,01/02/2017,133.23,-0.021841927493807683,-0.016888088268408017,-0.00788110785859028,-0.01313517976431735,50139775.0,18.12,16.992,-1,-0.5,@facebook
587895,Just saw this on Amazon: YOUR SMILE Retro Framhouse Tartan Plaid Cotton L... by YOUR SMILE https://t.co/cWcZb6y55l via @amazon
17535,RT @NICKIMINAJ: Excited to be a part of the all new @hm Holiday Campaign. Stay tuned 😉. #HM https://t.co/znxHbMYjNm
606596,RT @johnrich: Our Soundman just cut the Nike swoosh off his socks. Former marine. Get ready @Nike multiply that by the millions. https://t.…
,Microsoft,18/09/2018,113.21,-0.009451461884992431,0.0014133027117746735,0.0014133027117746735,-0.017401289638724487,22170934.0,13.792,16.477,1,0.625,@Microsoft
35758,Can I just say that one of the best things @netflix does is create title sequences for its original programming.
77289,"Former @Google CEO lauds role of universities in Canada's innovation ecosystem






@UofT @ElevateTechFest @ericschmidt… https://t.co/8AmsFwWoIX

",Google,28/09/2018,1207.08,0.00023196474135929083,-0.010786360473208058,-0.010927196209033228,-0.02896245484972002,1780759.0,15.005,17.588,1,0.0,@Google
,Nike,04/09/2018,79.6,0.03266331658291468,0.03266331658291468,0.03266331658291468,0.03743718592964829,18565837.0,20.517,20.153,-1,0.0,@Nike
17065,@4L1Fx @adidas @adidasUS @adidasoriginals Dope :)!
38671,RT @netflix: If Jamey and Peter Kavinsky had a conversation https://t.co/Z9FkHzw2Js

,H&M,18/10/2018,17.82,0.008193041526374704,0.008193041526374704,0.008193041526374704,0.00673400673400679,7385.0,67.308,71.938,-1,0.0,@hm
,Apple,11/09/2018,223.85,-0.024659370113915488,-0.011391556846102224,-0.011391556846102224,0.020147420147420242,35749049.0,22.817,23.56,1,0.13636363636363635,@Apple
505,"RT @Google: ""If you have the feeling that something is wrong, don't be afraid to speak up."" - Fred Korematsu #GoogleDoodle… 
",Google,31/01/2017,820.19,0.0044379960740803795,0.03028566551652656,0.03028566551652656,0.03577219912459298,2020180.0,21.549,14.953,1,-0.55,@Google


25908,RT @Reuters: Thousands take to streets in London demanding second Brexit vote https://t.co/nmiUj13Q2O

16267,RT @Reuters: North Korea seen moving missiles from development center: South Korean broadcaster https://t.co/Pul0VGhzur https://t.co/MJjwgC…
,Disney,26/09/2018,115.21,-0.01371408731880912,-0.021178717125249533,-0.04174984810346314,-0.04704452738477552,11141544.0,18.798,13.007,-1,0.0,@Disney
39207,RT @queeenieee__: IM NOT EVEN STUCK *IN* SERBIA IM IN THE FUCKING AEROPORT @easyJet


73753,RT @netflix: Don’t you talk about my son like that https://t.co/alddFyIQIR


47611,Check out my listing @eBay if you need a set of BNA Tax Management Portfolios - https://t.co/lkg5eITb4k via @eBay
24043,Check out Bandai Youkai Watch Shadow Side DX Suzaku Sword &amp; Yokai Arc Set w/ Tracking  https://t.co/vHJUn519FR via @eBay
,Apple,18/09/2018,218.24,-0.0016495601173021153,0.0256598240469208,0.0256598240469208,0.025705645161290255,31571712.0,28.915,19.63,1,0.0,@Apple

,eBay,31/01/2017,31.83,0.010681746779767623,0.021363493559535027,0.021363493559535027,-0.05780710021991831,9469076.0,33.029,22.932,1,0.0,@eBay

,Nike,04/09/2018,79.6,0.03266331658291468,0.03266331658291468,0.03266331658291468,0.03743718592964829,18565837.0,20.517,20.153,-1,-0.3,@Nike
60305,Check out my listing @eBay - https://t.co/G2fs0MHFqT via @eBay
,salesforce.com,28/02/2017,81.35,0.0023355869698833674,0.0052858020897357935,0.0052858020897357935,0.010202827289490013,10532997.0,10.802,11.584,-1,0.0,@salesforce
,TMobile,31/10/2017,59.77,-0.003178852267023671,0.05320394846913167,0.05320394846913167,0.04199431152752213,7361313.0,37.661,22.426,-1,0.0,@TMobile

40226,@FalconSays @ExmuslimsOrg @MerleSmithJr @Starbucks @HiltonHotels The issue here isn’t whether or not the company ha… https://t.co/bXsJoNIE6G
,Apple,27/10/2018,216.3,0.0,0.016181229773462782,-0.005594082293111456,0.013915857605177951,47258375.0,32.993,29.44400000000001,-1,0.13636363636363635,@Apple
8821,"@HyVee @pepsi not to be picky, but could a guy get one 12 pack of Pepsi Zero in Papillion? Just the only thing I’ve… https://t.co/xAXiK4zijb
",Pepsi,31/05/2017,116.87,0.00975442799691966,0.008898776418242424,0.008898776418242424,-0.006930777787285037,5232886.0,10.835,9.269,-1,0.0,@pepsi
,eBay,27/10/2018,27.34,0.0,0.026335040234089203,-0.001828822238478445,0.05157278712509145,16691760.0,54.536,37.821,-1,0.18333333333333326,@eBay

12053,"@VW Parental guide from Jesus.              https://t.co/NaD46DBZrI





Jesus talks to this Claire like daily or at least weekly in New Mexico
",Volkswagen,31/07/2017,129.903,0.01397196369598853,0.01397196369598853,0.01397196369598853,0.04310139103792844,1329166.0,25.772,21.553,1,0.0,@VW
13119,"Men In Black 3 (DVD, 2012) https://t.co/RByDpsEABa via @eBay.
",eBay,31/08/2017,36.13,-0.012178245225574449,-0.0257403819540548,-0.03653473567672295,-0.0345972875726543,8591090.0,16.855,18.385,1,-0.16666666666666666,@eBay
,Nike,13/09/2018,83.47,-0.005630765544506995,-0.010063495866778523,-0.01641308254462687,-0.036779681322630806,5382087.0,23.483,18.108,-1,-0.25,@Nike
10542,RT @ekogaia: Is @Reuters prepared to sacrifice reputation by having tame reporters dress up corporate #PR as news? That's not re… 
65415,Audi e-tron - more cool rear lights from @Audi
,eBay,30/11/2017,34.67,-0.008364580328814512,0.02394000576867604,0.038073262186328234,0.03663109316411872,16415238.0,21.166,19.543,1,0.016666666666666673,@eBay
19664,Check out WWE Sheamus Laoch Celtic Warrior Ladies Small Shirt *NEVER WORN* https://t.co/W1ANw0yUmo @eBay
,CBS,30/09/2017,58.0,0.0,-0.018620689655172384,0.0036206896551724283,0.021206896551724082,5982394.0,30.199,27.777,1,0.0,@CBS
58516,"RT @Lulaveggie: Why not LIKE my #online #craftshop on @facebook at https://t.co/xZOlgQ4Bq2






#facebook #craftstore #gift #gifts #giftideas #c…

",Facebook,13/09/2018,161.36,0.0039662865642041785,0.028383738225086663,0.017476450173524994,0.0072508676251858434,25453775.0,24.843000000000004,24.827,-1,0.0,@facebook



64836,RT @Anson_3D: Check out my #blog post covering how to post your @adskFusion360 #Fusion360 models on @facebook. Maybe @Twitter will add the…
73490,Fishing Switchblade Blade VIBE Metal Lures 75mm Flathead Bream Snapper Jewfish  https://t.co/XQiK0dW7hM via @eBay
52747,"RT @StopTrump2020: I haven't waded into the @Nike thing until now.













Good thing Nike already won the argument with this response. https://t.…

",Nike,07/09/2018,80.3,0.0012453300124534064,-0.004732254047322485,-0.008717310087173136,0.023661270236612773,6633912.0,21.364,18.219,1,0.0,@Nike
,Bayer,23/10/2018,70.04,0.0926613363792118,0.11307824100513973,0.11307824100513973,0.12078812107367208,11589616.0,50.837,39.381,-1,0.5,@Bayer

680857,"RT @Apple: The all-new iPhone XS, iPhone XS Max, iPhone XR and Apple Watch Series 4 are here. #AppleEvent
",Apple,13/09/2018,226.41,-0.02358553067444019,-0.011306921072390806,-0.035687469634733376,-0.014619495605317797,41706377.0,25.87,17.349,-1,0.0,@Apple

40686,@luvinlife1967 @Nike They don’t care  about you and your fucking son Sarah Jane go somewhere and tweet the pussygrabber
,Netflix,06/09/2018,346.46,-0.01523985452866124,0.04947180049644993,0.061248051723142724,0.07077296080355608,13050156.0,51.132,40.562,1,0.13617424242424242,@netflix
436643,".@YouTube, @facebook, Apple, and @Spotify have all pulled Infowars content, citing policy violations https://t.co/AhHWmx7Sjf

",Apple,07/08/2018,207.11,0.009463570083530392,0.004248949833421832,0.004248949833421832,-0.0812128820433587,25587387.0,36.687,23.065,-1,0.0,@facebook
78252,@BankofAmerica so far on hold for 45min trying to reach someone in the lost/stolen fraud unit!!!   If you want to c… https://t.co/laMhehoQRk
47557,"RT @DesignationSix: @realDonaldTrump Here are some @foxandfriends sponsors.






@PetSmart






@Chewy






@Expedia






@trivago






@eHarmony






@Wayfair






@CashCall…

",Expedia,05/09/2018,123.85,0.028421477593863632,0.053693984658861584,0.053693984658861584,0.07210335082761411,2221743.0,23.571,33.467,1,0.0,@Expedia
54371,The Bistro by Frank Cereo https://t.co/WaMWtQUKmJ via @amazon Follow an Italian family running a small restaurant i… https://t.co/H7LDLrOju1

55784,RT @Apple: Join us September 12 at 10 a.m. PDT to watch the #AppleEvent live on Twitter. https://t.co/hEaYP8pkbN
,Citigroup,30/11/2017,75.5,-0.006092715231787997,-0.02384105960264897,-0.054437086092715234,-0.04291390728476814,23179633.0,20.636,14.898,1,0.0,@Citi
33570,RT @StopTrump2020: Thank you @PayPal for no longer allowing the racist platform Gab to use your service.  Thanks for standing on the right…

,Walmart,30/06/2017,75.68,0.0033033826638477802,0.010967230443974609,0.004360465116279047,-0.011099365750528584,6963283.0,12.629,18.329,-1,0.0,@Walmart
,Nike,04/09/2018,79.6,0.03266331658291468,0.03266331658291468,0.03266331658291468,0.03743718592964829,18565837.0,20.517,20.153,-1,0.0,@Nike
3207,RT @netflix: Spring into something new. Here are just a few of the things coming to Netflix in March. https://t.co/umcIcwg79Q

,eBay,20/09/2018,34.24,-0.0005841121495328014,-0.0035046728971963943,-0.0011682242990653955,0.0058411214953269786,15877016.0,10.962,13.911,-1,0.0007142857142857229,@eBay

,Reuters,22/09/2018,49.9725,0.0,0.003085697133423443,0.000660363199759893,0.0033058182000101216,3027903.0,10.397,13.679,1,0.0,@Reuters
30520,"RT @UNCF: #CoinsForCollege we have Jana Vanderah, Market Relationship Manager, @WellsFargo breaking down how to secure the bag for college!…

",Wells Fargo,24/10/2018,50.19,0.02729627415819893,0.02908946005180317,0.053795576808129165,0.08507670850767092,31161536.0,30.02,21.371,-1,0.12222222222222222,@WellsFargo
,eBay,31/01/2017,31.83,0.010681746779767623,0.021363493559535027,0.021363493559535027,-0.05780710021991831,9469076.0,33.029,22.932,-1,0.0,@eBay
10831,"RT @sunflowersjam: @BTS_ARMY_I @glosstaemin @Microsoft @BTS_twt If you read this, stream Spring Day HERE!





https://t.co/Xr4AZbBmgK





#SpringDa…
",Microsoft,30/06/2017,68.93,-0.0063832873930075714,0.012621500072537215,0.004062091977368155,0.03307703467285633,24161068.0,19.979,17.602,1,0.0,@Microsoft

8962,@Ford heat was stuck on high. I asked the service manager how they tried to diagnose it and correct the problem before I picked it up.
,Google,25/10/2018,1103.59,-0.04210802924999323,0.010257432561005595,0.007049719551645062,-0.005146838952871842,3647814.0,45.94300000000001,32.761,1,0.25625,@Google
,Netflix,30/06/2017,149.41,0.004551234857104658,0.026771969747674186,0.010842647747808076,0.05762666488186876,5213315.0,32.714,28.827,1,0.0,@netflix
,FedEx,31/03/2017,195.15,-0.0050217781193954295,-0.02167563412759425,-0.026953625416346497,-0.03602357161158084,2175490.0,27.214,19.417,1,1.0,@FedEx
42741,@jimwhitesf @AncelPatricio @johnrich @Nike @Kaepernick7 Lol. Well put!
10809,"RT @footlocker: Late Night Snack.











The @adidas Harden Night Life Inspiration Tee is in stores now. | Stores: https://t.co/MeC16XnLFi https:…
",adidas,30/06/2017,168.293,-0.026049805993119055,0.0002436227294064329,-0.003487964442965646,0.0007308681882192987,1024023.0,23.537,21.18,1,-0.3,@adidas
63298,"RT @Toyota: After 3,000 miles and competing on 7 tracks, the @OfficialOLOA #Prius will be on hand at Texas Motor Speedway for the Round 7 F…

",Toyota,16/09/2018,6848.0,0.0,0.0,-0.009491822429906541,-0.036799065420560745,7650100.0,17.897000000000006,18.149,1,-0.2,@Toyota
32473,@nextofficial @MrsGiFletcher Absolutely love this collection 🖤 Cx

,Apple,03/08/2018,207.99,-0.00288475407471524,-0.031203423241502038,-0.08510024520409643,-0.08178277801817405,33447396.0,35.301,23.559,-1,0.0,@Apple
59912,RT @parscale: Only @Google could make @facebook look like the good guys. Mark should send them a gift.
29828,"RT @Reuters: For Fed, sell-off could point to fading Trump stimulus https://t.co/IEqWfidWaG

",Reuters,24/10/2018,51.0849,0.010780093530573595,0.013152614569080116,0.0049603698940391214,0.009270841285781213,2228486.0,19.335,23.332,-1,0.0,@Reuters

20264,"@MattSchafer1974 @Quinntessence_ @UPS @redrobinburgers @LoneJobber @CBRadioLive I know, Matt... Truth can be painful....
",UPS,01/12/2017,120.31,0.009475521569279366,-0.010556063502618205,-0.042556728451500325,-0.05959604355415179,3141930.0,21.246,18.115,-1,0.0,@UPS
,Cisco,01/10/2018,48.87,-0.00450173930836912,-0.00450173930836912,-0.00450173930836912,-0.008798854102721501,13669841.0,11.125,10.772,1,0.0,@Cisco
70220,"RT @Disney: This holiday season, the greatest gifts lead you home. Disney's @TheNutcracker and the Four Realms is in theaters November 2. #…

",Disney,21/09/2018,110.4,0.011050724637681149,-0.005525362318840574,-0.007880434782608737,-0.010326086956521744,25753718.0,15.975,10.466,1,1.0,@Disney

33016,RT @ABREG_1: I had a blast helping out in Houston! Tweet and RT with #HR4HR during the World Series and @TMobile will donate $2 to @TeamRub…

51046,@Fartrel_cluggin @LeVeonBell @Nike Or you could donate it to someone who needs it....
27160,Check out Air Force 1 High '07 LV8 Suede https://t.co/rJqHDuEVJp @eBay
14439,RT @MOEMASSARI: All the way up🔝 @Lamborghini @BMW @MercedesBenz @Lexus https://t.co/aAUnyK1pbK
14835,@BMW Hit 210 on the A7 after the break in period.
,Kroger,31/08/2017,21.87,0.015089163237311309,-0.0027434842249658103,-0.006858710562414363,-0.035208047553726536,15823714.0,53.174,32.161,1,0.0,@kroger
53613,RT @Reuters: Brazil far-right candidate Bolsonaro in stable condition after stabbing https://t.co/IoVqG5l5Dg
45416,@SarahPalinUSA This is me everytime someone burns a @Nike product. #JustDontDoit https://t.co/uabzMKEiEb
52798,RT @DiamondandSilk: Today makes 1yr since @facebook began censoring our FB page. It's gone from bad to worse. Before we can boost or promot…
51467,Check out Vintage Chalkware Wall Plaque Boxed Warren Art Clock Mid Century Boss   https://t.co/h5c3R5K2XI via @eBay

8244,"RT @NPDMattPowell: Strong Adidas quarter driven by N. America, ecommerce https://t.co/7zOW1un2Gz via @Reuters
",Reuters,31/05/2017,48.089,0.0034352970533801635,0.002977811973632228,0.002977811973632228,-0.0011457921770050518,928465.0,13.133,20.003,1,0.4333333333333333,@Reuters

137380,"@c_davies @slashgear @Tesla @chevrolet @BMW @Acura @Lexus How about: 











- Performance model Nissan Leaf with AWD?… https://t.co/L3qVzLIyCu
",Nissan,27/10/2018,990.9,0.0,-0.011302855989504422,0.007467958421636873,0.010697345847209631,13480200.0,15.289,20.987,-1,0.0,@BMW
,Facebook,29/09/2018,164.46,0.0,0.02663261583363733,0.015140459686245776,-0.00930317402407881,34265638.0,26.211,23.132,-1,0.0,@facebook
,eBay,29/09/2017,38.46,-0.018980759230369317,-0.01066042641705678,-0.015860634425377,-0.004420176807072327,9964979.0,15.466,16.916,-1,0.0,@eBay
,Microsoft,01/06/2017,70.1,-0.0037089871611981602,0.004422253922967223,-0.0019971469329529328,-0.00684736091298131,21603601.0,9.868,14.412,-1,0.0,@Microsoft
50568,Good thing @McDonalds Sweet N' Spicy Honey BBQ #GlazedTenders are the perfect combination of #Sweet AND #Spicy. Just like grandma. And me.
43722,"@johnrich @Nike Yes sir, you are a racist!

",Nike,04/09/2018,79.6,0.03266331658291468,0.03266331658291468,0.03266331658291468,0.03743718592964829,18565837.0,20.517,20.153,-1,0.0,@Nike
,Ford,31/10/2017,12.27,-0.01385493072534637,-0.0171149144254278,-0.0171149144254278,-0.006519967400163005,42010246.0,20.659,15.913,1,0.0,@Ford
33659,"RT @JuddLegum: Hey everyone I need your help.













I can’t get @ATT to explain why they gave 5K to Steve King despite his long history of racis…

",AT&T,28/10/2018,29.09,0.0,0.0,0.030594706084565163,0.12994156067377094,77662526.0,48.289,31.234,-1,-0.05,@ATT
27290,RT @JaydePierce: . @Ryanair is the world airline ever. You’re a fucking mess and your staff are trash. You’re saying this situation is a po…

,Apple,18/09/2018,218.24,-0.0016495601173021153,0.0256598240469208,0.0256598240469208,0.025705645161290255,31571712.0,28.915,19.63,-1,0.0,@Apple
55473,@Nike Latina. Proud of most police. Peer call on the argument. My products going to trash and no more business from this oppressed minority
,Reuters,29/12/2017,48.0119,-0.0011476321495295116,-0.002982593898595978,-0.01101185331136657,-0.0038990333646449563,452187.0,9.482,8.113999999999999,-1,0.0,@Reuters
52607,RT @Reuters: EXCLUSIVE: Right-wing sites swamp Sweden with 'junk news' in tight election race https://t.co/DwXClROB9n https://t.co/1eigAp38…


56993,RT @AmnestyUK: We believe that tech giants like @Microsoft are using cobalt mined by children in their products. Tell #Microsoft's CEO @sat…

11522,"Check out Vintage  Set of 4 Wood Tapered Table Legs 26""   https://t.co/6ElDmtBe8C via @eBay
",eBay,31/07/2017,35.73,0.005877413937867362,0.005877413937867362,0.005877413937867362,0.01819199552197049,6227993.0,20.351,20.804,-1,0.0,@eBay
54894,"RT @SureshNakhua: Dear @Nike , lackey of @incIndia, political party who top leadership is #OutonBail for corruption charges, abetment of su…

",Nike,08/09/2018,80.3,0.0,0.0012453300124534064,-0.004732254047322485,0.023661270236612773,6633912.0,21.364,18.219,1,0.25,@Nike
,eBay,19/09/2018,34.22,-0.002922267679719504,-0.0005844535359437763,-0.00350672121566328,0.00116890707188776,13455592.0,11.962,14.171,-1,0.0,@eBay
,Facebook,29/09/2017,170.87,-0.012524141159946245,-0.018669163691695426,-0.038977000058524,-0.0019312927956927047,15340366.0,31.665,20.391,-1,-0.012499999999999995,@facebook
7691,hjkhjhI Just Voted Beyoncé for the @CocaCola Viewers' Choice Award! #IChooseBeyonce https://t.co/eWk4WnyJm0 #ICHOOSEBEYONCE #BEYONCE4MMVA
111891,RT @SAP: SAP HANA is helping @ElephantsRhinos &amp; People (ERP) preserve the world's ecosystem for future generations. https://t.co/H8kclZW3lr…

,McDonald's,01/02/2017,122.42,0.0012252899852964506,0.004901159941186034,0.0035941839568697743,-0.0051462179382453475,3233576.0,7.607,9.573,-1,-0.6,@McDonalds
14278,"RT @exxonmobil: These pictures are fake. Don't let #FakeNews spread when we should be focusing on what truly matters, those affecte… 
",Exxon,01/09/2017,76.57,-0.003134386835575224,-0.006138174219668263,-0.0015671934177875196,0.001958991772234631,7361092.0,6.098,10.198,1,-0.5,@exxonmobil

24549,@amazon really gotta say the quality of customer service I am getting is inexcusable as first im told you cannot re… https://t.co/VU8LDPdzah
50979,RT @TheJordanRachel: The new Nike campaign is the best advertising @adidas has ever had!
59937,"RT @Apple: The all-new iPhone XS, iPhone XS Max, iPhone XR and Apple Watch Series 4 are here. #AppleEvent

",Apple,13/09/2018,226.41,-0.02358553067444019,-0.011306921072390806,-0.035687469634733376,-0.014619495605317797,41706377.0,25.87,17.349,-1,0.0,@Apple
,Tesco,13/09/2018,234.5,0.014072494669509644,0.009808102345415829,0.025159914712153543,0.02302771855010664,23362144.0,12.403,17.749000000000006,1,0.0,@Tesco
,Kroger,23/10/2018,28.43,-0.01582835033415404,-0.030601477312697887,-0.030601477312697887,-0.04326415758002112,8234462.0,28.08,43.506,1,0.0,@kroger
,FedEx,06/09/2018,246.19,-0.00580852187334988,-0.019903326698891124,-0.009098663633778826,0.002234046874365374,1069426.0,15.84,16.583,-1,0.0,@FedEx
,AT&T,31/05/2017,38.53,0.0005190760446404366,-0.010641058915131162,-0.010641058915131162,-0.009862444848170324,24040423.0,9.834,14.12,-1,0.0,@ATT

48147,RT @jamieleecurtis: I mean.... come ON! Need/want! Standing with @Nike and @halloweenmovie https://t.co/AeWpe2fnio
,Reuters,31/01/2017,49.3887,-0.00267672564776958,0.003122171670847846,0.003122171670847846,0.004460534494732492,547029.0,9.665,9.094,1,0.38333333333333336,@Reuters
49316,"RT @RedDevilTimes: Cantona: “I am wearing @Nike    more than ever” [ IG ] 













#ColinKaepernick / #MUFC https://t.co/EFBy4GV4Dd

",Nike,05/09/2018,79.92,-0.004004004004004097,0.028528528528528538,0.028528528528528538,0.03591091091091097,12269138.0,21.037,19.239,1,0.5,@Nike

56147,"RT @ValaAfshar: Woman wiring an @IBM 405, an accounting machine introduced in 1934 —405 was an advanced piece of technology for its time, c…

",IBM,11/09/2018,146.49,-0.005734179807495415,-0.007099460714042053,-0.007099460714042053,-0.005529387671513429,3374774.0,10.372,14.593,-1,0.4,@IBM


,Ford,27/09/2018,9.23,0.004333694474539453,0.01733477789815819,0.03900325027085584,0.06283856988082341,57272192.0,24.558000000000003,23.023000000000003,-1,0.0,@Reuters
67997,@davidwalczak18 @news_store_com @AngelCIraq214 @FedEx @RepDonBeyer @HillaryClinton @BarackObama @VA8thCDDems… https://t.co/0Nb9sxEofw
,Amazon,13/07/2018,1813.03,-0.009051146423390723,-0.032007192379607606,-0.038587337220012924,-0.05648003618252311,4386679.0,15.588,19.633,-1,0.0,@amazon
,eBay,13/09/2018,34.44,-0.0052264808362369256,-0.009581881533100996,-0.02119628339140525,-0.022648083623693416,6716827.0,17.733,14.649,1,0.6,@eBay

27108,RT @vayoub98: put Avatar the Last Airbender on @netflix thanks
39014,RT @MikeSimsWalker: 🙌🏾 RT @Gillette: Your best never comes easy. Just ask @Shaquemgriffin. https://t.co/sKidcElLWd
,eBay,24/10/2018,27.29,0.03297911322828883,0.043972150971051636,0.0534994503481129,0.1733235617442288,16309320.0,51.743,35.956,-1,0.0,@eBay
8905,Did @Microsoft just release another cool open source tool?? For @Docker containers?! Unbelieveable! https://t.co/IIeCWvdraB
70544,"RT @Google: Camels, code and lab coats: how we’re applying machine learning smarts to help scientists and doctors advance their fields → ht…

",Google,21/09/2018,1172.12,0.01659386410947689,0.0018342831791967468,-0.004274306385011766,0.0049994881070198685,4561119.0,20.526,17.930999999999994,-1,0.0,@Google
66493,@MCU_Tweets @Disney PLEEEEASE MAKE THIS HAPPEN! 🙏🙏🙏
,Goldman Sachs,01/06/2017,215.01,-0.01744104925352309,0.01585972745453698,0.03962606390400451,0.03469606064834198,4057944.0,29.391,25.799,-1,0.0,@GoldmanSachs
40889,"RT @Nike: You can take the superhero out of her costume, but you can never take away her superpowers. #justdoit https://t.co/dDB6D9nzaD

",Nike,03/09/2018,82.2,0.0,0.0,0.0,0.005474452554744561,5177091.0,13.223,17.918,1,0.0,@Nike
,AT&T,31/05/2017,38.53,0.0005190760446404366,-0.010641058915131162,-0.010641058915131162,-0.009862444848170324,24040423.0,9.834,14.12,-1,0.0,@ATT
7617,Wow @Steven_Ballmer lit af rn!!! #ballislife #microsoft #morelife 🔥🏀🔥🏀🔥 @Microsoft @LAClippers https://t.co/N4iheuvNsi

58703,RT @TMobile: .@JustinBieber and Jimmy are up to something 👀 The surprises continue tomorrow on #FallonTonight at 11:30 EST on NBC! #AreYouW…


23570,"@WeeOhana @Tesco @SportsDirectUK We've nearly lost a few times, wouldn't go to bed. I've had to drive to get it. It… https://t.co/vS9A9ueLd9

",Tesco,18/10/2018,209.1,-0.0014347202295551553,-0.002391200382592061,0.03299856527977047,0.04399808703969401,22910545.0,27.897,32.569,-1,-0.05,@Tesco
,Netflix,31/05/2017,163.07,0.0009198503710063511,-0.003924694916293533,-0.003924694916293533,-0.03262402649169065,5328919.0,18.548,26.631,1,0.4,@netflix
,Nike,15/09/2018,83.49,0.0,-0.00023954964666422359,-0.005868966343274583,-0.038208168642951235,4884358.0,23.117,18.114,1,0.3,@Nike
,Reuters,31/07/2017,50.5452,0.003705594200834114,0.003705594200834114,0.003705594200834114,0.0015253673939365454,1301289.0,5.305,8.792,-1,0.06818181818181818,@Reuters

10435,"""Death's Witness"" by @PaulBatista007 is on #sale for $0.99 via @oceanviewpub - https://t.co/RGxjPLYpRO via @amazon - #legal #thriller
",Amazon,30/06/2017,968.0,0.008192148760330526,0.02306818181818186,0.009070247933884269,0.0369214876033058,3390345.0,17.035,19.114,1,0.0,@amazon
,UPS,23/09/2018,118.49,0.0,0.0,0.0053169043801165475,0.01603510844797034,4348507.0,18.144,14.879,-1,0.0,@UPS
10352,When is this iOS 11 beta 2 going to drop @Apple ???
496335,RT @DeliciouslySavv: Stock Up &amp; Save On @TridentGum 8 Packs Available @Walmart PLUS Enter To Be 1 of 7 Winners To Win Walmart Gift Cards! #…
,Amazon,27/10/2018,1642.81,0.0,0.08483026034660134,0.013020373628112869,0.07378820435716853,14963783.0,74.59100000000002,49.036,1,0.0,@amazon
50695,RT @nicdasilva: #Wentworth Season 6 just landed on @netflix | Get amongst it 🙌🏼|
18346,"RT @dprite1: I’ll give this @AROD ⚾️ to 1 of you, if this tweet gets 500 retweets. Thx @TMobile 4 donating $2 for hurricane reli… 
",TMobile,01/11/2017,59.75,0.0003347280334728557,-0.002845188284518857,0.05355648535564858,0.03648535564853556,3352007.0,36.554,22.433000000000003,-1,0.0,@TMobile
,Netflix,01/10/2018,381.43,-0.019138505099231862,-0.019138505099231862,-0.019138505099231862,-0.030988647982591808,8376560.0,24.05,39.488,-1,0.0,@netflix
33385,"@Activoid @ArthurAllen62 @MyKidsMomBB8 @them @Google Read Judges, 1-2Chronicles, and OT prophets. Actually, in Deut… https://t.co/L7Gim0rSjT

",Google,28/10/2018,1083.75,0.0,0.0,0.01830680507497109,0.019773933102652883,5321883.0,46.145,32.869,-1,0.0,@Google
70516,RT @jaylowfantastic: @netflix is a big competitor with everyone in #Hollywood! You’d see their stock go up!?!? @crazyantfilms @BourbonBayRa…

6063,RT @thevirdas: WE'RE LIVE! My Special 'Abroad Understanding' is now on @netflix The 1st ever Netflix Original from India. Do Share… 
74914,RT @Starbucks: @Pikuchen We love a legend. 💚
,eBay,01/08/2017,35.91,-0.0050125313283207965,0.0008354218880534987,0.0008354218880534987,0.01141743247006415,4685371.0,19.951,20.842,1,0.13636363636363635,@eBay

,Samsung,31/05/2017,44700.0,-0.0013422818791946304,0.02058165548098434,0.03087248322147652,0.004026845637583893,18669100.0,23.449,25.522,-1,0.0,@amazon

69022,$$$ Yes @TylaYaweh @tydollasign @1future #IdaNeedaDoDewDew Says @pepsi On The Streets Like @dominos Filling in Pot… https://t.co/fxhGztnuIB
64266,Check out NFL Denver Broncos Black On Black Lanyard with Color Logo Buckle  https://t.co/BPOdVlBjDa via @eBay
41194,"@imeverybodysACE @ColinCowherd @Nike @Kaepernick7 All sales.  Under Armour already bears them in shorts, shirts and hat sales.

",Nike,04/09/2018,79.6,0.03266331658291468,0.03266331658291468,0.03266331658291468,0.03743718592964829,18565837.0,20.517,20.153,-1,0.0,@Nike
,eBay,29/10/2018,26.82,0.019388516032811318,0.019388516032811318,0.019388516032811318,0.062266964951528635,18291838.0,51.611,37.935,-1,0.0,@eBay
,Microsoft,22/10/2018,109.63,-0.008847943081273364,-0.008847943081273364,-0.008847943081273364,-0.018516829335036043,26545607.0,44.197,27.012,1,0.0,@Microsoft
407050,RT @Reuters: Apple hit a $1 trillion market cap this week - a major milestone in a decade of stock gains fueled by the iconic iPhone. See a…
,Nike,03/09/2018,82.2,0.0,0.0,0.0,0.005474452554744561,5177091.0,13.223,17.918,-1,0.4,@Nike



20040,Vintage Green Glass Decanter and Shot Glass Set  https://t.co/LE1b9iCecY via @eBay #VTG #GreenGlass #DecanterandShotGlassSet
436655,@McDonalds Thanks for all your work with the McDonald's house and library's y'all put up. I wish you did more for s… https://t.co/KSxDE00qc0

,CBS,02/09/2018,53.02,0.0,0.0,-0.0001886080724255963,0.0015088645794039662,1708079.0,15.787,28.833,1,-0.125,@CBS
56392,"RT @JayValenz67: Confrontation caught on camera after man denied bus ride because he's black https://t.co/itDmfvrAzV via @Yahoo Well, it's…

",Yahoo,11/09/2018,3.29,0.012158054711246213,0.012158054711246213,0.012158054711246213,0.018237082066869317,4.0,31.076,44.083,1,-0.16666666666666666,@Yahoo
,Nike,04/09/2018,79.6,0.03266331658291468,0.03266331658291468,0.03266331658291468,0.03743718592964829,18565837.0,20.517,20.153,1,0.05338541666666666,@Nike
,Apple,01/07/2017,144.02,0.0,-0.002360783224552169,0.012567698930704084,0.01569226496319949,23024107.0,15.793,20.392,-1,0.25,@Apple
1442,RT @Drops: yo fuck you @McDonalds https://t.co/NEUCDMBGMe
,CBS,11/09/2018,55.4,-0.0036101083032490213,0.011913357400722087,0.011913357400722087,-0.050722021660649735,4247511.0,26.816,18.002,-1,0.0,@CBS
75104,"Via @Reuters: Oil eases, but Iran sanctions keep prices well above $80 a barrel https://t.co/ioIc75RliV https://t.co/4dL4kUDq39

",Reuters,26/09/2018,50.0606,0.005499334806214896,-0.00021973368277653047,-0.0017598670411462165,-0.0011006659928167668,4494517.0,6.103,12.861,-1,0.0,@Reuters
,Apple,21/09/2018,217.66,0.010888541762381715,0.003261968207295819,0.002664706422861401,0.02839290636772952,96246748.0,27.839,19.836,1,0.2,@Apple
15291,@Reuters canadian author man grand symbol of the mysteries endocrinology pnp npn gates dr jung best swiss guard in… https://t.co/ed1ovEifpE
11189,Check out AMERICAN EAGLE DARK GREY SWEATER TANK TOP SIZE XSMALL #AmericanEagleOutfitters https://t.co/6jhDZCq9j2 via @eBay #ebay #tanks
65983,@karanganesan @oneplus @Google @Android @dan_abramov @reactjs @mrdoob How to pass
29705,RT @JGilliam_SEAL: I wonder if @Apple is playing games and suppressing freedom of speech and the press (#1A)by blocking @FoxNews on Safari?…

35580,RT @CVSHealth: .@CVSHealth to expand digital tools to help patients manage their health. #TownHallLA @townhallla https://t.co/kGXkYWkR4c
,TMobile,01/12/2017,60.9,0.002791461412151095,0.015270935960591129,0.007881773399014844,0.012807881773399034,4973450.0,20.585,34.472,1,0.0,@TMobile
,Nike,04/09/2018,79.6,0.03266331658291468,0.03266331658291468,0.03266331658291468,0.03743718592964829,18565837.0,20.517,20.153,-1,0.5,@Nike
,AT&T,30/06/2017,37.73,-0.002915451895043717,0.005565862708719875,-0.0007951232441026779,0.005830903790087622,22540739.0,11.666,9.813,1,0.0,@ATT

47129,RT @netflix: Reversing Roe: A new documentary about the state of abortion and women’s rights in America. September 13. https://t.co/AX75YJU…
37759,@rrradicaljalen @ASOS Please
,Intel,18/10/2018,44.97,0.020458083166555518,0.021569935512563903,-0.009784300644874313,-0.016455414720925106,26638830.0,32.107,29.25,1,0.6125,@intel


,eBay,03/09/2018,34.61,0.0,0.0,0.0,-0.0008668015024559704,7944075.0,11.392,14.753,1,0.0,@eBay
74067,"RT @salesforce: Starting today, Salesforce and @Apple are coming together to give developers new tools and empower everyone to learn how to…

",Apple,25/09/2018,222.19,-0.006300913632476735,-0.020387956253656785,-0.020387956253656785,-0.017777577748773518,24554379.0,24.5,20.18,1,0.06818181818181818,@Apple
,Netflix,28/10/2018,299.83,0.0,0.0,0.043491311743321284,0.10952873294867102,19616041.0,81.178,60.422,1,0.0,@netflix

1225,RT @pepsi: We’re on the right track 👶!  #5days to #PepsiHalftime. Join the ⌛ with a #FanCountdown 📹 and 👀… 
383810,Even Exxon thinks ALEC's climate denial is too extreme. Tell @UPS to stop funding #climatechange disinformation and… https://t.co/moIQILLCAj

39308,Check out Bring It On Blue 2X Snap Button Front LS Scrub Top Snowmen &amp; Snowflakes Cotton  https://t.co/i3KaHlXtba via @eBay
321590,"RT @Reuters: .@Breakingviews TV: Comcast is dropping its bid for Fox assets, leaving them to Disney for $71 billion. But what happens next?…

",Comcast,19/07/2018,34.91,-0.02492122600973926,-0.01833285591521036,0.0017187052420510535,-0.010312231452305915,41627718.0,23.72300000000001,27.634,-1,0.0,@Reuters
15834,RT @Sylvestermouse: Dragon Wow Tshirt Dragon Lovers T-shirts https://t.co/mlIzLWOQTK via @amazon https://t.co/Jbvuwfh0OQ
20569,"Special Report: In a hospital ward in Yemen, the collapse of a nation https://t.co/MrrZYX8xi3 Via @Reuters
",Reuters,29/12/2017,48.0119,-0.0011476321495295116,-0.002982593898595978,-0.01101185331136657,-0.0038990333646449563,452187.0,9.482,8.113999999999999,1,0.35714285714285715,@Reuters
35502,"#hunting check out Liquid Silver Plating System, Silverware Kit, Medallion Brand - New #MedalllionBrand https://t.co/wt1w2mmMV2 via @eBay

",eBay,30/10/2018,27.42,-0.0218818380743983,-0.002917578409919834,-0.002917578409919834,0.028081692195477737,19994392.0,56.25899999999999,38.887,1,0.13636363636363635,@eBay
17667,RT @DublinAirport: We’ve got 2 return flights to Naples from @DublinAirport with @Ryanair to give away. Just follow us &amp; retweet to en… 
,Netflix,30/09/2017,181.35,0.0,-0.0035842293906810352,0.003418803418803444,0.03308519437551696,4227864.0,31.041,25.357,1,1.0,@netflix

36358,"RT @Reuters: WATCH: Australia won the STIHL Timbersports Team World Championship in Liverpool, England https://t.co/4ZIbzmFaBj

",Reuters,31/10/2018,51.3272,-0.013947770382954805,-0.02532185663741631,-0.014162081703268454,-0.004720693901089485,791337.0,16.152,24.38,-1,0.0,@Reuters
37410,"RT @EasilySteel: @chillyhades @SonyPictures @Sony Not only did Wyatt help Lucy to get dressed 😜...  but he helped her to get ""over the hump…

",Sony,10/09/2018,6245.0,-0.002401921537229784,-0.002401921537229784,-0.002401921537229784,0.004963971176941554,5840000.0,15.752,22.068,1,0.0,@Sony


44134,@DineshDSouza @Kaepernick7 @Nike It's all about selling shoes to those like him which seems to be quite a few among… https://t.co/szh034RQOE
28643,Phantom (Dark Musicals Trilogy Book 1) by Laura DeLuca https://t.co/X9bP3aHAln via @amazon
,Nike,07/09/2018,80.3,0.0012453300124534064,-0.004732254047322485,-0.008717310087173136,0.023661270236612773,6633912.0,21.364,18.219,1,0.15,@Yahoo
76558,@HondaCanada @Honda when a hard working family works hard for their money and we reach out because your touring odd… https://t.co/YfQTqb8J2R


60297,RT @JovidBekov: That’s why I love you @Nike cause you take everything to different level. Heads up to @Kaepernick7 https://t.co/7diUqpPB00
33947,RT @Saintsfan5348: Thank you @intel. Now do the same for the @GOP. https://t.co/n0zfOL529Y
,eBay,31/05/2017,34.3,0.00932944606413995,0.017492711370262433,0.017492711370262433,0.015160349854227496,9762178.0,16.727,22.532,-1,0.0,@eBay
14136,RT @foxycuda: @usa1_america @Title9Jen @tracygreen @hshanehammond @DrDinD @DeutscheBank when did they start referring to banks as… 
76562,RT @SaraRamirez: For the record @CBS has been nothing but gracious and generous to me. They are open to Callie coming back! The ball is in…
,Nike,07/09/2018,80.3,0.0012453300124534064,-0.004732254047322485,-0.008717310087173136,0.023661270236612773,6633912.0,21.364,18.219,1,1.0,@Nike

6712,"RT @Newegg: Enter to win this gorgeous @Corsair GTX 1080 gaming rig armed with an @intel i7, the @htcvive #VR &amp; much more:… 
",Intel,28/04/2017,36.15,0.035408022130013865,0.02157676348547721,0.01991701244813275,0.0047026279391425094,56769258.0,23.198,14.815,1,0.5666666666666667,@intel
553,"Kids craft a Valentine-themed photo box at next FREE @HomeDepot Kids Workshop, February 4 https://t.co/u5AefVnwdo
",Home Depot,31/01/2017,137.58,0.006468963512138292,0.005451373746184038,0.005451373746184038,0.00348887919755771,3227039.0,12.229,11.036,1,0.2,@HomeDepot

20032,RT @SFDefundDAPL: Thanks to all who showed up today at the #divestWellsFargo rally. We won’t rest until @WellsFargo defunds the Keyst… 
76854,@MeghanKEdmonds @Huggies @amazon What a loving big sister.  Sooo sweet
,Apple,30/10/2018,213.3,-0.004969526488513841,0.014064697609001406,0.014064697609001406,0.04421003281762765,36659990.0,31.718000000000004,30.011,1,0.0,@Apple
,eBay,18/10/2018,31.55,0.0148969889064977,0.022187004754358138,0.009825673534072859,-0.004754358161648245,8705346.0,34.121,23.542,1,0.0,@eBay
54766,@Kaepernick7 @Nike Teaching my family TRUE values. TRUE Sacrifice! #makeavisit #thankful #freedom https://t.co/gisHkiJvH3
67567,Check out OLD VINTAGE PASSING SHOW CORH TIPPED VIRGINLA LITHO PRINT TIN SIGN BOARD  #Unbranded https://t.co/0zr4FLISBr via @eBay

68558,"Excited to share that @Adobe has agreed to acquire @Marketo, the market-leading cloud platform for B2B marketing en… https://t.co/jPwqkJxDSi

",Adobe,20/09/2018,266.34,-0.005481715100998647,0.01670796725989354,0.0071712848239093826,0.008185026657655655,2560184.0,25.388,24.024,1,0.375,@Adobe
1492,RT @DrJimmyStar: Check out Westland Giftware Ceramic Spiderman Cookie Jar NIB Multi-Color https://t.co/IB65e9yvXS @eBay
17119,@TMobile Happy Halloween! #Thankenstein #contest https://t.co/lhK8jqd1P9
11501,@BMW @YoussefSameh4 faker 😂😂😂😂😂😂😂😂😂😂😂😂😂
684936,"RT @Apple: The all-new iPhone XS, iPhone XS Max, iPhone XR and Apple Watch Series 4 are here. #AppleEvent
",Apple,13/09/2018,226.41,-0.02358553067444019,-0.011306921072390806,-0.035687469634733376,-0.014619495605317797,41706377.0,25.87,17.349,-1,0.0,@Apple

66891,RT @MCU_Tweets: BREAKING: @Disney is reportedly planning multiple series centered on MCU characters.  Loki &amp; Scarlet Witch are mentioned ch…
5501,Check out THE DEPARTED DVD   https://t.co/l8VTySRJ1m via @eBay
,Nike,05/09/2018,79.92,-0.004004004004004097,0.028528528528528538,0.028528528528528538,0.03591091091091097,12269138.0,21.037,19.239,-1,0.0,@Nike
,eBay,22/09/2018,34.04,0.0,0.005875440658049437,0.00528789659224441,0.001762632197414873,24874963.0,10.372,14.015,-1,0.2681818181818182,@eBay
,Facebook,20/09/2018,166.02,-0.0178291772075654,-0.03445368027948439,-0.03276713648957955,-0.028068907360558948,18936038.0,21.994,21.77,1,0.5000000000000001,@facebook
22559,RT @Joe_Gatto: We’re officially on @netflix !!!  Binge season 1 of @truTVjokers .  Add it your list!  Spread the word. Help us get more sea…
,BMW,07/09/2018,80.86,0.00037101162503093166,0.005936186000494731,0.0149641355429136,0.03042295325253517,1153396.0,11.878,16.199,1,0.0,@BMW
,eBay,30/11/2017,34.67,-0.008364580328814512,0.02394000576867604,0.038073262186328234,0.03663109316411872,16415238.0,21.166,19.543,-1,0.2,@eBay
,Oracle,28/04/2017,44.96,-0.004225978647686782,-0.006005338078291884,-0.005338078291814991,-0.011788256227758032,12962658.0,8.722000000000001,8.129,-1,0.0,@Oracle
,Reuters,03/09/2018,49.0473,0.0,0.0,0.0,-0.028521447663785726,3566561.0,19.213,16.855,1,0.1,@Reuters

6084,"Check out BN35/110 Vintage Japanese Fabric Cotton Momen Antique Boro Patch Indigo Blue 78""  https://t.co/bzBEH1EcLL via @eBay
",eBay,28/04/2017,33.41,-0.010475905417539491,-0.011972463334330998,-0.01795869500149639,-0.036815324753067855,10127598.0,28.496,18.344,1,0.0,@eBay


608089,RT @johnrich: Our Soundman just cut the Nike swoosh off his socks. Former marine. Get ready @Nike multiply that by the millions. https://t.…
33762,RT @strayfromdapath: You will see about 80% of it. @UPS lost 4 of our boxes 🙄🙄 https://t.co/1w54F0DQW9
,Netflix,30/07/2018,334.96,0.06045497969906855,0.06045497969906855,0.06045497969906855,0.08269644136613341,18260710.0,34.928000000000004,44.405,1,0.0,@netflix
,McDonald's,29/09/2017,156.68,0.005169772785294882,-0.016785805463364792,-0.02125351033954565,0.014232831248404324,3670057.0,21.794,16.702,-1,0.0,@McDonalds

,eBay,20/09/2018,34.24,-0.0005841121495328014,-0.0035046728971963943,-0.0011682242990653955,0.0058411214953269786,15877016.0,10.962,13.911,-1,0.0,@eBay

75051,"RT @BMW: It is time. For a new thinking.






The all-new BMW 3 Series. The all-new BMW 3 Series. See you at #ParisMotorShow. #BMWParis https://…

",BMW,26/09/2018,78.64,0.003306205493387654,0.06180061037639877,0.09015768056968468,0.06116480162767043,3477206.0,37.439,24.645,-1,0.0,@BMW


,Microsoft,18/10/2018,108.5,0.02036866359446999,0.02304147465437788,-0.00829493087557609,-0.02387096774193552,32506192.0,44.754,27.567,1,0.25,@Microsoft
25739,@amazon terrible chat service
,Nike,06/09/2018,80.4,-0.005970149253731393,-0.009950248756219046,0.0223880597014925,0.012437810945273627,8577029.0,21.379,18.968,1,-0.6,@Nike
3785,Exorcist Falls: Includes the novella Exorcist Road https://t.co/7YH3wPCXoD via @amazon
,Nike,20/10/2018,74.21,0.0,0.01873062929524324,0.030588869424605987,0.022907963886268742,7301200.0,46.148,29.772,1,0.0,@Nike
42932,@WalshFreedom @Nike @Kaepernick7 Yeah because being blacklisted from pro football and multi-million dollar contract… https://t.co/fEUCjHljaI
51532,RT @ninsthewriter: A Risky Christmas Affair (Nina Romano's Christmas Book 1) by Nina Romano https://t.co/wd2htq1xU3 via @amazon 5 STARS #RE…
,McDonald's,04/08/2018,156.21,0.0,-0.005121311055630314,0.004545163561871708,0.008130081300812891,3673120.0,14.52,15.724,-1,-0.3125,@eBay


23776,@AereoUso @Michaelhorowicz @Ryanair @Ryanair_ES @instrabajoyss Really? You standing over that?!
16534,@Drapers @Burberry that’s so sad 😞
48511,Check out Slavery by consent Dvd &amp; 1 Extra   https://t.co/5ylhxGceMd via @eBay
5909,@HelloVancity @ToyotaCanada @VanAutoShow @Toyota @ToyotaMotorCorp @toyota_europe great write up on the #ToyotaMirai… https://t.co/63y6f9z2LA
,AT&T,12/09/2018,33.42,-0.02244165170556553,-0.030819868342310024,-0.03889886295631372,-0.04189108318372228,49637035.0,14.469,14.714,-1,-0.1555555555555556,@ATT

28160,"@Airheart5 Thanks for choosing your favorite @McDonalds #TrickTreatWin car color. Please share via DM, your mailing… https://t.co/kY8WSQ54zf

",McDonald's,22/10/2018,166.63,0.005161135449799038,0.005161135449799038,0.005161135449799038,-0.0177639080597732,5703547.0,21.636,19.135,1,0.35,@McDonalds
56725,It blows my mind how horrible the customer service is at @FedEx. My package was rescheduled for delivery 6 times. I… https://t.co/tSktcCtip6
44898,@sclancy79 @NFL @Nike Maybe you should have donated to a homeless shelter you moron.
39953,@BiesMelissa @isaac2691 @mikethegroot @TMobile You missed out after https://t.co/abM5cn5oCT

,adidas,24/10/2018,199.15,0.0012553351744915894,0.008285212151644517,0.019332161687170446,0.014812955059000698,831700.0,25.593000000000004,26.243,1,0.0,@adidas
,Expedia,28/02/2017,119.04,-0.0029401881720430823,0.0010080645161289511,0.0010080645161289511,0.003024193548387093,1795519.0,11.085,11.725,1,0.0,@Expedia
,Apple,31/10/2017,169.04,-0.01372456223379078,-0.035435399905347734,-0.035435399905347734,-0.07063416942735448,36046828.0,27.001,19.099,1,0.6,@eBay
27463,RT @angelaquintal: #Cameroon-ian authorities must immediately release @josianekouagheu &amp; her @Reuters driver without charge &amp; allow them &amp;…

42493,"@1776Stonewall @Nike 






I have purchased my last product from you. @Reebok and @UnderArmour will get ALL my business… https://t.co/Hpne5bvtzq

",Nike,04/09/2018,79.6,0.03266331658291468,0.03266331658291468,0.03266331658291468,0.03743718592964829,18565837.0,20.517,20.153,1,0.0,@Nike

10575,"RT @JosephDeBons: If you buy @Apple products at @BestBuy , Apple says the receipt is invalid!   Be careful!   @Samsung https://t.co/Bj9c9uG…
",Apple,30/06/2017,144.02,-0.002360783224552169,0.012567698930704084,-0.0020136092209416773,0.01569226496319949,23024107.0,15.793,20.392,-1,0.0,@Apple

45066,RT @netflix: RT if you can recite this from memory IN stitch’s voice https://t.co/2HmAunBSlz
77343,@reeses @amazon Omg. Reese’s baking chips. #NotSorry #Sweepstakes
,eBay,15/09/2018,34.1,0.0,0.009970674486803407,0.00469208211143685,-0.0032258064516128863,5376353.0,18.239,14.535,1,0.0,@eBay
,Nike,06/09/2018,80.4,-0.005970149253731393,-0.009950248756219046,0.0223880597014925,0.012437810945273627,8577029.0,21.379,18.968,1,-0.6,@Nike

65821,"@LorayMuhammad @rolandsmartin @Nike @Kaepernick7 @TheRoot I'm part Native American. Where do we go, or anyone brown… https://t.co/mpT18Ir2eD

",Nike,18/09/2018,85.26,-0.023457658925639217,-0.02076002814919083,-0.02076002814919083,-0.030846821487215688,7277700.0,15.386,18.916,1,0.0,@Nike
42818,"@jpmorgan Hi Chase, can you please explain to me what happened to my account? Not go in your branch. If you know yo… https://t.co/O8pA2jWf2s

",JPMorgan,04/09/2018,115.15,-0.004950065132436017,-0.004950065132436017,-0.004950065132436017,0.00859748154580977,10174177.0,11.867,12.527,-1,0.0,@jpmorgan
,Nike,31/03/2017,55.73,0.005562533644356761,0.017046474071415806,0.01596985465637898,0.011304503857886285,5905639.0,46.209,28.234,1,1.0,@Nike
17655,RT @netflix: Production on the final season of House of Cards is suspended until further notice.
35121,"RT @Watashidesu78: @koziz5 @earthlight68 @GeneralClark @Nike @Kaepernick7 here is a question, have you EVER looked at the police shooting s…

",Nike,30/10/2018,74.51,-0.03113676016642072,-0.03274728224399425,-0.03274728224399425,-0.01556838008321045,9469954.0,29.06,31.66,-1,0.0,@Nike
25900,Check out my listing @eBay - https://t.co/Pc5CY1UcZt via @eBay
70694,RT @KevLAbeast: Thank you for including me @pepsi !! https://t.co/ao12nIM04W
,eBay,30/10/2018,27.42,-0.0218818380743983,-0.002917578409919834,-0.002917578409919834,0.028081692195477737,19994392.0,56.25899999999999,38.887,-1,0.0,@eBay
,Home Depot,01/04/2017,146.83,0.0,0.0008172716747257107,0.001430225430770139,0.005993325614656374,3248666.0,6.939,9.843,1,0.0,@HomeDepot
,eBay,31/10/2017,37.64,-0.017003188097768348,-0.022316684378321027,-0.022316684378321027,-0.02391073326248668,6722841.0,19.794,16.127,1,0.05,@eBay
,Netflix,23/09/2018,361.19,0.0,0.0,0.0115451701320635,0.009330269387303095,11930568.0,44.094,41.762,1,-0.1,@netflix



54184,RT @SfdcKiran: @Bharathi4906 @Chanakya95 @satyagoluguri @danieljpeter @LangstonJessica @salesforce @mittuvikas @atul31gupta @rajdeepdua @am…
,eBay,24/09/2018,33.72,0.00948991696322658,0.00948991696322658,0.00948991696322658,0.014234875444839975,8746536.0,9.487,14.181,-1,0.0,@eBay
,Netflix,15/09/2018,364.56,0.0,0.009847487382049526,0.014784946236559102,-0.04355935922756198,4756426.0,46.007,37.876,1,0.7,@netflix
,Netflix,31/10/2017,196.43,0.009876291808786831,0.015832612126457188,0.015832612126457188,-0.002087257547217821,5518595.0,20.059,30.692,1,0.0,@netflix

70265,@ChrisVanHollen @Yahoo Fix the problem-build the wall. #blahblahblah

34365,Check out unfathomable phenomenon ii e9Art ACEO Abstract Outsider Art Brut Painting Naive  https://t.co/BBj3ZnFhOL via @eBay
,Amazon,28/04/2017,924.99,-0.007146023200250829,-0.016973156466556446,-0.018778581390069087,-0.028605714656374705,7364681.0,8.744,14.935,1,0.0,@amazon

,eBay,31/01/2017,31.83,0.010681746779767623,0.021363493559535027,0.021363493559535027,-0.05780710021991831,9469076.0,33.029,22.932,1,0.2410256410256409,@eBay
63953,Check out NIKE AIR FORCE 1 Low Youth Boys Black Shoes Size 2 Youth #Nike #Athletic https://t.co/lxiPUqokm0 via @eBay
66081,"RT @Reuters: ICYMI: Models showcase adaptive clothing, made to include people with disabilities in fashion, during the Runway of Dreams Fou…

",Reuters,18/09/2018,50.2478,-0.002410055763635393,-0.002191140706657717,-0.002191140706657717,-0.02301593303587424,1970781.0,11.156,16.788,1,0.0,@Reuters
645938,@Bobbell00 @Ford Turns out glowing under the car is another Ford component setting itself on fire.
419705,RT @AlexJones_Ex: @slpng_giants @Apple Hats off to industry leader Apple for caring about its iTunes subscribers &amp; removing all of my ex-hu…
,Verizon,22/10/2018,54.98,-0.0014550745725718133,-0.0014550745725718133,-0.0014550745725718133,-0.02510003637686424,21737523.0,15.755999999999998,13.979,1,0.0,@verizon

,Netflix,07/09/2018,348.68,-0.0063668693357807355,-0.021509693701961683,0.042789950671102486,0.0544912240449696,9105817.0,39.794,40.128,1,0.0,@netflix
,eBay,30/06/2017,34.92,-0.011741122565864941,0.011168384879725102,-0.0002863688430700205,0.018613974799541768,10845469.0,19.665,22.269,-1,0.1,@eBay
330687,easyJet (William Shakespeare) - G-EZBI - A319-111 - ZRH - #avgeek #ZRHmovements #lovezrh #easyJet @easyJet https://t.co/K8HoJkKE2z
42715,@BluePalmetto26 @LaBeck81 @F3Moist @johnrich @Nike @DICKS Some boycotts are stupid. Others are important. Nike hasn… https://t.co/cZLnE1W2Ip
75327,"Check out The North Face Women's Sweater, Size M Pink Fleece 1/4 Zipper Closure, Polyester #14Zip https://t.co/ZgZRvYzNNz via @eBay

",eBay,26/09/2018,33.58,-0.02441929720071472,0.004169148302561066,0.013698630136986328,0.019058963668850525,14006968.0,22.941,17.04,-1,-0.1,@eBay
40925,RT @TheRickyDavila: I love the fact that @Nike is basically honoring Colin Kaepernick by tapping him for their 30th “Just Do It” campaign.…
19080,RT @Reuters: U.S. congressman Conyers hospitalized: lawyer https://t.co/xsHlfEwsRE

,Reuters,15/09/2018,50.1377,0.0,0.002636738422384701,-0.006591846055961894,-0.016696019163224468,2585085.0,11.593,17.185,1,0.0,@Reuters
40419,@Loganr6570 @EW @Guardians @Disney @Marvel You do realize these characters are fictional right?
369447,RT @pamelamaynard: Need a new laptop? Save $100 on HP Envy x360 Laptops- 2-in-1 Devices at #BestBuy @pamelamaynard @HP #Windows @BestBuy #a…
,Nike,06/09/2018,80.4,-0.005970149253731393,-0.009950248756219046,0.0223880597014925,0.012437810945273627,8577029.0,21.379,18.968,1,-0.6,@Nike


848004,RT @Reuters: Google CEO will testify before U.S. House on bias accusations https://t.co/D55QQAxNwm


,Cisco,30/11/2017,37.3,0.004825737265415542,0.01152815013404825,-0.01152815013404825,-0.02278820375335105,30749464.0,16.737000000000002,20.046,1,0.0,@Cisco

,Google,07/09/2018,1177.59,0.005434828760434524,0.018266119787022642,0.02863475403153902,0.04603469798486743,1633190.0,20.101,16.475,1,0.13636363636363635,@Google
339799,RT @Reuters: Facebook quietly sets up subsidiary in China despite hardening censorship https://t.co/OH1fSxAc3p https://t.co/YzWrFDT3W0
,Nike,05/09/2018,79.92,-0.004004004004004097,0.028528528528528538,0.028528528528528538,0.03591091091091097,12269138.0,21.037,19.239,1,-0.6,@Nike

25406,"Check out Kichler 45701NBR Signata 1 Light 6"" Natural Brass Wall Bracket Wall Light Pair  #Kichler https://t.co/pk7Imxn1Mw via @eBay

",eBay,19/10/2018,28.75,0.09739130434782613,0.11373913043478273,0.1217391304347826,0.10330434782608693,39779447.0,58.203,35.868,-1,0.3,@eBay
74484,Check out Rosanna American Orchard Ad Ceramic Glass Tray Oregon Our Pride Brand Apples #Rosanna https://t.co/1RpzOibRxp via @eBay
69449,Check out Plush Kawaii Narwhal Cushion #pukator https://t.co/S7YMYeLoC0 via @eBay


67160,Watch and subscribe to @SMLx0! 💕💕💕 #fall #clothes #fashion #haul @hm #roadto1million #1millionforStephanie  https://t.co/URBTedmeGJ
,Reuters,31/01/2017,49.3887,-0.00267672564776958,0.003122171670847846,0.003122171670847846,0.004460534494732492,547029.0,9.665,9.094,1,0.1,@Reuters
,Reuters,03/09/2018,49.0473,0.0,0.0,0.0,-0.028521447663785726,3566561.0,19.213,16.855,1,0.0,@Reuters
37976,Check out Allison Daley Womens Jacket Light Weight Windbreaker Pin Striped Beige 16 #AllisonDaley https://t.co/986LrtiDfj via @eBay

53492,"@BasicShadowStuf @netflix Hi @netflix! I'm from Germany 🇩🇪 and I'm a #Shadowhunters fan.













#SaveShadowhunters

",Netflix,07/09/2018,348.68,-0.0063668693357807355,-0.021509693701961683,0.042789950671102486,0.0544912240449696,9105817.0,39.794,40.128,1,0.0,@netflix
,Ford,22/09/2018,9.85,0.0,-0.004060913705583671,-0.0071065989847716015,-0.0406091370558376,74488637.0,12.186,22.242,1,0.0,@Ford
73498,"RT @Apple: The all-new iPhone XS, iPhone XS Max, iPhone XR and Apple Watch Series 4 are here. #AppleEvent

",Apple,24/09/2018,220.79,-0.014176366683273678,-0.014176366683273678,-0.014176366683273678,-0.013179944743874256,27693358.0,25.142,20.148,-1,0.0,@Apple
160905,"RT @Apple: Introducing the new iPad Pro. Now with an all-screen design, Face ID, USB-C, and redesigned Apple Pencil.
",Apple,31/10/2018,218.86,-0.025404368089189444,-0.030247646897560106,-0.011696975235310254,-0.017225623686374897,38358933.0,32.876999999999995,30.96,1,0.13636363636363635,@Apple
41837,"RT @HoarseWisperer: @johnrich @Nike Dumdum, cutting up items you already bought doesn’t actually hurt Nike.













So stupid. So damn stupid.

",Nike,04/09/2018,79.6,0.03266331658291468,0.03266331658291468,0.03266331658291468,0.03743718592964829,18565837.0,20.517,20.153,-1,-0.4666666666666666,@Nike

,Nike,08/09/2018,80.3,0.0,0.0012453300124534064,-0.004732254047322485,0.023661270236612773,6633912.0,21.364,18.219,1,-0.6,@Nike
54797,@GrammyHardage @johnrich @Nike I'd die before kneeling in front of that pos!!

,Starbucks,23/10/2018,58.81,0.0015303519809555571,-0.0025505866349261296,-0.0025505866349261296,-0.017003910899506886,12834169.0,24.98,21.975,1,0.0,@Starbucks

58246,"RT @Apple: @BlxckHippii The all-new iPhone XS, iPhone XS Max, iPhone XR and Apple Watch Series 4 are here. #AppleEvent

",Apple,12/09/2018,221.07,0.012575202424571408,-0.012394264260188994,0.0010403944451984359,0.02623603383543679,49278740.0,22.583,17.953,-1,0.0,@Apple
24929,RT @DeborahAnnWoll: 3 HOURS!!! Season 3 of @daredevil starts in n 3 HOURS!! Watch out for spoilers everybody!!! On @netflix !! @Marvel http…
243350,"RT @netflix: From @NarcosNetflix to Beauty and the Beast (the new one!), here’s a look at what's coming to Netflix in September. https://t.…
",Netflix,31/08/2017,174.71,-0.00011447541640438576,-0.03377024783927655,-0.04344342052544218,-0.037662411997023706,6940990.0,22.146,24.216,1,0.17045454545454544,@netflix
,PayPal,31/08/2017,61.68,0.0014591439688716506,-0.010862516212710793,-0.01864461738002592,-0.02723735408560311,6145817.0,17.085,19.6,1,0.4681818181818182,@PayPal
,Amazon,10/09/2018,1939.01,0.006735395897906635,0.006735395897906635,0.006735395897906635,0.03800908711146412,4544831.0,26.739,18.955,1,0.0,@amazon
63448,"Check out Westmoreland Pair Of 2 Way Lighting 271/2"" Tall Pink Luster Glass Globe Lamps  https://t.co/VGcdpfav3f via @eBay

",eBay,16/09/2018,34.1,0.0,0.0,0.009970674486803407,-0.0032258064516128863,5376353.0,18.239,14.535,-1,-0.1,@eBay

,Netflix,27/09/2018,380.71,-0.0074334795513645155,-0.029628851356675614,-0.029156050537154175,-0.040319403220298825,7326246.0,40.101,40.226,-1,0.0,@netflix
,salesforce.com,26/09/2018,158.33,0.003410598117855062,0.0028421650982125217,-0.017747742057727545,-0.03429545885176534,4079727.0,21.839,20.658,1,0.0,@salesforce
43267,@PaigeGauge @2kDFG @nytimes @Nike Get real.. no company would intend to offend military. It's their family too. Spe… https://t.co/DOLr3C6xHb
,eBay,01/09/2017,36.35,-0.006052269601100381,-0.018156808803301342,-0.031636863823933936,-0.045942228335625904,5122878.0,11.82,18.392,1,0.0,@eBay
,eBay,27/10/2018,27.34,0.0,0.026335040234089203,-0.001828822238478445,0.05157278712509145,16691760.0,54.536,37.821,-1,-0.13181818181818186,@eBay
456153,Check out  New York Yankees Nike Baseball Cap Hat Green and White Major League Adjustable  #Nike https://t.co/fJZC5MdLLl via @eBay
,Disney,03/09/2018,112.02,0.0,0.0,0.0,0.002767362970898075,4642826.0,4.824,13.207,1,0.0,@Disney
31010,RT @WLKYVickiDortch: At least one person is dead after a shooting @kroger on Taylorsville Rd in Jeffersontown #WLKY is told this is still a…


3730,Check out Spiderman Suit Up 1 Pair Men's Crew Socks Marvel Comics Homecoming NEW Bioworld  https://t.co/X34IDzGs2H via @eBay
,Gillette,28/04/2017,4324.85,-0.028868053227279637,-0.03390869047481428,-0.03461391724568499,-0.038082245627016134,9864.0,15.51,12.803,-1,0.10416666666666666,@Gillette
33224,RT @Reuters: Mexico honors migrants at Day of the Dead as caravan treks north https://t.co/jsxNTvTf2X

74023,"RT @MaxPezzali: Mr. Howard Shultz, la ""leggenda"" @Starbucks #starbucksmilano https://t.co/RAZVPAq3Ww

",Starbucks,25/09/2018,56.9,-0.0036906854130052884,0.009666080843585313,0.009666080843585313,-0.03216168717047449,9445481.0,16.566,12.844,-1,0.0,@Starbucks
,adidas,01/07/2017,168.293,0.0,-0.026049805993119055,0.0002436227294064329,0.0007308681882192987,1024023.0,23.537,21.18,1,0.0,@adidas
,Apple,11/09/2018,223.85,-0.024659370113915488,-0.011391556846102224,-0.011391556846102224,0.020147420147420242,35749049.0,22.817,23.56,1,0.13636363636363635,@Apple
,Reuters,06/09/2018,49.5209,-0.010676300309566277,-0.013123751789648315,-0.009563638786855604,-0.006227673568129798,2366771.0,18.779,16.945999999999998,1,0.5,@Reuters


,Amazon,21/10/2018,1764.03,0.0,0.0,0.0037924525093110967,0.013934003389964984,5907246.0,51.688,34.372,1,0.25,@amazon
,Walmart,26/09/2018,94.59,0.005391690453536218,0.00348874088169995,0.013849244106142322,0.006871762342742271,5918606.0,8.972999999999997,29.613000000000003,-1,0.0,@Walmart

,eBay,14/09/2018,34.1,0.009970674486803407,0.00469208211143685,0.000293255131964751,-0.0032258064516128863,5376353.0,18.239,14.535,-1,0.0,@eBay
,Nike,06/09/2018,80.4,-0.005970149253731393,-0.009950248756219046,0.0223880597014925,0.012437810945273627,8577029.0,21.379,18.968,1,-0.6,@Nike
33129,"RT @ak400_99: @DonaldJTrumpJr @CNN @MSNBC @CBS @ABC @TPUSA @RealCandaceO Wow man... there are 10's of people there.. 10's






A high school gra…

",CBS,28/10/2018,53.83,0.0,0.0,0.015790451421140654,0.06260449563440469,3053712.0,39.262,30.053,1,0.13,@CBS
,Amazon,01/10/2018,2004.36,-0.0006785208246023169,-0.0006785208246023169,-0.0006785208246023169,-0.03492386597218065,3468285.0,19.528,22.897,-1,0.0,@amazon
186787,Just saw this on Amazon: Kendrick Lamar - Black T-Shirt (m) by Kendrick Lamar for $11.79 https://t.co/3kChgjNEYB via @amazon
,Facebook,08/09/2018,163.04,0.0,-0.003128066732090229,0.025392541707556518,0.07783366045142295,24300600.0,25.798,26.07,-1,0.4,@Reuters
,Tesco,31/01/2017,194.6,0.016443987667009337,0.06140801644398776,0.06140801644398776,-0.0125899280575539,79257504.0,60.469,39.887,1,-0.05,@Tesco
16295,@amazon World's Best . Look for it at #lulu in #uae. Made in the USA. #dubai #mydubai #dxb #dubailife #abudhabi… https://t.co/NC1QOtYeqJ

,eBay,24/10/2018,27.29,0.03297911322828883,0.043972150971051636,0.0534994503481129,0.1733235617442288,16309320.0,51.743,35.956,-1,0.5,@eBay
25617,Put icarly on @netflix
806162,RT @Reuters: Qualcomm accuses Apple of stealing its secrets to help Intel https://t.co/9hbXAPEdKQ

57208,RT @Reuters: Ryanair says it sees increasing risk of 'no-deal' Brexit https://t.co/nPlsp5dDjV
7630,RT @Rosie: @mommawalk1 @Reuters - CAUSE OBAMA IS SMART - TRUMP IS MORON
,eBay,20/09/2018,34.24,-0.0005841121495328014,-0.0035046728971963943,-0.0011682242990653955,0.0058411214953269786,15877016.0,10.962,13.911,-1,0.13,@eBay
,Bank of America,28/10/2018,26.39,0.0,0.0,0.007578628268283412,0.07313376278893519,91103496.0,33.137,25.584,1,0.8,@BankofAmerica
18578,RT @Starbucks: Who makes your world a little brighter? #GiveGood https://t.co/4qthLXpbuf
56312,@Reuters I not Hate people I Playing to solve the problem together.
20431,What does liberal media company @CBS say about the #Trump #TaxCuts? https://t.co/Qyxf6Ya6uJ
57219,Check out LENOX Cat Kitten China Figurine Count Catula Ivory White Mask Halloween Signed  #Lenox https://t.co/CKwmL0hMgO via @eBay
378364,"RT @BMW: Take the interesting way home. 






The BMW X3. https://t.co/RsAPytjyNz

",BMW,01/08/2018,81.52,0.017541707556427956,0.016315014720314013,0.0121442590775271,-0.008096172718351283,2568877.0,24.642,18.804,-1,0.5,@BMW
65231,@DADICUS @netflix Try #SongoftheSea it’s brilliant
,Sony,20/09/2018,6574.0,0.016428354122299968,0.011864922421661091,0.008518405841192577,-0.027380590203833283,6479600.0,23.764,20.445,1,0.0,@Sony
,eBay,23/09/2018,34.04,0.0,0.0,0.005875440658049437,0.001762632197414873,24874963.0,10.372,14.015,-1,0.0,@eBay
41297,@crash14235 @newschannelnine @Nike @parscale @FBI @FBIWFO @TwitterSupport straight from the @parscale foreign/domes… https://t.co/TBPVL2PcLF

,eBay,25/09/2018,32.76,0.029304029304029325,0.03907203907203912,0.03907203907203912,0.0415140415140415,20478999.0,16.949,15.794,-1,0.13636363636363635,@eBay

,eBay,07/09/2018,33.99,-0.009708737864077829,0.004118858487790543,0.023830538393645045,0.01824065901735797,6445251.0,15.765999999999998,14.593,1,0.0,@eBay
,Apple,19/09/2018,218.37,-0.0005953198699454843,-0.0022438979713331,0.02504922837386088,0.012364335760406598,27123833.0,27.976,19.631,-1,0.0,@Apple
55181,"RT @PETAUK: VICTORY! Cartwheels are happening at PETA following the announcement that, after more than a decade of campaigns, @Burberry is…

",Burberry,08/09/2018,2092.0,0.0,0.0009560229445506693,0.011472275334608031,0.06883365200764817,2613013.0,32.945,25.476,-1,0.0,@Burberry

58443,RT @tiffanyyoung: 😍🌎 🎶Excited to announce a global fashion+music campaign w/ @hm for my next song &amp; music video ‘TEACH YOU’ releasing on 9/…
55627,@garyvee @eBay That’s why you are the Boss 🙌🏻
34883,"RT @inabster: ! @Acer @Google @googlechrome @Android not bringing Play Store to still under cover Acer C720P, which can confidently load Ar…

",Google,29/10/2018,1034.73,0.04737467745208893,0.04737467745208893,0.04737467745208893,0.0740676311694837,4064452.0,47.898,35.27,1,0.0,@Google
,adidas,28/10/2018,203.4,0.0,0.0,0.01819075712881017,-0.001966568338249782,1149901.0,34.584,29.036,-1,0.0,@adidas
76916,Check out my @amazon page for  https://t.co/jhGf4GESgy via ✨🔥❤️👇🏽
36907,The Fool: Book #1 Egyptian Tarot Trilogy by Michelle Moore https://t.co/zvk2poYaLz via @amazon
64103,"@netflix I don't like French, please allow a Japanese audio track for the #BleachMovie thanks.

",Netflix,17/09/2018,350.35,0.040559440559440496,0.040559440559440496,0.040559440559440496,-0.005537319823034102,7071945.0,50.426,39.317,1,0.06666666666666668,@netflix
,BASF,13/09/2018,78.1,-0.011139564660691298,-0.02291933418693972,-0.020614596670934692,-0.011139564660691298,2741132.0,14.682,14.122,1,-0.15625,@BASF
75737,RT @IBM: We are proud to be named a @_WorkingMother_ Best Company for Women for the 33rd consecutive year: https://t.co/SNQ2wEdQys #WM100Be…
,Next,27/10/2018,5162.0,0.0,-0.005424254165052305,-0.008136381247578458,-0.013560635412630764,409087.0,16.831,35.275,1,0.45,@nextofficial


11851,"RT @FlodaWP: Here y'all go 











#Freestyle50challenge 











@300 @verizon https://t.co/BEgo1fTo3N
",Verizon,31/07/2017,48.4,-0.009504132231404977,-0.009504132231404977,-0.009504132231404977,-0.09690082644628097,28456827.0,39.544,27.32,-1,0.0,@verizon

32081,@netflix put The Grimm Adventures of Billy and Mandy on that hoe. Thank you.
36290,"RT @CBS: #NJUFO alien opens fire with “heat ray” on #GroversMill #NewJersey farm, cars, and onlookers. Casualties unclear. NJ governor plac…

",CBS,31/10/2018,57.35,-0.01935483870967741,-0.056146469049694836,-0.06137750653879692,-0.07096774193548387,2610489.0,44.808,32.464,1,-0.25,@CBS
,Nike,04/09/2018,79.6,0.03266331658291468,0.03266331658291468,0.03266331658291468,0.03743718592964829,18565837.0,20.517,20.153,1,0.375,@Nike

,TMobile,18/09/2018,68.49,-0.015622718645057576,-0.003504161191414731,-0.003504161191414731,-0.03766973280770913,4113065.0,24.532,15.92,1,-0.25,@TMobile
,Reuters,31/07/2017,50.5452,0.003705594200834114,0.003705594200834114,0.003705594200834114,0.0015253673939365454,1301289.0,5.305,8.792,-1,0.1,@Reuters
21217,"RT @Google: Here today, gone tomorrow. See how these fads, which peaked in search interest this year, had a good (and short) run → https://…
",Google,29/12/2017,1053.4,0.0024207328650085003,0.006455287640022739,0.011818872223276834,0.01467628631099279,1180340.0,8.808,15.089,1,0.0,@Google

,Walmart,27/10/2018,98.94,0.0,0.002425712553062554,-0.013947847180109113,-0.01809177279159078,14925551.0,14.375,16.814,-1,0.0,@Walmart

733451,Kavanaugh Accuser Christine Blasey Ford is Moving Out of Her Home Due to Death Threats https://t.co/HWB1mpofmU via @Yahoo
,Amazon,01/10/2018,2004.36,-0.0006785208246023169,-0.0006785208246023169,-0.0006785208246023169,-0.03492386597218065,3468285.0,19.528,22.897,1,0.0,@amazon
,eBay,24/10/2018,27.29,0.03297911322828883,0.043972150971051636,0.0534994503481129,0.1733235617442288,16309320.0,51.743,35.956,-1,0.0,@eBay
9773,RT @Reuters: German lawmakers approve same-sex marriage in landmark vote https://t.co/Imde76Y7p5 https://t.co/MYoKa8RnQi
,Nike,06/09/2018,80.4,-0.005970149253731393,-0.009950248756219046,0.0223880597014925,0.012437810945273627,8577029.0,21.379,18.968,-1,0.0,@Nike

,Apple,04/09/2018,228.36,-0.003196706953932467,-0.003196706953932467,-0.003196706953932467,-0.03792257838500624,27390132.0,7.859,21.82800000000001,-1,0.0,@Apple
66542,RT @MCU_Tweets: BREAKING: @Disney is reportedly planning multiple series centered on MCU characters.  Loki &amp; Scarlet Witch are mentioned ch…

51964,"RT @Nike: Believe in something, even if it means sacrificing everything.

",Nike,06/09/2018,80.4,-0.005970149253731393,-0.009950248756219046,0.0223880597014925,0.012437810945273627,8577029.0,21.379,18.968,-1,0.0,@Nike
9466,finna throw up forreal bc of @McDonalds
28998,"Hi, @Starbucks is there a reason why your staff refused to give my female friend the code for the male bathroom des… https://t.co/hXTd69is9o

",Starbucks,23/10/2018,58.81,0.0015303519809555571,-0.0025505866349261296,-0.0025505866349261296,-0.017003910899506886,12834169.0,24.98,21.975,1,0.0,@Starbucks
,Nike,07/09/2018,80.3,0.0012453300124534064,-0.004732254047322485,-0.008717310087173136,0.023661270236612773,6633912.0,21.364,18.219,1,0.0,@Nike
,Nike,05/09/2018,79.92,-0.004004004004004097,0.028528528528528538,0.028528528528528538,0.03591091091091097,12269138.0,21.037,19.239,1,0.0,@Nike

794536,Next on #bbcgms business news - it’s been a tough few months on the high street . Now online retailer @eBay is laun… https://t.co/AEHpUvB0ew
2981,"RT @Starbucks: Introducing...wait...can't read the name. Whatever. Just call it ""Cinnamon Dolce caramel cup of joy."" ☕️❤️… 
",Starbucks,28/02/2017,56.87,-0.0015825567082819818,0.010726217689467195,0.010726217689467195,0.0117812554949886,8750655.0,10.165,19.305,1,0.0,@Starbucks
70163,RT @Reuters: Caterpillar leans on old playbook to cope with Trump tariffs. @rajeshkumarsgh reports https://t.co/7L8tXQ2mhI via @ReutersTV h…
,Nike,05/09/2018,79.92,-0.004004004004004097,0.028528528528528538,0.028528528528528538,0.03591091091091097,12269138.0,21.037,19.239,1,0.0,@Nike
,Facebook,13/09/2018,161.36,0.0039662865642041785,0.028383738225086663,0.017476450173524994,0.0072508676251858434,25453775.0,24.843000000000004,24.827,1,0.0,@facebook
,Reuters,31/01/2017,49.3887,-0.00267672564776958,0.003122171670847846,0.003122171670847846,0.004460534494732492,547029.0,9.665,9.094,-1,0.25,@Reuters
,Amazon,04/09/2018,2039.51,-0.0131404111771945,-0.0131404111771945,-0.0131404111771945,-0.05231158464533151,5721093.0,16.9,20.593000000000004,1,0.0,@amazon


52313,Have you ever believed in something @Nike https://t.co/GLhGNKf8Na

66951,"If The Boulder isn't played by The Rock in the new live action The Last Airbender, whats even the point. @netflix

",Netflix,19/09/2018,366.96,0.0018803139306736367,-0.045263788968824825,-0.006540222367560435,0.008148027032919145,11876841.0,42.851000000000006,41.694,-1,0.09318181818181816,@netflix
73119,So who’s smart idea was it to end the @ASOS a-list reward scheme?
,Google,24/10/2018,1057.12,0.05466739821401562,0.05131867716058727,0.04546314514908447,0.06666225215680342,2464295.0,41.453,29.601,-1,0.1,@Google
60258,"@RealJamesWoods @Google @HillaryClinton Play dough, coloring books and therapy dogs STAT!

",Google,13/09/2018,1182.14,-0.008916033633918309,0.006640499433231181,-0.00598913834232845,0.0015649584651563342,2003418.0,18.038,16.833,-1,0.0,@Google
30432,RT @fox5dc: Starbucks opens first Signing Store in US near Gallaudet University in DC https://t.co/fC96LyBkpi @Starbucks https://t.co/cPzV7…

54125,RT @TruthAlwaysWin4: @Reuters @elonmusk has to self report the marijuana usage.
59938,RT @parscale: Only @Google could make @facebook look like the good guys. Mark should send them a gift.
,Netflix,31/03/2017,147.81,0.0016913605304106625,-0.009065692443001172,-0.017860767201136694,-0.039171909884310886,3888237.0,18.363,16.317,-1,0.0,@netflix
,Nike,05/09/2018,79.92,-0.004004004004004097,0.028528528528528538,0.028528528528528538,0.03591091091091097,12269138.0,21.037,19.239,1,-0.6,@Nike

395909,Amazon: too big too fast? As an @amazon prime member I am increasingly disturbed by how many items take 3-5 days to… https://t.co/edwg9HhGlt
563746,"RT @Reuters: Trump warns Google, Facebook, Twitter to be careful https://t.co/8Qp3k6RxPp

",Google,28/08/2018,1245.86,0.00835567399226244,-0.007312218066235292,-0.007312218066235292,-0.02283563161189846,1366516.0,14.001,20.346,-1,-0.1,@Reuters

,Google,18/10/2018,1097.91,0.027033181226147708,0.032033591095809166,0.004126021258573082,-0.0065305899390661094,2307596.0,38.222,25.977,1,0.3787878787878789,@Google
,Apple,12/09/2018,221.07,0.012575202424571408,-0.012394264260188994,0.0010403944451984359,0.02623603383543679,49278740.0,22.583,17.953,1,0.13636363636363635,@Apple
,Walmart,30/11/2017,97.23,0.0033940141931502444,-0.004731050087421659,-0.006273783811580782,-0.008433611025403758,12854680.0,13.9,33.892,-1,0.2,@Walmart
,Reuters,26/09/2018,50.0606,0.005499334806214896,-0.00021973368277653047,-0.0017598670411462165,-0.0011006659928167668,4494517.0,6.103,12.861,-1,0.0,@Reuters
65581,@nanM22 @amazon Thanks Ma...I always want to keep faith deposits for myself and  Children especially as our Mother… https://t.co/p6oaMeK8ZX
4113,YEAH @netflix HOW BOUT DAT https://t.co/GOs2Xbosk5
49684,RT @Nike: Don’t ask if your dreams are crazy. Ask if they’re crazy enough. #justdoit https://t.co/Wd5L42egV8
,Apple,23/09/2018,217.66,0.0,0.0,0.010888541762381715,0.02839290636772952,96246748.0,27.839,19.836,-1,1.0,@Apple
68931,Check out 2012 Conference Champions #Baltimore #Ravens Hat Cap Medium-Large New Football NFL  https://t.co/IkEguNRvBq via @eBay

4134,Check out PENDLETON Men's V-Neck Button-Up Cardigan Sweater 100% Virgin Wool Lebowski Dude #VNeck https://t.co/bsyId2oNSM via @eBay
12857,@css_sutherland @Walmart I want one so bad. SNES was the first console I owned. So many classics in that line-up.
77469,@KLF4161 @Reuters Actually she remembers the assault clearly. She's just fuzzy about some of the details. 35 yrs will do that to you.

20798,@KFAN1003 @McDonalds AJ wins with 6 points #PowerTrip #initials
56885,"RT @ussoccer_mnt: Battle for every ball.













No dull moments through 45 minutes of #USAvMEX, presented by @ATT. https://t.co/0WCbx8KyYV

",AT&T,12/09/2018,33.42,-0.02244165170556553,-0.030819868342310024,-0.03889886295631372,-0.04189108318372228,49637035.0,14.469,14.714,-1,-0.2916666666666667,@ATT
26231,RT @Nike: Just a small-town kid with big-city dreams. #justdoit @KingJames https://t.co/okTQBM8hLI
,eBay,29/04/2017,33.41,0.0,-0.010475905417539491,-0.011972463334330998,-0.036815324753067855,10127598.0,28.496,18.344,-1,0.0,@eBay
34998,RT @netflix: FULLER HOUSE (2016 — ??) https://t.co/w8WVwdP2kc
48161,"RT @CB618444: Heroes over zeroes!













#ChrisKyle widow BLASTS @Nike, husband sacrificed everything, not like the whiny NOT oppressed #Kapernic…

",Nike,05/09/2018,79.92,-0.004004004004004097,0.028528528528528538,0.028528528528528538,0.03591091091091097,12269138.0,21.037,19.239,1,0.0,@Nike
42395,RT @CaseyNeistat: dear @Nike i appreciate you for standing with @Kaepernick7 https://t.co/KEvLlzeGGV
,Cisco,23/10/2018,45.42,0.007485689123733955,-0.0017613386173491476,-0.0017613386173491476,0.008806693086745896,21836153.0,35.254,24.513,1,0.0,@Cisco
56116,"RT @144000bound: @JoeNBC @ABC @CBS @CNN @MSNBC @maddow @NBCNews @NBCPolitics ALL OF YOU ARE COMPLICIT FOR PUSHING FALSE NARRATIVES!






@POTUS…

",CBS,11/09/2018,55.4,-0.0036101083032490213,0.011913357400722087,0.011913357400722087,-0.050722021660649735,4247511.0,26.816,18.002,1,-0.4000000000000001,@CBS
,Nike,04/09/2018,79.6,0.03266331658291468,0.03266331658291468,0.03266331658291468,0.03743718592964829,18565837.0,20.517,20.153,1,0.875,@Nike
43519,@ColinCowherd @Nike @Kaepernick7 I don’t disagree but your partner is right @WhitlockJason. His days were numbered… https://t.co/YMnwb09fW0
48165,RT @Nike: Don’t ask if your dreams are crazy. Ask if they’re crazy enough. #justdoit https://t.co/Wd5L42egV8
37009,I ordered coffee with cream. But I got cream with a splash of coffee. @Starbucks wyd? 🙄🙄🙄 https://t.co/sDGZUca8zv
52572,"@_ImperatorRex_ @EverydayMAGA @Nike Screen Pass or quarterback SNEAK, so just move your Pain in the ass from NFL to Nike

",Nike,07/09/2018,80.3,0.0012453300124534064,-0.004732254047322485,-0.008717310087173136,0.023661270236612773,6633912.0,21.364,18.219,-1,0.0,@Nike

12543,@McDonalds Gimme another one
57872,RT @LindssAbraham: @Expedia A6. I love heading up north to Sedona! It's only a couple hours away and you are in a gorgeous new place! Swimm…
2960,"RT @bryantparknyc: Before you know it, @BankofAmerica #wintervillage will be closed for the season! Come skate with us one last time:… 
",Bank of America,28/02/2017,24.68,-0.004457050243111808,-0.01823338735818474,-0.01823338735818474,0.00405186385737445,90241979.0,17.980999999999995,21.31,-1,-0.125,@BankofAmerica
66189,"See the show&amp;tell of @SAP, #SAP Hybris, @msg_group, @msgNETCONOMY at DIA Amsterdam 2018; https://t.co/pV1lbL6U0i Th… https://t.co/WcZN7uN1B9

",SAP,18/09/2018,103.02,-0.005629974762182084,0.01203649776742389,0.01203649776742389,-0.0033003300330031954,2179139.0,16.25,17.292,1,0.0,@SAP
7923,"@Aranjedeath @facebook This thread might provide some insight, although it's about a different design decision: https://t.co/McCKEl3Ay8
",Facebook,31/05/2017,151.46,0.006074211012808579,0.004423610194110575,0.004423610194110575,-0.00937541265020478,18023917.0,13.186,16.089000000000002,1,0.0,@facebook
,Nike,04/09/2018,79.6,0.03266331658291468,0.03266331658291468,0.03266331658291468,0.03743718592964829,18565837.0,20.517,20.153,-1,0.0,@Nike
,McDonald's,24/10/2018,177.35,-0.001127713560755504,-0.060445446856498435,-0.05559627854524943,-0.05965604736396946,7866377.0,32.74,25.902,-1,-0.6,@McDonalds
,eBay,30/09/2018,33.02,0.0,0.0,0.009691096305269542,0.03089036947304652,8467405.0,22.738000000000003,17.202,-1,-0.1,@eBay
10449,RT @JohnPetersonPR: Look how much soul @netflix put into #Okja's eyes. This movie is stunning. https://t.co/d7ITzdBXil
105644,"RT @YahooSportsNBA: Nike does it again. This new @KingJames ad is 👍











(via @Nike)





https://t.co/K6coN5Boh6
",Nike,20/10/2018,74.21,0.0,0.01873062929524324,0.030588869424605987,0.022907963886268742,7301200.0,46.148,29.772,1,0.0,@Nike
6142,"@GodHatesMiles @Fullscreen @ATT I wanna go, but my parents won't let me cause I already went to ur tour and they we… https://t.co/ofCfNx6tII
",AT&T,28/04/2017,39.63,0.007065354529396771,0.02043906131718384,0.007822356800403612,0.007570022710068058,24994983.0,12.489,10.848,-1,0.0,@ATT
,McDonald's,31/03/2017,129.61,-0.0022374816757967787,-0.00594089962194283,-0.0012344726487155695,-0.0020831725947072764,3041677.0,4.766,6.7920000000000025,-1,0.0,@McDonalds

,Ryanair,22/10/2018,11.93,-0.04023470243084664,-0.04023470243084664,-0.04023470243084664,-0.04987426655490351,1331039.0,39.683,50.326,1,0.25,@Ryanair
,Nike,28/02/2017,57.16,0.00927221833449967,0.0122463261021694,0.0122463261021694,0.0034989503149055784,7951315.0,16.337,15.42,1,0.0,@Nike

23032,RT @ambertamblyn: Hi @facebook care to comment? https://t.co/nC4qzXhVnn
,Walmart,27/10/2018,98.94,0.0,0.002425712553062554,-0.013947847180109113,-0.01809177279159078,14925551.0,14.375,16.814,1,1.0,@Walmart
19326,"I'm at @Starbucks in Al Zour, Al Ahmadi w/ @bashar_alzanki @a7madalbader https://t.co/6UkXmoKAD7
",Starbucks,30/11/2017,57.82,-0.005361466620546563,-0.020062262193012863,-0.03303355240401252,-0.011760636457973015,11509224.0,16.15,15.007,-1,0.0,@Starbucks

403294,"@Yahoo Hey Yahoo, one of your message boards is a haven for people spouting hatred of gay people.  Why do you allow that forum to exist?

",Yahoo,03/08/2018,3.7312,0.0,0.0,0.0,-0.02444253859348192,62850.0,37.475,53.879,-1,0.4166666666666667,@Yahoo
,Netflix,31/10/2017,196.43,0.009876291808786831,0.015832612126457188,0.015832612126457188,-0.002087257547217821,5518595.0,20.059,30.692,1,0.0,@netflix
68879,"RT @Reuters: Wa Lone and Kyaw Soe Oo, two @Reuters journalists, have been imprisoned in Myanmar since Dec. 12, 2017. Follow the case: https…

",Reuters,21/09/2018,49.9725,0.003085697133423443,0.000660363199759893,0.005509029966481594,0.0033058182000101216,3027903.0,10.397,13.679,1,0.0,@Reuters
30268,RT @Pippi_Dust: Mother Of The Groom Shirt Arrow For Bridal Party Faux Gold https://t.co/cAnUUT31H6 via @amazon
,Apple,12/09/2018,221.07,0.012575202424571408,-0.012394264260188994,0.0010403944451984359,0.02623603383543679,49278740.0,22.583,17.953,1,0.13636363636363635,@Apple
,UPS,29/10/2018,105.13,0.001712165889850726,0.001712165889850726,0.001712165889850726,0.09997146390183588,3355094.0,34.513000000000005,24.389,-1,-0.6,@UPS

,Amazon,19/10/2018,1764.03,0.0037924525093110967,0.03837803211963518,0.0317058099918936,0.013934003389964984,5907246.0,51.688,34.372,1,-0.5,@amazon
73417,"RT @theashmoresblog: Ainsley’s #unicorn #birthdayparty is up on the blog! 













https://t.co/GEJsIJAnqJ #party #houston @PartyCity  @Walmart @C…

",Walmart,24/09/2018,94.92,0.010324483775811251,0.010324483775811251,0.010324483775811251,-0.0010535187526338867,5336981.0,10.044,29.862,1,0.0,@Walmart
,Apple,25/09/2018,222.19,-0.006300913632476735,-0.020387956253656785,-0.020387956253656785,-0.017777577748773518,24554379.0,24.5,20.18,1,0.4,@Apple
,Netflix,31/10/2017,196.43,0.009876291808786831,0.015832612126457188,0.015832612126457188,-0.002087257547217821,5518595.0,20.059,30.692,1,0.0,@netflix
,eBay,18/10/2018,31.55,0.0148969889064977,0.022187004754358138,0.009825673534072859,-0.004754358161648245,8705346.0,34.121,23.542,-1,0.0,@eBay
40616,RT @williamsmjw: Myanmar just sentenced two of our @Reuters colleagues to seven years in jail for exposing this massacre. Please share the…
,Burberry,31/10/2017,1902.0,0.010515247108307046,0.013669821240799159,0.013669821240799159,0.0015772870662460567,4536114.0,8.801,16.804000000000002,1,-0.5,@Burberry
70492,RT @haripholivia: I was sitting in Spanish class when it finally hit me that a venti at @Starbucks is 20 oz bc veinte in spanish means 20
3921,RT @jessica92joel: Check out Southwest Airlines Metal Lunchbox  https://t.co/QZOK7B76O5 via @eBay
,Facebook,03/09/2018,175.73,0.0,0.0,0.0,0.009844648039606316,18065159.0,14.374,67.476,1,0.0,@facebook
70175,@haripholivia @Starbucks But why is it 26oz ??
,Tesco,23/08/2018,253.7,0.009459992116673371,0.005124162396531381,0.008671659440283867,0.009854158454867954,16808554.0,14.544,12.914,-1,-0.5,@Tesco
47754,"@BlackkSpasmodic @JohnBrennan @StarJonesEsq @Nike Division and fear is what they want!






https://t.co/0xhZsCyPY0

",Nike,05/09/2018,79.92,-0.004004004004004097,0.028528528528528538,0.028528528528528538,0.03591091091091097,12269138.0,21.037,19.239,-1,0.0,@Nike
49952,RT @Nike: Don’t ask if your dreams are crazy. Ask if they’re crazy enough. #justdoit https://t.co/Wd5L42egV8
28018,@Ryanair Still waiting on a legitimate response to your employee’s mishandling of th racist customer. https://t.co/e0md15ZRnD
,eBay,31/07/2017,35.73,0.005877413937867362,0.005877413937867362,0.005877413937867362,0.01819199552197049,6227993.0,20.351,20.804,1,0.033333333333333326,@eBay
71906,"RT @PaisaBazaar_in: Paisabazaar Quiz: Which of these are






used to calculate a Credit Score?













Select the right answer and win @amazon  vouche…

",Amazon,23/09/2018,1915.01,0.0,0.0,0.015294959295251704,0.02881447094271052,6855898.0,27.813,22.493,-1,0.5428571428571429,@amazon
683485,"RT @Apple: The all-new iPhone XS, iPhone XS Max, iPhone XR and Apple Watch Series 4 are here. #AppleEvent
",Apple,13/09/2018,226.41,-0.02358553067444019,-0.011306921072390806,-0.035687469634733376,-0.014619495605317797,41706377.0,25.87,17.349,-1,0.0,@Apple
75794,@CaseyParksIt @jpmorgan I guess that is why the only way to be at the top is founding your own business and self-funding.

,Audi,29/09/2017,707.75,-0.001059696220416814,0.00035323207347227127,-0.0038855528081949853,-0.0017661603673613567,71.0,6.407,13.118,-1,0.3,@Audi
847632,"RT @manogyaloiwal: Has this happened to your @facebook account ?











Up to 50 million Facebook accounts attacked 





 https://t.co/UH5qTaQUlh
",Facebook,28/09/2018,164.46,0.02663261583363733,0.015140459686245776,0.0027362276541407554,-0.00930317402407881,34265638.0,26.211,23.132,-1,0.0,@facebook
39554,@Microsoft I have turned on the Xbox one today after many months and I am completely astounded at the insanely comp… https://t.co/elgbvehGCS
614748,"RT @votevets: PSA: Even if you don't like @Nike making @Kaepernick7 the face of their new campaign, if you own Nike gear, you already paid…
",Nike,04/09/2018,79.6,0.03266331658291468,0.03266331658291468,0.03266331658291468,0.03743718592964829,18565837.0,20.517,20.153,1,0.36818181818181817,@Nike
72810,RT @dancinglizardd: hey @netflix add Drake and Josh so we can all just ... https://t.co/gbocfPpWRI
,SAP,30/11/2017,95.08200000000001,0.0014513788098692814,0.02396878483835001,0.02207568204286815,0.014881891420037506,3648563.0,18.902,16.817,1,0.0,@SAP
,Reuters,30/09/2018,50.3139,0.0,0.0,0.0008764973496391129,-0.006785401250946561,7988967.0,6.837999999999999,12.771,-1,0.0,@Reuters
,Netflix,28/04/2017,152.2,0.005781865965834586,-0.013337713534822607,-0.0002628120893560581,-0.06130091984231265,6366247.0,41.407,26.745,1,0.1,@netflix



290480,"#eBay #forsale #VTG Warner Bros. 1973 ""Daffy Duck"" 14 oz Drinking Glass Pepsi Collector's Series https://t.co/hA4bGWCd3S @eBay
",Pepsi,30/12/2017,119.92,0.0,-0.0047531687791861855,-0.005170113408939332,-0.011007338225483715,3116358.0,8.412,10.345999999999998,-1,0.0,@eBay
,Google,05/09/2018,1199.1,0.010182636977733332,0.02727045283962976,0.02727045283962976,0.05466599949962488,2699394.0,21.65,17.894000000000005,-1,0.0,@Google
,eBay,30/06/2017,34.92,-0.011741122565864941,0.011168384879725102,-0.0002863688430700205,0.018613974799541768,10845469.0,19.665,22.269,1,0.0,@eBay
62388,@amazon What in the actual f-ing hell?! https://t.co/7Ft6T5co5n

43943,"RT @bbusa617: DON'T GIVE YOUR NIKE’S AWAY, BURN/MELT THEM... @Nike  @NFL https://t.co/T4jB3u3AoJ

",Nike,04/09/2018,79.6,0.03266331658291468,0.03266331658291468,0.03266331658291468,0.03743718592964829,18565837.0,20.517,20.153,1,0.0,@Nike
,Pepsi,01/02/2017,103.01,0.0074750024269488015,0.006601300844578125,0.004562663819046684,0.015532472575478053,3515578.0,9.724,8.722000000000001,-1,0.0,@pepsi
,Nike,07/09/2018,80.3,0.0012453300124534064,-0.004732254047322485,-0.008717310087173136,0.023661270236612773,6633912.0,21.364,18.219,1,0.0,@Nike

16135,@mkminnis_ @netflix Literally everyone asked what I was doing this weekend and my biggest goal is to finish before oct 1!!!! Panicking!!!!
,Nike,08/09/2018,80.3,0.0,0.0012453300124534064,-0.004732254047322485,0.023661270236612773,6633912.0,21.364,18.219,1,-0.010000000000000007,@Nike
46297,@Disney how many RTs for a spot on one of your shows......🙃


,Netflix,01/10/2018,381.43,-0.019138505099231862,-0.019138505099231862,-0.019138505099231862,-0.030988647982591808,8376560.0,24.05,39.488,1,0.0,@netflix
54084,"RT @etucks182: Out with the old, in with the new. @Nike doesn’t want my business anymore, so I’ll give it to @newbalance.  These are super…

",Nike,08/09/2018,80.3,0.0,0.0012453300124534064,-0.004732254047322485,0.023661270236612773,6633912.0,21.364,18.219,-1,0.11818181818181818,@Nike
,eBay,20/10/2018,28.75,0.0,0.09739130434782613,0.11373913043478273,0.10330434782608693,39779447.0,58.203,35.868,-1,0.21428571428571427,@eBay
64152,RT @tyleralvarez: Go binge our shit! #AmericanVandal @netflix https://t.co/lmiJz02yyv
78312,"@texor2012 @Reuters My jaw drops so hard and so many times, I've developed  temporomandibular disorder

",Reuters,30/09/2018,50.3139,0.0,0.0,0.0008764973496391129,-0.006785401250946561,7988967.0,6.837999999999999,12.771,1,0.1027777777777778,@Reuters
,FedEx,30/10/2018,216.53,-0.025354454348127317,-0.0277097861728167,-0.0277097861728167,0.008543850736618456,1302404.0,36.324,27.412,-1,0.0,@FedEx

66046,Check out Skin Linen Top Light Purple Sz 0 Womens 51N https://t.co/ieNBP28jQD @eBay
,Facebook,13/09/2018,161.36,0.0039662865642041785,0.028383738225086663,0.017476450173524994,0.0072508676251858434,25453775.0,24.843000000000004,24.827,1,0.0,@facebook
,Reuters,12/09/2018,49.8072,-0.014373423922645819,-0.011277485985961906,-0.010171220225188302,-0.016363096098556133,7901422.0,11.93,17.209,1,0.0,@Reuters
54095,RT @DevanF91: A thread: reason why I chose to cut @Nike swoosh logo of my socks. https://t.co/3JFmRMgjVH
,Reuters,23/09/2018,49.9725,0.0,0.0,0.003085697133423443,0.0033058182000101216,3027903.0,10.397,13.679,1,0.0,@Reuters
35934,@TMobile I sent This first and did not get a code

33295,Rising Skull 7 MONSmons https://t.co/zK9n2O9czS via @amazon
13279,Check out Made in Russia - 10 - Wooden Russian Nesting Dolls Stacking  #Unbranded https://t.co/vMAV8ZjZDo via @eBay
37081,I seriously thank @facebook for putting @OdySeaAquarium at the top of my unsolicited ad stream. I have been there;… https://t.co/sXLzSbmlu0

33113,"So...













seriously @UPS,













what 













the 













hell!? https://t.co/PGI0UCxjp8

",UPS,28/10/2018,105.31,0.0,0.0,0.023834393694805733,0.10616275757287999,3965165.0,37.171,24.395,-1,0.0,@UPS
,Apple,12/09/2018,221.07,0.012575202424571408,-0.012394264260188994,0.0010403944451984359,0.02623603383543679,49278740.0,22.583,17.953,-1,0.13636363636363635,@Apple

73914,RT @Reuters: Maximum pressure on Iran risks regional escalation: German minister https://t.co/39xIaMDV7F
,Visa,02/08/2018,138.92,-0.004822919665994727,-0.015692484883385968,-0.017564065649294542,0.025770227469047027,12300023.0,22.82800000000001,19.774,1,0.0,@eBay

43396,Check out Beswick England Large Rare Pink Rainbows Bulbous Vase https://t.co/AqZ8LvenpS @eBay
4377,RT @moonbeam19652: Check out 4 Bass collectable glassware Reach for the Greatness in original box  https://t.co/w2HjWluvKx via @eBay
,HSBC,14/09/2018,658.4,-0.0033414337788577326,-0.00941676792223562,-0.011543134872418018,-0.005012150668286686,18315618.0,11.587,12.026,1,-0.78,@HSBC
,Nike,04/09/2018,79.6,0.03266331658291468,0.03266331658291468,0.03266331658291468,0.03743718592964829,18565837.0,20.517,20.153,1,0.375,@Nike

60178,"@Sony should thank @Apple  for coming out with $1000 phone without headphone socket. I can buy midrange Sony DSLR, Sony Walkman for less.

",Apple,13/09/2018,226.41,-0.02358553067444019,-0.011306921072390806,-0.035687469634733376,-0.014619495605317797,41706377.0,25.87,17.349,-1,0.0,@Apple
29581,"@Reuters it is called ""ghesas"" in Arabic, beheading should happen shortly.

",Reuters,23/10/2018,51.6356,0.002347217810967661,-0.005757655570962667,-0.005757655570962667,-0.010452091192897852,1277461.0,19.515,23.201,-1,0.0,@Reuters

,eBay,29/10/2018,26.82,0.019388516032811318,0.019388516032811318,0.019388516032811318,0.062266964951528635,18291838.0,51.611,37.935,1,0.0,@eBay


72320,@NevilleGaunt @jdelacruz_IoT @facebook @akwyz @JBarbosaPR @digitalcloudgal @JolaBurnett @vfiorese_ @gvalan… https://t.co/vKg63QGHrx
,eBay,01/09/2018,34.61,0.0,0.005489742848887539,0.009245882692863343,-0.0023114706732157843,7944075.0,11.392,14.753,1,-0.2,@eBay
67999,RT @w_terrence: I need a huge favor from everyone! @facebook banned me for taking of for Mollie Tibbett after she was killed and dumped in…
1566,"RT @Thor_Sun: @MSNBC @CNN @ABC @CBS @NBC #deplorable you're giving BLOTUS airtime for STOLEN SCOTUS pick!





NOT watching! #BlackoutTrump





#Gra…
",CBS,31/01/2017,64.49,-0.0013955652039074151,0.003876570010854396,0.003876570010854396,-0.02341448286556053,3523867.0,16.338,16.302,1,0.0,@CBS
63586,RT @BMW: For a game-changing travelling experience. The #BMW #VisioniNEXT. #MyFavoriteSpace @BMWi https://t.co/0Qw9uds38w
,Reuters,21/10/2018,51.3383,0.0,0.0,0.005362468176780327,-0.020810973483734303,1949444.0,26.602,23.466,-1,0.13750000000000004,@Reuters
13112,3 people working at a very empty @Starbucks and they still take 15 minutes to make my drink and get my food.
,Walmart,27/10/2018,98.94,0.0,0.002425712553062554,-0.013947847180109113,-0.01809177279159078,14925551.0,14.375,16.814,1,0.0,@Walmart
50980,BIG  dick energy. Love you @Nike
60301,"RT @carrieksada: If you still believe @Google doesn’t have a Leftwing bias, just look at all of the negative headlines on their home page.…

",Google,13/09/2018,1182.14,-0.008916033633918309,0.006640499433231181,-0.00598913834232845,0.0015649584651563342,2003418.0,18.038,16.833,-1,-0.3,@Google
,eBay,20/09/2018,34.24,-0.0005841121495328014,-0.0035046728971963943,-0.0011682242990653955,0.0058411214953269786,15877016.0,10.962,13.911,1,0.21428571428571427,@eBay
,eBay,27/10/2018,27.34,0.0,0.026335040234089203,-0.001828822238478445,0.05157278712509145,16691760.0,54.536,37.821,-1,0.0,@eBay
683479,"RT @Apple: The all-new iPhone XS, iPhone XS Max, iPhone XR and Apple Watch Series 4 are here. #AppleEvent
",Apple,13/09/2018,226.41,-0.02358553067444019,-0.011306921072390806,-0.035687469634733376,-0.014619495605317797,41706377.0,25.87,17.349,-1,0.0,@Apple

,Facebook,29/09/2018,164.46,0.0,0.02663261583363733,0.015140459686245776,-0.00930317402407881,34265638.0,26.211,23.132,1,0.2,@facebook
60587,"RT @RealJamesWoods: This is the CFO of @Google breaking into sobs in a confidential internal video taken right after her goddess, @HillaryC…

",Google,13/09/2018,1182.14,-0.008916033633918309,0.006640499433231181,-0.00598913834232845,0.0015649584651563342,2003418.0,18.038,16.833,1,0.14285714285714285,@Google
55426,@JimBelonzo @theranchnetflix @netflix Not without Rooster!!!!
,Sony,28/02/2017,3478.0,-0.006900517538815411,0.0023001725129384704,0.0023001725129384704,0.012363427257044278,5951700.0,11.009,20.938,1,0.0,@Sony
,Netflix,01/09/2017,174.74,-0.00017168364427149556,-0.0002861394071192135,-0.033936133684331043,-0.050303307771546416,3812968.0,22.222,24.229,1,0.2,@netflix
38754,RT @Apple: @VillanTweets Thank you. We’ll send a reminder before the #AppleEvent. https://t.co/voTBIAa45P
,Reuters,24/10/2018,51.0849,0.010780093530573595,0.013152614569080116,0.0049603698940391214,0.009270841285781213,2228486.0,19.335,23.332,-1,-0.025,@Reuters
50765,RT @the_best_offer: 63% OFF #sale #woodfloorprotectors #floorprotectors @amazon X-PROTECTOR Premium TWO COLORS Pack Furniture Pads 133 piec…
690663,"Ldea Galaxy S8 Case, Silicone Shockproof Tempered Glass Back Cover Shell (Lig... https://t.co/cpQARGeLjV via @amazon
",Shell,14/09/2018,2469.5,-0.003441992306134845,0.005264223527029763,-0.004454342984409799,-0.010528447054059526,3351052.0,16.342,17.352999999999998,-1,0.0,@amazon
33050,@magnusandalec_ @netflix @AmazonStudios @PrimeVideo @ConstantinFilm @mmoszkowicz @OliverBerben @reedhastings… https://t.co/66L7ZDjhiW
40070,Check out #Lego #HarryPotter #Minifigure - #ProfessorFlitwick https://t.co/WrpUcH2TmP @eBay
327895,Check out Fumoto Oil Drain Valve For F150 Ecoboost Ford Trucks Motor GMC Sierra pickup New #Fumoto https://t.co/oh9hb9e09r via @eBay

47070,"RT @WWE: Get ALL the details on the second season of #WWEMMC, premiering Tuesday, Sept. 18, exclusively on @facebook Watch! https://t.co/DF…

",Facebook,05/09/2018,167.18,0.02380667543964583,0.05114248115803315,0.05114248115803315,0.05215934920445029,31226744.0,23.691,67.148,1,0.0,@facebook
58256,"RT @Apple: The all-new iPhone XS, iPhone XS Max, iPhone XR and Apple Watch Series 4 are here. #AppleEvent

",Apple,12/09/2018,221.07,0.012575202424571408,-0.012394264260188994,0.0010403944451984359,0.02623603383543679,49278740.0,22.583,17.953,-1,0.0,@Apple


,Nike,04/09/2018,79.6,0.03266331658291468,0.03266331658291468,0.03266331658291468,0.03743718592964829,18565837.0,20.517,20.153,1,0.2,@Nike
,Nike,07/09/2018,80.3,0.0012453300124534064,-0.004732254047322485,-0.008717310087173136,0.023661270236612773,6633912.0,21.364,18.219,-1,0.0,@Nike
,eBay,19/09/2018,34.22,-0.002922267679719504,-0.0005844535359437763,-0.00350672121566328,0.00116890707188776,13455592.0,11.962,14.171,1,0.0,@eBay

45141,RT @DineshDSouza: I’m seeing a lot of very critical reviews of @Nike products on their website and on other retail sites. Have you posted y…
,Apple,11/09/2018,223.85,-0.024659370113915488,-0.011391556846102224,-0.011391556846102224,0.020147420147420242,35749049.0,22.817,23.56,-1,0.13636363636363635,@Apple

40119,Check out John and Laura Ramsey  8.18 Carat!!!! AAA Quality Brazilian Amethyst. 16x 12 MM  https://t.co/sr9hGAMEHE via @eBay
33977,RT @OriginalFunko: RT &amp; follow @OriginalFunko for the chance to win a @Walmart exclusive Venomized Ghost Rider Pop! https://t.co/Br5e0BOhYN
31656,@Reuters I have been following Guatemala TV. YES El Salvador is having 2 caravans. To depart the 28th &amp; 31.
18466,@netflix when does the new season of @blackmirror come out.? I thought it would be released in time for #Halloween.?

41103,I love @Nike products so much that I invest in the company as much as possible. Everybody in our culture must do th… https://t.co/GfHYmaDSMq
18295,We cover 10 must have upgrades you should order when you pick up the new @Ford F-150: https://t.co/xRQAZynydZ https://t.co/FJfy6DMPjb
,FedEx,18/09/2018,241.58,0.05857272953059019,0.05737229903137672,0.05737229903137672,0.032204652703038336,6941218.0,34.876,22.667,-1,0.0,@FedEx
681977,"RT @Apple: The all-new iPhone XS, iPhone XS Max, iPhone XR and Apple Watch Series 4 are here. #AppleEvent
",Apple,13/09/2018,226.41,-0.02358553067444019,-0.011306921072390806,-0.035687469634733376,-0.014619495605317797,41706377.0,25.87,17.349,-1,0.0,@Apple
26585,RT @Nike: Just a small-town kid with big-city dreams. #justdoit @KingJames https://t.co/okTQBM8hLI
27285,RT @_SJPeace_: This was the response from @Ryanair @RyanairFlights https://t.co/eTFnBVCSMN
30091,RT @chantelcary1: Great morning session talking with @OracleComms Executives and @Oracle customers. #OOW18 @oracleopenworld @Ovum
59759,RT @tiffanyyoung: 😍🌎 🎶Excited to announce a global fashion+music campaign w/ @hm for my next song &amp; music video ‘TEACH YOU’ releasing on 9/…
,Tesco,01/09/2018,246.5,0.0,-0.007302231237322561,0.013793103448275884,0.0328600405679513,32768776.0,23.66,17.753,1,0.17045454545454544,@Tesco
71638,Check out iMac 27 inch 3.1 GHz Core i5-2400 (Mid-2011)-NOT WORKING- FOR PARTS OR REPAIR- https://t.co/G6RjOwuUSQ @eBay
64480,RT @Reuters: Guatemala court rules for return of chief of anti-graft body https://t.co/SpzVpqtw56 https://t.co/S7of5bijgd
72405,RT @Reuters: List of previous Ryder Cup results  #RyderCup https://t.co/NBW8mTB7mf https://t.co/xzBfXfOYXC

,Pepsi,29/09/2017,111.43,0.001884591223189389,-0.0029615004935835275,0.003410212689580861,0.0037691824463787797,5122348.0,7.2429999999999986,8.986,1,0.0,@pepsi
27568,@them @Google No thanks.....we’re good
38969,RT @Apple: Join us 12 September at 9 p.m. GST to watch the #AppleEvent live on Twitter. Tap ❤️ below and we’ll send you updates on event da…

46150,"RT @ConservativePTZ: Hey @Nike, 













Conservative Pets across the country now have permission to chew up shoes without getting in trouble.













Ha…

",Nike,05/09/2018,79.92,-0.004004004004004097,0.028528528528528538,0.028528528528528538,0.03591091091091097,12269138.0,21.037,19.239,1,0.0,@Nike
25995,@lolesports @Mastercard If some white collared MasterCard employee jumps up to hand out the trophy and pretends to… https://t.co/tV6H32MwSp

2171,"RT @nikitakhara: Thank you, @Starbucks CEO for committing to hire 10,000 refugees.











To all those tweeting #boycottstarbucks, thanks for the…
",Starbucks,01/02/2017,53.9,0.02448979591836736,0.03710575139146568,0.04118738404452688,0.0890538033395177,18796871.0,25.781,18.576,1,0.2,@Starbucks
65582,@JayValenz67 @Yahoo Is it looting or is it survival? A dollar store has survival needs. Water and food. Looters wou… https://t.co/TRYi7Hn9NN
19385,"@nextofficial   I have ordered.....last Thursday , but it was not shipped yet





What is the problem
",Next,30/11/2017,4477.0,0.0058074603529148965,-0.036408309135581865,-0.04511949966495421,-0.02054947509492964,770037.0,28.847,34.533,-1,0.0,@nextofficial
36573,RT @LittleMissFlint: Who has a contact at @facebook that can get me access back to my account ASAP. Someone stole Mari's little sister's ph…
6929,@stephnut22 @CNN @Reuters America just showed him we are a far more danger to him. Sometimes you have to flex your… https://t.co/DSJqQPa8J7
8298,RT @MorganStanley: We're welcoming more than 900 top global investors and 265 corporations to the third annual China Summit in Beijing. htt…

38527,RT @Reuters: Turkey warns attack on Syria's Idlib would cause humanitarian disaster https://t.co/ko4KIFevlM
856827,"RT @Microsoft: Announced at #MSIgnite: @Adobe, @SAP, and Microsoft announced the Open Data Initiative, which will enable data to be exchang…
",Microsoft,29/09/2018,114.37,0.0,0.00034974206522682557,-0.0034099851359622327,-0.0009617906793739568,21647811.0,13.818,16.133,-1,0.0,@Microsoft
,Starbucks,30/11/2017,57.82,-0.005361466620546563,-0.020062262193012863,-0.03303355240401252,-0.011760636457973015,11509224.0,16.15,15.007,1,0.25,@Starbucks

,Apple,13/09/2018,226.41,-0.02358553067444019,-0.011306921072390806,-0.035687469634733376,-0.014619495605317797,41706377.0,25.87,17.349,1,0.3571428571428571,@Apple
,CBS,29/09/2017,58.0,-0.018620689655172384,0.0036206896551724283,0.0,0.021206896551724082,5982394.0,30.199,27.777,1,0.0,@CBS
1886,Check out Pink &amp; Purple Door Knob Covers Cotton Crochet Handmade Interior Decor Room Home  https://t.co/IoBaeZyQVw via @eBay
69983,"RT @Nike: When you're born to do it, just do it.  #justdoit https://t.co/WfDTRMwAp9

",Nike,21/09/2018,85.55,-0.0021040327293979266,-0.01309175920514308,-0.003389830508474484,-0.024079485680888395,13852693.0,15.071,19.13,-1,0.0,@Nike
37689,Hear @Oracle customers describe the real-world benefits of @OracleMgmtCloud to modernize their #systemsmanagement.… https://t.co/PIz3G5174O
57765,"RT @Apple: @taytay424 The #AppleEvent is about to start. Tap below to watch live on Twitter. Reply #stop to opt out.






https://t.co/oNC3CTeA2n

",Apple,12/09/2018,221.07,0.012575202424571408,-0.012394264260188994,0.0010403944451984359,0.02623603383543679,49278740.0,22.583,17.953,1,0.0,@Apple
58974,"RT @RealJamesWoods: This is the CFO of @Google breaking into sobs in a confidential internal video taken right after her goddess, @HillaryC…

",Google,13/09/2018,1182.14,-0.008916033633918309,0.006640499433231181,-0.00598913834232845,0.0015649584651563342,2003418.0,18.038,16.833,1,0.14285714285714285,@Google
54616,RT @RealKiefer: Designated Survivor goes to @netflix https://t.co/P9In3R7Cyh
43882,RT @oparemanu: The @Nike #phantom commercial  is something else. 🔥🔥 #AwakenThePhantom https://t.co/dFDqGYg7LP
26505,Check out New York And Company Light Green Sweater. Size Large. New With Tag. https://t.co/ZguQUfwvtY @eBay
,eBay,31/05/2017,34.3,0.00932944606413995,0.017492711370262433,0.017492711370262433,0.015160349854227496,9762178.0,16.727,22.532,1,0.02777777777777779,@eBay
34097,@EricLiptonNYT @washingtonpost @NYT @WSJ @CBSNews @CBS @ABC @NBCNews @MSNBC @CNN @BBC  haven’t figured out yet prop… https://t.co/IKDiwfQ1op
58833,@JosephG_61 @willjmunny @netflix I appreciate you!
17467,RT @BeingMrsBeer: #AD Did you know you can stock up on @Huggies Plus Diapers @Costco for fall family fun? More:… 
9949,"RT @Journotopia: Philippine police executed my son, then pretended to save his life, says mother. @Reuters investigates: https://t.co/a6JGo…
",Reuters,30/06/2017,50.9858,0.003240117836731125,0.01123253925602824,0.003455864181791822,0.005183796272687803,1232971.0,12.251,15.666,-1,0.0,@Reuters
50363,RT @Nike: Don’t ask if your dreams are crazy. Ask if they’re crazy enough. #justdoit https://t.co/Wd5L42egV8
60704,RT @hildatheseries: Ready for an adventure? #Hilda comes to @netflix on September 21st! #HildaTheSeries https://t.co/SXwMEWYBWd
11321,@Ryanair Is it really this hard for a company of your size to not be able to pick a customer email up?????
70310,@trbrad62 @LiliannyLeebou @IvankaTrump @POTUS @Walmart Imagine them hanging from your body.
,eBay,27/09/2018,33.34,0.0071985602879422565,-0.01739652069586099,0.011397720455908679,0.026994601079784,7374820.0,22.71,17.152,1,0.0,@eBay
,Shell,05/09/2018,2507.0,0.011567610690067813,0.016753091344236137,-0.0021938571998404467,0.012365376944555246,4111553.0,18.671,19.318,1,-0.15000000000000002,@eBay
,Amazon,31/05/2017,994.62,0.0020912509300034595,0.001166274557117259,0.001166274557117259,-0.014347187870744587,3913115.0,10.034,14.566,-1,0.0,@amazon

22681,"I hated when @TheBodyShop got sold to @Loreal, so happy they’re now owned by an other company that isn’t complete t… https://t.co/9BWc6vlvKW

",L'Oreal,01/10/2018,240.2,0.008206494587843506,0.008206494587843506,0.008206494587843506,-0.0002002497918400363,2333.0,24.808000000000003,24.801,1,-0.031249999999999993,@Loreal


,IBM,31/08/2017,143.03,-0.0032860239110676,0.0007690694259944432,-0.0036356009228833827,-0.0006292386212682893,3656428.0,8.626,9.295,-1,0.0,@IBM

,Starbucks,01/11/2017,55.13,-0.005260293850897862,0.0007255577725376228,-0.0045347360783602395,-0.017594775984037837,7189764.0,13.267,12.61,-1,0.0,@Starbucks
68245,RT @Reuters: BREAKING: Multiple fatalities in Maryland shooting - Harford County Sheriff https://t.co/Svb4RdTucR


72317,Designer Turquoise Stone Gold Plated Adjustable Bangle Bracelet For Girls Women https://t.co/RVKk37Ftc0 via @eBay
74815,@tamronhall @Disney Can’t wait to see your show! Congrats! I’m still a huge fan @tameronhall

64241,RT @Cholo_Jorge_: Madlib produced the greatest @Toyota commercial of all time https://t.co/FdgPxsZJWi

55679,RT @Variety: How Chris Pine perfected his Scottish accent for his role in #OutlawKing | #VarietyStudio presented by @ATT at #TIFF18 https:/…
,Nike,08/09/2018,80.3,0.0,0.0012453300124534064,-0.004732254047322485,0.023661270236612773,6633912.0,21.364,18.219,-1,0.0,@Nike

71534,RT @netflix: 24 years ago today Rachel Green ran out of her wedding and into Central Perk 💕 ☕️ https://t.co/zSZUNYxPxm
,Reuters,07/09/2018,49.3006,0.004468505454294564,-0.006255501961436696,-0.008713889891806603,-0.005137868504643007,2628128.0,19.429,16.845,1,-0.4,@Reuters


75089,Check out Black White Ninja Avengers Boys Halloween Costume Size XS S M L USA Seller #Charades https://t.co/XPG9NATUnF via @eBay
9167,RT @trendallday: .@ItsDonBenjamin #Supermodel trailer is on @netflix 💯💯💯 https://t.co/flfBzYvCd1 https://t.co/qUsPm7PJgH
73827,Caution. @TMobile is failing. They are ripping people off and incorrectly causing faults data usage. @Tesla should… https://t.co/IT7wH1QEZ2
,eBay,29/09/2017,38.46,-0.018980759230369317,-0.01066042641705678,-0.015860634425377,-0.004420176807072327,9964979.0,15.466,16.916,-1,0.2,@eBay
,eBay,23/10/2018,28.19,0.01064207165661572,0.01986520042568282,0.01986520042568282,0.14402270308620072,12577530.0,50.797,35.345,1,0.3,@eBay
,CBS,26/09/2018,56.5,0.0008849557522123391,0.001415929203539793,0.004247787610619504,-0.009380530973451349,4972134.0,11.715,18.068,-1,-0.3,@CBS
29456,"RT @TMobile: We’re DOUBLING donations during the @MLB World Series! 













Now each home run is worth $10k, and we’ll donate another $2/per #HR4…

",TMobile,23/10/2018,69.28,0.003319861431870727,0.006784064665127004,0.006784064665127004,-0.0049076212471132145,3113004.0,23.207,19.667,1,0.0,@TMobile
,Apple,30/10/2018,213.3,-0.004969526488513841,0.014064697609001406,0.014064697609001406,0.04421003281762765,36659990.0,31.718000000000004,30.011,1,0.0,@Apple
274422,RT @OfCostumes: Check out New Disney Store Descendants 2 Uma Costume Girls 7/8 Years Bundle Hat Necklace https://t.co/rhi8vBUdnV @eBay #esh…
12438,"RT @McDonalds: We have 3 half gallons of #SzechuanSauce stuck in 1998! Retweet, like or respond to bring them to present day before 11:28 p…
",McDonald's,31/07/2017,155.14,0.00457651153796576,0.00457651153796576,0.00457651153796576,-0.021206652056207247,4280364.0,29.535,18.408,-1,-0.2083333333333333,@McDonalds
23527,@QuavoStuntin @amazon Sooo cool
,eBay,27/10/2018,27.34,0.0,0.026335040234089203,-0.001828822238478445,0.05157278712509145,16691760.0,54.536,37.821,1,0.0,@eBay
,Amazon,19/10/2018,1764.03,0.0037924525093110967,0.03837803211963518,0.0317058099918936,0.013934003389964984,5907246.0,51.688,34.372,1,0.7,@amazon

11474,Check out WRANGLER Cowboy Western Aztec Rodeo Pearl Snap Shirt 2X 2XL XXL Horses https://t.co/lMj6BAiwYU @eBay
23470,RT @saucedelgado: Held my first church ceremony at COSTCO .. thank you for having me @Costco i had a blast https://t.co/2uKZbFRVyF
418,Best deal https://t.co/3q5GxuDnFe #chargers #USB @eBay @eBay_UK @eBayDE @eBayDeals @eBayCanada @eBayAU @woot @amazon
51198,@reeses @amazon B. Peanut Butter &amp; Chocolate #NotSorry #Sweepstakes
55678,@inKERAble @Atypical @netflix Welp I’ll be at work watching the entire second season
679201,"RT @Apple: Chegaram os novos iPhone XS, iPhone XS Max, iPhone XR e Apple Watch Series 4. #AppleEvent
",Apple,12/09/2018,221.07,0.012575202424571408,-0.012394264260188994,0.0010403944451984359,0.02623603383543679,49278740.0,22.583,17.953,-1,0.0,@Apple
72082,RT @netflix: @c_toro5 Love the passion but that DM is photoshopped. Sorry!
57824,RT @DonFi4o: Check out Vintage Resin Figure Valentino by Miriam Rare Capodimonte Style Sculpture Italy  https://t.co/z8llp5hAvv via @eBay
38429,"@Carol38553 @DeeCald40330461 @NFL @Nike So? You are stronger than a man? I had to have rhinoplasty, I know the strength of a man.

",Nike,10/09/2018,82.1,-0.02192448233861141,-0.02192448233861141,-0.02192448233861141,0.001218026796589629,6965631.0,25.255,18.722,-1,0.0,@Nike
,Disney,31/03/2017,113.39,-0.001852015168886089,-0.007584443072581351,-0.0029985007496252177,-0.011023899814798479,4617427.0,7.615,6.968,1,0.0,@Disney

,Apple,10/09/2018,218.33,0.013603261118490351,0.013603261118490351,0.013603261118490351,0.04259607016901013,39516453.0,18.75,22.799,1,0.13636363636363635,@Apple
,Ford,10/09/2018,9.38,-0.011727078891258123,-0.011727078891258123,-0.011727078891258123,0.010660980810234505,30421677.0,20.844,22.229,1,0.0,@Ford
,Reuters,11/09/2018,49.0913,0.003141086098758905,0.004263484568548929,0.004263484568548929,-0.004487556858343426,2477540.0,9.728,16.882,1,0.0,@Reuters
,Reuters,01/07/2017,50.9858,0.0,0.003240117836731125,0.01123253925602824,0.005183796272687803,1232971.0,12.251,15.666,-1,0.0,@Reuters
,Starbucks,07/09/2018,54.86,-0.011848341232227465,-0.019504192489974485,-0.024243528982865446,-0.02570178636529341,10231692.0,6.799,12.609000000000002,-1,0.30000000000000004,@Starbucks



71661,Check out my listing @eBay - https://t.co/z94ftACG84 via @eBay
,Apple,29/12/2017,169.23,0.010931867872126829,0.008095491343142497,0.007918217810080976,0.03415470070318502,25999922.0,18.274,16.387999999999998,1,0.0,@Reuters
,eBay,22/10/2018,28.49,0.00912600912600918,0.00912600912600918,0.00912600912600918,0.11828711828711833,17677158.0,54.408,35.477,1,0.5,@eBay
52967,"RT @RegimeChangeInc: @Reuters Sure. And Saddam had fissile material to build a nuclear weapon, too, remember that whopper? That whopper end…

",Reuters,07/09/2018,49.3006,0.004468505454294564,-0.006255501961436696,-0.008713889891806603,-0.005137868504643007,2628128.0,19.429,16.845,-1,0.5,@Reuters
17568,Check out Eureka Halloween Seals Stickers 5506 Booklets USA Witch Cat Bat Pumpkin VTG 1955  https://t.co/L362etDwpi via @eBay

,Amazon,24/10/2018,1664.2,0.06279293354164163,0.07517125345511351,0.059986780435043824,0.1006669871409686,6928383.0,51.051,37.781,1,0.0,@amazon

,Reuters,01/10/2018,49.9284,0.007721056552983737,0.007721056552983737,0.007721056552983737,0.002427476145840737,8940163.0,7.945,13.033,1,0.2416666666666667,@Reuters
35631,Check out NWOT/NIB VISAGE PRO STYLE ROTATING SPA BRUSH - Includes Four (4) Spa Attachments #Visage https://t.co/n4yUSFjiuh via @eBay
21805,RT @netflix: they made us an offer we couldn't refuse https://t.co/HLIQj56yFy
,Reuters,01/07/2017,50.9858,0.0,0.003240117836731125,0.01123253925602824,0.005183796272687803,1232971.0,12.251,15.666,1,0.0,@Reuters
,Honda,01/06/2017,3112.0,0.0016066838046272494,-0.012532133676092546,-0.015424164524421594,-0.005462724935732648,4976500.0,18.836,18.482,-1,0.0,@Honda



69460,Check out Iron-Man Comic Issue 12 Modern Age First Print 2016 Knauf Zircher Hanna Fabela  https://t.co/BxUlujB4tc via @eBay

,eBay,08/09/2018,33.99,0.0,-0.009708737864077829,0.004118858487790543,0.01824065901735797,6445251.0,15.765999999999998,14.593,-1,0.14701704545454544,@eBay
19038,Check out Vintage Napcoware Miniature Figurine Boy Accordion Country C-7119  https://t.co/x49bHmMFS6 via @eBay

674454,@gizmo334455 @eBay No some idiot saying something hasn't arrived and shock no reply from eBay !


36345,Check out #0152 2018 JL JLU Hood Blackout Decal Graphic JEEP Wrangler Sahara Matte Black  https://t.co/M9k1H2VVm5 via @eBay

,eBay,18/09/2018,34.12,0.00234466588511153,-0.0005861664712777263,-0.0005861664712777263,-0.00029308323563886316,8724806.0,14.582,14.156,-1,0.0,@eBay
60965,"RT @tiffanyyoung: good conversations 📞🖤






@hm @hmusa #hm #hmlovesmusic






#tiffanyyoung #teachyou 9/28 https://t.co/3ePJMQwfgM

",H&M,14/09/2018,13.6792,0.0,-0.022603661032808985,-0.022603661032808985,-0.013100181297151866,50.0,45.111,55.463,1,0.7,@hm
54327,"@SkycomCourier @cardinalhealth Worst service of this courier. Even staff don’t know how to talk with coustomers.






It… https://t.co/orz1Iv17Gq

",Cardinal Health,08/09/2018,52.62,0.0,-0.009692132269099164,-0.004941087039148575,-0.008171797795515008,2500878.0,19.052,21.739,1,-1.0,@cardinalhealth
12319,RT @bettypagexxx: @yfeofficial Loved seeing you in starbucks today in Winchester! @Starbucks https://t.co/3O4NtgIXuc
72541,LTE huh @TMobile  it’s so slow I couldn’t even tag y’all https://t.co/xiKnIUwuEy
6079,RT @hm: These nail art ideas go from subtle to full-on shine! Tutorial now at https://t.co/EioHv1l6of #HMMagazine https://t.co/56LmMh7hg4
53719,RT @Nidhi: It is now clear to me that @facebook is NOT interested in helping with a criminal investigation. Have had enough. Time to exit F…
41846,@chmjiii @roddy_pee @GovMikeHuckabee @MariaBartiromo @FoxBusiness @Nike Amen to that!  A little more empathy and a… https://t.co/nHldpwpkbk
73175,@AtriumCamberley @hm Ooooo yes please ♥
33858,"RT @JuddLegum: Hey everyone I need your help.













I can’t get @ATT to explain why they gave 5K to Steve King despite his long history of racis…

",AT&T,28/10/2018,29.09,0.0,0.0,0.030594706084565163,0.12994156067377094,77662526.0,48.289,31.234,-1,-0.05,@ATT
3948,"To issues on @facebook during #Jointsession:











1. Immigration





2. Russia





3. Racial/Ethnic Discrimination





4. The Economy





5. The Military
",Facebook,01/03/2017,137.42,-0.01368068694513168,-0.007349730752437717,-0.01440838305923439,-0.009460049483335635,16257010.0,13.371,15.008,-1,0.0,@facebook
,eBay,31/08/2017,36.13,-0.012178245225574449,-0.0257403819540548,-0.03653473567672295,-0.0345972875726543,8591090.0,16.855,18.385,-1,0.1,@eBay
,eBay,25/10/2018,28.06,-0.02744119743406984,0.004632929436920975,0.015324305060584454,0.12437633642195305,12239614.0,55.348,37.514,1,0.4,@eBay
,Facebook,15/08/2018,179.53,0.00880075753355992,0.002896451846488109,0.004066172784492786,0.03147106333203367,33020231.0,28.879,67.999,1,0.7,@facebook
70110,@FedExHelp Hey @adidasUShelp can you please provided different shipping options on purchases @FedEx clearly doesn’t… https://t.co/CTu628xA8v
71388,"@parscale @Apple @facebook @Google @Twitter And @FoxNews is the worst, CNN is bad but Fox is a bit crazy town… https://t.co/cl9fyfWjSm

",Google,22/09/2018,1172.12,0.0,0.01659386410947689,0.0018342831791967468,0.0049994881070198685,4561119.0,20.526,17.930999999999994,-1,-0.7666666666666666,@Google
,Toyota,28/02/2017,6365.0,0.006441476826394343,0.013040062843676354,0.013040062843676354,0.017753338570306358,12848500.0,9.844,20.255,-1,0.0,@Toyota
447922,"RT @Disney: Oh, boy! Add a touch of Disney magic to your kid’s bedtime routine. For a limited time, call 1-877-7-MICKEY for a special good…

",Disney,08/08/2018,113.98,0.022635550096508143,0.017195999298122426,0.0009650815932619707,-0.008861203719950913,11727147.0,18.79,15.712,1,0.0,@Disney
,Apple,30/10/2018,213.3,-0.004969526488513841,0.014064697609001406,0.014064697609001406,0.04421003281762765,36659990.0,31.718000000000004,30.011,1,0.7500000000000001,@Apple

6137,RT @thisisrobsmith: Congratulations to @Walmart on being the de facto sponsor of Arkansas' unprecedented attempt to execute 8 people in… 
25541,RT @OriginalFunko: RT &amp; follow @OriginalFunko for the chance to win a @Walmart exclusive Thanos Pop! prize pack! https://t.co/9Q3d7NaA2Z

,Amazon,16/09/2018,1970.19,0.0,0.0,0.009988884320801463,-0.009197082514884412,3642030.0,23.601,19.372,-1,0.0,@amazon
,Toyota,19/10/2018,6577.0,0.009730880340580813,0.005321575186255131,-0.008362475292686635,0.004713395164968832,5031500.0,26.551,22.994,-1,0.0,@BMW
54803,@AdulPhd @MansardtheGreat @PennyDavisFrias @sawyer_nick @LaRae_Writes @crickafer00 @NFL @Kaepernick7 @Nike Oh I wou… https://t.co/4KTBOVrSB6

,eBay,20/10/2018,28.75,0.0,0.09739130434782613,0.11373913043478273,0.10330434782608693,39779447.0,58.203,35.868,-1,0.0,@eBay
71192,@reeses @amazon White Chocolate Reeces
,Nike,08/09/2018,80.3,0.0,0.0012453300124534064,-0.004732254047322485,0.023661270236612773,6633912.0,21.364,18.219,1,0.0,@Nike
76612,RT @MESSYMONDAY: Looks like #MUA @jamescharles apparently had a fight with @MarlenaStell who’s publishing a #BTS series w/ @netflix about t…

,Facebook,31/08/2017,171.97,-0.011920683840204751,-0.02279467348956206,-0.027504797348374656,-0.0245973134849101,17226465.0,12.773,17.703,1,0.0,@facebook
,Netflix,12/09/2018,369.95,-0.03789701310987967,-0.05822408433572095,-0.05749425598053786,-0.07776726584673599,10480769.0,46.107,37.963,1,0.2,@netflix

51182,@jon15480220 anything is better   @diadora  @adidas @PUMA @reebok  @lacoste just please #boycotnike

41707,@ClayTravis @Nike Hardooooooo
,Verizon,05/08/2018,52.27,0.0,0.0,-0.005548115553855104,-0.004974172565525257,7769932.0,17.63,16.012,1,-0.3,@verizon
15993,"RT @MuhorakeyeH: @oli4vb @Heineken If I were you,I will think twice?How about belastingdienst in your country?How much companies pay… 
",Heineken,29/09/2017,83.65,-0.00693365212193679,-0.008846383741781339,0.0011954572624028011,0.0005977286312014006,911735.0,21.858,14.722,-1,0.2,@Heineken
,eBay,18/10/2018,31.55,0.0148969889064977,0.022187004754358138,0.009825673534072859,-0.004754358161648245,8705346.0,34.121,23.542,-1,-0.1,@eBay

,Ryanair,06/09/2018,13.56,0.002212389380530926,0.01585545722713863,0.04129793510324474,0.05235988200589964,830762.0,25.07,34.709,1,0.0,@Ryanair
,Starbucks,18/09/2018,55.07,-0.009079353550027236,-0.0058107862720174356,-0.0058107862720174356,0.0009079353550026722,7569586.0,9.239,11.723,1,0.0,@Starbucks
,Tesco,14/09/2018,234.3,0.0008536064874092558,0.014938113529662825,0.010670081092616305,0.019632949210413968,17567484.0,12.645,17.462,1,0.0,@Tesco
,Verizon,10/09/2018,54.12,-0.0022172949002216822,-0.0022172949002216822,-0.0022172949002216822,0.004619364375461937,10781949.0,15.965,14.536,1,0.0,@verizon
307971,"@RealJamesWoods @netflix I like movies, &amp; Netflix isn't going anywhere. I'll use them just like I watch "" fast time… https://t.co/eTvJT7oJbi

",Netflix,17/07/2018,379.48,0.05533888478971224,0.04300621903657634,0.04300621903657634,0.09526193738800458,58410362.0,47.008,42.967,1,0.0,@netflix


5599,"I just checked in @McDonalds with #mPLACES to donate to @RMHC With mPOINTS, you can too: https://t.co/cYncxKLVP8
",McDonald's,01/04/2017,129.61,0.0,-0.0022374816757967787,-0.00594089962194283,-0.0020831725947072764,3041677.0,4.766,6.7920000000000025,1,0.0,@McDonalds
56129,Check out Mauve Pink &amp; White Baby Sweater Vest Pullover #Handmade #Vest #Everyday https://t.co/EqZEcg32a6 via @eBay
13486,RT @DonFi4o: Check out Vintage Wall Plate Hand Etched &amp; Painted Decorative Wood Coat of Arms Austria  https://t.co/kSIKOal2ag via @eBay



17739,"RT @Reuters: JUST IN: Several killed, many injured after vehicle drove onto pedestrian and bike path: New York City police https://t.co/fwM…
",Reuters,31/10/2017,51.5916,0.0038417106660774227,0.0038417106660774227,0.0038417106660774227,0.013876289938672143,631751.0,6.504,9.981,1,0.10909090909090907,@Reuters
,McDonald's,06/09/2018,163.74,-0.0030536215952119213,-0.012336631244656223,-0.00922193721754012,-0.005740808598998398,3133754.0,8.346,11.664,-1,0.2,@McDonalds
63348,Hey @twitter @facebook @instagram @reddit — can you make a confirmation before you scroll all the way to the top? I… https://t.co/4DPKXIIFgl
178,RT @Disney: Leave the little town for the great wide somewhere in #BeautyAndTheBeast March 17. Tickets available here:… 
217654,Check out Gary Carter - 1983 Kellogg's #55 - PSA 9 (Mint)  https://t.co/V9G939Ld30 via @eBay
,Google,19/09/2018,1174.27,-0.0060974051964199725,-0.012297001541383204,0.003159409675798612,-0.0022737530550896072,1298084.0,16.51,16.828,-1,0.0,@Google


8249,@Reuters Covfefe.....  can you use that in a sentence?
26845,@_SJPeace_ Poor woman! Why was this racist male passenger not kicked off the plane for abuse? @Ryanair
63789,@GeorgeTakei @nbc @CBS @ABC @CNN @MSNBC @CNBC @FoxNews @senate @Congress TOTALLY Crooked Trump / Russian - 2016 USA… https://t.co/lh6o9BijFZ

,Apple,26/09/2018,220.42,0.008030124308139056,0.0016786135559386836,-0.012521549768623495,-0.009300426458579,23984706.0,20.27,20.4,-1,0.0,@Apple


54786,@Samuel51 @Essexairamb @scottmcilwaine @BMW Kind words as ever. Thank you Brian. Hope you have a safe and lovely weekend.
,Microsoft,31/05/2017,69.84,0.008161512027491309,0.0017182130584191054,0.0017182130584191054,-0.015320733104238362,30436364.0,9.871,14.475,1,0.0,@Microsoft

,Apple,30/10/2018,213.3,-0.004969526488513841,0.014064697609001406,0.014064697609001406,0.04421003281762765,36659990.0,31.718000000000004,30.011,1,0.4,@Apple
67296,"RT @ChampionsLeague: 😵 Outrageous. Sadio Mané sends Neymar and picks up Skill of the Day 👌 






@Mastercard #UCL https://t.co/nK7jqKWmSR

",Mastercard,19/09/2018,218.19,0.008524680324487895,-0.00788303771941885,-0.001054127136898986,-0.019065951693478144,2882966.0,15.042,16.565,-1,-1.0,@Mastercard
20061,"RT @Barnacules: See, I told you! #NetNeutrality isn't even dead yet and @comcast already changed their pledge just today to include… 
",Comcast,01/12/2017,38.43,-0.023158990372105143,-0.032266458495966745,-0.05672651574290918,-0.06661462399167323,32532614.0,24.947,23.53,1,0.0,@comcast
,Ryanair,10/09/2018,13.21,0.017411052233156598,0.017411052233156598,0.017411052233156598,0.06888720666161986,3080899.0,18.518,33.94,-1,0.0,@Ryanair

,Tesco,13/09/2018,234.5,0.014072494669509644,0.009808102345415829,0.025159914712153543,0.02302771855010664,23362144.0,12.403,17.749000000000006,1,0.3125,@Tesco
,Amazon,30/11/2017,1176.75,-0.013154875717017223,0.014319099213936613,0.01621414913957929,-0.01749734438070951,4509208.0,24.981,40.451,1,0.0,@amazon
,Reuters,31/03/2017,47.6154,0.0053197074895936156,0.004626654401727208,0.009946361891320823,0.012027621315792738,988270.0,6.877000000000002,13.263,1,0.0,@Reuters

,BMW,25/09/2018,78.9,0.05830164765525975,0.08656527249683141,0.08656527249683141,0.04803548795944223,6485172.0,39.798,24.731,1,0.2,@BMW
32614,"@Michael_Heaver @PrisonPlanet @facebook Must be those new EU blasphemy laws.













You blasphemed against the one true r… https://t.co/xMysRfuFZX

",Facebook,27/10/2018,145.37,0.0,0.03838481117149332,0.004608928939946258,0.0597097062667676,31303341.0,48.724,34.649,-1,0.2431818181818181,@facebook
23675,Check out Collector's Tobacco Herb Smoking Pipe (Yellow) https://t.co/RK9Vkg8TF4 @eBay
,eBay,03/09/2018,34.61,0.0,0.0,0.0,-0.0008668015024559704,7944075.0,11.392,14.753,-1,0.35714285714285715,@eBay
67475,@stephblackmon @ATT @ATTCares Lmfao!!!!!!!!!!! That’s what I’m talking about!
2101,RT @trvo512: are you fucking kidding me? @McDonalds https://t.co/YgNCoLqJhr
67631,"@w_terrence @facebook Those are known as ""hate facts"" and not allowed on Twitter.

",Facebook,20/09/2018,166.02,-0.0178291772075654,-0.03445368027948439,-0.03276713648957955,-0.028068907360558948,18936038.0,21.994,21.77,-1,-0.8,@facebook

,eBay,01/09/2017,36.35,-0.006052269601100381,-0.018156808803301342,-0.031636863823933936,-0.045942228335625904,5122878.0,11.82,18.392,-1,0.125,@eBay
17375,Check out Miraculous Ladybug TROLLEY 3D backpack 39cm / 15.3in *BRAND NEW OFFICIAL*  https://t.co/tbzx037GGS via @eBay
56857,"@JustinTrudeau @Microsoft How much Will this cost Canadians?






Can't find the numbers anywhere, I hope it's good.






The… https://t.co/j2zasT7z27

",Microsoft,12/09/2018,111.71,-0.00420732253155491,-0.020857577656431817,-0.031331125234983444,-0.028824635216184755,18891064.0,20.9,16.019000000000002,-1,0.2,@Microsoft
17978,@Scorpii_io @leeleeisblessed @brendonme @mattbraz23 @chotheamazing @ohh_itss_sara @maroon_gold @TMobile Ours said 8:30am!!!
78016,RT @Reuters: Kavanaugh accuser Ramirez contacted by FBI: lawyer https://t.co/bvmf8KHC2T
,Walmart,01/10/2018,94.4,-0.005190677966101791,-0.005190677966101791,-0.005190677966101791,0.005508474576271144,4995466.0,8.382,10.455,-1,0.0,@Walmart


,Amazon,15/09/2018,1970.19,0.0,0.009988884320801463,0.010054867804627951,-0.009197082514884412,3642030.0,23.601,19.372,-1,0.5,@amazon
,McDonald's,01/09/2018,162.23,0.0,0.003513530173211007,0.005424397460395882,-0.01756765086605433,3649768.0,10.089,12.882,-1,-0.0625,@McDonalds
51936,"RT @Beautywithtaffy: Transitioning into the fall season🍂🍁🍂🍁






@Colgate when are we going to collaborate?😂Eyeshadow primer- @SigmaBeauty in th…

",Colgate,06/09/2018,67.0,-0.006119402985074576,-0.02641791044776113,-0.008805970149253783,-0.011343283582089627,3295081.0,17.699,14.523,-1,0.0,@Colgate
,Amazon,13/09/2018,1989.87,6.533090101368891e-05,-0.001366923467362089,-0.025559458658103246,-0.015860332584540667,3621511.0,23.422,19.17,1,0.0,@amazon

33100,@ScienceDrummer @Here4Not @crypticgames @getongab @PayPal Except Gab (Torba) is an actual neo Nazi who posts anti S… https://t.co/ci61g9o1NI
,Oracle,11/09/2018,48.92,-0.001226492232215909,-0.022690106295993447,-0.022690106295993447,-0.006950122649223291,14877344.0,16.123,12.451,-1,0.0,@Oracle

,Netflix,30/12/2017,191.96,0.0,0.003907063971660764,-0.029797874557199414,-0.010523025630339708,5187606.0,24.448,25.15,-1,0.0,@netflix

27183,RT @stevewhistler: @Shell I was very inspired by Ken Saro Wiwa. Great young leader. Remember him? https://t.co/2z3Ikx1sOd
72693,"RT @Eagles: Voting is now open for the #Eagles @Toyota Player of the Week. #FlyEaglesFly 













Vote now: https://t.co/9Ccee2SLi6 https://t.co/R…

",Toyota,24/09/2018,7000.0,0.0,0.0,0.0,-0.021714285714285717,10446100.0,15.0,18.534,1,0.0,@Toyota

20924,@THR @netflix I can more easily finish the series that I finally started for @CinemaShame.
10643,I just checked in @Walmart with #mPLUSPlaces Download today!  https://t.co/QR91zP83Xz
36788,Check out Stylish Royal Silver and Gold Plated Two in One Ring For Women Girls Party Wear  #Band https://t.co/3bSNVwcdYF via @eBay
51882,@AjadeanPiper @Nike @hickies I just had a pair of converse chucks made a couple months ago. I’m going to look into… https://t.co/Ap3kAMpdcP
,Nike,04/09/2018,79.6,0.03266331658291468,0.03266331658291468,0.03266331658291468,0.03743718592964829,18565837.0,20.517,20.153,-1,0.1,@Nike
62586,Check out Dyson V7 Trigger Cordless Handheld Vacuum Cleaner. 2 Year Guarantee https://t.co/lKbxI78aRj @eBay
35795,"some more classy, super salt saturated @FoxNews sponsors:  @McDonalds - Fat &amp; carbs 






@rubytuesday - microwave hell… https://t.co/NVRXSJNB1K

",McDonald's,30/10/2018,178.49,-0.02946943806375718,-0.028853157039610094,-0.028853157039610094,-0.007507423385063608,5582931.0,37.972,26.796,-1,0.3111111111111111,@McDonalds
400,@loadsofvans @amazon  Thank you for the chance to win 🤞🏻
37528,@McDonalds @UberEats @Wendys I would rather go somewhere to get free food
,Amazon,02/09/2018,2012.71,0.0,0.0,-0.005132383701576445,-0.053321144129059785,4204378.0,16.883,20.676,1,0.6,@amazon

70625,"RT @miyoungstagram: [FACEBOOK] Tiffany Young: Celebrating the global campaign with @hm and the release of “Teach You” in LA on 10/3!













H… ht…

",H&M,22/09/2018,16.2,0.0,0.0,-0.02283950617283946,-0.1556049382716049,485.0,98.299,68.834,1,0.05,@hm
261774,Check out Disney Scene It 2nd Second Edition DVD Board Game 2007 #Mattel https://t.co/q4cfbRFrGz via @eBay


,Nike,08/09/2018,80.3,0.0,0.0012453300124534064,-0.004732254047322485,0.023661270236612773,6633912.0,21.364,18.219,-1,0.0,@Nike
66095,RT @Starbucks: @chocohyoo Hyungwon will always be our Starbucks king! 👑
59775,You should be shame @motorolaindia what your playing with loyal Moto fans you should be go back @Google  your brand… https://t.co/fQAznNu4aw
44390,Thank you @Nike for being the best brand on Earth

67595,RT @momentcapturer1: Twisted Obsession by Keta Kendric https://t.co/ezp4MmBqbN via @amazon
,Disney,19/09/2018,109.79,-0.002368157391383597,-0.0039165679934420865,-0.004827397759358786,-0.003005738227525389,5964771.0,11.93,9.265,1,0.0,@Disney

56185,@DRUDGE_REPORT You @realDonaldTrump I don't appreciate your @USTreasury ESF bailing @Nike out for being assholes. W… https://t.co/ceeBGRO9Kv

26970,"RT @OrangeIC: After #Kanawa, here's #Dunant! 













@orange is teaming up with @Google to work on a 6,600km #submarine #cable, the first one bet…

",Google,21/10/2018,1105.18,0.0,0.0,-0.006578113972384572,0.013898188530375052,2064289.0,38.805,26.117,1,0.0,@Google
,Apple,29/09/2018,225.74,0.0,-0.003499601311243113,-0.023566935412421462,-0.03579339062638439,22929364.0,15.841,20.065,-1,0.0,@amazon
,Apple,27/10/2018,216.3,0.0,0.016181229773462782,-0.005594082293111456,0.013915857605177951,47258375.0,32.993,29.44400000000001,-1,0.13636363636363635,@Apple
69745,"RT @JavierBlas: Ahead of mini-OPEC meeting this weekend and Asia-Pacific annual #oil jamboree next week, Ed Morse of @Citi: “By the skin of…

",Citigroup,21/09/2018,74.15,0.0086311530681052,-0.005799055967633268,-0.03762643290627117,-0.04868509777478084,28874692.0,20.338,19.143,-1,0.0,@Citi
48559,RT @Nike: Don’t ask if your dreams are crazy. Ask if they’re crazy enough. #justdoit https://t.co/Wd5L42egV8


6644,@Reuters Lol trump is sounding like a  Naija politician
41392,@WalshFreedom @Nike @Kaepernick7 American is still racist you... have t you seen all the videos that are going arou… https://t.co/k5muN7P8nV
,Nike,05/09/2018,79.92,-0.004004004004004097,0.028528528528528538,0.028528528528528538,0.03591091091091097,12269138.0,21.037,19.239,1,0.0,@Nike


110204,@goblackcentral @netflix @LukeCage Still won't get Luke cage Disney making they own Netflix means all marvel charac… https://t.co/nj8GnaRYng
,eBay,01/10/2018,32.51,0.01568748077514627,0.01568748077514627,0.01568748077514627,0.03721931713318982,11990681.0,23.54,17.737000000000005,1,0.625,@eBay

5649,Just saw this on Amazon: Lavender by Abbie Cornish for $6.99 https://t.co/7cHdJJIGEj via @amazon - Parts I did not see coming!
19330,@FunnelVisionFam @MarsGlobal @adidas @YouTube Just stop...
,Cisco,14/09/2018,47.4,-0.0033755274261602656,-0.010759493670886034,-0.007805907172995726,-0.007383966244725769,13936996.0,7.819,13.033,-1,0.17222222222222222,@Cisco
,Apple,23/09/2018,217.66,0.0,0.0,0.010888541762381715,0.02839290636772952,96246748.0,27.839,19.836,1,0.0,@Apple
42910,"Hey @Nike kinda looks like you kids have the Islamic terrorists of the World as solid supporters 






@JackPosobiec… https://t.co/NyWkjeiIo9

",Nike,04/09/2018,79.6,0.03266331658291468,0.03266331658291468,0.03266331658291468,0.03743718592964829,18565837.0,20.517,20.153,1,0.0,@Nike
,Starbucks,29/09/2017,53.71,0.01470862036864642,0.0238316886985664,0.026438279649972102,0.02569353937814192,11944370.0,11.173,14.248,1,0.0,@Starbucks
54601,RT @Nike: Don’t ask if your dreams are crazy. Ask if they’re crazy enough. #justdoit https://t.co/Wd5L42egV8
15249,RT @Starbucks: Happy #NationalCoffeeDay! ☕️❤️ #CoffeeLoveCups https://t.co/f7k9UDUBln
,eBay,17/09/2018,34.2,-0.002923976608187176,-0.002923976608187176,-0.002923976608187176,-0.014327485380117015,6722685.0,17.965,14.271,1,0.13636363636363635,@eBay
,Reuters,11/09/2018,49.0913,0.003141086098758905,0.004263484568548929,0.004263484568548929,-0.004487556858343426,2477540.0,9.728,16.882,-1,0.0,@Reuters
,McDonald's,01/02/2017,122.42,0.0012252899852964506,0.004901159941186034,0.0035941839568697743,-0.0051462179382453475,3233576.0,7.607,9.573,-1,-0.6,@McDonalds
,Reuters,30/12/2017,48.0119,0.0,-0.0011476321495295116,-0.002982593898595978,-0.0038990333646449563,452187.0,9.482,8.113999999999999,-1,0.0,@Reuters

162079,RT @Reuters: BREAKING: Amazon CEO Jeff Bezos says the company is working on more legal options to challenge Trump travel ban
23248,"@McDonalds why is it here lately that when I go to you’re company, y’all always screw up my damn order? I’m about t… https://t.co/W27ZMj7Gqo

",McDonald's,02/10/2018,165.18,0.00902046252572939,0.012773943576704113,0.012773943576704113,0.007446422084998122,3071198.0,21.075,15.629,1,-0.3,@McDonalds
11437,Check out Villini 100% Leather US Passport Holder Cover Case For Men Women Black Vintage #Villini https://t.co/8RYyKHv4uq via @eBay
57776,"RT @Apple: Join the #AppleEvent live on Twitter now.






https://t.co/oNC3CTwaTV

",Apple,12/09/2018,221.07,0.012575202424571408,-0.012394264260188994,0.0010403944451984359,0.02623603383543679,49278740.0,22.583,17.953,1,0.13636363636363635,@Apple
,Reuters,30/10/2018,50.6113,-0.0115349734150278,-0.00021734276732671923,-0.00021734276732671923,0.02023856332479104,926942.0,13.632,24.041,1,0.0,@Reuters


,Amazon,15/09/2018,1970.19,0.0,0.009988884320801463,0.010054867804627951,-0.009197082514884412,3642030.0,23.601,19.372,1,0.0,@amazon
,McDonald's,06/09/2018,163.74,-0.0030536215952119213,-0.012336631244656223,-0.00922193721754012,-0.005740808598998398,3133754.0,8.346,11.664,1,0.6833333333333332,@McDonalds
,Amazon,30/09/2018,2003.0,0.0,0.0,0.0049825262106839826,-0.04392910634048927,4085135.0,20.709,22.946,-1,-0.03571428571428571,@amazon
12300,Check out Billabong Bag Duffel Designer Fashion Brown Hip Trendy  https://t.co/5nXexbvJR3 @eBay


65519,Check out AWESOME TOMMY BAHAMA HAPPY HULADAYS IN HAWAII PRINT HAWAIIAN SHIRT SIZE XXL #TommyBahama https://t.co/azRQVUtAGq via @eBay
48255,RT @Nike: Don’t ask if your dreams are crazy. Ask if they’re crazy enough. #justdoit https://t.co/Wd5L42egV8

75742,Check out Vintage NFL Denver Broncos Rulon Jones #75 Sand-Knit Jersey (adult size XXL) #SandKnit https://t.co/Soq1X69Hli via @eBay
,Reuters,13/09/2018,50.2699,-0.009204315107052096,-0.023445441506746642,-0.020377999558383843,-0.014899572109751609,3010440.0,11.703,17.1,1,-0.4,@Reuters

5482,"Check out PARENTS HONOR CHOICE, 3 SPOT LATERAL THINKING STRATEGY GAME,  NEW, SEALED #RexGamesInc https://t.co/Wm8QW1ZgSJ via @eBay
",eBay,31/03/2017,33.57,0.003872505212987863,0.002383080131069357,-0.0011915400655346784,-0.005064045278522542,10222995.0,12.663,12.648,-1,-0.13181818181818186,@eBay
,eBay,26/09/2018,33.58,-0.02441929720071472,0.004169148302561066,0.013698630136986328,0.019058963668850525,14006968.0,22.941,17.04,-1,-0.125,@eBay
10419,"RT @cozimek: @kanter @picnet @salesforce @SalesforceOrg Color coding = whatever color moved the voter. Grid setup beforehand, to… 
",salesforce.com,30/06/2017,86.6,0.0023094688221709336,0.017205542725173318,0.012471131639723007,0.023325635103926216,3943500.0,12.787,20.306,-1,0.0,@salesforce
32115,"RT @JamiChristine_: Why the hell are we all letting big companies like @netflix and #apple tell us what we want? For them to function, they…

",Netflix,27/10/2018,299.83,0.0,0.043491311743321284,0.00667044658639896,0.10952873294867102,19616041.0,81.178,60.422,1,0.0,@netflix
76230,#Facebook #Marketing: Adding More Choices for Video Ad Buyers https://t.co/5XlT9QQlpQ via @facebook
,Nike,04/09/2018,79.6,0.03266331658291468,0.03266331658291468,0.03266331658291468,0.03743718592964829,18565837.0,20.517,20.153,1,0.0,@Nike

,Cisco,25/10/2018,45.47,-0.03078953155926982,-0.0010996261271167178,0.006377831537277307,-0.0002199252254233123,27054452.0,32.878,27.709,-1,0.0,@Cisco
13848,RT @Reuters: Mattis signs orders to send additional troops to Afghanistan https://t.co/c8SK9xn6cc
,Ford,08/09/2018,9.27,0.0,0.017259978425026985,0.02373247033441216,0.022653721682847988,51229915.0,28.07,22.369,1,0.0,@Ford
15060,RT @VirginiaKettle1: Check out Aeropostle Aero Signature Graffiti Dog Stuffed Collectible https://t.co/8g1pm5YcrY @eBay
76504,Check out Carnival Glass Northwood (2) TWO Celeste Blue Concave Diamond Tumblers   https://t.co/BA8v52kS18 via @eBay
,Intel,29/09/2017,38.08,-0.006565126050420168,-0.01418067226890754,-0.0160189075630252,-0.02363445378151257,23217336.0,7.05,11.03,1,0.0,@intel
,Nike,08/09/2018,80.3,0.0,0.0012453300124534064,-0.004732254047322485,0.023661270236612773,6633912.0,21.364,18.219,-1,0.0,@Nike
24555,"RT @packers: #Packers QB @AaronRodgers12 has been voted @FedEx @NFL Air Player of the Week!













📰: https://t.co/zJfjmbiZBH 













#GoPackGo https:/…

",FedEx,18/10/2018,217.29,0.028395232178195118,0.04091306548851772,0.017165999355699842,0.0005982787979198098,1906799.0,32.177,27.906,-1,0.0,@FedEx
734603,RT @WhatTheFFacts: PayPal Mafia is the original group of @PayPal founders and employees who have gone on to become one of the most successf…
39319,Check out 5.30 Carat Beautiful Color Tourmaline Loose Gemstone(9)   13.5*7.5*5.5mm  https://t.co/z44NgO8MlM via @eBay
,Wells Fargo,31/03/2017,55.66,0.010420409629895894,0.00017966223499829532,0.005389867049946178,0.0030542579949694878,11864615.0,21.74,18.508,1,0.0,@WellsFargo
7000,"RT @TMobile: Pack the @SamsungMobileUS #GalaxyS8 for your next adventure. 📷 IG: Niki Csanyi





https://t.co/4lSzWkoQzw
",TMobile,28/04/2017,67.27,0.006986769733908115,0.00460829493087561,0.0011892374015162526,-0.03820425152371032,3814203.0,16.657,14.198,1,0.0,@TMobile
42070,RT @CaseyNeistat: dear @Nike i appreciate you for standing with @Kaepernick7 https://t.co/KEvLlzeGGV
8549,Will @Google for Jobs Really Work? Not overly optimistic and here's why... #work #hr #disrupthr #disrupthrto https://t.co/ldfcUJ0roj
38656,@salesforce @PepUPTech This is why $crm matters.
,Nike,04/09/2018,79.6,0.03266331658291468,0.03266331658291468,0.03266331658291468,0.03743718592964829,18565837.0,20.517,20.153,-1,-0.7,@Nike
47708,@johnrich @Nike You both show your ignorance and disrespect for the hundreds of homeless Veterans as well as the ho… https://t.co/J0j4WQfcPf




51574,@JN31621 @Nike BOTH!!!

,Nike,04/09/2018,79.6,0.03266331658291468,0.03266331658291468,0.03266331658291468,0.03743718592964829,18565837.0,20.517,20.153,1,0.0,@Nike
,Nike,20/10/2018,74.21,0.0,0.01873062929524324,0.030588869424605987,0.022907963886268742,7301200.0,46.148,29.772,1,0.0,@Nike

25529,@TDLockett12 You still watch Empire and shameless? Schitt's Creek is good too! @netflix
12088,why u sleeping on Hi-C @McDonalds?
73810,"RT @nicekicks: .@KingJames wore a logo-less wear-test version of his @Nike LeBron 16 to @Lakers Media Day today.













📷 @NBA https://t.co/Q73rb…

",Nike,25/09/2018,84.79,-0.006132798679089635,0.008963321146361492,0.008963321146361492,0.005543106498407818,10519535.0,18.387,19.656,1,0.0,@Nike

611050,"RT @WeSupport45: Boycott Nike!





Please Follow @45Pres2020 who sacrificed 5 pair of @Nike Shoes to make this video!





Can we get 1 Million to #…
",Nike,04/09/2018,79.6,0.03266331658291468,0.03266331658291468,0.03266331658291468,0.03743718592964829,18565837.0,20.517,20.153,-1,0.0,@Nike


70967,RT @SAP: SAP is helping Vectus make water available throughout the year to those who need it most. #TheBestRun
,eBay,30/12/2017,37.74,0.0,0.004769475357710644,-0.0034446210916799828,0.0005299417064121892,4652483.0,9.985,19.193,1,0.0,@eBay
31840,"@ATT BOYCOTT THESE INHUMAN SHIT-HEADS! 













TODAY! 













#BoycottAT&amp;T

",AT&T,27/10/2018,29.09,0.0,0.030594706084565163,0.04365761430044687,0.12994156067377094,77662526.0,48.289,31.234,1,0.0,@ATT
,eBay,12/09/2018,34.26,-0.004378283712784547,-0.01605370694687674,-0.007880910683012143,-0.0037945125510798435,6035857.0,17.333,14.621,-1,0.16,@eBay
76943,"@midwestninja @easyJet We are very sorry.Since we have increased passenger traffic during Oktoberfest,there may be… https://t.co/WWewT7gyen

",easyJet,28/09/2018,1314.0,0.008751902587519025,0.036149162861491634,0.014840182648401826,0.06126331811263318,4900517.0,26.641,24.183000000000003,1,0.2,@easyJet
34272,"RT @Reuters: Exclusive: BOJ eyes tweaks to bond-buying program, but won't rush changes - sources https://t.co/phfRba44vv

",Reuters,29/10/2018,50.0275,0.011449702663534931,0.011449702663534931,0.011449702663534931,0.034566988156513816,1022243.0,12.837,23.833,-1,0.0,@Reuters
,eBay,11/09/2018,34.11,-0.01172676634418055,-0.0035180299032541032,-0.0035180299032541032,0.020228671943711456,4970617.0,17.473,15.015999999999998,-1,0.4,@eBay
34434,RT @CruzWhobris: @Mxhrad @JuddLegum @ATT @TMobile So AT&amp;T we’ve been with you for years (4 lines) I think I will go into my local store tom…
368705,"@Ryanair No chance, Ryanair cost me over £350,I sent them proof via receipts, Ryanair offer me £153..complete joke..

",Ryanair,30/07/2018,14.135,0.019808984789529492,0.019808984789529492,0.019808984789529492,0.026529890343119915,996668.0,42.271,33.708,-1,0.0,@Ryanair
,eBay,31/01/2017,31.83,0.010681746779767623,0.021363493559535027,0.021363493559535027,-0.05780710021991831,9469076.0,33.029,22.932,1,0.0,@eBay
57283,RT @Reuters: Wednesday Morning Briefing: How Trump transformed U.S. refugee program https://t.co/FVAKetteYP Subscribe to News Now: https://…
38054,RT @exxonmobil: Learn how to increase your car’s fuel efficiency by making just one small change. #SmallChangesBigEfficiency https://t.co/4…
,Amazon,23/08/2018,1902.9,0.0010510273792632297,-0.01023700667402387,-0.013763203531452023,-0.00860791423616591,3562997.0,15.189,19.609,-1,-0.45,@amazon

,Nestle,18/10/2018,79.58,-0.006534305101784318,0.005780346820809349,-0.008544860517717927,-0.011058054787635028,5942183.0,18.376,14.262,1,1.0,@Nestle
11284,"RT @McDonalds: We have 3 half gallons of #SzechuanSauce stuck in 1998! Retweet, like or respond to bring them to present day before 11:28 p…
",McDonald's,31/07/2017,155.14,0.00457651153796576,0.00457651153796576,0.00457651153796576,-0.021206652056207247,4280364.0,29.535,18.408,-1,-0.2083333333333333,@McDonalds
,Netflix,08/09/2018,348.68,0.0,-0.0063668693357807355,-0.021509693701961683,0.0544912240449696,9105817.0,39.794,40.128,1,0.6,@netflix
44439,"This is powerful. 













Thank you, @Nike https://t.co/vBFqpdVWJ8

",Nike,04/09/2018,79.6,0.03266331658291468,0.03266331658291468,0.03266331658291468,0.03743718592964829,18565837.0,20.517,20.153,1,0.3,@Nike
,Netflix,22/09/2018,361.19,0.0,0.0115451701320635,0.015974971621584157,0.009330269387303095,11930568.0,44.094,41.762,1,1.0,@netflix
,Amazon,02/09/2018,2012.71,0.0,0.0,-0.005132383701576445,-0.053321144129059785,4204378.0,16.883,20.676,1,-0.5,@amazon
,Nike,28/09/2018,84.72,-0.0021246458923511874,-0.012039660056657178,0.0008262511803589162,0.009796978281397523,7452735.0,20.47,20.016,1,0.0,@Nike
,adidas,07/09/2018,206.6,-0.002904162633107427,0.00048402710551788153,0.018877057115198482,0.03823814133591484,482592.0,16.227999999999998,29.283,1,0.0,@adidas
682426,"RT @Apple: The all-new iPhone XS, iPhone XS Max, iPhone XR and Apple Watch Series 4 are here. #AppleEvent
",Apple,13/09/2018,226.41,-0.02358553067444019,-0.011306921072390806,-0.035687469634733376,-0.014619495605317797,41706377.0,25.87,17.349,-1,0.0,@Apple
33825,@CrownandAGinger @easyJet Tell em you'll stick your head out the window down and tell them if something's in the way



,Nike,05/09/2018,79.92,-0.004004004004004097,0.028528528528528538,0.028528528528528538,0.03591091091091097,12269138.0,21.037,19.239,1,-0.6,@Nike

16304,RT @StephenRitz: Make #BackToSchool #EPIC! Make @greenBXmachine your favorite @eBay charity https://t.co/d64Bl5c2C7 #MakeEpicHappen… 
,Amazon,28/10/2018,1642.81,0.0,0.0,0.08483026034660134,0.07378820435716853,14963783.0,74.59100000000002,49.036,-1,0.0,@amazon


45936,"RT @nafoalliance: Your desk. 






Your chair.






Your pencil.






Even your @amazon boxes.













-All fight climate change. 













They are made from carbon tha…

",Amazon,04/09/2018,2039.51,-0.0131404111771945,-0.0131404111771945,-0.0131404111771945,-0.05231158464533151,5721093.0,16.9,20.593000000000004,1,0.0,@amazon
70065,@REDDriving @ASOS 4 👌🏼 Awesome giveaway 🙌🏼
,Reuters,11/09/2018,49.0913,0.003141086098758905,0.004263484568548929,0.004263484568548929,-0.004487556858343426,2477540.0,9.728,16.882,-1,-0.1351851851851852,@Reuters

3347,"RT @sabaatahir: This meant so, so much to me, @Google. I can't express it. Thank you for recognizing this incredible Pakistani man.… 
",Google,28/02/2017,844.93,0.005609932183731208,0.0034085663901151524,0.0034085663901151524,0.0051365201851041285,1383119.0,6.591,12.823,1,0.2,@Google
,Thales,01/07/2017,94.24,0.0,0.0007427843803056813,0.015386247877758944,0.04339983022071312,281404.0,12.679,13.937,1,0.0,@thalesgroup

36593,"People familiar with how @amazon does business know it’s a “don’t call us, we’ll call you” situation. They operate… https://t.co/b0ebHsj8BX

",Amazon,01/09/2018,2012.71,0.0,-0.005132383701576445,-0.007258869881900584,-0.053321144129059785,4204378.0,16.883,20.676,-1,0.375,@amazon
1265,@MoeBandyMusic @eBay how many hats you have Moe.
628915,The greatest part to people  “boycotting” @Nike is that Nike cares more about the troops than you do! 🗣THEY SUPPORT… https://t.co/TaxonDvM9M
7458,"@nitanotherdrink @SurviveClevelan @psgamer92 @LCDougherty @kato3000 @DearWhitePeople @netflix Nothing, Repubs are s… https://t.co/4I1Xzib5so
",Netflix,29/04/2017,152.2,0.0,0.005781865965834586,-0.013337713534822607,-0.06130091984231265,6366247.0,41.407,26.745,1,0.0,@netflix

61332,RT @Reuters: Exclusive: India's Iran oil purchases to fade ahead of U.S. sanctions https://t.co/aezlcbhhur https://t.co/kdHP1zKB5A
,eBay,10/09/2018,33.71,0.008306140611094666,0.008306140611094666,0.008306140611094666,0.02669830910708984,7787615.0,15.989,14.757,1,-0.16666666666666666,@eBay
,eBay,25/10/2018,28.06,-0.02744119743406984,0.004632929436920975,0.015324305060584454,0.12437633642195305,12239614.0,55.348,37.514,-1,0.0,@eBay
,Intel,24/09/2018,46.91,-0.005329354082285228,-0.005329354082285228,-0.005329354082285228,-0.03176295033041985,17846994.0,17.006,19.783,-1,0.8,@intel

30390,RT @MarleeMatlin: It’s official! #StarbucksSigns. Today @Starbucks opens its first signing/ASL store in Washington DC! https://t.co/Q0GRAO2…
76798,RT @GretchenClayson: Not only is #SWAT a @Sony show - it features @iBeJosephLee from the Darlington Episode of #Timeless!!!  Let's show the…
27131,"RT @Reuters: Tesla introduces new $45,000 version of its Model 3 sedan, launching it just as U.S. tax breaks for $TSLA cars are about to de…

",Reuters,21/10/2018,51.3383,0.0,0.0,0.005362468176780327,-0.020810973483734303,1949444.0,26.602,23.466,-1,0.13636363636363635,@Reuters
,salesforce.com,26/09/2018,158.33,0.003410598117855062,0.0028421650982125217,-0.017747742057727545,-0.03429545885176534,4079727.0,21.839,20.658,1,0.0,@salesforce
33888,"RT @TravisJPeacock: @verizon this is Bryant Goldbach from Owensboro, KY. He works for you.






He thought this would be fun for a family night…

",Verizon,28/10/2018,55.51,0.0,0.0,0.016573590344082182,-0.01098901098901098,24973311.0,26.993,19.714,-1,0.0,@verizon
539006,RT @JasonFyk: Its time to make some changes. Next week starts a new battle. @facebook
248577,RT @IBM: This is the IBM Cloud. The cloud for enterprise. Yours. https://t.co/LmZ3KSbRkm
598475,@NestleUSA @Starbucks There is nothing sustainable about Nestle as they stole California’s public water and resold it for decades.
20966,"Check out Wavy ""Wire Wrapped"" Bracelet Sterling Silver Size 7 1/4"" 5 Grams 3mm #Unbranded #Chain https://t.co/B0ZoHn0QDJ via @eBay
",eBay,29/12/2017,37.74,0.004769475357710644,-0.0034446210916799828,0.0052994170641228345,0.0005299417064121892,4652483.0,9.985,19.193,-1,0.0,@eBay

,HP,29/09/2017,19.96,0.0005010020040079164,-0.004509018036072137,-0.004008016032064221,-0.0010020040080160107,6704565.0,8.365,15.038,1,0.0,@HP
75815,RT @iHeartRadio: Oh hey there @5SOS! Try not to fall off our @TMobile cards at the #iHeartDayStage! #AreYouWithUs https://t.co/2ngFx9qTov
77871,Why doesn’t @Starbucks offer student discount 💔
6015,RT @tamaraschenk: Experts Share Biggest Faux Pas for Sales and Marketing Alignment - Salesforce Blog https://t.co/2S4YrB9jPF via @salesforce
40380,#autism #mustread The Love Of Andy: A True Story Of A Devoted Mother Who Struggles As She W... https://t.co/bPnJOAZQYh via @amazon
54657,@JessieJaneDuff @Nike My grandfather lost his leg in war so he can take a knee. But you too are also free to expres… https://t.co/ACQ1MVzqmh
5090,"RT @SelenaFanClub: We know you're already binge watching, but #13ReasonsWhy is now on @netflix! Join us tomorrow at 4p PST for our wat… 
",Netflix,31/03/2017,147.81,0.0016913605304106625,-0.009065692443001172,-0.017860767201136694,-0.039171909884310886,3888237.0,18.363,16.317,1,0.0,@netflix
70585,"RT @Apple: Offer ends 9/25. Buy a Mac for college. Get more. Including Beats Solo³ Wireless headphones in exclusive new colors, up to $200…

",Apple,22/09/2018,217.66,0.0,0.010888541762381715,0.003261968207295819,0.02839290636772952,96246748.0,27.839,19.836,1,0.0,@Apple
46608,@KR2013BlueWave @zechdz @fentrese @franklin_93 @Kaepernick7 @Nike Ohhhhhhh I’m sorry.  I did t realize YOU’RE out t… https://t.co/pRLxrPJ4YQ
20120,Check out Levi's Mens Duvall Rinse Sherpa Denim Trucker Jacket Black XL #Levis #TruckerJacket https://t.co/J9ZSDIgfNw via @eBay
13806,#Essentials by #Milano Womens #Stretch Tunic #Blouse Size L Black/White #Polka #Dot  #Tunic #candlelites51 https://t.co/xbmF7cFbN7 via @eBay

,Nike,04/09/2018,79.6,0.03266331658291468,0.03266331658291468,0.03266331658291468,0.03743718592964829,18565837.0,20.517,20.153,-1,0.22,@Nike
,Nike,06/09/2018,80.4,-0.005970149253731393,-0.009950248756219046,0.0223880597014925,0.012437810945273627,8577029.0,21.379,18.968,1,0.0,@Nike
25592,@_MAXWELL_ @Nike You look very happy and relaxed are you enjoying the South.Much Love Mrs.Katrice.Seal with a kiss💋 https://t.co/W07VuybF2N
,Ryanair,22/10/2018,11.93,-0.04023470243084664,-0.04023470243084664,-0.04023470243084664,-0.04987426655490351,1331039.0,39.683,50.326,1,0.022222222222222213,@Ryanair
,Pepsi,01/12/2017,116.78,-0.0022264086316150463,0.0005137866072957893,-8.563110121600545e-05,-0.007535536907004584,4956550.0,9.216,11.514,1,0.12222222222222225,@pepsi
66188,@Starbucks @cari_anne1 That’s beautiful! That shows the presence of Positive Vibrations is moving people subconscio… https://t.co/R6uOKLYeUp

,Burberry,18/09/2018,2130.0,-0.009859154929577466,0.0107981220657277,0.0107981220657277,-0.022065727699530517,1579736.0,28.236,27.451,1,0.25,@Burberry
61924,"RT @minhducapham: iPhone 7 was $650.






iPhone 8 was $700.






iPhone Xr is just an iPhone 9, and @Apple wants $750.













We can't keep letting them g…

",Apple,14/09/2018,223.84,0.011481415296640428,-0.012374910650464662,4.4674767691167376e-05,-0.011347390993566795,31999289.0,25.688,17.88,-1,0.2,@Apple

,Nike,18/10/2018,75.6,0.011640211640211768,0.024867724867725,-0.008068783068783062,-0.014417989417989274,7622219.0,46.003,30.349,1,0.0,@Nike

59439,"RT @RealJamesWoods: This is the CFO of @Google breaking into sobs in a confidential internal video taken right after her goddess, @HillaryC…

",Google,13/09/2018,1182.14,-0.008916033633918309,0.006640499433231181,-0.00598913834232845,0.0015649584651563342,2003418.0,18.038,16.833,1,0.14285714285714285,@Google
38845,@JulianaWDSU @camjordan94 @CityofKenner @Nike @wdsu It shows the Mayor’s racists attitude.

,eBay,31/10/2017,37.64,-0.017003188097768348,-0.022316684378321027,-0.022316684378321027,-0.02391073326248668,6722841.0,19.794,16.127,1,0.07142857142857142,@eBay
57620,"RT @Apple: @MFantoosh The #AppleEvent is about to start. Tap below to watch live on Twitter.






https://t.co/oNC3CTeA2n

",Apple,12/09/2018,221.07,0.012575202424571408,-0.012394264260188994,0.0010403944451984359,0.02623603383543679,49278740.0,22.583,17.953,1,0.0,@Apple
,Reuters,31/07/2017,50.5452,0.003705594200834114,0.003705594200834114,0.003705594200834114,0.0015253673939365454,1301289.0,5.305,8.792,-1,0.0,@Reuters
21581,RT @BR0K3B0I: @Apple y’all better run me my money!!! i mean i’m still gonna buy iphone but fuck yall https://t.co/go7Q1MXj0p
31111,"Check out NANCY SINATRA ""Movin' With Nancy"" original Reprise 1967 USA ST LP tri steamboat  https://t.co/zhg8eqNsKG via @eBay

",eBay,24/10/2018,27.29,0.03297911322828883,0.043972150971051636,0.0534994503481129,0.1733235617442288,16309320.0,51.743,35.956,1,0.375,@eBay
514491,"RT @ReutersBiz: EXCLUSIVE: In @Reuters interview, Trump says 'dangerous' when companies like Twitter and Facebook regulate own content. htt…

",Facebook,20/08/2018,172.5,0.007536231884058038,0.007536231884058038,0.007536231884058038,0.04376811594202905,21518006.0,17.272000000000002,67.707,1,0.0,@Reuters
484112,RT @PaceRappaport: Huge toy lot Lion King Build A Bear Slinky Hello Kitty Phillies Bubbles Disney  https://t.co/fsG1sUk3pF via @eBay

,Ryanair,20/09/2018,13.465,0.02116598588934275,0.0085406609728927,0.00408466394355735,-0.030449313033791326,1099161.0,25.214,31.007,1,0.0,@Ryanair

,Audi,31/08/2017,670.0,0.011119402985074694,0.007835820895522387,0.0,0.017164179104477612,36.0,14.679,15.585,1,0.35,@Audi
,Netflix,06/09/2018,346.46,-0.01523985452866124,0.04947180049644993,0.061248051723142724,0.07077296080355608,13050156.0,51.132,40.562,-1,0.0,@netflix
,eBay,01/02/2017,32.18,-0.010876320696084569,-0.00031075201988806745,0.010254816656308213,-0.06059664387818519,9700776.0,33.037,22.838,1,0.11666666666666667,@eBay


,Netflix,30/11/2017,187.58,0.0030387034865123853,0.06184028147990187,0.03982300884955752,0.04659345345985702,6630051.0,35.174,25.384,1,1.0,@netflix
,easyJet,11/09/2018,1394.0,0.017934002869440458,0.032998565279770437,0.032998565279770437,0.08177905308464849,2653625.0,15.769,23.053,-1,0.0,@easyJet

456369,@Apple any dealings with Trump will have me switching to Samsung.
448911,Check out Apple iPhone 8 - 64GB - AT&amp;T BAD ESN - Smartphone #Apple #Bar https://t.co/ZuLKkvRC45 via @eBay
35236,"Check out Vintage E O Brody Clear Glass Vase With Wheat Stalks Marked Brody CO. 9 3/4""  https://t.co/gtfHSPYfQY via @eBay

",eBay,30/10/2018,27.42,-0.0218818380743983,-0.002917578409919834,-0.002917578409919834,0.028081692195477737,19994392.0,56.25899999999999,38.887,-1,0.1,@eBay
71116,RT @mrdowntownsd: Check out Robinson Cano New York Yankees Genuine Merchandise #24 Jersey Size Medium https://t.co/2uYaHTjpdg @eBay ⁦@Yanke…


,Netflix,05/09/2018,341.18,0.06571311331262095,0.07767161029368662,0.07767161029368662,0.07872677179201598,13092847.0,51.26600000000001,40.228,-1,-0.16666666666666666,@netflix
16571,RT @milliebbrown: Everyone go binge #StrangerThings 2 @netflix https://t.co/viGpvNgP3o
,Apple,16/08/2018,213.32,-0.014438402400149937,-0.016735420963810206,-0.020860678792424474,-0.0208138008625539,28500367.0,11.744000000000002,22.13300000000001,-1,0.0,@ATT

,HP,12/09/2018,24.6,0.003252032520325134,0.0020325203252031365,0.004471544715447131,0.003252032520325134,6950554.0,9.11,14.889,1,0.0,@HP
,Disney,01/03/2017,111.04,-0.008555475504322792,-0.007294668587896273,-0.0064841498559078965,-0.008285302593659958,7418101.0,7.425,9.14,1,0.0,@Disney
,Apple,26/09/2018,220.42,0.008030124308139056,0.0016786135559386836,-0.012521549768623495,-0.009300426458579,23984706.0,20.27,20.4,-1,-0.020833333333333343,@Apple

,Nike,04/09/2018,79.6,0.03266331658291468,0.03266331658291468,0.03266331658291468,0.03743718592964829,18565837.0,20.517,20.153,1,0.375,@Nike
73881,Check out WWE Topps Chrome wrestling card #12 Deuce  https://t.co/p6ea3oV3yN via @eBay

78009,"""Kerry was excellent.  Loved the micro derm facial.  I would highly recommend her services."" @Groupon #HappyCustomer

",Groupon,29/09/2018,3.77,0.0,-0.01591511936339524,-0.0238726790450928,0.03448275862068964,5841288.0,26.183000000000003,30.642,1,1.0,@Groupon
9611,@Anti @UnderArmour @adidas done already fam
76674,"Check out CLASSIC ANTIQUE RH AUSTRIA PORCELAIN 2-HANDLE VASE, HAND PAINTED, GILDED 14.5""  https://t.co/2vpAPU9672 via @eBay

",eBay,28/09/2018,33.02,0.009691096305269542,0.01695941853422154,-0.00787401574803165,0.03089036947304652,8467405.0,22.738000000000003,17.202,1,0.16666666666666666,@eBay
57176,"@FordwychRA @Tesco @LiaColacicco @Brent_Council @BrentCustServ @LifeInKilburn @OurKilburnNPF We agree, it devalues the property also!

",Tesco,12/09/2018,237.8,-0.004205214465937763,0.010933557611438159,0.004625735912531514,0.010513036164844407,20727808.0,12.97,17.445,-1,0.0,@Tesco
39617,"15% Cash Back at The Fogata Brazilian Steakhouse. @Groupon is your answer, what's your question? As #OMSLLC continu… https://t.co/4Kfo4oSnvF

",Groupon,02/09/2018,4.27,0.0,0.0,0.007025761124121839,0.06323185011709613,5413616.0,26.823,53.386,-1,0.0,@Groupon
,eBay,30/09/2018,33.02,0.0,0.0,0.009691096305269542,0.03089036947304652,8467405.0,22.738000000000003,17.202,1,0.0,@eBay
,Nike,06/09/2018,80.4,-0.005970149253731393,-0.009950248756219046,0.0223880597014925,0.012437810945273627,8577029.0,21.379,18.968,-1,0.0,@Nike
17855,"RT @Reuters: MORE: NYPD says driver hit school bus, injuring two children and two adults on board https://t.co/wsQHt9Qldy https://t.co/tUuN…
",Reuters,31/10/2017,51.5916,0.0038417106660774227,0.0038417106660774227,0.0038417106660774227,0.013876289938672143,631751.0,6.504,9.981,-1,0.5,@Reuters
21430,"RT @ALT_uscis: Want to know why President Dotard tweeted about @amazon ?





It was RIGHT after his "" intelligence"" briefing on @FoxNews 





Via @…
",Amazon,29/12/2017,1169.47,0.01422011680504834,0.010936578108031813,0.006233592995117415,-0.000949147904606469,2688391.0,12.487,18.26,-1,0.2857142857142857,@amazon
6904,"@CocaCola Baked potato, tomato salad, and a coke? Seriously...?
",CocaCola,28/04/2017,43.15,-0.003244495944380083,0.0020857473928158387,-0.0009269988412514287,-0.0018539976825028574,10337768.0,8.467,6.941,-1,0.0,@CocaCola
,AT&T,01/04/2017,41.55,0.0,0.005054151624548757,-0.002406738868832595,0.003128760529482613,17533497.0,8.734,9.907,1,0.35416666666666663,@ATT
39855,@NialaCharles @McDonalds it’s the curse of the McFlurry addiction!

17769,RT @Reuters: Democrats want a law to stop Trump from bombing North Korea https://t.co/GwPQJX8vCl https://t.co/B63pmJgpkG
,Netflix,29/09/2017,181.35,-0.0035842293906810352,0.003418803418803444,-0.010862972153294728,0.03308519437551696,4227864.0,31.041,25.357,1,0.6502324884588068,@netflix


20790,"RT @charliekirk11: Incredible video: @CBS does a special on the GOP tax plan 











The result?











Every middle class family they sat down with SA…
",CBS,29/12/2017,59.0,0.004406779661016915,0.004915254237288121,0.020169491525423692,0.0198305084745763,2334987.0,12.854,26.593000000000004,1,0.27539682539682536,@CBS
49137,RT @BigDawg111215: @XtweetHD @mlbplayer4u @Nike @nikestore @nikefootball @NikeRunning @nikebasketball @nikesportswear Yes the report is pub…
56015,@MADBLACKTWlNK @GamerGeeksTodd @Apple @SamsungMobileUS Agreed. I should probably point out that my brother works fo… https://t.co/D6MTVmivRg
,Netflix,05/09/2018,341.18,0.06571311331262095,0.07767161029368662,0.07767161029368662,0.07872677179201598,13092847.0,51.26600000000001,40.228,1,0.0,@netflix
,Netflix,05/08/2018,343.09,0.0,0.0,0.00410970882275795,0.035326007753067726,8848367.0,38.002,42.036,1,0.0,@netflix
,Ford,26/09/2018,9.27,0.012944983818770336,0.03451995685005397,0.06256742179072278,0.05501618122977344,58597487.0,25.227,23.103,-1,0.0,@Reuters
66278,RT @Starbucks: @chocohyoo Hyungwon will always be our Starbucks king! 👑

,eBay,22/09/2018,34.04,0.0,0.005875440658049437,0.00528789659224441,0.001762632197414873,24874963.0,10.372,14.015,-1,0.1787878787878788,@eBay
,eBay,02/10/2018,32.56,-0.0015356265356266665,0.014127764127764153,0.014127764127764153,0.006142506142506011,10174295.0,23.392,17.023,-1,-0.16666666666666666,@eBay
51877,RT @DevanF91: A thread: reason why I chose to cut @Nike swoosh logo of my socks. https://t.co/3JFmRMgjVH
,Starbucks,31/01/2017,55.22,0.012314378848243384,0.01629844259326329,0.01629844259326329,0.05831220572256428,14307985.0,23.916,17.298,1,0.0,@Starbucks
15146,"RT @JPNadda: I congratulate @facebook team for launching blood donation app. Blood donation can save someone's life. 





https://t.co/ovfdR8j9…
",Facebook,29/09/2017,170.87,-0.012524141159946245,-0.018669163691695426,-0.038977000058524,-0.0019312927956927047,15340366.0,31.665,20.391,1,0.0,@facebook
60395,What I don’t understand is why the @Skype software works better on an @Apple iPhone rather than my @Microsoft @windows 10 desktop
,Boeing,25/09/2018,367.23,0.0020695476949050755,0.013615445361217764,0.013615445361217764,-0.009939275113689059,2969159.0,17.483,22.423,-1,0.2,@Boeing
,Nike,06/09/2018,80.4,-0.005970149253731393,-0.009950248756219046,0.0223880597014925,0.012437810945273627,8577029.0,21.379,18.968,1,0.13636363636363635,@Nike
,Walmart,02/09/2018,95.86,0.0,0.0,0.002503651157938607,-0.009493010640517384,6324813.0,11.067,29.6,-1,0.25,@Walmart
,Walmart,31/03/2017,72.08,-0.006798002219755756,-0.018590455049944558,-0.024417314095449567,-0.0342674805771365,9939780.0,9.659,13.876,1,0.0,@Walmart
682313,"RT @Apple: @tech_lagi The all-new iPhone XS, iPhone XS Max, iPhone XR and Apple Watch Series 4 are here. #AppleEvent
",Apple,13/09/2018,226.41,-0.02358553067444019,-0.011306921072390806,-0.035687469634733376,-0.014619495605317797,41706377.0,25.87,17.349,-1,0.0,@Apple

30195,@bookingcom can I use my £100 disc voucher when booking if it switches over to the flight and hotel option that takes me to @lastminute_com
,Nike,08/09/2018,80.3,0.0,0.0012453300124534064,-0.004732254047322485,0.023661270236612773,6633912.0,21.364,18.219,1,-0.6,@Nike
55056,@netflix please get season 2 of #NanatsuNoTaizai already
32265,"RT @Disney: A super ""Yee-haw!"" from Woody and Bullseye! #Incredibles2 is available on Digital, @Movies_Anywhere, and 4K UHD now and Blu-ray…

",Disney,27/10/2018,113.19,0.0,0.00856966163088611,-0.013958830285360884,0.05044615248696888,7984726.0,39.594,27.697,-1,0.4166666666666666,@Disney

15198,@NinWire And yet my preorder with @amazon still has no ship date. That's some garbage.
626692,@john12782 @ClayTravis @Nike John Nike just made up my mind. It’s probably going to cost me more $ but now I’m buyi… https://t.co/7r9asyxwza
,Nike,05/09/2018,79.92,-0.004004004004004097,0.028528528528528538,0.028528528528528538,0.03591091091091097,12269138.0,21.037,19.239,1,0.0,@Nike

77708,"RT @pfizer: Did you know that AFib, a common type of irregular heartbeat, is a risk factor for stroke? As #WorldHeartDay nears, we’re shari…

",Pfizer,29/09/2018,44.07,0.0,-0.0038574994327207103,-0.008849557522123906,-0.00022691173133646494,14662793.0,10.559,10.65,1,-0.3,@pfizer
45902,@RealCandaceO @adidas @adidasUS @adidasUK Well said Candace
,eBay,01/06/2017,34.79,-0.01408450704225358,-0.004886461626904332,0.0031618281115262845,0.012359873526875531,6665270.0,17.9,19.091,-1,-0.16666666666666666,@eBay
50099,"@alteratyeshiva @Nike He’s really fucking showing them, burning the stuff he spent his money on😤💀

",Nike,06/09/2018,80.4,-0.005970149253731393,-0.009950248756219046,0.0223880597014925,0.012437810945273627,8577029.0,21.379,18.968,-1,-0.35,@Nike
,eBay,01/09/2018,34.61,0.0,0.005489742848887539,0.009245882692863343,-0.0023114706732157843,7944075.0,11.392,14.753,-1,0.0,@eBay

18698,RT @Disney: Liu Yifei Has Been Cast as #Mulan in the Upcoming Live-Action Film: https://t.co/rKn6minNV4 https://t.co/hkmJW0AdMv

,Pepsi,31/08/2017,115.73,-0.005011665082519643,0.0009504882053054474,-0.0016417523546184887,0.004233992914542425,4709458.0,8.237,8.391,1,0.0,@pepsi
,Microsoft,17/07/2018,105.95,-0.009815950920245458,-0.0049079754601226615,-0.0049079754601226615,-0.03614912694667295,25901726.0,12.973,16.480999999999998,1,0.0,@Microsoft
29580,RT @Ya_Man_Jdubz: My 1 y/o son just asked me “why is it called big Tesco’s and not plus size Tesco’s” im speechless @Tesco would you like t…
77367,RT @JayValenz67: 'I can't cry any more. I'm too angry': women respond to Ford's testimony https://t.co/lepS3NThw8 via @Yahoo They were watc…
77122,@TheToyInsider @netflix @Snap_Toys A5: Kip  #WordParty
72448,RT @Reuters: German government agrees solution to spymaster crisis that threatened coalition https://t.co/swskc2Utys https://t.co/iBAgJWZTG8
3256,RT @ReutersNordics: REFILE-UPDATE 1-Telecoms companies call on Brussels to reconsider merger policy https://t.co/A68W0Q2OQm via @Reuters
,Adobe,31/05/2017,141.86,0.003877061892006083,0.00021147610320014599,0.00021147610320014599,-0.00521641054560841,2944380.0,13.406,13.067,-1,0.11363636363636365,@Adobe
,Nike,04/09/2018,79.6,0.03266331658291468,0.03266331658291468,0.03266331658291468,0.03743718592964829,18565837.0,20.517,20.153,-1,0.2,@Nike
33082,@netflix getting into the spirit of the season. https://t.co/9ksy98WCjG
,eBay,30/11/2017,34.67,-0.008364580328814512,0.02394000576867604,0.038073262186328234,0.03663109316411872,16415238.0,21.166,19.543,-1,0.0,@eBay
,Tesco,30/09/2018,239.8,0.0,0.0,0.00750625521267716,-0.01251042535446205,20209807.0,14.566,17.24,1,-0.52,@Tesco
28817,Check out Honeywell 360 Surround Heater #Honeywell https://t.co/5ykEMvrMIu via @eBay
10448,Check out Crochet Pattern Book Table Topics #185 Spool Cotton Company 1942   #SpoolCottonCompany https://t.co/TQGCyumUBk via @eBay



,TMobile,24/10/2018,65.71,0.0543296301932736,0.05782985846903078,0.0614822705828642,0.05128595343174562,5758791.0,38.575,25.22300000000001,1,0.0,@TMobile
,adidas,27/10/2018,203.4,0.0,0.01819075712881017,-0.02089478859390364,-0.001966568338249782,1149901.0,34.584,29.036,-1,0.0,@adidas
42527,"RT @krisvin2004: @Kaepernick7 Eat shit @Kaepernick7...you punk ass bitch! I will not be buying anymore @Nike shoes. 













I just can’t believe…

",Nike,04/09/2018,79.6,0.03266331658291468,0.03266331658291468,0.03266331658291468,0.03743718592964829,18565837.0,20.517,20.153,-1,-0.25,@Nike

72299,"Gross, @WellsFargo https://t.co/cxXx1TkePm via @CREDOMobile #p2 #BackersOfHate

",Wells Fargo,23/09/2018,54.99,0.0,0.0,0.010183669758137757,-0.004728132387706949,36158566.0,19.136,14.192,1,0.0,@WellsFargo
441,RT @pepsi: We’re on the right track 👶!  #5days to #PepsiHalftime. Join the ⌛ with a #FanCountdown 📹 and 👀… 
36903,@DaveBautista when he starts talking shit to @Disney again https://t.co/JBb4DoUSSq
,Disney,30/12/2017,107.51,0.0,0.0024183796856105558,0.0012091898428052779,0.010789693981955137,4538403.0,11.556,22.836,1,0.0,@Disney
19907,Check out GINGER ROOT HEMP SEED MASSAGE LOTION CBD SKIN CREAM CANNABIS PAIN RELIEF 2 OZ  https://t.co/Sf71gr1tJe via @eBay
66280,"RT @ChampionsLeague: 😵 Outrageous. Sadio Mané sends Neymar and picks up Skill of the Day 👌 






@Mastercard #UCL https://t.co/nK7jqKWmSR

",Mastercard,18/09/2018,220.05,-0.016269029765962336,-0.009497841399681906,-0.009497841399681906,-0.0299931833674166,2851356.0,13.529000000000002,16.218,-1,-1.0,@Mastercard
33891,"Check out Handmade Redbird Winter Deco Mesh Wreath - 22"" Wreath #Handmade https://t.co/LTG460wkXf via @eBay

",eBay,28/10/2018,27.34,0.0,0.0,0.026335040234089203,0.05157278712509145,16691760.0,54.536,37.821,-1,0.0,@eBay
,Microsoft,19/10/2018,108.66,-0.0014724829744155767,0.01886618810969996,0.021535063500828303,0.00837474691698874,32785475.0,44.559,27.373,-1,0.0,@Microsoft
,Reuters,31/10/2017,51.5916,0.0038417106660774227,0.0038417106660774227,0.0038417106660774227,0.013876289938672143,631751.0,6.504,9.981,1,0.0,@Reuters
283424,@Reuters He’s gonna scree with my Amazon prime? Let’s see how that works out for him.
3936,@birbigs @netflix Mike you have to stage the late comers right? Or do you just get insanely lucky?
,eBay,01/12/2017,35.2,-0.015056818181818213,-0.02329545454545456,0.00852272727272719,0.0181818181818182,11535245.0,23.337,19.987,1,0.0,@eBay
2275,"RT @EastCoastMods: @Starbucks Message to the CEO! Can you hear us NOW! #boycottStarbucks #AmericaForVets RT if you agree! Vets, thank… 
",Starbucks,01/02/2017,53.9,0.02448979591836736,0.03710575139146568,0.04118738404452688,0.0890538033395177,18796871.0,25.781,18.576,-1,0.0,@Starbucks
,Nike,04/09/2018,79.6,0.03266331658291468,0.03266331658291468,0.03266331658291468,0.03743718592964829,18565837.0,20.517,20.153,1,0.0,@Nike
32464,"@Google doesnt not seem to see it as a big deal that someone is using my @YouTube account, disableing history and w… https://t.co/4ceZiw38a9

",Google,27/10/2018,1083.75,0.0,0.01830680507497109,-0.02457208765859295,0.019773933102652883,5321883.0,46.145,32.869,-1,0.0,@Google
71568,@netflix When will we get s3 of sin senos si hay paraiso
,Nike,04/09/2018,79.6,0.03266331658291468,0.03266331658291468,0.03266331658291468,0.03743718592964829,18565837.0,20.517,20.153,1,0.2287878787878788,@Nike
,McDonald's,01/02/2017,122.42,0.0012252899852964506,0.004901159941186034,0.0035941839568697743,-0.0051462179382453475,3233576.0,7.607,9.573,-1,-0.6,@McDonalds


7970,Just saw this on Amazon: Omron 3 Series Wrist Blood Pressure Monitor... by Omron for $43.50 https://t.co/n1eshjMyM3 via @amazon
,Reuters,30/11/2017,48.5406,0.005444926515123539,0.012253659822911116,0.005218312093381685,0.00022661442174185702,816955.0,7.222,18.276,-1,0.0,@Reuters
52504,RT @Reuters: Veteran Singapore diplomat calls for gay community to challenge sex ban https://t.co/jdDs1jVElH

17402,RT @Reuters: Manhunt shifts for gunman who killed one on Utah campus https://t.co/80w62SdIvg https://t.co/6PoDYI4o2g
,eBay,30/06/2017,34.92,-0.011741122565864941,0.011168384879725102,-0.0002863688430700205,0.018613974799541768,10845469.0,19.665,22.269,-1,0.0,@eBay
,TMobile,13/09/2018,68.48,-0.008177570093457976,-0.03752920560747674,-0.04264018691588788,-0.04322429906542069,3797293.0,22.09,27.125,1,0.0,@TMobile
55436,RT @Nike: Don’t ask if your dreams are crazy. Ask if they’re crazy enough. #justdoit https://t.co/Wd5L42egV8
,Netflix,05/09/2018,341.18,0.06571311331262095,0.07767161029368662,0.07767161029368662,0.07872677179201598,13092847.0,51.26600000000001,40.228,1,0.5,@netflix


,Goldman Sachs,31/10/2017,242.48,-0.0065572418343781075,-0.0031755196304849138,-0.0031755196304849138,0.00973276146486314,2658731.0,17.217,19.445,-1,0.2,@GoldmanSachs



,eBay,25/09/2018,32.76,0.029304029304029325,0.03907203907203912,0.03907203907203912,0.0415140415140415,20478999.0,16.949,15.794,1,0.0,@eBay
6600,"RT @Reuters: Exclusive: 'If there's a shutdown, there's a shutdown,' Trump says https://t.co/N6ZocdbgIm https://t.co/VGoDmkHi83
",Reuters,28/04/2017,50.0386,-0.03566047011706972,-0.05260938555435205,-0.05503151566990287,-0.0616344182291271,2448752.0,23.42,15.044,-1,0.0,@Reuters
,IBM,31/08/2017,143.03,-0.0032860239110676,0.0007690694259944432,-0.0036356009228833827,-0.0006292386212682893,3656428.0,8.626,9.295,1,0.0,@IBM
64119,@theGrio @RealDLHughley @Nike Who cares!! 😆😆
,Sony,02/09/2018,6348.0,0.0,0.0,-0.000630119722747322,-0.046156269691241335,5057900.0,14.036,22.57800000000001,1,0.4,@Sony

77536,RT @NatureCutsTags: Bunny Vinyl Stickers... https://t.co/CuptDq5CVT via @amazon #naturecuts #amazon #bunny #rabbit #easter #easterbunny #ea…
,Google,31/03/2017,847.8,0.0019815994338288085,0.0024416135881104627,-0.008457183297947582,-0.014932767162066488,1440982.0,14.939,10.6,-1,0.2857142857142857,@Google
,Starbucks,01/06/2017,63.75,-0.002196078431372557,-0.00768627450980395,-0.007058823529411809,-0.013333333333333357,6058263.0,14.921,13.65,1,0.0,@Starbucks

50461,RT @Nike: Don’t ask if your dreams are crazy. Ask if they’re crazy enough. #justdoit https://t.co/Wd5L42egV8

633482,Check out 04 05 Audi Allroad Transmission Control Module 4Z7 927 156 S Unit TCU TCM 4.2L #Audi https://t.co/2mJizQt5zE via @eBay
,Apple,31/10/2017,169.04,-0.01372456223379078,-0.035435399905347734,-0.035435399905347734,-0.07063416942735448,36046828.0,27.001,19.099,1,-0.5,@Apple

54943,"RT @Nike: Believe in something, even if it means sacrificing everything.

",Nike,08/09/2018,80.3,0.0,0.0012453300124534064,-0.004732254047322485,0.023661270236612773,6633912.0,21.364,18.219,-1,0.0,@Nike
,Reuters,01/07/2017,50.9858,0.0,0.003240117836731125,0.01123253925602824,0.005183796272687803,1232971.0,12.251,15.666,-1,0.0,@Reuters
,Amazon,31/07/2017,987.78,0.03265909413027192,0.03265909413027192,0.03265909413027192,0.051803033064042665,7352063.0,24.818,20.674,1,0.7,@amazon
,Nike,04/09/2018,79.6,0.03266331658291468,0.03266331658291468,0.03266331658291468,0.03743718592964829,18565837.0,20.517,20.153,-1,0.43333333333333335,@Nike

,eBay,01/10/2018,32.51,0.01568748077514627,0.01568748077514627,0.01568748077514627,0.03721931713318982,11990681.0,23.54,17.737000000000005,-1,-0.16666666666666666,@eBay
10001,"Amazon: 3-Piece Outdoor Furniture Set, Better Homes... by Better Homes and Gardens for $269.99 https://t.co/URcXmQEJHi via @amazon
",Amazon,30/06/2017,968.0,0.008192148760330526,0.02306818181818186,0.009070247933884269,0.0369214876033058,3390345.0,17.035,19.114,1,0.5,@amazon
,Siemens,30/11/2017,114.62700000000001,-0.0011079414099645767,0.0028178352395159365,-0.010093607963219928,-0.004597520653947282,3397852.0,11.752,20.762,1,0.0,@Siemens
36649,"RT @AmericanExpress: Things are looking way, way up with 5X Membership Rewards® points on flights booked directly with airlines. #AmexLife…

",American Express,01/09/2018,105.98,0.0,0.002358935648235516,0.00688809209284761,-0.0020758633704472435,2115471.0,11.023,14.947,1,0.1,@AmericanExpress

76430,Check out Kate Spade Sea Horse Print Two Piece Bikini Womens Sz M / https://t.co/JsNZaqQHtR @eBay

67202,I never really tweet shit like this but that new @Nike ad with Colin Kae almost made me cry😢 such a great message.… https://t.co/W9iz39dRHO
42159,@Breaking911 @Nike. Not buying anymore
48347,RT @MatthewACherry: When @Kaepernick7’s new @Nike commercial will have it’s TV premiere during the first game of the @NFL season. https://t…
,Google,23/09/2018,1172.12,0.0,0.0,0.01659386410947689,0.0049994881070198685,4561119.0,20.526,17.930999999999994,-1,0.0,@Google

,Apple,11/09/2018,223.85,-0.024659370113915488,-0.011391556846102224,-0.011391556846102224,0.020147420147420242,35749049.0,22.817,23.56,1,0.13636363636363635,@Apple
56022,RT @Apple: Join us September 12 at 10 a.m. PDT to watch the #AppleEvent live on Twitter. Tap ❤️ below and we’ll send you updates on event d…
62345,@BankofAmerica Chick-fil-A mobile pick up goes about 78 mph
,eBay,24/09/2018,33.72,0.00948991696322658,0.00948991696322658,0.00948991696322658,0.014234875444839975,8746536.0,9.487,14.181,-1,0.25,@eBay

,General Electric,29/09/2017,23.2431,0.002478154807233148,0.007856094927096676,0.03101565625927712,0.028533199099948087,33673712.0,19.328,20.701,1,0.0,@generalelectric
,eBay,31/10/2017,37.64,-0.017003188097768348,-0.022316684378321027,-0.022316684378321027,-0.02391073326248668,6722841.0,19.794,16.127,-1,-0.07142857142857142,@eBay
,Samsung,31/10/2018,42400.0,-0.0011792452830188679,-0.02358490566037736,-0.0330188679245283,0.003537735849056604,17621480.0,26.562,29.462,1,0.0,@Samsung
,Google,01/10/2018,1208.53,-0.0011998047214384793,-0.0011998047214384793,-0.0011998047214384793,-0.023971270882808062,1659364.0,15.052,17.519000000000002,1,0.0,@Yahoo
,eBay,19/09/2018,34.22,-0.002922267679719504,-0.0005844535359437763,-0.00350672121566328,0.00116890707188776,13455592.0,11.962,14.171,1,0.0,@eBay

53512,"RT @MyUTR: More big news!🚀 






We're excited to welcome @larryellison owner of @BNPPARIBASOPEN &amp; executive chairman &amp; CTO of @Oracle as an inv…

",Oracle,07/09/2018,47.81,-0.002091612633340335,0.004810709056682637,0.01610541727672027,0.01610541727672027,20513945.0,11.84,12.031,1,0.41875,@Oracle
,Apple,11/09/2018,223.85,-0.024659370113915488,-0.011391556846102224,-0.011391556846102224,0.020147420147420242,35749049.0,22.817,23.56,1,0.0,@Apple
31428,“We’re living in a constant state of feedback and judgment.” -#AmericanVandal 💩 definitely worth reassessing @netflix
,Netflix,06/09/2018,346.46,-0.01523985452866124,0.04947180049644993,0.061248051723142724,0.07077296080355608,13050156.0,51.132,40.562,1,0.0,@netflix

56000,"Just saw this on Amazon: Melted Latex Liquified High Shine Lipstick,... by Melted Latex for $14.20 https://t.co/NaCs17J0DT via @amazon

",Amazon,11/09/2018,1987.15,-0.024225649799964825,-0.017653423244344994,-0.017653423244344994,0.026349294215333455,5033645.0,29.692,19.973,-1,0.16,@amazon
,Nike,06/09/2018,80.4,-0.005970149253731393,-0.009950248756219046,0.0223880597014925,0.012437810945273627,8577029.0,21.379,18.968,1,-0.6,@Nike
,Nike,06/09/2018,80.4,-0.005970149253731393,-0.009950248756219046,0.0223880597014925,0.012437810945273627,8577029.0,21.379,18.968,1,1.0,@Nike
,Reuters,01/09/2017,50.0826,0.004838007611425928,-0.001759093976750352,-0.0054989157911130345,0.006157827269351153,997794.0,7.838999999999999,15.434,-1,0.0,@Reuters

53149,RT @LornajaneCosign: 4 Halloween Cheese Knife Spreaders Dracula Frankenstein Witch Cat Stainless  https://t.co/eqQrdIqgco via @eBay
40772,"@Kaepernick7 @Nike I might be in the minority here, but I appreciate it when I see people exercising the rights we… https://t.co/u1smqI5pO6

",Nike,03/09/2018,82.2,0.0,0.0,0.0,0.005474452554744561,5177091.0,13.223,17.918,1,0.0,@Nike

34383,"RT @JuddLegum: Hey everyone I need your help.













I can’t get @ATT to explain why they gave 5K to Steve King despite his long history of racis…

",AT&T,29/10/2018,29.64,-0.018556005398110684,-0.018556005398110684,-0.018556005398110684,0.10222672064777333,49270037.0,50.706,31.955,-1,-0.05,@ATT
47648,@thasaviorBlanco @Nike @Kaepernick7 Dont worry about it ! Your $2 that you have spent so far wont make or break the company .

,PayPal,06/09/2018,89.0,0.0005617977528089568,0.045730337078651616,0.03741573033707863,0.034719101123595546,6840606.0,33.675,28.477,-1,-0.5,@PayPal
58388,RT @JayValenz67: Man Arrested in Saudi Arabia After Viral Video of Him Having Breakfast With a Woman https://t.co/wVpmJbkYfs via @Yahoo Man…
10229,"#YeezySeason has officially arrived.😎◼️◻️◼️◻️ #YeezyBoost @adidas #YEEZYBOOST350V2 











📸 more flicks: //… https://t.co/0smmUxVfI3
",adidas,30/06/2017,168.293,-0.026049805993119055,0.0002436227294064329,-0.003487964442965646,0.0007308681882192987,1024023.0,23.537,21.18,-1,0.5,@adidas
,Disney,31/08/2017,101.2,0.016501976284584996,0.013537549407114527,0.013438735177865606,0.003162055335968312,9823832.0,15.866,19.882,1,0.0,@Disney
,Ryanair,31/08/2017,17.91,-0.020658849804578504,-0.011166945840312636,-0.001675041876046965,0.011166945840312636,1192072.0,20.531,22.833,1,0.0,@Ryanair
14273,"RT @ThomasWictor: What a world, huh?











THEY get to put up videos of kids being killed in car accidents.











@Google and @Vimeo censor ME… 
",Google,01/09/2017,951.99,0.00341390140652738,-0.008781604848790444,-0.017059002720616823,-0.02257376653116105,1042885.0,15.205,16.744,1,-0.2,@Google
53701,RT @Reuters: Apple says U.S. tariffs on China would hit 'wide range' of products https://t.co/Vg466nxwlX
14783,"RT @Reuters: Navigate Trump’s policies and their actual impacts on lives, companies and markets: https://t.co/uuVMJKUQxt… 
",Reuters,29/09/2017,50.5342,-0.00544977460808715,0.0023983757534501732,-0.004359423914893314,0.0008726763261316147,712240.0,7.8439999999999985,9.2,-1,0.0,@Reuters

19925,@netflix #Farscape is relevant --- first aired when there was chaos so the time is right to help us escape a bit ag… https://t.co/tMyKFPkjQh
,Tesco,20/09/2018,238.9,-0.012976140644621156,-0.015906236919213106,-0.015906236919213106,-0.01841774801172041,23298393.0,14.775,17.432000000000002,1,0.0,@Tesco
,CocaCola,01/06/2017,45.79,-0.0069884254203974715,-0.007861978597947138,-0.008735531775496802,-0.008298755186722047,11049283.0,7.546,7.298999999999999,-1,0.0,@CocaCola
71316,Check out Decree Owl Earings #Decree https://t.co/kg938nvE30 via @eBay
68628,"RT @brandon_arreaga: . dear @netflix , I need new black mirror , big mouth , and stranger things episodes thank youuuuuuuuuu 😘

",Netflix,20/09/2018,365.36,0.004379242391066253,0.006267790672213607,-0.04108276768119113,0.00763630391942184,6768086.0,43.24,41.723,1,0.0,@netflix
68637,RT @PfISDAthletics: More pics from @HHS_hawknation and the @waterboy_tx installation. @BSNSPORTS_Texas @Nike https://t.co/hm9YUjsZmt
42652,@sclancy79 @NFL @Nike Burn your shoes. Kneel. Picket. Whatever. It’s a free country isn’t it? Still?
,eBay,04/08/2018,33.66,0.0,-0.013071895424836536,-0.01693404634581085,0.0044563279857399215,7154255.0,19.156,36.843,1,0.03333333333333333,@eBay
18710,This is why we fight. Save Fritz #saveMajorCrimes @WarnerBrosEnt @warnerbrostv @CBSTweet @CBS @AllAccessCBS @amazon… https://t.co/QCOyRLOvFX

45341,"RT @PDXAutisticDude: Don't get me wrong, I'm down for a #boycott of @Nike, if it's related to their use of child slave labor. But I find it…

",Nike,04/09/2018,79.6,0.03266331658291468,0.03266331658291468,0.03266331658291468,0.03743718592964829,18565837.0,20.517,20.153,-1,-0.21851851851851853,@Nike
346097,RT @Microsoft: Microsoft CTO @Kevin_Scott connects with @AliceSteinglass of https://t.co/uU2fFnSmSv in the latest Behind the Tech podcast.…
52726,Check out 2018 New Retro Geek Vintage Large Frame Fashion Round Multicolor Sunglasses Mens #Round https://t.co/7SqGAajHdd via @eBay
7825,RT @peterdoodes: @PositivelyJoan @robles_jdaniel @blysx @OrganicConsumer @thefoodbabe @MonsantoCo @amazon @HomeDepot @Walmart @Bayer… 
,Reuters,24/09/2018,50.0496,-0.0015404718519229225,-0.0015404718519229225,-0.0015404718519229225,0.0015404718519229225,3348541.0,9.996,13.515,-1,-0.05,@Reuters

,Nike,04/09/2018,79.6,0.03266331658291468,0.03266331658291468,0.03266331658291468,0.03743718592964829,18565837.0,20.517,20.153,-1,0.0,@Nike
15836,"@nathanedmondson @PayPal I prefer PayPal, but I also use Xoom. My wife swears by Venmo.
",PayPal,29/09/2017,64.03,-0.0015617679212869186,-0.01093237544900832,-0.017023270342027226,0.016398563173512373,6891295.0,20.04,17.352999999999998,1,0.0,@PayPal
,Apple,21/09/2018,217.66,0.010888541762381715,0.003261968207295819,0.002664706422861401,0.02839290636772952,96246748.0,27.839,19.836,1,0.0,@Apple
62549,Updated my phone and now my battery life is gone to S H I T. Thanks @Apple


196441,Garden Tools Set Kids Leaf Rake Spade Hoe Leaf Yard Play Toys Grow 4 Pieces New   | eBay https://t.co/KkrmHhESLg via @eBay
,Apple,13/09/2018,226.41,-0.02358553067444019,-0.011306921072390806,-0.035687469634733376,-0.014619495605317797,41706377.0,25.87,17.349,1,0.16818181818181818,@Apple
,TMobile,24/10/2018,65.71,0.0543296301932736,0.05782985846903078,0.0614822705828642,0.05128595343174562,5758791.0,38.575,25.22300000000001,1,0.0,@TMobile
16551,"Chris Bailey leaving @Burberry? That's a bit of a shocker, and big shoes to fill.
",Burberry,31/10/2017,1902.0,0.010515247108307046,0.013669821240799159,0.013669821240799159,0.0015772870662460567,4536114.0,8.801,16.804000000000002,-1,0.0,@Burberry

68045,"RT @Reuters: Fulfilling a dream, South Korea's Moon visits sacred North Korean mountain with Kim https://t.co/S2Q5uf9jSA https://t.co/Z2VAd…

",Reuters,20/09/2018,50.1267,-0.00241787310954046,0.002415878164730541,0.0,0.002856760967707833,1955631.0,10.159,13.966,1,0.0,@Reuters
,Nike,05/09/2018,79.92,-0.004004004004004097,0.028528528528528538,0.028528528528528538,0.03591091091091097,12269138.0,21.037,19.239,-1,0.0,@Nike
17584,#Review Desktop #Gaming PC CYBERPOWERPC Gamer Liquid Cool GLC4200A https://t.co/Hz0uPyvUam @amazon #Games
37042,Check out my listing @eBay - https://t.co/jxzREwQoWi via @eBay


53403,@JusCallMe_Mo @owensj4319 @kpk67 @Nike @Kaepernick7 I would rather get more caring and loving police officers that… https://t.co/amy7ZwPiqp
68565,RT @netflix: it has come to my attention that the glass slipper in Another Cinderella Story is A ZUNE!!!! https://t.co/fNF76uJymd
,Starbucks,26/09/2018,57.27,-0.00646062510913226,-0.010127466387288377,0.003143006809848083,-0.03212851405622496,7757332.0,16.29,12.894,-1,0.5428571428571429,@Starbucks

,Ford,17/08/2018,9.55,-0.004188481675392767,-0.010471204188481823,-0.005235602094240912,0.01989528795811513,32742936.0,19.886,24.102,1,0.0,@eBay
77464,Check out TOP PREDATOR MOTORCYCLE HELMET (DOT CERTIFIED) #Unbranded #Predator https://t.co/fkycQz57vX via @eBay
,eBay,20/09/2018,34.24,-0.0005841121495328014,-0.0035046728971963943,-0.0011682242990653955,0.0058411214953269786,15877016.0,10.962,13.911,-1,-0.07142857142857142,@eBay
4006,"RT @AlexMacleanECL: LIKE for left RETWEET for right 👟











@Complex @HYPEBEAST @adidasCA @Nike @ComplexSneakers https://t.co/BZlhbXJMkf
",Nike,01/03/2017,57.95,-0.013632441760138158,-0.004486626402070839,-0.0015530629853322414,0.00500431406384813,8558904.0,17.642,15.515999999999998,1,0.14285714285714285,@Nike

222643,Check out this Amazon deal: The Nyche Designs Adjustable Bed Sheet Fasten... by The Nyche Designs https://t.co/cN8T71Sc7x via @amazon
722399,@pipsmithe @Apple I've blocked Apple a while ago :)
,FedEx,30/10/2018,216.53,-0.025354454348127317,-0.0277097861728167,-0.0277097861728167,0.008543850736618456,1302404.0,36.324,27.412,1,0.0,@FedEx
4415,@OneMinuteBriefs @TheDrum For one day only @SUBWAY @McDonalds #bigmac #footlong #FakeNewsDay #aprilfoolsday… https://t.co/bDcx5kOx4v
26094,RT @haingonirinara1: It's going to be dangerous and magic 😎😎😂😂 #SaveDeception #PickUpDeception @netflix @DeceptionABC @NetflixLifee @Amazon…

,Pepsi,03/09/2018,112.01,0.0,0.0,0.0,0.003571109722346143,4248805.0,11.422,13.753,-1,0.0,@pepsi
43786,RT @TimKennedyMMA: Just like that I will never wear anything @Nike again. I respect and appreciate @Kaepernick7 ‘s right to freedom of spee…

,TripAdvisor,31/01/2017,52.9,-0.012287334593572752,-0.01701323251417767,-0.01701323251417767,-0.014555765595463063,1405737.0,16.854,29.797,1,0.0,@TripAdvisor
,eBay,20/10/2018,28.75,0.0,0.09739130434782613,0.11373913043478273,0.10330434782608693,39779447.0,58.203,35.868,-1,0.5,@eBay
,Facebook,30/12/2017,176.46,0.0,0.008273829763119005,0.0065737277569987325,0.00419358494843013,10261456.0,10.039,20.337,-1,0.0,@facebook
69137,"RT @hm: We went on a road trip to Scotland with the super-talented Tiffany Young! Stay tuned for this season’s coolest collection, launchin…

",H&M,30/09/2018,18.639,0.0,0.0,0.0,-0.13085465958474168,32056.0,92.743,73.745,-1,0.125,@hm
,IBM,31/05/2017,152.63,-0.005896612723579936,-0.0009172508681123396,-0.0009172508681123396,-0.000786215029810683,3543404.0,7.992000000000001,13.155,1,0.0,@Cisco

10607,@BMW Ok we will see if you can help!
,eBay,29/12/2017,37.74,0.004769475357710644,-0.0034446210916799828,0.0052994170641228345,0.0005299417064121892,4652483.0,9.985,19.193,-1,0.0,@eBay
,UPS,27/09/2018,116.73,-0.00025700334104344333,-0.004026385676347116,0.005140066820868623,0.02047459950312688,1599812.0,10.515,14.425999999999998,-1,0.6,@UPS
,Nike,31/03/2017,55.73,0.005562533644356761,0.017046474071415806,0.01596985465637898,0.011304503857886285,5905639.0,46.209,28.234,1,-0.05,@Nike
14054,RT @djmonette: @SRuhle @larry_kudlow @FelixGo77070625 @SaraEisen @FurchtgottRoth @IvankaTrump @Lagarde @Benioff @salesforce Here i… 
65158,"@Reuters @uhclc95 He's right the American people need to get tough on those who passed this wasteful tax cut, Larry… https://t.co/BtBsf0jJC9

",Reuters,18/09/2018,50.2478,-0.002410055763635393,-0.002191140706657717,-0.002191140706657717,-0.02301593303587424,1970781.0,11.156,16.788,-1,-0.0343915343915344,@Reuters
,eBay,24/10/2018,27.29,0.03297911322828883,0.043972150971051636,0.0534994503481129,0.1733235617442288,16309320.0,51.743,35.956,1,0.0,@eBay
,eBay,05/09/2018,34.13,0.019630823322589936,0.01406387342513908,0.01406387342513908,0.02343978904189854,8820676.0,13.54,15.493,-1,0.0,@eBay
,Nike,07/09/2018,80.3,0.0012453300124534064,-0.004732254047322485,-0.008717310087173136,0.023661270236612773,6633912.0,21.364,18.219,1,0.0,@Nike

43903,"...that being said, @Nike is using the country’s polarization to make money. That deserves a boycott from everyone… https://t.co/vOTzJMV1kI

",Nike,04/09/2018,79.6,0.03266331658291468,0.03266331658291468,0.03266331658291468,0.03743718592964829,18565837.0,20.517,20.153,-1,0.0,@Nike
23567,"RT @BrianKolfage: @DonaldJTrumpJr this is why @facebook is in serious PR trouble, #liberals are now supporting me as this movement of Ameri…

",Facebook,18/10/2018,154.92,0.029047250193648337,0.024916085721662883,-0.009036922282468223,-0.010134262845339487,21675084.0,35.673,27.967,-1,-0.09444444444444444,@facebook
47187,RT @RukiyaBernard: VANHELSING #SEASON2 is out on US @netflix Catch up u fiends before season 3 starts airing on @SYFY #vanhelsing love ur f…
,Nike,03/09/2018,82.2,0.0,0.0,0.0,0.005474452554744561,5177091.0,13.223,17.918,-1,0.125,@Nike
42071,"@RealJamesWoods @Nike scrapin' the bottom, they are... https://t.co/V2aJOjavaf

",Nike,04/09/2018,79.6,0.03266331658291468,0.03266331658291468,0.03266331658291468,0.03743718592964829,18565837.0,20.517,20.153,-1,0.0,@Nike

72326,"RT @MiamiDolphins: Speed thrills. @_TheDreamIsHere zooms in for six.













📺 » @CBS













#OAKvsMIA #FinsUp https://t.co/2M70pzJLtk

",CBS,23/09/2018,56.74,0.0,0.0,-0.000704970038773337,-0.01568558336270709,6121104.0,15.473,18.182,1,0.0,@CBS
13013,Fear Inducer by Ellie Douglas https://t.co/JvSHiebxEz via @amazon @AuthorEllie
8005,"I'm at The @HomeDepot in Chicago, IL https://t.co/yTpX4zDPnk
",Home Depot,31/05/2017,153.51,0.0024102664321542853,0.009054784704579604,0.009054784704579604,0.009706208064621255,7158383.0,9.654,12.005999999999998,1,0.0,@HomeDepot
,Nestle,02/10/2018,82.14,-0.0009739469198928453,-0.003895787679571553,-0.003895787679571553,-0.027027027027027008,4419746.0,10.376,9.738,-1,0.0,@Nestle
23568,RT @EmDunks: Scoop: @HSBC to become first foreign company to list in China via London-Shanghai connect https://t.co/AsE4fzwnQ0
,AT&T,26/09/2018,33.35,0.012293853073463165,0.016791604197900902,0.012893553223388296,0.0005997001499249183,32880463.0,11.45,15.095999999999998,-1,-0.4,@ATT
,CBS,29/04/2017,66.56,0.0,-0.003305288461538444,0.005258413461538376,0.0042067307692307855,2376092.0,21.453000000000007,15.973,-1,0.0,@CBS
475574,@Google #GoogleAdvancedProtection Cannot authenticate Google in Internet Accounts under OSX with Google Advanced Pr… https://t.co/KGLnHbaJwp
12494,Check out JOHNNY WAS Los Angeles Royal Rose Polo 1414t Women's Shirt Size M #JohnnyWas #PoloShirt https://t.co/VBllV9nNuF via @eBay
,TMobile,31/10/2018,68.55,-0.06754194018964252,-0.053099927060539766,-0.05018234865061996,-0.04142961342086074,9212389.0,52.81100000000001,33.278,-1,-0.025,@TMobile
,Reuters,08/09/2018,49.3006,0.0,0.004468505454294564,-0.006255501961436696,-0.005137868504643007,2628128.0,19.429,16.845,-1,0.0,@Reuters
296379,@Apple Cops love Face ID. So easy to search your phone now. Thanks Apple!
,eBay,07/09/2018,33.99,-0.009708737864077829,0.004118858487790543,0.023830538393645045,0.01824065901735797,6445251.0,15.765999999999998,14.593,-1,-0.1,@eBay
,Google,13/09/2018,1182.14,-0.008916033633918309,0.006640499433231181,-0.00598913834232845,0.0015649584651563342,2003418.0,18.038,16.833,-1,0.0,@Google
,AT&T,24/09/2018,33.91,-0.0038336773813033172,-0.0038336773813033172,-0.0038336773813033172,-0.008552049542907673,36390154.0,14.715,14.519,-1,-0.8,@ATT

,Nike,06/09/2018,80.4,-0.005970149253731393,-0.009950248756219046,0.0223880597014925,0.012437810945273627,8577029.0,21.379,18.968,-1,0.0,@Nike
,eBay,31/10/2018,29.03,-0.05545986910093005,-0.07612814330003448,-0.05821563899414401,-0.05993799517740275,28518053.0,69.068,43.409,1,0.115,@eBay
29992,The Story of Our Hymns  https://t.co/YtyKOLaRva via @amazon

,Netflix,31/10/2017,196.43,0.009876291808786831,0.015832612126457188,0.015832612126457188,-0.002087257547217821,5518595.0,20.059,30.692,1,0.43333333333333335,@netflix
44394,@Reuters Next his supporters will say President Reagan was a coward and a liar for seeking out truth. And GOP will agree.
,Amazon,07/09/2018,1952.07,0.003196606679063768,0.021899829411855108,0.04479347564380379,0.031064459778594056,4892643.0,26.915,20.099,-1,0.0,@amazon
16964,Check out Juicy Couture Woman Velour Tracksuit Sz L Purple Long Sleeve Full Zip https://t.co/xKSa3O71CF @eBay
,easyJet,10/09/2018,1419.0,0.014799154334038053,0.014799154334038053,0.014799154334038053,0.08386187455954898,2317578.0,15.377,23.333,-1,0.0,@easyJet
547527,"When you shop at the Nike company headquarters store, you realized there are a ton of good looking guys! It’s a match made at @Nike

",Nike,25/08/2018,82.45,0.0,0.005579138872043587,0.0023044269254093113,-0.032747119466343275,3453010.0,18.524,17.517,1,0.875,@Nike
552046,"Just saw this on Amazon: Clearance Promotion! Women Jacket, NEARTIME... by NEARTIME for $5.76 https://t.co/C8tt4fBvKm via @amazon

",Amazon,26/08/2018,1905.39,0.0,0.0,-0.0013068190764095589,-0.012160240160807013,2800863.0,14.976,19.578,-1,0.0,@amazon
72012,"RT @Reuters: Annual Oktoberfest kicks off in Munich with beer, lederhosen, sausages https://t.co/BZeuL69lhN https://t.co/quvwYeGc8b

",Reuters,23/09/2018,49.9725,0.0,0.0,0.003085697133423443,0.0033058182000101216,3027903.0,10.397,13.679,1,0.0,@Reuters
60063,RT @jeffeblakely4: .@tim_cook why does iTunes call it a “Buy” button? @Apple can delete purchased movies from your library without telling…

372780,"RT @LeprechaunJack7: If this tweet gets 100 RETWEETS, @pepsi @pepsiaustralia HAVE TO bring the Michael Jackson Pepsi cans, bottles (and pos…

",Pepsi,31/07/2018,115.0,-0.007130434782608637,-0.006260869565217381,-0.006260869565217381,-0.0022608695652174358,4892122.0,11.245,18.367,-1,0.0,@pepsi

6915,@KOSDFF @comcast DUDE comcast is ass. I moved like a month ago and am stuck with them now
30555,Just got these @Nike running shoes roughly a month ago. Pretty sure they’re not suppose to be doing whatever that i… https://t.co/tknAF6uFWt
,Nike,06/09/2018,80.4,-0.005970149253731393,-0.009950248756219046,0.0223880597014925,0.012437810945273627,8577029.0,21.379,18.968,1,1.0,@Nike
,TMobile,24/09/2018,68.92,0.002176436448055593,0.002176436448055593,0.002176436448055593,-0.02176436448055717,2749308.0,20.521,15.751,1,0.75,@TMobile
,Netflix,31/05/2017,163.07,0.0009198503710063511,-0.003924694916293533,-0.003924694916293533,-0.03262402649169065,5328919.0,18.548,26.631,1,0.3333333333333333,@netflix
1205,Check out HIGHTECH MOTOROLA SLEEK DESIGN CORDLESS PHONES 2 TWO WIRELESS HANDSETS P1002 #Motorola https://t.co/ojJlWoe08z via @eBay
,eBay,23/10/2018,28.19,0.01064207165661572,0.01986520042568282,0.01986520042568282,0.14402270308620072,12577530.0,50.797,35.345,-1,-0.16666666666666666,@eBay
39533,Check out St. John's Bay Women's Stretch Flap Pocket Brown Boot Cut Corduroy Pants Size 6P  https://t.co/cWXT1D19KC via @eBay
,Starbucks,23/10/2018,58.81,0.0015303519809555571,-0.0025505866349261296,-0.0025505866349261296,-0.017003910899506886,12834169.0,24.98,21.975,1,0.0,@Starbucks
21037,"@Jenniferhoffman @Slate @Disney And to be honest, I'm not defending Disney, I'm merely arguing the law as I underst… https://t.co/dwRw2MFG7K
",Disney,29/12/2017,107.51,0.0024183796856105558,0.0012091898428052779,0.005673890800855729,0.010789693981955137,4538403.0,11.556,22.836,-1,0.04999999999999999,@Disney
,eBay,29/10/2018,26.82,0.019388516032811318,0.019388516032811318,0.019388516032811318,0.062266964951528635,18291838.0,51.611,37.935,-1,0.16666666666666669,@eBay
38244,RT @Apple: Join us September 12 at 10 a.m. PDT to watch the #AppleEvent live on Twitter. Tap ❤️ below and we’ll send you updates on event d…
42477,@LilTheTrill @johnrich @Nike Still wearing the socks tho...🤷🏽‍♂️
18362,RT @OFFICIAL_YL: Hey @TMobile we doin this again tonight? Lol #HR4HR https://t.co/bAUEjz90tC
,eBay,31/01/2017,31.83,0.010681746779767623,0.021363493559535027,0.021363493559535027,-0.05780710021991831,9469076.0,33.029,22.932,1,0.10666666666666666,@eBay
61410,"RT @entrackr: Income Tax department has asked Walmart to provide details on withholding tax before September 17






@Walmart @Flipkart @IncomeT…

",Walmart,14/09/2018,94.59,0.005603129294851476,0.014589280050745276,0.021672481234802803,0.01310920816153922,6319383.0,12.923,30.137,-1,0.0,@Walmart
53575,"RT @Mschade2020: @klingensmith_j @stacy_friday @Jukehorse50 @Nike New, safer model https://t.co/WTqFFdOTZx

",Nike,07/09/2018,80.3,0.0012453300124534064,-0.004732254047322485,-0.008717310087173136,0.023661270236612773,6633912.0,21.364,18.219,-1,0.13636363636363635,@Nike
25597,Check out SALE! Empty Can MONSTER Energy Drink for Ukraine 500 ml. 2018. Open bottom!  https://t.co/bsPUb8CAEQ via @eBay
19784,ARkStorm: Surviving A  Flood Of Biblical Proportions by Ron Foster https://t.co/qPKW2TlBiu via @amazon #catasrophe #calfiorina #arkstorm
,Nike,05/09/2018,79.92,-0.004004004004004097,0.028528528528528538,0.028528528528528538,0.03591091091091097,12269138.0,21.037,19.239,-1,0.0,@Nike
65399,RT @Reuters: Headwinds before takeoff for new Thai Airways team https://t.co/1HejYbR0wU https://t.co/Hb16bURH1z
31610,Check out 169 Halloween Blow Mold Mini Pumpkin Jack-O-Lantern Sacks &amp; Ghost Covers Lot   https://t.co/DY200ZM27Z via @eBay

68314,Ballooning debt threatens U.S. economic stability: ex-FDIC Chair Sheila Bair https://t.co/pfcW9RZWEf via @Reuters https://t.co/fAAJQ6sz8t
386116,RT @Reuters: Breakingviews - Apple both is and isn’t already a $1 trln company https://t.co/YeSLQ10HEy https://t.co/OCqp0RIGu3

,eBay,01/07/2017,34.92,0.0,-0.011741122565864941,0.011168384879725102,0.018613974799541768,10845469.0,19.665,22.269,-1,0.0,@eBay
,Nike,06/09/2018,80.4,-0.005970149253731393,-0.009950248756219046,0.0223880597014925,0.012437810945273627,8577029.0,21.379,18.968,-1,0.0,@Nike
,Reuters,28/04/2017,50.0386,-0.03566047011706972,-0.05260938555435205,-0.05503151566990287,-0.0616344182291271,2448752.0,23.42,15.044,1,0.2,@Reuters

2857,RT @Ford: III ❤️ Let's see those tail lights shining. #MustangMonday https://t.co/gOOQBqHux5
56667,RT @Apple: Join us September 12 at 10 a.m. PDT to watch the #AppleEvent live on Twitter. https://t.co/hEaYP8pkbN
11912,RT @larrybroughton: So proud of our Area GM Craig! The @TripAdvisor ranking for one of his managed hotels jumped 128 spots! Proud he's… 
40830,@Nike just lost my business. Crazy times man.
70171,"RT @JohnGaltReport: @Conservative_VW @RealJamesWoods Dear @realDonaldTrump, 






Thesei are our biggest threats - @Twitter @Google @Facebook @Y…

",Google,21/09/2018,1172.12,0.01659386410947689,0.0018342831791967468,-0.004274306385011766,0.0049994881070198685,4561119.0,20.526,17.930999999999994,1,0.0,@Google
53422,"Drove my Dads @BMW M140i today. What a beast it is. I have driven more powerful cars, I have driven more focussed c… https://t.co/96oSx4Nwvi

",BMW,07/09/2018,80.86,0.00037101162503093166,0.005936186000494731,0.0149641355429136,0.03042295325253517,1153396.0,11.878,16.199,1,0.0,@BMW
,McDonald's,21/09/2018,165.3,-0.02728372655777386,-0.03702359346642471,-0.04555353901996372,-0.026981246218995808,8805474.0,22.396,14.880999999999998,-1,0.2,@McDonalds
50767,"RT @GeorgeTakei: Some critics of @Nike are threatening to set their shoes on fire...while wearing them. 













Asked for comment, Nike referred…

",Nike,06/09/2018,80.4,-0.005970149253731393,-0.009950248756219046,0.0223880597014925,0.012437810945273627,8577029.0,21.379,18.968,1,0.0,@Nike

,Nike,07/09/2018,80.3,0.0012453300124534064,-0.004732254047322485,-0.008717310087173136,0.023661270236612773,6633912.0,21.364,18.219,-1,0.0,@Nike
,Apple,10/09/2018,218.33,0.013603261118490351,0.013603261118490351,0.013603261118490351,0.04259607016901013,39516453.0,18.75,22.799,1,0.13636363636363635,@Apple
17629,Check out OLIN STEWART Women's Black Suede Thigh High Ruffle Top Boots ruffle Edge S-061 #ClubWear https://t.co/b2DI2chudq via @eBay

3179,"RT @Sony: Welcome to Out of the Comfort Zone. In our first episode, @skottmusic performs her single ""Wolf"" in a totally new w… 
",Sony,28/02/2017,3478.0,-0.006900517538815411,0.0023001725129384704,0.0023001725129384704,0.012363427257044278,5951700.0,11.009,20.938,-1,0.8,@Sony


,Starbucks,26/09/2018,57.27,-0.00646062510913226,-0.010127466387288377,0.003143006809848083,-0.03212851405622496,7757332.0,16.29,12.894,-1,0.10000000000000002,@Starbucks
56703,Just switch to @TMobile our customer service is the best ☺️☺️☺️☺️ right @JohnLegere ?
679992,RT @Starbucks: @hyungnyan *sips Starbucks like Hyungwon*
46261,@JLPtalk @Nike @Kaepernick7 Agreed. I’m not happy that they’ve chosen someone who is promoting false witnessing. Bu… https://t.co/7grixZEXQE
,eBay,31/08/2017,36.13,-0.012178245225574449,-0.0257403819540548,-0.03653473567672295,-0.0345972875726543,8591090.0,16.855,18.385,-1,-0.2,@eBay
54215,RT @Nike: Don’t ask if your dreams are crazy. Ask if they’re crazy enough. #justdoit https://t.co/Wd5L42egV8
16183,RT @McDonalds: Press pause. Make a play for two 10 Pc. #McNuggets for just $5 only on the McPick 2 menu. https://t.co/XsDgZsFGFs
33051,Check out SO Women's Sz M Medium Brown Fitted L/S Casual Thin Knit Top #A35 #SO #KnitTop #Casual https://t.co/JSZaioQd3d via @eBay
54105,"RT @LaliGanguli: Dear @Nike , is it the way you want your brand name to be abused  by @INCIndia disrespecting an elected Prime Minister of…

",Nike,08/09/2018,80.3,0.0,0.0012453300124534064,-0.004732254047322485,0.023661270236612773,6633912.0,21.364,18.219,1,0.0,@Nike
,Reuters,23/09/2018,49.9725,0.0,0.0,0.003085697133423443,0.0033058182000101216,3027903.0,10.397,13.679,1,-0.0625,@Reuters
50337,RT @Nike: Don’t ask if your dreams are crazy. Ask if they’re crazy enough. #justdoit https://t.co/Wd5L42egV8

12036,The first #SalvationArmy @eBay store is open for business!  https://t.co/3a1agIPBGO #ebay #thrifting
,Nike,06/09/2018,80.4,-0.005970149253731393,-0.009950248756219046,0.0223880597014925,0.012437810945273627,8577029.0,21.379,18.968,1,0.0,@Nike

43749,"RT @Boo3zero5: @Nike has chosen to side with those who have declared war on the






 👉🇺🇸red white &amp; blue🇺🇸👈. #BoycottNike &amp; retweet, you know w…

",Nike,04/09/2018,79.6,0.03266331658291468,0.03266331658291468,0.03266331658291468,0.03743718592964829,18565837.0,20.517,20.153,1,0.0,@Nike

43033,"RT @purpleheartvet: Here @Nike. This one makes much more sense. 













#PatTillman https://t.co/NYSmVGaQ20

",Nike,04/09/2018,79.6,0.03266331658291468,0.03266331658291468,0.03266331658291468,0.03743718592964829,18565837.0,20.517,20.153,1,0.0,@Nike
,McDonald's,19/10/2018,167.49,-0.004059943877246443,-0.004298764105319714,-0.020419129500268758,-0.021911755925727004,3509973.0,22.823,19.084,-1,0.0,@McDonalds
11677,RT @JCeBayStore: Check out  Eagle Eye 2.0 SkyDrones Live Streaming High Resolution Drone - BRAND NEW  https://t.co/ziEnQVxusf via @eBay.
62896,RT @MrXPedraza: .@Madonna iChat with Steve Jobs from @Apple ♥️📱#AppleEvent⁠ ⁠ #App #iTunes #iPhone https://t.co/bA6TL9dem7

17458,Say whaaaaaat?!?! Thanks @Walmart!!! https://t.co/Dsv9zOkwVx
,eBay,18/09/2018,34.12,0.00234466588511153,-0.0005861664712777263,-0.0005861664712777263,-0.00029308323563886316,8724806.0,14.582,14.156,1,0.0,@eBay
,Pepsi,15/09/2018,114.57,0.0,0.003665881120712243,-0.006284367635506667,-0.015972767740246124,2698325.0,14.326,14.228,1,0.3333333333333333,@pepsi
,Ryanair,21/10/2018,11.45,0.0,0.0,0.016157205240174718,0.002183406113537149,1782490.0,32.293,48.479,-1,-1.0,@Ryanair
44864,"RT @ThomasWictor: @Nike and @Kaepernick7 are grateful for the support.













Hopefully the Grand Ayatollah will add his voice to the chorus of p…

",Nike,04/09/2018,79.6,0.03266331658291468,0.03266331658291468,0.03266331658291468,0.03743718592964829,18565837.0,20.517,20.153,1,0.5,@Nike
45062,@vegetarianbeth @HemiBParks @Kaepernick7 @Nike what does the flag represent? it represents what soldiers died to pr… https://t.co/OrdPTQ63r0

,Ryanair,01/10/2018,11.43,0.1469816272965879,0.1469816272965879,0.1469816272965879,0.1408573928258967,8791892.0,74.954,49.664,-1,0.0,@Ryanair
32282,Check out Lauren James Love Me Some Texas Hot Pink Lovely State T-Shirt Size Small #TShirt https://t.co/F7U5cUJuJp via @eBay
15714,RT @drrodberger: I was lucky enough to speak with @margo_day to discuss her role at @Microsoft &amp; their work in #edu. Learn more here… 

34504,Check out Etienne Aigner Heels Big City Shoes Womens Brown Leather Lace Up Casual Size 6.5 https://t.co/xj28XzKm5O @eBay
,Apple,22/10/2018,220.65,-0.006072966236120568,-0.006072966236120568,-0.006072966236120568,-0.014910491728982516,28792082.0,41.348,28.719,-1,0.0,@Apple
25347,"Check out Harley Davidson Poker Chip (Black &amp; White) ""Barnett El Paso"" TX WORLD'S LARGEST  https://t.co/47cjPCQvM3 via @eBay

",eBay,19/10/2018,28.75,0.09739130434782613,0.11373913043478273,0.1217391304347826,0.10330434782608693,39779447.0,58.203,35.868,1,-0.08333333333333333,@eBay

23085,RT @CBS: Join @happytogether's @wayansjr and @TheNeighborhood's @iamgreenfield for a Facebook Live TODAY at 5:45p ET/2:45 PT on CBS's Faceb…
,Tesco,28/02/2017,188.4,0.003715498938428815,0.008492569002123113,0.008492569002123113,0.01565817409766448,30335967.0,11.977,34.619,1,0.0,@Tesco
,Morgan Stanley,31/07/2017,46.9,-0.005117270788912623,-0.005117270788912623,-0.005117270788912623,-0.0040511727078890785,6764635.0,21.676,18.351,-1,0.25,@MorganStanley
25749,@ULTIMATERPE And after that your group should go to @McDonalds kayyy

,Nike,14/09/2018,83.49,-0.00023954964666422359,-0.005868966343274583,-0.010300634806563654,-0.038208168642951235,4884358.0,23.117,18.114,-1,0.0,@Nike
,Apple,12/09/2018,221.07,0.012575202424571408,-0.012394264260188994,0.0010403944451984359,0.02623603383543679,49278740.0,22.583,17.953,-1,0.13636363636363635,@Apple

,CBS,22/09/2018,56.74,0.0,-0.000704970038773337,-0.013570673246387084,-0.01568558336270709,6121104.0,15.473,18.182,1,0.0,@CBS
55501,RT @Nike: Don’t ask if your dreams are crazy. Ask if they’re crazy enough. #justdoit https://t.co/Wd5L42egV8
,Reuters,03/09/2018,49.0473,0.0,0.0,0.0,-0.028521447663785726,3566561.0,19.213,16.855,1,0.0,@Reuters
,Facebook,21/09/2018,162.93,0.01896519977904624,0.0007978886638433403,-0.016141901430061962,-0.003743939114957427,45994800.0,24.339,21.958,1,0.0,@facebook

76662,@Reuters @JohnCornyn @LindseyGrahamSC @ChuckGrassley and all the Republicans are 💩 #KavanaughHearings
,Ryanair,26/09/2018,13.11,-0.007246376811594115,-0.005339435545385224,0.028222730739893287,0.048817696414950464,840471.0,28.204,28.982,1,0.0,@Ryanair
,Nike,04/09/2018,79.6,0.03266331658291468,0.03266331658291468,0.03266331658291468,0.03743718592964829,18565837.0,20.517,20.153,-1,0.13636363636363635,@Nike




,Reuters,30/06/2017,50.9858,0.003240117836731125,0.01123253925602824,0.003455864181791822,0.005183796272687803,1232971.0,12.251,15.666,-1,0.0,@Reuters
57702,@Reuters @WhitesidePaula @theresa_may you are an incompetent pm 👎👎👎👎 @Conservatives you suck 👎👎👎👎👎

76254,@YoungSheldon @CBS Friend? Rival for sure! 😂
39692,@Newlysane @amazon My roomies went to see it when it came out. They loved it. Theater was full of old gals. Haha!  I haven't seen it.
36614,vintage needlepoint patriotic star decoration Magnet 4th Fourth Of July Stars  https://t.co/Q8zvUtm1Rg via @eBay
71833,Check out Mobile Suit Gundam The OriginⅠ Blu-ray Disc Collector's Edition Limited Edition #BANDAI https://t.co/03EagTV2Ay via @eBay
8557,"@netflix @hulu @AmazonVideo @heretv @Showtime @TWC_Wisconsin @XFINITY ""You know, if my mom was alive, maybe i'd tel… https://t.co/MatR6dD0AS
",Netflix,31/05/2017,163.07,0.0009198503710063511,-0.003924694916293533,-0.003924694916293533,-0.03262402649169065,5328919.0,18.548,26.631,-1,0.1,@netflix
,Nike,04/09/2018,79.6,0.03266331658291468,0.03266331658291468,0.03266331658291468,0.03743718592964829,18565837.0,20.517,20.153,-1,0.0,@Nike
62541,@KoblerinPAK @BMW @BMWpakistan How much time it does take to be charged?
11336,"@McDonalds I need that god damn sauce, I'll go to mcdonalds  every day if that's what it takes
",McDonald's,31/07/2017,155.14,0.00457651153796576,0.00457651153796576,0.00457651153796576,-0.021206652056207247,4280364.0,29.535,18.408,1,0.0,@McDonalds
40541,"RT @leahmcelrath: Thank you, @Kaepernick7. Good job, @Nike.













(And brava @B4IleaveU, aka Colin’s mom.) https://t.co/6kkBce6S7b

",Nike,03/09/2018,82.2,0.0,0.0,0.0,0.005474452554744561,5177091.0,13.223,17.918,1,0.0,@Nike
,Amazon,12/09/2018,1990.0,-0.0014321608040200548,-0.025623115577889453,-0.01906030150753772,0.0024221105527637873,4414012.0,23.471,19.858,1,0.1,@amazon
55830,RT @PlayCraftLearn: We're proud to be part of a company @Microsoft and team #MinecraftEdu @MicrosoftEDU that encourage girls in #STEM. The…
,eBay,01/04/2017,33.57,0.0,0.003872505212987863,0.002383080131069357,-0.005064045278522542,10222995.0,12.663,12.648,1,0.0,@eBay
8666,RT @FifthHarmony: Who's hanging with us in Miami at the #iHeartSummer17 Weekend by @iHeartRadio @ATT? 🌴 Visit https://t.co/jxU4PCKV2z… 
,Nike,05/09/2018,79.92,-0.004004004004004097,0.028528528528528538,0.028528528528528538,0.03591091091091097,12269138.0,21.037,19.239,1,-0.5,@Nike
,Tesco,10/09/2018,240.4,-0.006239600665557404,-0.006239600665557404,-0.006239600665557404,0.019134775374376016,16565201.0,20.601,18.043,1,0.2857142857142857,@Tesco
,Pepsi,31/07/2017,116.61,0.0,0.0,0.0,-0.0041162850527399365,3098647.0,7.837999999999999,9.644,1,0.0,@pepsi
,Apple,29/09/2018,225.74,0.0,-0.003499601311243113,-0.023566935412421462,-0.03579339062638439,22929364.0,15.841,20.065,-1,-0.07500000000000001,@Apple
,Apple,31/08/2017,164.0,-0.003963414634146376,-0.006646341463414655,-0.015426829268292691,-0.028841463414634082,26785096.0,10.229,23.181,-1,0.0,@Apple
74425,@CVYT_HB @Tesco Nice work guys 👍🏼
72108,RT @pasteelsix: Where is @Kaepernick7 and @Nike about these injustices. #KidsMatter https://t.co/pYRo5iXWXP

,Nike,05/09/2018,79.92,-0.004004004004004097,0.028528528528528538,0.028528528528528538,0.03591091091091097,12269138.0,21.037,19.239,1,-0.6,@Nike
,Amazon,12/09/2018,1990.0,-0.0014321608040200548,-0.025623115577889453,-0.01906030150753772,0.0024221105527637873,4414012.0,23.471,19.858,-1,0.0,@amazon
,Reuters,22/09/2018,49.9725,0.0,0.003085697133423443,0.000660363199759893,0.0033058182000101216,3027903.0,10.397,13.679,1,0.0,@Reuters

,eBay,28/04/2017,33.41,-0.010475905417539491,-0.011972463334330998,-0.01795869500149639,-0.036815324753067855,10127598.0,28.496,18.344,-1,0.0,@eBay
55586,"CrochetKnittByJoanna  https://t.co/zhJ0wQrdy5 przez @amazon













#Crochet and #knitting, it's my childhood #hobby. I pr… https://t.co/hdxssNs726

",Amazon,09/09/2018,1952.07,0.0,0.0,0.003196606679063768,0.031064459778594056,4892643.0,26.915,20.099,-1,0.0,@amazon

107538,@Nike @KingJames Screw Nike and screw LaBron James.
26919,"RT @theJeremyVine: If this is @Ryanair, they need to explain how this man's disgusting racial abuse of the black lady in the seat next to h…

",Ryanair,21/10/2018,11.45,0.0,0.0,0.016157205240174718,0.002183406113537149,1782490.0,32.293,48.479,-1,-0.3888888888888889,@Ryanair
41758,RT @sclancy79: First the @NFL forces me to choose between my favorite sport and my country. I chose country. Then @Nike forces me to choose…

,Apple,13/09/2018,226.41,-0.02358553067444019,-0.011306921072390806,-0.035687469634733376,-0.014619495605317797,41706377.0,25.87,17.349,1,0.0,@Apple
61876,RT @aDrive_tK: The fact that companies like @verizon use terms like “unlimited” and then throttle your connection completely is such nonsen…

,adidas,01/06/2017,171.169,-0.0056902827030596535,0.014336708165613981,0.00868732071812049,-0.0019629722671746213,553159.0,14.67,17.644000000000005,1,0.0,@adidas
,AT&T,09/09/2018,32.12,0.0,0.0,0.0018679950186800208,-0.0056039850560397324,25757787.0,10.568,15.437,-1,0.0,@ATT
,Sony,29/09/2017,4186.0,-0.015766841853798376,-0.026755852842809364,-0.020783564261825132,-0.002866698518872432,6521400.0,20.414,23.83,-1,0.0,@Sony
44198,S/o to @Nike tho
12917,"RT @taniagiguere: The White Pearl by Tania Giguere John the Man https://t.co/D8JLD2iGnY via @amazon





#Crimefiction #Detective #YA #BN #Indie…
",Amazon,31/08/2017,980.6,-0.013267387313889446,-0.027065062206812242,-0.03526412400571083,-0.028706914134203523,3331488.0,16.105,20.357,1,0.0,@amazon
,Reuters,15/09/2018,50.1377,0.0,0.002636738422384701,-0.006591846055961894,-0.016696019163224468,2585085.0,11.593,17.185,1,0.0,@Reuters

25243,RT @RoderickLappin: The first of many celebrations with @lenovo's @PeterHortensius and his amazing career transcending both @IBM and #Lenov…
5972,"RT @Reuters: EXCLUSIVE: Trump tells @Reuters there is a chance of 'major, major conflict with North Korea' in 100 days interview
",Reuters,28/04/2017,50.0386,-0.03566047011706972,-0.05260938555435205,-0.05503151566990287,-0.0616344182291271,2448752.0,23.42,15.044,1,0.0625,@Reuters

54511,RT @votevets: Thank You @Nike for standing up for the Constitution of the United States we have fought to protect and defend! #JustDoIt htt…
,Goldman Sachs,17/09/2018,227.89,0.005923910658651204,0.005923910658651204,0.005923910658651204,0.01764008951687222,1918787.0,8.777000000000001,16.835,1,0.0,@GoldmanSachs
64261,"RT @katy_sotomayor: Scientists and beekeepers have spoken, but @Bayer just doesn’t know when to give up. Help keep the chemical giant from…

",Bayer,17/09/2018,72.54,-0.007030603804797423,-0.007030603804797423,-0.007030603804797423,-0.0005514199062587021,3124878.0,33.998000000000005,45.422,-1,0.0,@Bayer
,Reuters,25/09/2018,50.3359,-0.005687789430605278,-0.007219499403010687,-0.007219499403010687,-0.0017502418750832765,2331720.0,7.2010000000000005,13.393,-1,0.0,@Reuters
23722,RT @RagaliePetricaD: (🎧)#91 on @tech_eu: @Apple is shopping in Europe; @HelloFresh and subscription marketing; $19M for @Pitch; interview w…

47496,"RT @QualitySMC: @Lennydaman Sold my stocks in @Nike  













#Nike support @Kaepernick7 who wore cops are pigs socks #BoycottNike













What's wrong w…

",Nike,05/09/2018,79.92,-0.004004004004004097,0.028528528528528538,0.028528528528528538,0.03591091091091097,12269138.0,21.037,19.239,1,-0.5,@Nike
,Tesco,10/09/2018,240.4,-0.006239600665557404,-0.006239600665557404,-0.006239600665557404,0.019134775374376016,16565201.0,20.601,18.043,1,0.5,@Tesco
49008,RT @Nike: Don’t ask if your dreams are crazy. Ask if they’re crazy enough. #justdoit https://t.co/Wd5L42egV8

,Nike,04/09/2018,79.6,0.03266331658291468,0.03266331658291468,0.03266331658291468,0.03743718592964829,18565837.0,20.517,20.153,-1,0.0,@Nike

,Amazon,23/09/2018,1915.01,0.0,0.0,0.015294959295251704,0.02881447094271052,6855898.0,27.813,22.493,1,0.0,@amazon
7965,RT @Reuters: BREAKING: Trump to pull U.S. out of Paris climate deal - source https://t.co/qCOEVLqCOt https://t.co/rPZfCCBfAj
76200,RT @netflix: If Jamey and Peter Kavinsky had a conversation https://t.co/Z9FkHzw2Js
,eBay,29/09/2018,33.02,0.0,0.009691096305269542,0.01695941853422154,0.03089036947304652,8467405.0,22.738000000000003,17.202,-1,0.0,@eBay

10039,Check out Tsavorite Bracelet 10.64ct Top Gem Quality AAA Green Garnets and 3.92ct Diamonds https://t.co/9ZLhzIPmNr via @eBay
42658,RT @sclancy79: First the @NFL forces me to choose between my favorite sport and my country. I chose country. Then @Nike forces me to choose…
,eBay,01/09/2017,36.35,-0.006052269601100381,-0.018156808803301342,-0.031636863823933936,-0.045942228335625904,5122878.0,11.82,18.392,-1,-0.2130952380952381,@eBay
68232,"So called “manager” @ATT can’t even send me a payment confirmation email. Instead, they sent a “payment arrangement… https://t.co/a9juYRs7gx

",AT&T,20/09/2018,33.44,-0.0020933014354067073,0.00837320574162683,0.005382775119617217,0.0071770334928230265,24775754.0,14.726,14.514,-1,0.0,@ATT
550385,@SocialM85897394 @Tesco I know an ex butcher who worked at Tesco &amp; he said all the meat except from Pork IS HALAL &amp;… https://t.co/2HUinPg1fm

,Netflix,10/09/2018,348.41,0.0007749490542750834,0.0007749490542750834,0.0007749490542750834,0.055308401021784616,5752184.0,38.166,35.868,-1,0.0,@netflix
34045,RT @Reuters: Brazil's Bolsonaro says Trump called to wish him luck https://t.co/IyG5xTUswF
,Intel,31/03/2017,36.07,-0.008871638480731917,-0.01386193512614361,-0.013030219018574962,-0.025228721929581473,21438385.0,11.049,11.681,1,0.0,@intel


43066,@johnrich @Nike Peoples racism is showing
12482,RT @GoT_Tyrion: When Daenerys and Jon go to @Starbucks #GameofThrones https://t.co/2viarpA7WW

,Ryanair,21/07/2018,15.495,0.0,0.02613746369796716,0.02742820264601489,0.010003226847370194,1796024.0,30.038,24.315,1,0.0,@Ryanair
,Apple,29/12/2017,169.23,0.010931867872126829,0.008095491343142497,0.007918217810080976,0.03415470070318502,25999922.0,18.274,16.387999999999998,1,-0.375,@Apple

40523,"Amber Alert Issued for Florida Boy, 2, Who Vanished After Stranger Knocked Out Mother https://t.co/YFwA8GCXdZ via @Yahoo

",Yahoo,03/09/2018,3.35,0.0,0.0,0.0,0.05343283582089547,1500.0,33.796,56.804,1,0.0,@Yahoo
,Shell,31/03/2017,2096.0,0.012881679389312978,0.016221374045801526,0.00715648854961832,-0.006202290076335878,6741165.0,13.674,13.675999999999998,1,0.0,@Shell

,Nike,05/09/2018,79.92,-0.004004004004004097,0.028528528528528538,0.028528528528528538,0.03591091091091097,12269138.0,21.037,19.239,1,0.0,@Nike
19748,@Walmart. We see you for what you are...monsters.never shopping there https://t.co/iTj78AW8QW
72204,RT @angewienie: @c_toro5 @netflix Took back my retweet😤
,Amazon,31/08/2017,980.6,-0.013267387313889446,-0.027065062206812242,-0.03526412400571083,-0.028706914134203523,3331488.0,16.105,20.357,1,-0.16666666666666666,@amazon
,Apple,03/09/2018,227.63,0.0,0.0,0.0,-0.04256908140403285,43340134.0,9.004,21.817,-1,0.0,@Apple
,Reuters,05/09/2018,48.9922,-0.002473863186384663,0.0011246688248334026,0.0011246688248334026,0.01191414143475901,2480604.0,19.22,16.910999999999998,-1,-0.6,@Reuters
77552,"RT @facebook: If you've been logged out of your account and asked to sign back in, it’s because we've discovered a security issue and are t…

",Facebook,29/09/2018,164.46,0.0,0.02663261583363733,0.015140459686245776,-0.00930317402407881,34265638.0,26.211,23.132,-1,0.0,@facebook
42520,@sclancy79 @NFL @Nike Go grab your kids Jordan’s and watch there be another school shooting.
19573,RT @BrunoMars: Ladies put your hoops on tonight! Fellas break out that good cologne! #BrunosTvSpecial is airing on @CBS! What y’all trynna…
412482,Check out Nike Classic Cortez SE OG https://t.co/gDIG8Jd9fI @eBay
,Nike,04/09/2018,79.6,0.03266331658291468,0.03266331658291468,0.03266331658291468,0.03743718592964829,18565837.0,20.517,20.153,-1,0.0,@Nike
64688,@Apple Too expensive. 😭
14306,I went to @netflix to turn on Gossip Girl and instead started Moana but didn't notice for 8 min. #toddlermom #itsmauitime #alldayeveryday
,Sony,29/09/2018,6966.0,0.0,-0.043209876543209874,-0.02842377260981912,-0.07493540051679587,10999200.0,39.149,24.595,1,0.7,@Sony
,Nike,05/08/2018,78.74,0.0,0.0,-0.001143002286004435,-0.023495046990093908,3762061.0,22.546,36.702,-1,-0.225,@eBay
52777,RT @IndivisibleNet: BREAKING NEWS: @Ford says it stands by NFL players. They believe players have a right to protest and that this right sh…

,Nike,05/09/2018,79.92,-0.004004004004004097,0.028528528528528538,0.028528528528528538,0.03591091091091097,12269138.0,21.037,19.239,1,0.25,@Nike
2781,Check out Audubon Magazine 1986 July Yellow Lady's-Slipper Roadbirding Spotting Scopes  https://t.co/yJiOq7igib via @eBay

40373,RT @williamsmjw: Myanmar just sentenced two of our @Reuters colleagues to seven years in jail for exposing this massacre. Please share the…
26078,@MayorKev @JenVh16 @netflix It's a fucked up place so post about the truth? Lmao it's fucked up because Netflix too… https://t.co/mYyUda6FsB
,Netflix,24/10/2018,301.83,0.10380015240367108,0.09180664612530244,0.10217672199582556,0.2082960606964185,19039297.0,83.53399999999998,58.904,-1,-0.6,@netflix
,Nike,04/09/2018,79.6,0.03266331658291468,0.03266331658291468,0.03266331658291468,0.03743718592964829,18565837.0,20.517,20.153,1,0.0,@Nike
60021,"RT @DigitalStormPC: Biggest giveaway ever 🔥 $8,000 Aventum X powered by a limited edition @intel Core i7-8086K can be yours!













Delicious tem…

",Intel,13/09/2018,45.57,-0.01404432740838272,-0.01404432740838272,0.01601931095018646,0.03708580206276054,18657116.0,20.403,19.337,1,-0.07142857142857142,@intel
,eBay,21/10/2018,28.75,0.0,0.0,0.09739130434782613,0.10330434782608693,39779447.0,58.203,35.868,-1,0.0,@eBay
31218,@naynanjani @netflix Lol but i love sarah paulson and sandra
,Nestle,29/12/2017,83.8,0.0011933174224344693,0.002983293556085919,-0.002386634844868769,-0.002386634844868769,2980144.0,10.946,11.368,1,0.14285714285714285,@Nestle

,Starbucks,31/07/2017,53.98,0.00037050759540576376,0.00037050759540576376,0.00037050759540576376,0.0748425342719527,20299407.0,56.088,31.82800000000001,-1,0.0,@Starbucks
38920,"@Garry_Tonon @TheoVon @netflix @Spotify “Pot will make you forget how to get home, cocaine will make you forget how to get to heaven” 😂😂😂

",Netflix,11/09/2018,355.93,-0.02112774983845133,-0.020369173713932515,-0.020369173713932515,0.021549181018739684,6198063.0,39.985,36.327,1,0.0,@netflix
15467,"RT @Adobe: At just 24 yrs old, artist @FilipHodas has created a ground-breaking 3D style unlike any other. Behind his process:… 
",Adobe,29/09/2017,149.18,-0.01575278187424584,-0.0184341064485856,-0.0253385172275104,-0.004558251776377576,2181258.0,30.207,19.7,1,-0.012499999999999995,@Adobe
62581,@Google Assistant can now understand two languages at once https://t.co/iIFwjq828I
,eBay,18/09/2018,34.12,0.00234466588511153,-0.0005861664712777263,-0.0005861664712777263,-0.00029308323563886316,8724806.0,14.582,14.156,-1,0.0,@eBay
64703,@intel Walls are racist. Right?
5760,"A Dozen Summers Amazon Instant Video ~ Hero Hall,Kenton Hall, Sarah Warren Sca... https://t.co/Jv3qGqcSCz via @amazon
",Amazon,01/04/2017,886.54,0.0,-0.011505403027500092,-0.013783924019220694,-0.0461682495995668,3957612.0,16.898,11.545,1,0.0,@amazon
296350,Just saw this on Amazon: icyzone Activewear Running Workouts Clothes... by icyzone for $9.35 https://t.co/XexchlgRSd via @amazon
43438,"RT @votevets: PSA: Even if you don't like @Nike making @Kaepernick7 the face of their new campaign, if you own Nike gear, you already paid…

",Nike,04/09/2018,79.6,0.03266331658291468,0.03266331658291468,0.03266331658291468,0.03743718592964829,18565837.0,20.517,20.153,1,0.36818181818181817,@Nike
74768,"Check out Novelty Tall Hat Got Beer Hat Mug 11"" Mardi Gras Crazy Party Halloween Yellow #noveltyhat #Gotbeer https://t.co/dSXGQQ0UZx @eBay

",eBay,26/09/2018,33.58,-0.02441929720071472,0.004169148302561066,0.013698630136986328,0.019058963668850525,14006968.0,22.941,17.04,-1,-0.3,@eBay
,Walmart,01/12/2017,97.35,-0.0012326656394452012,0.0021571648690293576,-0.0059578839239856005,-0.007498715973292141,8296198.0,7.761,33.812,-1,0.0,@Walmart
,Netflix,23/09/2018,361.19,0.0,0.0,0.0115451701320635,0.009330269387303095,11930568.0,44.094,41.762,1,-0.1,@netflix
,Nike,05/09/2018,79.92,-0.004004004004004097,0.028528528528528538,0.028528528528528538,0.03591091091091097,12269138.0,21.037,19.239,-1,0.4166666666666667,@Nike



702538,"RT @Apple: The all-new iPhone XS, iPhone XS Max, iPhone XR and Apple Watch Series 4 are here. #AppleEvent
",Apple,16/09/2018,223.84,0.0,0.0,0.011481415296640428,-0.011347390993566795,31999289.0,25.688,17.88,-1,0.0,@Apple
,eBay,26/09/2018,33.58,-0.02441929720071472,0.004169148302561066,0.013698630136986328,0.019058963668850525,14006968.0,22.941,17.04,-1,-0.05,@eBay
24469,"RT @Errica22: @iwward @DDawn0 Take a hint @Tesco, Halal meat is unwanted in this country - we want humane slaughter under the Animal Welfar…

",Tesco,18/10/2018,209.1,-0.0014347202295551553,-0.002391200382592061,0.03299856527977047,0.04399808703969401,22910545.0,27.897,32.569,-1,0.0,@Tesco

,Reuters,28/04/2017,50.0386,-0.03566047011706972,-0.05260938555435205,-0.05503151566990287,-0.0616344182291271,2448752.0,23.42,15.044,-1,0.0,@Reuters
,Nike,06/09/2018,80.4,-0.005970149253731393,-0.009950248756219046,0.0223880597014925,0.012437810945273627,8577029.0,21.379,18.968,1,1.0,@Nike
,eBay,05/09/2018,34.13,0.019630823322589936,0.01406387342513908,0.01406387342513908,0.02343978904189854,8820676.0,13.54,15.493,-1,-0.2333333333333333,@eBay


55006,RT @Marina_Sirtis: To all the idiots burning their sneakers....FYI @Nike doesn’t care what you do with them after you’ve bought and paid fo…
73945,"Outrage over Church's handling of sexual abuse scandals justified,... https://t.co/z2lZKOq1mN @Reuters

",Reuters,25/09/2018,50.3359,-0.005687789430605278,-0.007219499403010687,-0.007219499403010687,-0.0017502418750832765,2331720.0,7.2010000000000005,13.393,-1,0.45,@Reuters
37752,Hey @netflix I'd love to watch #Ozark but ummm? https://t.co/T5qdvcpF9B
55503,@Nike Like 90 percent dont even know what the issue is nike you are caulmny incarnate may you run to  Jesus
,Netflix,27/10/2018,299.83,0.0,0.043491311743321284,0.00667044658639896,0.10952873294867102,19616041.0,81.178,60.422,1,0.4285714285714286,@netflix
65567,"@cpark2005 @HiuGregg @netflix Yeah, I can’t even commit his name to memory. I just call him sokka... it also annoys my son. So, that’s fun.

",Netflix,18/09/2018,367.65,-0.04705562355501144,-0.008404732762137834,-0.008404732762137834,-0.031878144974840115,10413981.0,42.772,41.89,1,0.0,@netflix
32598,RT @OriginalFunko: RT &amp; follow @OriginalFunko for the chance to win a @Walmart exclusive chrome Thanos Pop! prize pack! https://t.co/J2ELLu…
40439,@amazon.. Making fool the customer.. Selling wrost items on high prices.. If anyone want to contact Amazon.. Your i… https://t.co/VpUdONHDLj

,Ryanair,21/10/2018,11.45,0.0,0.0,0.016157205240174718,0.002183406113537149,1782490.0,32.293,48.479,1,0.0,@Ryanair
46937,@johnrich @Nike L-O-FUCKING-L
,Amazon,26/08/2018,1905.39,0.0,0.0,-0.0013068190764095589,-0.012160240160807013,2800863.0,14.976,19.578,1,0.0,@amazon
69588,Check out Obituary - SONJA HENIE.  - 1/13/69  -  Newspaper Clipping   https://t.co/tzwbjXUiGs via @eBay
54629,@MMIX_Mustang @bigbobcheatham @Nike Don’t forget hiding behind a badge while murdering innocent people #takeaknee
,Nike,12/09/2018,83.0,-0.0044578313253012605,-0.010843373493975971,-0.032530120481927736,-0.03710843373493974,5384257.0,25.629,18.444000000000006,1,0.375,@Nike

48441,@ABC7 @KingJames @Nike @Kaepernick7 i see him play  basketball on tv
,Google,14/09/2018,1177.98,0.0035314691251125507,-0.005416051206302406,0.010195419277067514,-0.00033107523047938,1208767.0,16.637,16.840999999999998,1,-0.1555555555555556,@Google


24098,@docscorpion23 @Reuters If you give a Company Benefits and financing to open up and research a product in America t… https://t.co/aMS75a18EX
,Siemens,22/10/2018,100.26,0.0,0.0,0.0,0.003391182924396461,2123609.0,20.022,15.498,-1,0.0,@Siemens
,eBay,24/09/2018,33.72,0.00948991696322658,0.00948991696322658,0.00948991696322658,0.014234875444839975,8746536.0,9.487,14.181,-1,0.0,@eBay
21221,Check out Point Zero Denim Jeans Junior Size 15/16 https://t.co/vSQvhVaNAG @eBay
33814,@Kawsara_M @sanababaa @Starbucks LOL you an asshole 😂😂
7938,RT @DjCowboy64: The Take Over by #VersitaleRecordsCamp #madstreetentertainment https://t.co/PW6w9y0zKw via @amazon @NSHC13 @madstreetmedia…
77310,Check out Dolphos Shard Crystal from Arkansas DT Self Healed   N-352  https://t.co/eNipK6XGPx via @eBay
59257,"RT @Apple: The all-new iPhone XS, iPhone XS Max, iPhone XR and Apple Watch Series 4 are here. #AppleEvent

",Apple,13/09/2018,226.41,-0.02358553067444019,-0.011306921072390806,-0.035687469634733376,-0.014619495605317797,41706377.0,25.87,17.349,-1,0.0,@Apple
47311,RT @RodStryker: @Nike @RealCandaceO @charliekirk11 @CB618444 @DineshDSouza @MikeTokes @Thomas1774Paine @RubyRockstar333 @GartrellLinda @cod…
67865,RT @birdwriter7: #Kindle Johari's Window by Suzy Davies https://t.co/ZaIJUCxVTf via @amazon
15682,Check out Magnetic K Cup Holder Coffee Keurig Pod Organizer Holds 16 K-cups Clear  #Unbranded https://t.co/ZkcZLjzLD1 via @eBay
63504,RT @MTHallett37: Just remembered: ATL is the home of @CocaCola. I miss you already @pepsi.
19088,@KrisWuOfficial_ x @Burberry 💖💖💖 always handsome and cool days by days @carolanemonnie1 @GeorgListing7 https://t.co/053ld5e99q

,eBay,01/08/2017,35.91,-0.0050125313283207965,0.0008354218880534987,0.0008354218880534987,0.01141743247006415,4685371.0,19.951,20.842,1,0.0,@eBay
,eBay,18/10/2018,31.55,0.0148969889064977,0.022187004754358138,0.009825673534072859,-0.004754358161648245,8705346.0,34.121,23.542,-1,0.03,@eBay
36404,"RT @netflix: Brace yourself for a six-part dog-umentary series that will make you laugh, cry, and hug the nearest dog. https://t.co/zhFTOVz…

",Netflix,31/10/2018,301.78,-0.05291934521837089,-0.05613360726356949,-0.006461660812512389,0.00016568361057727938,20360342.0,76.976,62.557,1,0.3,@netflix


22480,Making connections &amp; making a difference. @Cisco and Live Nation are proud to be a part of the #GlobalCitizen event… https://t.co/GzpAn9mH4h
54294,RT @Reuters: Reports that Musk security clearance under review are inaccurate - U.S. Air Force https://t.co/pnsifqNCau
,eBay,31/08/2017,36.13,-0.012178245225574449,-0.0257403819540548,-0.03653473567672295,-0.0345972875726543,8591090.0,16.855,18.385,-1,0.0,@eBay
30719,@Reuters No surprise there........the MAGATs fomenting this domestic terrorism wouldn’t want to risk hurting the Coward In Chief in the WH.
,Netflix,11/09/2018,355.93,-0.02112774983845133,-0.020369173713932515,-0.020369173713932515,0.021549181018739684,6198063.0,39.985,36.327,-1,0.0,@netflix
,Netflix,04/09/2018,363.6,0.011221122112211176,0.011221122112211176,0.011221122112211176,0.013448844884488413,7605161.0,35.184,35.713,-1,0.0,@netflix
,eBay,01/03/2017,34.27,-0.010796615115261293,0.0002918004085205138,-0.0061278085789320345,-0.013131018383425818,5736123.0,15.84,22.073,1,-0.07142857142857142,@eBay
51878,Shoutout @BMW for the dollar they gave me for doing a survey 😎💯
,Amazon,31/05/2017,994.62,0.0020912509300034595,0.001166274557117259,0.001166274557117259,-0.014347187870744587,3913115.0,10.034,14.566,1,0.0,@amazon
,Nike,06/09/2018,80.4,-0.005970149253731393,-0.009950248756219046,0.0223880597014925,0.012437810945273627,8577029.0,21.379,18.968,1,-0.6,@Nike
61950,@JayValenz67 @mommamia1217 @Yahoo I could actually get into some ostrich meat.
,eBay,05/09/2018,34.13,0.019630823322589936,0.01406387342513908,0.01406387342513908,0.02343978904189854,8820676.0,13.54,15.493,-1,0.3,@eBay


12497,@netflix Don't remove @AmericanDadTBS. It hasn't been on Hulu in like 2 years and Netflix is where I go to rewatch the episodes.
47715,Check out MCFARLANE’S TWISTED CHRISTMAS MONSTERS SANTA CLAUS SERIES 5 #McFarlane https://t.co/tv5qDmUmVk via @eBay
30999,"Check out Beautiful vintage 10k yellow gold, Ruby and diamond heart Pendant. #Pendant https://t.co/4EHVhRBkeL via @eBay

",eBay,24/10/2018,27.29,0.03297911322828883,0.043972150971051636,0.0534994503481129,0.1733235617442288,16309320.0,51.743,35.956,1,0.425,@eBay
4298,@netflix @13ReasonsWhy YES IM SO READY
,Nike,04/09/2018,79.6,0.03266331658291468,0.03266331658291468,0.03266331658291468,0.03743718592964829,18565837.0,20.517,20.153,-1,0.55,@Nike
,Starbucks,29/09/2017,53.71,0.01470862036864642,0.0238316886985664,0.026438279649972102,0.02569353937814192,11944370.0,11.173,14.248,1,1.0,@Starbucks
78260,"Check out Basin wrench 11"" faucet repair plumbing sink   https://t.co/gVFuvMFGnO via @eBay

",eBay,30/09/2018,33.02,0.0,0.0,0.009691096305269542,0.03089036947304652,8467405.0,22.738000000000003,17.202,-1,0.0,@eBay

22343,@lockhart1988 @Tesco Yeah I wish they were purple too
,CBS,29/12/2017,59.0,0.004406779661016915,0.004915254237288121,0.020169491525423692,0.0198305084745763,2334987.0,12.854,26.593000000000004,-1,0.0,@CBS
,CBS,01/04/2017,69.36,0.0,-0.00028835063437133827,-0.01600346020761245,-0.035467128027681566,2828658.0,13.341,15.815,-1,0.0,@CBS

58147,@RealOmarNavarro @netflix I seriously doubt they even know who are
808651,"Check out HP Pavilion - 15t Laptop 2TB HD, 8GB SDRAM, Intel Core i5-7200 Brand New in Box #HP https://t.co/6JdEMHpt0T via @eBay
",Intel,25/09/2018,45.91,0.02178174689610107,0.0163363101720758,0.0163363101720758,0.004138531910259308,23389874.0,22.146,20.65,1,0.13636363636363635,@eBay
,Netflix,29/12/2017,191.96,0.003907063971660764,-0.029797874557199414,-0.02187955824130036,-0.010523025630339708,5187606.0,24.448,25.15,-1,0.0,@netflix

55472,RT @Nike: Don’t ask if your dreams are crazy. Ask if they’re crazy enough. #justdoit https://t.co/Wd5L42egV8
74466,RT @jarrodmichael: Interested in how you can build a world class community using @salesforce? Come visit me today at the @7SummitsInc booth…
831,"Hey @amazon, I'd like to shop here but can't anymore. Stop selling all Trump-related products. #BoycottTrump https://t.co/tzDRm3UO84
",Amazon,31/01/2017,823.48,0.008379074173021783,0.014924466896585178,0.014924466896585178,-0.0012629329188322284,3137196.0,13.447,16.992,-1,0.0,@amazon
12125,"RT @Reuters: MORE: Under sanctions, all of Maduro's assets subject to U.S. jurisdiction are frozen, all Americans prohibited from dealing w…
",Reuters,31/07/2017,50.5452,0.003705594200834114,0.003705594200834114,0.003705594200834114,0.0015253673939365454,1301289.0,5.305,8.792,1,0.16666666666666669,@Reuters
,Reuters,28/02/2017,46.591,0.007329741795625688,0.009456762035586192,0.009456762035586192,0.04917258698031802,1771528.0,15.922,17.907,-1,0.0,@Reuters

,eBay,24/10/2018,27.29,0.03297911322828883,0.043972150971051636,0.0534994503481129,0.1733235617442288,16309320.0,51.743,35.956,1,0.0,@eBay
,Costco,01/10/2018,234.65,0.000980183251651352,0.000980183251651352,0.000980183251651352,-0.005582782868101439,1673068.0,5.322,13.043,-1,0.13636363636363635,@Costco
67247,@brandon_arreaga @netflix this‼️

,BMW,17/09/2018,82.19,0.0034067404793770672,0.0034067404793770672,0.0034067404793770672,-0.014235308431682709,1563000.0,13.26,15.482,1,0.13636363636363635,@BMW
52761,@FoxNews @Nike Amen Country first not Traitors and Thugs Cant believe Obama is Getting a Award from the Ethics Comm… https://t.co/L8aEemmMYQ
,eBay,31/10/2017,37.64,-0.017003188097768348,-0.022316684378321027,-0.022316684378321027,-0.02391073326248668,6722841.0,19.794,16.127,-1,0.0,@eBay
32433,@MarquisHorace @DonaldJTrumpJr @CNN @MSNBC @CBS @ABC @TPUSA @RealCandaceO It’s not @TheDemocrats party that doll out money for votes!

,CBS,30/11/2017,56.06,0.008562254727078075,-0.02318943988583668,-0.0017838030681413023,0.0032108455226542943,6163492.0,26.887,24.853,-1,0.0,@CBS
7261,@Antoinette_Rob @DearWhitePeople @netflix so so good!

52394,RT @DevanF91: A thread: reason why I chose to cut @Nike swoosh logo of my socks. https://t.co/3JFmRMgjVH
,Netflix,28/09/2018,374.13,0.017587469596129644,0.010023253949162056,-0.012562478282949749,-0.03458690829390853,7114878.0,33.245,40.211,-1,-0.2,@netflix
,eBay,26/09/2018,33.58,-0.02441929720071472,0.004169148302561066,0.013698630136986328,0.019058963668850525,14006968.0,22.941,17.04,1,-0.075,@eBay
,CBS,11/09/2018,55.4,-0.0036101083032490213,0.011913357400722087,0.011913357400722087,-0.050722021660649735,4247511.0,26.816,18.002,1,0.0,@CBS
9548,RT @lisaMmeehan: @57Veronica @BatBTeam2Gether @pscoordsen13 @knovak832_novak @netflix @deb5881 @Annepappas22 @JouDee_Langga… 
16959,@TMobile Bartender serves a full-bodied wine.  It's a BYOB alternative with plenty to share boxed wine served.  Cor… https://t.co/Uif4qQhKqO

72395,"RT @MiamiDolphins: HOUSE CALL! @iThinkIsee12













📺 » @CBS













#OAKvsMIA #FinsUp https://t.co/VvVKKhwb07

",CBS,23/09/2018,56.74,0.0,0.0,-0.000704970038773337,-0.01568558336270709,6121104.0,15.473,18.182,-1,0.0,@CBS
,HP,18/09/2018,25.16,-0.005961844197138258,-0.00476947535771069,-0.00476947535771069,-0.019077901430842623,7597414.0,9.709,14.52,1,0.175,@HP
,McDonald's,01/02/2017,122.42,0.0012252899852964506,0.004901159941186034,0.0035941839568697743,-0.0051462179382453475,3233576.0,7.607,9.573,-1,0.4000000000000001,@McDonalds
76314,RT @alexanderbruz: Christine Blasey Ford just admitted she added a second front door so she could rent out rooms in her house to @Google in…


32896,@silveratasuke @Apple They’re all useless
22004,"RT @_george84: @AutisticZebra Do you know why the reviews of #ToSiriWithLove made by actually autistic people disappeared from @amazon ?











B…
",Amazon,30/12/2017,1169.47,0.0,0.01422011680504834,0.010936578108031813,-0.000949147904606469,2688391.0,12.487,18.26,-1,-0.2,@amazon
38431,RT @Joelpatrick1776: Fixed it @Nike. https://t.co/62gTq71nCN
,Ford,07/09/2018,9.27,0.017259978425026985,0.02373247033441216,0.021574973031283827,0.022653721682847988,51229915.0,28.07,22.369,1,0.0,@Ford
242,"RT @AppSame: Hey Sally Yates @Starbucks is hiring OH Wait you're not an Illegal Alien 





#boycottstarbuks https://t.co/gpA7eZVIHc
",Starbucks,31/01/2017,55.22,0.012314378848243384,0.01629844259326329,0.01629844259326329,0.05831220572256428,14307985.0,23.916,17.298,-1,-0.375,@Starbucks
74403,Check out New - Robotic AMTS Total Station Instrument Wall Mount #SurveyPro https://t.co/Q5qS8Zp2wH via @eBay
45258,RT @campdukes: @johnrich @Nike You do know that Kaepernick spoke with an Army veteran who suggested he kneel instead of sitting. And you ar…


52052,"RT @Reuters: U.S. lawmakers mull sanctions on Russian oligarchs, sovereign debt https://t.co/MZZVvEDf8z

",Reuters,06/09/2018,49.5209,-0.010676300309566277,-0.013123751789648315,-0.009563638786855604,-0.006227673568129798,2366771.0,18.779,16.945999999999998,-1,0.0,@Reuters
,Ryanair,21/10/2018,11.45,0.0,0.0,0.016157205240174718,0.002183406113537149,1782490.0,32.293,48.479,1,0.3083333333333333,@Ryanair

388744,RT @englishkidunya: Just saw this on Amazon: Richard Peter Johnson by Sean Crampton for $3.99 https://t.co/PW7V4AVyiL via @amazon
,Starbucks,31/08/2017,54.86,-0.006197593875318925,-0.01385344513306595,-0.008384979948961008,-0.016769959897922015,8245287.0,15.296,33.986999999999995,-1,-0.13,@Starbucks
,CBS,17/09/2018,56.28,-0.007640369580668083,-0.007640369580668083,-0.007640369580668083,-0.019189765458422145,3617101.0,24.984,18.821,1,0.0,@CBS
46122,Check out ALICE COOPER - GROVE CITY COLLEGE - GROVE CITY PA 1971  LAMINATED - FREE SHIP  https://t.co/GgSDWvfFgA via @eBay
10310,Check out The Bible Edition arranged Ernest Sutherland Bates Literature 1936 Simon Schuste  https://t.co/yt4VaRRwsC via @eBay
64651,"RT @Burberry: Watch the @Burberry Spring/Summer 2019 show, LIVE from London at #LFW https://t.co/uc0i7eMtdE

",Burberry,17/09/2018,2109.0,0.020862968231389285,0.020862968231389285,0.020862968231389285,-0.014224751066856332,1638559.0,34.569,28.105,1,0.13636363636363635,@Burberry
66717,Check out Wedgwood Floral Bone China Photo Picture Frame Vintage English Pottery https://t.co/3Lci5eNPHe @eBay

,Apple,15/09/2018,223.84,0.0,0.011481415296640428,-0.012374910650464662,-0.011347390993566795,31999289.0,25.688,17.88,1,0.0,@Apple
,Sony,20/09/2018,6574.0,0.016428354122299968,0.011864922421661091,0.008518405841192577,-0.027380590203833283,6479600.0,23.764,20.445,-1,0.0,@Sony
3102,RT @CarolineLucas: .@TheGreenParty is calling on UK banks (inc @HSBC @Barclays) to stop funding climate-wrecking #DakotaAccess Pipelin… 
,Verizon,05/09/2018,53.82,-0.011705685618729143,0.01021924934968408,0.01021924934968408,0.013935340022296544,15301165.0,15.957,15.123,1,0.25,@verizon
57853,"@TMobile @JohnLegere 






Can't wait for the new iPhones on the best network!






#AppleEvent

",TMobile,12/09/2018,67.92,-0.029593639575971806,-0.03474676089517078,-0.0519729093050648,-0.032538280329799885,5020278.0,22.012,30.021,-1,0.5681818181818181,@TMobile
6627,@jeneuston @GlowNetflix @netflix Love you! 😘
,eBay,28/09/2018,33.02,0.009691096305269542,0.01695941853422154,-0.00787401574803165,0.03089036947304652,8467405.0,22.738000000000003,17.202,-1,0.0,@eBay
,Nike,05/09/2018,79.92,-0.004004004004004097,0.028528528528528538,0.028528528528528538,0.03591091091091097,12269138.0,21.037,19.239,1,-0.6,@Nike
47544,@J23app @fearofgod @Nike brick
34236,"2.3"" China Grade A Certified Nature Hisui Jadeite Jade Lavender with Green Fl... https://t.co/H9uBjpIh9Y via @amazon

",Amazon,29/10/2018,1538.88,0.06753613017259294,0.06753613017259294,0.06753613017259294,0.16272873778332286,13866077.0,75.873,51.7,1,-0.2,@amazon
2478,BIG LEAGUE Magazine Rugby League 1980 NRL / ARL / NSWRL https://t.co/DuqzldQ7zp via @eBay
45722,RT @campdukes: @johnrich @Nike You do know that Kaepernick spoke with an Army veteran who suggested he kneel instead of sitting. And you ar…
10292,RT @michaelarossa: #ArtificialIntelligence takes over #Sports Arenas #Olympics #Wimbledon @IBMWatson @intel https://t.co/ffcYXiEFwC
44349,RT @__truthspeaks: 😂😂🤣 you burning you’re money.... silly American they already got they you do with it what you choose... it’s @Nike they…

205143,".@sswipe @Reuters @realDonaldTrump 👆👆 W T H is this, Mr. Trump?!





While Boeing Lays Off Great Engineers, the Tesla… https://t.co/A89m90b9oV
",Boeing,28/04/2017,184.83,-0.008710707136287472,-0.016880376562246408,-0.007141697776335126,-0.02407617810961433,2181592.0,11.282,13.7,1,0.0,@Reuters
75902,"Hey @facebook can you explain how a call to ""take down"" the left ""by force of arms"" and not ""allow them to exist"" d… https://t.co/uYFLjQ3Sm1

",Facebook,27/09/2018,168.84,-0.011194029850746356,-0.023276474769012127,-0.02031509121061364,-0.01670220326936741,27266856.0,21.559,21.896,1,-0.07777777777777779,@facebook
15847,Check out White Linen Damask Tablecloth Ivy Pattern Hemstitched border 87 x 68 Excellent   https://t.co/T1qG7tKgr9 via @eBay
70828,RT @Reuters: China says U.S. has 'no right' to interfere in Russia military cooperation https://t.co/I3qf9AittB
42971,RT @Reuters: Man who stabbed two American tourists in Amsterdam motivated by 'insults' to Islam: prosecutors https://t.co/a5uxLNrHNo
20440,"New Year, same Me! @netflix  pls, give @sense8 season3! ❤️🙌 https://t.co/jVSRJuRPqJ
",Netflix,29/12/2017,191.96,0.003907063971660764,-0.029797874557199414,-0.02187955824130036,-0.010523025630339708,5187606.0,24.448,25.15,1,0.06818181818181818,@netflix
6753,Check out ANTIQUE PHOTO PICTURE MOTHER AND DAUGHTERS GOLD WOOD FRAME #ArtNouveau https://t.co/HloQvdRgq3 via @eBay
,Nike,04/09/2018,79.6,0.03266331658291468,0.03266331658291468,0.03266331658291468,0.03743718592964829,18565837.0,20.517,20.153,1,0.03611111111111112,@Nike


77474,"RT @hm: About last night! 😍 Thank you guys for joining us at our Meet &amp; Greet in Seoul! Up next @hmusa ➡️ LA, Oct 3rd.  @tiffanyyoung #tiff…

",H&M,28/09/2018,18.639,0.0,-0.09400718922688978,-0.13085465958474168,-0.13085465958474168,32056.0,92.743,73.745,1,0.0,@hm
,eBay,19/10/2018,28.75,0.09739130434782613,0.11373913043478273,0.1217391304347826,0.10330434782608693,39779447.0,58.203,35.868,-1,0.0,@eBay
617276,RT @EdgrALV: @darrenrovell @nikefootball @Nike this is way better !!! Looks like I’m going to be switching over to adidas for a while till…
57216,"RT @JohnGilles6: @NBCUniversal






 






@nbc






 






@robtapert






 






@NetflixLifee






 






@netflix






 






@SYFY






 






@BuzzFeed






 






@Hulu






 






@UniversalTV






 






@AmazonStudios…

",Netflix,12/09/2018,369.95,-0.03789701310987967,-0.05822408433572095,-0.05749425598053786,-0.07776726584673599,10480769.0,46.107,37.963,-1,0.0,@netflix
,Nike,23/09/2018,85.55,0.0,0.0,-0.0021040327293979266,-0.024079485680888395,13852693.0,15.071,19.13,-1,0.0,@Nike
,eBay,13/09/2018,34.44,-0.0052264808362369256,-0.009581881533100996,-0.02119628339140525,-0.022648083623693416,6716827.0,17.733,14.649,-1,0.13636363636363635,@eBay
76290,RT @Reuters: Sales of Nike gear have soared 61 percent in the 10-day period after the company's controversial decision to feature former NF…

20655,Check out 1 Strand Natural Blue Fire Labradorite Fancy Briolette Faceted 7.5'' Long Beads  https://t.co/T187G4rwuR via @eBay
9593,RT @ASHLAYANNE: yo @netflix how many views you want for the special to consider a season? me and my cluster can market for free.… 
,Reuters,11/09/2018,49.0913,0.003141086098758905,0.004263484568548929,0.004263484568548929,-0.004487556858343426,2477540.0,9.728,16.882,1,0.0,@Reuters
,Reuters,01/04/2017,47.6154,0.0,0.0053197074895936156,0.004626654401727208,0.012027621315792738,988270.0,6.877000000000002,13.263,1,0.0,@Reuters
,Apple,11/09/2018,223.85,-0.024659370113915488,-0.011391556846102224,-0.011391556846102224,0.020147420147420242,35749049.0,22.817,23.56,1,0.13636363636363635,@Apple
28413,"Check out essence of aura - i give you / cryogenic 92 rave 12"" spooky tunes spky 998 vgc+ https://t.co/LM314EVHl2 @eBay

",eBay,22/10/2018,28.49,0.00912600912600918,0.00912600912600918,0.00912600912600918,0.11828711828711833,17677158.0,54.408,35.477,-1,0.0,@eBay
6669,Pope Francis denounces barbarity during Egypt visit https://t.co/bn5ALIhBBB Via @Reuters
28147,"Our small biz was considering a switch to @verizon but it looks like that won't be happening!






https://t.co/LGHV9H3Bv3

",Verizon,22/10/2018,54.98,-0.0014550745725718133,-0.0014550745725718133,-0.0014550745725718133,-0.02510003637686424,21737523.0,15.755999999999998,13.979,1,-0.3125,@verizon
6385,RT @Car01am:  @HarveyBurgess One of @amazon 's  BEST-REVIEWED MYSTERIES. KISSHERGOODBYE https://t.co/hScKTxL9AO ..it's the TRUTH - no dare.
,Nike,04/09/2018,79.6,0.03266331658291468,0.03266331658291468,0.03266331658291468,0.03743718592964829,18565837.0,20.517,20.153,1,0.325,@Nike

63440,RT @macgyveronline: @PLenkov  @MacGyverCBS  @CBS  @CO_MacGyver  Can someone please explain to the fans of #MacGyver why it didn't get rerun…
50108,"@GoldmanSachs Translation: 













We are not walking away from building our crypto trading desk

",Goldman Sachs,06/09/2018,234.52,0.012962647108988538,0.013389049974415769,0.014028654272556677,0.020808459832850058,2651790.0,20.564,16.886,-1,0.0,@GoldmanSachs
66588,UpCart Bag Custom Made for UpCart Dolly Doubles as Carrying Case fits 12 Gall... https://t.co/wuB9NFCpoi via @amazon
,Kellogg's,12/09/2018,74.45,-0.013297515110812749,-0.005775688381464162,-0.004835460040295492,-0.023505708529214242,1132855.0,11.685,15.507,1,0.5,@KelloggsUS
,Google,29/10/2018,1034.73,0.04737467745208893,0.04737467745208893,0.04737467745208893,0.0740676311694837,4064452.0,47.898,35.27,-1,0.25,@Google
,PayPal,01/04/2017,43.02,0.0,0.012087401208740028,0.005113900511390024,0.002556950255695012,5177925.0,12.898,13.183,1,0.0,@PayPal

,Ryanair,21/10/2018,11.45,0.0,0.0,0.016157205240174718,0.002183406113537149,1782490.0,32.293,48.479,1,0.0,@Ryanair
37884,RT @calicoe509er: A mural of @Kaepernick7 someone did out here in my city #Yakima #Washington #JustDoIt #Nike #NFL @Nike https://t.co/eEq3q…

7270,Check out Cherokee Zebra Shirt Top Girls Size 7/8 https://t.co/ZNYWRMgWwV @eBay
178287,"RT @netflix: How far would you go for a friend? #Okja, a Netflix Original Film, arrives June 28. https://t.co/WG9fevspHa
",Netflix,28/02/2017,142.13,0.009005839724196166,0.00788010975867167,0.00788010975867167,0.003306831773728269,3862221.0,10.429,19.201,1,0.1,@netflix

36450,"@AmericanExpress For the Hilton Aspire card, does the $100 property credit work more than once throughout the year?

",American Express,31/10/2018,102.73,-0.006327265647814714,-0.014990752457899409,-0.01440669716733188,-0.008663486810084694,4511299.0,33.075,23.384,-1,0.5,@AmericanExpress
,Adobe,30/11/2017,181.47,-0.025458753512977376,0.021656472144156096,0.019452251060781404,0.007880090373064455,3976326.0,31.851,23.719,1,0.75,@Adobe
,adidas,05/09/2018,206.7,0.01838413159167882,0.043541364296081284,0.037735849056603835,0.038703434929850025,824583.0,18.894,29.218000000000004,-1,0.1,@adidas
54242,"RT @Nike: Believe in something, even if it means sacrificing everything.

",Nike,08/09/2018,80.3,0.0,0.0012453300124534064,-0.004732254047322485,0.023661270236612773,6633912.0,21.364,18.219,1,0.0,@Nike
50291,"RT @MyViewMary: Come on @Google @sprint @sprintcare, can we possibly help #findsamsayers? https://t.co/yJOazbOmHT

",Google,06/09/2018,1183.99,0.012761932110913015,0.02307451921046625,0.04038040861831599,0.059502191741484335,2342722.0,22.34,17.907,1,0.0,@Google
54544,RT @A380Capt_Tumi: I’m officially a Commercial Pilot ! #Tumi3bars #Loutzavia @adidas Ereng mo’ngwaneng #3stripes https://t.co/Zx6msiy5ur



61268,RT @GadSaad: Someone just posted this on my public @facebook page. https://t.co/nqhElXGeoQ
693297,RT @Jillibean557: Watch as @Google CEO breaks down in tears after @HillaryClinton loses to @realDonaldTrump Google is o biased it’s sickeni…
61424,"RT @Reuters: JUST IN: Former Trump campaign chief Paul Manafort pleads guilty to one count of conspiracy against the United States, one cou…

",Reuters,14/09/2018,50.1377,0.002636738422384701,-0.006591846055961894,-0.02087052258081256,-0.016696019163224468,2585085.0,11.593,17.185,1,-0.25,@Reuters


35747,RT @Apple: @Saved_By_Grace4 The all-new iPad Pro is here. #AppleEvent
,Reuters,01/08/2017,52.8252,-0.04316121850934783,-0.03961556226952289,-0.03961556226952289,-0.04608027986642733,2179081.0,24.24,15.147,1,0.1,@Reuters
,eBay,07/09/2018,33.99,-0.009708737864077829,0.004118858487790543,0.023830538393645045,0.01824065901735797,6445251.0,15.765999999999998,14.593,-1,0.4,@eBay
12080,"RT @McDonalds: We have 3 half gallons of #SzechuanSauce stuck in 1998! Retweet, like or respond to bring them to present day before 11:28 p…
",McDonald's,31/07/2017,155.14,0.00457651153796576,0.00457651153796576,0.00457651153796576,-0.021206652056207247,4280364.0,29.535,18.408,-1,-0.2083333333333333,@McDonalds

73031,"RT @Nike: He’s done it again. 













Never stop chasing your crazy dreams. #justdoit https://t.co/sVXo12E1r9

",Nike,24/09/2018,84.27,0.015189272576243043,0.015189272576243043,0.015189272576243043,-0.011985285392191658,8770355.0,18.296,19.621,1,0.0,@Nike

,Reuters,19/09/2018,50.0055,0.004845466998630155,0.002423733389327209,0.0026437091919889718,-0.003965563787983247,7045324.0,10.691,13.978,-1,0.0625,@Reuters

,Nike,04/09/2018,79.6,0.03266331658291468,0.03266331658291468,0.03266331658291468,0.03743718592964829,18565837.0,20.517,20.153,1,0.375,@Nike
15683,"RT @Rwakakamba: This is the hand that picks coffee enjoyed @Starbucks , @peetscoffee @Javas . How can we reward the hand of this la… 
",Starbucks,29/09/2017,53.71,0.01470862036864642,0.0238316886985664,0.026438279649972102,0.02569353937814192,11944370.0,11.173,14.248,1,0.5,@Starbucks
12259,"RT @IndigoYaj: One time for 🚺 power, I got something to say 🗣‼️#spon #freestyle50challenge @Tee_Grizzley @300 @verizon https://t.co/hFxx6kb…
",Verizon,31/07/2017,48.4,-0.009504132231404977,-0.009504132231404977,-0.009504132231404977,-0.09690082644628097,28456827.0,39.544,27.32,-1,0.0,@verizon

,Nissan,01/12/2017,1089.0,-0.0009182736455463727,-0.004591368227731864,-0.011937557392102843,-0.010560146923783287,13067500.0,5.475,12.831,-1,0.25,@Reuters

40104,RT @kuminaidoo: #Myanmar handing 7yr prison terms to @Reuters journalists Wa Lone &amp; Kyaw Soe Oo is beyond indefensible. The two men who dar…
55182,"#usopen #gbr #rolltide #repost #love #instagood #Cocktail Guy by Rich Woods (2018, Hardcover)  https://t.co/i2EkyeNkvu via @eBay

",eBay,08/09/2018,33.99,0.0,-0.009708737864077829,0.004118858487790543,0.01824065901735797,6445251.0,15.765999999999998,14.593,1,0.375,@eBay


24586,"@McDonalds I just had the worst Durr Burger from your greasy grove location, can I get some assistance on resolving this

",McDonald's,18/10/2018,166.81,-0.00023979377735142997,-0.016425873748576278,-0.01882381152209109,-0.023020202625741882,3378587.0,23.071,19.158,-1,-1.0,@McDonalds
680450,"RT @Apple: The all-new iPhone XS, iPhone XS Max, iPhone XR and Apple Watch Series 4 are here. #AppleEvent
",Apple,13/09/2018,226.41,-0.02358553067444019,-0.011306921072390806,-0.035687469634733376,-0.014619495605317797,41706377.0,25.87,17.349,-1,0.0,@Apple

,Nike,04/09/2018,79.6,0.03266331658291468,0.03266331658291468,0.03266331658291468,0.03743718592964829,18565837.0,20.517,20.153,-1,0.0,@Nike
55318,RT @Bthegreat138: Just waiting on Mac miller and the most dope family to hit @netflix
,eBay,28/04/2017,33.41,-0.010475905417539491,-0.011972463334330998,-0.01795869500149639,-0.036815324753067855,10127598.0,28.496,18.344,1,0.0,@eBay
45229,RT @Bosslogic: Is this official now? @netflix #TheWitcher https://t.co/34FIA2sANV


36603,"RT @Nike: You can take the superhero out of her costume, but you can never take away her superpowers. #justdoit https://t.co/dDB6D9nzaD

",Nike,01/09/2018,82.2,0.0,-0.009732360097323568,0.007177615571776197,0.003041362530413625,5177091.0,13.223,17.918,1,0.0,@Nike
,Reuters,28/09/2018,50.3139,0.0008764973496391129,-0.005034394074003325,0.00043725491365220287,-0.006785401250946561,7988967.0,6.837999999999999,12.771,1,0.0,@Reuters
8734,RT @FifthHarmony: Who's hanging with us in Miami at the #iHeartSummer17 Weekend by @iHeartRadio @ATT? 🌴 Visit https://t.co/jxU4PCKV2z… 
,eBay,31/07/2017,35.73,0.005877413937867362,0.005877413937867362,0.005877413937867362,0.01819199552197049,6227993.0,20.351,20.804,1,0.1,@eBay
,Disney,06/08/2018,115.94,-0.015956529239261642,-0.015956529239261642,-0.015956529239261642,-0.028549249611868232,12715611.0,15.82,13.821,1,0.25,@eBay


46433,"RT @BlueInRedCity: @johnrich @HaggardLou @Nike When you don’t pay attention, you miss the point. https://t.co/tttSZmMNOF

",Nike,05/09/2018,79.92,-0.004004004004004097,0.028528528528528538,0.028528528528528538,0.03591091091091097,12269138.0,21.037,19.239,1,0.0,@Nike
63180,RT @Apple: Everything to know about the all-new iPhone XS and XS Max in :54
,Amazon,29/08/2018,1998.1,-0.03267103748561132,-0.0352434813072418,-0.046399079125168816,-0.04664431209649158,6531761.0,18.356,20.914,-1,0.0,@amazon
23867,RT @tomas_tmecius: Check out my listing @eBay - https://t.co/cVpIHQYD46 via @eBay #ebaydeals #ebayseller https://t.co/9OB7DBFhpa
,Disney,31/03/2017,113.39,-0.001852015168886089,-0.007584443072581351,-0.0029985007496252177,-0.011023899814798479,4617427.0,7.615,6.968,-1,0.0,@Disney
,Intel,30/12/2017,46.16,0.0,0.001299826689774746,-0.0010831889081455194,0.011698440207972406,17394491.0,26.371,22.307,1,0.7,@intel
73593,"RT @Reuters: Major powers, Iran meet to salvage nuclear deal without U.S. https://t.co/i1XDWhvRE1

",Reuters,25/09/2018,50.3359,-0.005687789430605278,-0.007219499403010687,-0.007219499403010687,-0.0017502418750832765,2331720.0,7.2010000000000005,13.393,-1,0.0625,@Reuters
545481,"Apple iPhone X, Fully Unlocked 5.8"", 64 GB - Silver Apple https://t.co/zcfE7I0Gjm via @amazon

",Apple,25/08/2018,216.16,0.0,-0.0030995558845299197,-0.005135085122131686,0.006569207994078534,18476356.0,14.061,21.877,1,0.0,@amazon
,adidas,08/09/2018,206.6,0.0,-0.002904162633107427,0.00048402710551788153,0.03823814133591484,482592.0,16.227999999999998,29.283,1,0.0,@adidas
5309,RT @SahuaroMedia: Take a look at @KataklizmicD's profile from the @FedEx Small Business Grant Contest #FedExGrant https://t.co/kKI91VSnmR
,Apple,30/11/2017,171.85,-0.013791096886819927,0.007099214431189984,0.01303462321792266,0.01809717777131227,41527218.0,19.506,20.556,-1,0.0,@Apple
,eBay,30/06/2017,34.92,-0.011741122565864941,0.011168384879725102,-0.0002863688430700205,0.018613974799541768,10845469.0,19.665,22.269,1,-0.05,@eBay

77742,Cuba by Stephen Coonts (Paperback) https://t.co/a3fKrzerDa @eBay #SEO #Marketing #shopsmall #SmallBusiness… https://t.co/6aG38Ryaqu
46770,"@Numerologynow @Nike 1.I HAVE MY OWN BUSINESS..2.I'VE NEVER HAD TO GET HELP FROM THE GOVERNMENT,,,3 I AM ONE OF THO… https://t.co/g3zVgj2rmw

",Nike,05/09/2018,79.92,-0.004004004004004097,0.028528528528528538,0.028528528528528538,0.03591091091091097,12269138.0,21.037,19.239,-1,0.6,@Nike

,Nike,05/09/2018,79.92,-0.004004004004004097,0.028528528528528538,0.028528528528528538,0.03591091091091097,12269138.0,21.037,19.239,1,0.0,@Nike

4941,RT @Wendys: @DFusions @McDonalds Only when the ice cream machine isn't broken.
73333,RT @metalrulestv: Kidsmania brand Soda Burst Berry Gusher flavor carbonated candy Container Pop  https://t.co/kAFaKWcpNq via @eBay
23150,RT @TomFitton: LEAKED EMAILS: Senior @Google Search Engineer Advocates for Censorship of ‘Terrorist’ Marsha Blackburn https://t.co/MoOO1k8l…
562555,"RT @Microsoft: ""You join here, not to be cool, but to make others cool."" - Satya Nadella, Microsoft CEO













@Inc explains how this sentence ma…

",Microsoft,28/08/2018,110.26,-0.005985851623435613,-0.016869218211500083,-0.016869218211500083,-0.03881734083076367,19151528.0,11.303,18.278,1,0.35,@Microsoft
55608,"RT @Nike: Believe in something, even if it means sacrificing everything.

",Nike,09/09/2018,80.3,0.0,0.0,0.0012453300124534064,0.023661270236612773,6633912.0,21.364,18.219,1,0.0,@Nike
,eBay,05/09/2018,34.13,0.019630823322589936,0.01406387342513908,0.01406387342513908,0.02343978904189854,8820676.0,13.54,15.493,1,0.0,@eBay
47401,"RT @papapelto: @Kaepernick7 @Nike I’ve worn Jordan shoes since they first come out. Today that changed, because I no longer believe in swea…

",Nike,05/09/2018,79.92,-0.004004004004004097,0.028528528528528538,0.028528528528528538,0.03591091091091097,12269138.0,21.037,19.239,1,0.25,@Nike

11758,East is turning green https://t.co/vMvriJ2I6M via @FT China and India are taking a global lead in renewable energy Helen Wong @HSBC #GGG
69966,"RT @Reuters: S&amp;P, Dow hit record highs at the open https://t.co/RujRLKz7b2

",Reuters,21/09/2018,49.9725,0.003085697133423443,0.000660363199759893,0.005509029966481594,0.0033058182000101216,3027903.0,10.397,13.679,1,0.0,@Reuters
21109,RT @The_Old_Hippie: @charliekirk11 @CBS Spend some time with @jaredkushner and @DonaldJTrumpJr before they get indicted.  Family is everyth…
65046,RT @Apple: Everything to know about the all-new iPhone XS and XS Max in :54
,Nike,05/09/2018,79.92,-0.004004004004004097,0.028528528528528538,0.028528528528528538,0.03591091091091097,12269138.0,21.037,19.239,-1,-0.625,@Nike
,Nike,06/09/2018,80.4,-0.005970149253731393,-0.009950248756219046,0.0223880597014925,0.012437810945273627,8577029.0,21.379,18.968,-1,0.0,@Nike
40982,RT @ComfortablySmug: Here you go @Nike https://t.co/WBzZp0fRTy
78217,Check out Little Big Planet 2 Special Edition #PS3 #Sony #Playstation 3 Complete CIB #LittleBigPlanet https://t.co/ETcOrwnEzr via @eBay
37054,Check out Complete High Druid of Shannara Trilogy Terry Brooks Hardcover w.jacket Fantasy  https://t.co/vtEwpHLlMd via @eBay

,Netflix,31/10/2017,196.43,0.009876291808786831,0.015832612126457188,0.015832612126457188,-0.002087257547217821,5518595.0,20.059,30.692,-1,0.0,@netflix
3955,@netflix Any chance of adding multi-factor authentication to your accounts in the near future?


,eBay,16/09/2018,34.1,0.0,0.0,0.009970674486803407,-0.0032258064516128863,5376353.0,18.239,14.535,1,0.0,@eBay


18026,I'm Spanish. I've studied this history in Spain while visiting all the relevant sites. You do the same. @NazbolBtfo @LauraLoomer @amazon

35015,RT @JCPInNotts: Customer Assistant @Tesco #NottinghamJobs #RetailJobs See: https://t.co/UadsApkzkw https://t.co/Y1qBbojm5M
55223,"@Nike Nike is a loser. Rather than promoting Colin Kaepernick, why don't you promote America by producing your products here? #MAGA

",Nike,08/09/2018,80.3,0.0,0.0012453300124534064,-0.004732254047322485,0.023661270236612773,6633912.0,21.364,18.219,-1,0.0,@Nike
29874,"RT @JohnDeere: It’s never too early to learn the value of routine maintenance. Keep teaching, Tiffany M.! https://t.co/dm3XewJJEF

",John Deere,24/10/2018,133.89,0.04287101351856008,0.08626484427515134,0.08977518858764666,0.132571513929345,3731520.0,37.054,27.705,1,0.1,@JohnDeere

,Reuters,10/09/2018,49.2455,0.0011188839589404724,0.0011188839589404724,0.0011188839589404724,-0.004024733224355525,2231958.0,19.546,16.832,-1,0.0,@Reuters
,Starbucks,19/09/2018,55.43,-0.006494677972217201,-0.015515064044741103,-0.012267725058632505,-0.008298755186722006,7451644.0,9.032,11.19,1,0.0,@Starbucks
60633,"RT @Reuters: Dozens of suspected gas explosions rock towns near Boston, forcing evacuations https://t.co/8qrPJBN96K https://t.co/n8IdqRQHYw

",Reuters,13/09/2018,50.2699,-0.009204315107052096,-0.023445441506746642,-0.020377999558383843,-0.014899572109751609,3010440.0,11.703,17.1,-1,0.1,@Reuters
,eBay,22/10/2018,28.49,0.00912600912600918,0.00912600912600918,0.00912600912600918,0.11828711828711833,17677158.0,54.408,35.477,-1,0.0,@eBay
18770,RT @Burberry: #BurberryXKrisWu. Coming soon. Sign up for updates https://t.co/qkursydqHG https://t.co/NiUIqZ2TrB
20802,"RT @charliekirk11: Incredible video: @CBS does a special on the GOP tax plan 











The result?











Every middle class family they sat down with SA…
",CBS,29/12/2017,59.0,0.004406779661016915,0.004915254237288121,0.020169491525423692,0.0198305084745763,2334987.0,12.854,26.593000000000004,1,0.27539682539682536,@CBS
,eBay,31/07/2017,35.73,0.005877413937867362,0.005877413937867362,0.005877413937867362,0.01819199552197049,6227993.0,20.351,20.804,1,-0.2,@eBay
55844,@Fran_Bottanelli @Microsoft I always end up just putting in a table with no borders and putting the figure in the t… https://t.co/5ogh7ivqqs
25252,@facebook Did you feel sorry for the creep
55097,RT @lift_and_thrift: Check out Bullhead Mens Size 29x30 Jeans Dillon Skinny Medium Wash Straight Leg Pants https://t.co/ITasu9YBGx @eBay
13447,"RT @Cisco: ""It's never too late."" Cisco's Karan Capoor shares how company culture brought out his inner inventor:… 
",Cisco,31/08/2017,32.21,-0.006830176963675953,-0.02266376901583361,-0.02080099348028568,-0.03011487115802553,27800153.0,14.799,20.507,1,-0.3,@Cisco
607532,"@Reuters Not that they care, but I shall NEVER buy another Nike product again because of this!
",Nike,04/09/2018,79.6,0.03266331658291468,0.03266331658291468,0.03266331658291468,0.03743718592964829,18565837.0,20.517,20.153,-1,0.0,@Reuters
,Nike,04/09/2018,79.6,0.03266331658291468,0.03266331658291468,0.03266331658291468,0.03743718592964829,18565837.0,20.517,20.153,-1,0.0,@Nike
383620,@facebook Infowars needs to be off Facebook.  Alex Jones spreads lies!  There is no room for people like him on a r… https://t.co/CHyi1m71ey
,Nike,04/09/2018,79.6,0.03266331658291468,0.03266331658291468,0.03266331658291468,0.03743718592964829,18565837.0,20.517,20.153,1,0.0,@Nike
9885,Iraq declares end of caliphate after capture of Mosul mosque https://t.co/g9pMISkxxQ via @Reuters

,eBay,19/09/2018,34.22,-0.002922267679719504,-0.0005844535359437763,-0.00350672121566328,0.00116890707188776,13455592.0,11.962,14.171,1,0.0,@eBay
38340,RT @Apple: Join us September 12 at 10 a.m. PDT to watch the #AppleEvent live on Twitter. Tap ❤️ below and we’ll send you updates on event d…
,eBay,02/09/2018,34.61,0.0,0.0,0.005489742848887539,-0.0023114706732157843,7944075.0,11.392,14.753,1,0.0,@eBay
23579,@Google Why is pixel 3 yoyr most shitttttty phone yet? 😂😂🤣😂😂😂😂🤣
76920,"RT @Saint_sup: ThaiIandHeadlines2018






Thanks @hm for supporting






MakeUp @junejie






Hair @chisalonbangkok






Stylist @criscrisii






#hmthailand #ThaiI…

",H&M,28/09/2018,18.639,0.0,-0.09400718922688978,-0.13085465958474168,-0.13085465958474168,32056.0,92.743,73.745,-1,0.0,@hm
25414,"RT @Agostinozoida: Set an Alarm... Oct 30th! Uncle Joey is coming to your living rooms only on @netflix #Allhallowseve @madflavor 🐐 






Boo Co…

",Netflix,19/10/2018,332.67,0.04220398593200458,0.0962816003847656,0.041272131541768,0.02071121531848374,16717233.0,80.447,53.359,1,0.0,@netflix
,Nike,05/09/2018,79.92,-0.004004004004004097,0.028528528528528538,0.028528528528528538,0.03591091091091097,12269138.0,21.037,19.239,1,0.375,@Nike
62699,RT @OliverMcGee: Delete everything. Even if it means losing everything. Just delete it. @HillaryClinton Retweet 😂🤣 @Nike https://t.co/hFfC3…

,Starbucks,30/11/2017,57.82,-0.005361466620546563,-0.020062262193012863,-0.03303355240401252,-0.011760636457973015,11509224.0,16.15,15.007,1,-0.1875,@Starbucks
28341,RT @sandrayearman: Brother Kings ...The Warrior Series...Vol 1... by Sandra J Yearman https://t.co/JZWIp01HQW … via @amazon #series #fantas…
,eBay,29/12/2017,37.74,0.004769475357710644,-0.0034446210916799828,0.0052994170641228345,0.0005299417064121892,4652483.0,9.985,19.193,1,-0.008333333333333333,@eBay
32334,@Honda see all information below. Last visit to dealership was 10/24/2018.
60996,"RT @Nike: When you're born to do it, just do it.  #justdoit https://t.co/WfDTRMwAp9

",Nike,14/09/2018,83.49,-0.00023954964666422359,-0.005868966343274583,-0.010300634806563654,-0.038208168642951235,4884358.0,23.117,18.114,-1,0.0,@Nike
,McDonald's,01/03/2017,129.05,-0.010848508330104652,-0.01596280511429691,-0.0030995738086013608,-0.009298721425804084,5471550.0,11.003,8.602,1,0.5,@McDonalds

67811,@TMobile I hate the curved screen on the new galaxy phones and I phone just really doesn't seem to work very well w… https://t.co/ptMyzzeJv5
,Amazon,21/09/2018,1915.01,0.015294959295251704,0.005958193429799365,0.013597840220155493,0.02881447094271052,6855898.0,27.813,22.493,1,0.0,@amazon
,Nike,05/09/2018,79.92,-0.004004004004004097,0.028528528528528538,0.028528528528528538,0.03591091091091097,12269138.0,21.037,19.239,1,0.5,@Nike
,Apple,12/09/2018,221.07,0.012575202424571408,-0.012394264260188994,0.0010403944451984359,0.02623603383543679,49278740.0,22.583,17.953,1,0.13636363636363635,@Apple
67564,RT @NewmanKrissie: BTW shout out to @comcast and @xfinity for having hot spots set up all over so we can communicate and get out what is ne…
19874,"RT @Microsoft: Starting today, Microsoft Edge is available for iOS and Android as a free download. https://t.co/Qb90NT9iEF https://t.co/uQo…
",Microsoft,30/11/2017,84.17,-0.009860995604134469,0.008435309492693284,-0.003564215278602794,-0.012593560651063351,33054647.0,17.779,22.004,-1,0.26666666666666666,@Microsoft
,eBay,25/09/2018,32.76,0.029304029304029325,0.03907203907203912,0.03907203907203912,0.0415140415140415,20478999.0,16.949,15.794,1,0.0,@eBay
,eBay,31/08/2017,36.13,-0.012178245225574449,-0.0257403819540548,-0.03653473567672295,-0.0345972875726543,8591090.0,16.855,18.385,-1,0.0,@eBay
,easyJet,30/06/2017,1359.0,-0.008830022075055188,0.0007358351729212656,-0.02060338484179544,-0.016188373804267846,2811948.0,21.46,25.487,1,0.2,@easyJet

,eBay,06/09/2018,33.66,0.01396316102198473,0.033868092691622116,0.02822341057635184,0.033868092691622116,9240091.0,14.634,15.271,1,0.0,@eBay
58967,"RT @RealJamesWoods: This is the CFO of @Google breaking into sobs in a confidential internal video taken right after her goddess, @HillaryC…

",Google,13/09/2018,1182.14,-0.008916033633918309,0.006640499433231181,-0.00598913834232845,0.0015649584651563342,2003418.0,18.038,16.833,1,0.14285714285714285,@Google

51435,RT @DeadlineDominic: Another #NYCC EXCLU as @CBS are bringing an anniversary celebrating #Charmed + #SEALTeam star &amp; confab royalty @David_…
51296,@madebygoogle @Google how come my #googlehomemini has an American accent all of a sudden?
70074,don't dO ME LIKE THIS @netflix I WAS EXCITED https://t.co/LRLV0Go9hi
,Google,01/07/2017,929.68,0.0,0.008755700886326587,0.033699767661991266,0.06067679201445667,2287662.0,23.273000000000003,20.035,-1,0.0,@Google
19193,"RT @alwaystheself: Over 30,000 people have signed a petition asking @Sony to drop R Kelly. WHY does this known predator and abuser of… 
",Sony,30/11/2017,5201.0,0.02326475677754278,0.02518746394924053,0.031147856181503564,0.016535281676600653,11198800.0,17.772000000000006,39.685,1,0.0,@Sony


11332,Check out Best Quality 20 Ct 22 mm Blue Topaz Oval Shape Loose Gemstone From Brazil AK-614  https://t.co/9ZmgTHRumZ via @eBay
,Facebook,09/09/2018,163.04,0.0,0.0,-0.003128066732090229,0.07783366045142295,24300600.0,25.798,26.07,1,0.0,@facebook
57337,"@Apple How can you justify selling these products when this happens due to sub standard batteries, and your refusal… https://t.co/B090ZxisQx

",Apple,12/09/2018,221.07,0.012575202424571408,-0.012394264260188994,0.0010403944451984359,0.02623603383543679,49278740.0,22.583,17.953,1,-0.0625,@Apple
,Nike,01/09/2018,82.2,0.0,-0.009732360097323568,0.007177615571776197,0.003041362530413625,5177091.0,13.223,17.918,-1,0.04545454545454545,@eBay


19655,@ATT @justiceleaguewb Should have used Grant Gustin for the Flash. One of several major mistakes
,Microsoft,19/09/2018,111.7,0.013518352730528118,0.003939122649955217,0.014950760966875575,8.952551477162852e-05,21728429.0,16.928,16.998,1,0.0,@Microsoft
77159,"RT @Reuters: 'History will judge her on her response,' Amal Clooney on Myanmar's Aung San Suu Kyi and jailed Reuters reporters https://t.co…

",Reuters,28/09/2018,50.3139,0.0008764973496391129,-0.005034394074003325,0.00043725491365220287,-0.006785401250946561,7988967.0,6.837999999999999,12.771,1,0.0,@Reuters
,Reuters,22/09/2018,49.9725,0.0,0.003085697133423443,0.000660363199759893,0.0033058182000101216,3027903.0,10.397,13.679,1,-0.175,@Reuters
,Tesco,20/10/2018,214.6,0.0,-0.025629077353215284,-0.02702702702702695,0.01071761416589008,22309212.0,29.123,33.694,-1,0.0,@Tesco
,eBay,30/11/2017,34.67,-0.008364580328814512,0.02394000576867604,0.038073262186328234,0.03663109316411872,16415238.0,21.166,19.543,-1,-0.16666666666666666,@eBay
,Toyota,07/09/2018,6596.0,0.010764099454214677,0.018950879320800484,0.026834445118253485,0.0506367495451789,6639700.0,13.202,18.33,-1,0.06818181818181818,@Toyota

8437,RT @PKFTexas: Houston attracts innovators from all over the globe - Lamar McKay @BP_plc @GHPartnership #StateofEnergy
19008,"@Reuters Rearranging the deck chairs on the sinking ship of state. 











SAD!
",Reuters,30/11/2017,48.5406,0.005444926515123539,0.012253659822911116,0.005218312093381685,0.00022661442174185702,816955.0,7.222,18.276,-1,0.0,@Reuters

,Facebook,01/10/2018,162.44,0.012435360748584156,0.012435360748584156,0.012435360748584156,0.01828367397192809,26407677.0,27.384,23.286,-1,0.0,@facebook
39828,RT @Reuters: BREAKING: Myanmar judge sentences Reuters reporters Wa Lone and Kyaw Soe Oo to seven years in prison https://t.co/XOh1uiPuND
24369,"RT @Reuters: In Poland, some 15,000 people have joined the army’s volunteer forces in the past two years. Meet the young mother who is one…

",Reuters,18/10/2018,51.6136,-0.0010675480881007318,-0.010030302090921732,-0.02859517646511764,-0.05121518359502147,1527107.0,26.745,23.387,-1,-0.25,@Reuters
,Disney,18/10/2018,116.18,0.008176966775692792,8.607333448089951e-05,-0.023584093647788,-0.04329488724393184,6056682.0,28.778,20.445,-1,0.0,@Disney
41881,"RT @Nike: You can take the superhero out of her costume, but you can never take away her superpowers. #justdoit https://t.co/dDB6D9nzaD

",Nike,04/09/2018,79.6,0.03266331658291468,0.03266331658291468,0.03266331658291468,0.03743718592964829,18565837.0,20.517,20.153,1,0.0,@Nike
31097,@Reuters Good work! Thank you.
,Nike,04/09/2018,79.6,0.03266331658291468,0.03266331658291468,0.03266331658291468,0.03743718592964829,18565837.0,20.517,20.153,1,0.0,@Nike


,eBay,31/07/2017,35.73,0.005877413937867362,0.005877413937867362,0.005877413937867362,0.01819199552197049,6227993.0,20.351,20.804,-1,0.16666666666666669,@eBay
,CBS,28/10/2018,53.83,0.0,0.0,0.015790451421140654,0.06260449563440469,3053712.0,39.262,30.053,1,0.0,@CBS
27795,@nowthisnews Well @Ryanair certainly dropped the ball on this one.  I wouldn't wouldn't fly that airline after seeing this!
,Netflix,27/09/2018,380.71,-0.0074334795513645155,-0.029628851356675614,-0.029156050537154175,-0.040319403220298825,7326246.0,40.101,40.226,-1,0.0,@netflix
,Reuters,01/09/2018,49.0473,0.0,0.003368177249308294,0.010777351658501024,-0.036156934224717815,3566561.0,19.213,16.855,-1,0.0,@Reuters
19170,Check out INVADER ZIMIMS. BITTERS-DESK-BASE-EXTRAS-NICKELODE-PALASADES DIRECT-SEALED-2004-  https://t.co/r1nHr6WetR via @eBay
75542,RT @JohnDeere: You know you’re a logger when this is an office job. https://t.co/8vzMFiJgV7



14302,@McDonalds @McDonaldsUK is this a real thing? https://t.co/IPXNj4bCTu
62014,RT @Reuters: WATCH: Starbucks opens a branch run entirely by a staff aged over 55 to promote labor inclusion https://t.co/qdE703P4IT
77292,@McDonalds What about your new vegan Big Mac?!
24806,@yanmundim @Lions @Microsoft Dude. That's a sidearm
71873,RT @netflix: 24 years ago today Rachel Green ran out of her wedding and into Central Perk 💕 ☕️ https://t.co/zSZUNYxPxm
70700,"@Hannybm144 @McDonalds Fuck off, recent study just came out people who eat meat and dairy live longer a fucking cow… https://t.co/1iI0ZZfphf

",McDonald's,22/09/2018,165.3,0.0,-0.02728372655777386,-0.03702359346642471,-0.026981246218995808,8805474.0,22.396,14.880999999999998,-1,-0.2159090909090909,@McDonalds
23231,RT @lyndilane: Holt Howard Ceramic Egg Cup Set Chicken Rooster Set Of 4 Mid Century VTG https://t.co/rULWV5rqVx @eBay #ceramic #egg #chicke…
25099,@IBBC_London @omarkareem1 @RestrataGroup @ZainIraq @tradegovukMENA @EYnews @Citi @UKinIraq @ashleygoodall What impa… https://t.co/25CJ8ORTEm
241291,@TheEllenShow I would love to be on your show! 💜💜 @Disney @DisneyPixar I grew up on your movies and I'm a Disney ki… https://t.co/bNXm89DYRu
75478,@Reuters Thoughts and prayers.
,Pepsi,24/09/2018,112.27,0.02351474124877528,0.02351474124877528,0.02351474124877528,0.027879219738131386,3387617.0,18.389,14.204,1,0.0,@pepsi
,Nike,04/09/2018,79.6,0.03266331658291468,0.03266331658291468,0.03266331658291468,0.03743718592964829,18565837.0,20.517,20.153,-1,0.21428571428571427,@Nike

,eBay,28/04/2017,33.41,-0.010475905417539491,-0.011972463334330998,-0.01795869500149639,-0.036815324753067855,10127598.0,28.496,18.344,-1,0.0,@eBay
4328,@JillianDeam @CafePatachou @Starbucks @FOX59 @INDairport It is the absolute best live shot location!
12444,DK Eyewitness Travel Guide: Istanbul by DK https://t.co/dXDOT22I5Y via @amazon
,Pepsi,28/04/2017,113.28,-0.005649717514124299,0.00044138418079093535,0.0077683615819208645,0.0013241525423729314,4872033.0,9.749,8.628,1,-0.2,@pepsi
,eBay,28/09/2018,33.02,0.009691096305269542,0.01695941853422154,-0.00787401574803165,0.03089036947304652,8467405.0,22.738000000000003,17.202,-1,0.30000000000000004,@eBay

35523,"RT @jpmorgan: ""We’re here to change the conversation about poverty and invest in ideas that could make our society better."" @iamwesmoore, C…

",JPMorgan,30/10/2018,106.7,-0.01733833177132154,-0.030740393626991575,-0.030740393626991575,-0.013589503280224955,18019681.0,23.855,21.005,-1,0.5,@jpmorgan
93502,RT @thalesgroup: This new Thales solution will disrupt the naval market. It will complete our family to fit all naval vessels. Read more ab…

,eBay,21/09/2018,34.04,0.005875440658049437,0.00528789659224441,0.0023501762632196915,0.001762632197414873,24874963.0,10.372,14.015,-1,0.15833333333333333,@eBay


77066,"RT @mst3kmotivation: In case you missed it, #Season12 of @MST3K will be premiering on @netflix this coming Thanksgiving, Nov 22nd, with six…

",Netflix,28/09/2018,374.13,0.017587469596129644,0.010023253949162056,-0.012562478282949749,-0.03458690829390853,7114878.0,33.245,40.211,1,0.0,@netflix
4614,Really Love Those Air Wovens from @Nike ! (cc @NikeFrance ) #Sneakers #Footwear #Kicks #Mode #Streetwear… https://t.co/CYHGW6ojIg
,Morgan Stanley,14/09/2018,48.19,-0.009753060800996034,-0.014733347167462147,-0.006847893753890813,0.0006225357958082826,6955800.0,12.901,18.771,1,0.1,@MorganStanley

66889,RT @MCU_Tweets: BREAKING: @Disney is reportedly planning multiple series centered on MCU characters.  Loki &amp; Scarlet Witch are mentioned ch…
38267,Check out The Manhattan Toy Company Smiling Face Pillow Sleepy Head Pink White NWT  https://t.co/oklvVG6h9I via @eBay


,Reuters,13/09/2018,50.2699,-0.009204315107052096,-0.023445441506746642,-0.020377999558383843,-0.014899572109751609,3010440.0,11.703,17.1,1,0.0,@Reuters
33227,Check out Bath And Body Works Aromatherapy 24 Hrs Moisture Butter with Essential Oils 3 ct https://t.co/WljaVYNRAy @eBay
619941,@letitiaw23 @Nike Seriously does he think Nike gives a shit about him lol
,TMobile,06/09/2018,65.52,0.002899877899877865,0.0038156288156288155,0.007936507936508094,0.007478632478632619,2277532.0,6.0870000000000015,28.245,1,0.0,@TMobile
,Apple,11/09/2018,223.85,-0.024659370113915488,-0.011391556846102224,-0.011391556846102224,0.020147420147420242,35749049.0,22.817,23.56,1,0.13636363636363635,@Apple
56005,"Yet another amazing Collab from @Skepta &amp; @Nike. This shoe is a work of art 🔥👏













#NeverSleepOnTour https://t.co/Mt0RRwtnZg

",Nike,11/09/2018,82.63,-0.00641413530194846,-0.02819799104441484,-0.02819799104441484,-0.036669490499818484,7166847.0,25.547,18.517,1,0.6000000000000001,@Nike
11144,RT @nikkiconstantin: Happy for @colesprouse whose work with @adidas is now enjoying global reach 👍 Spotted this in #Manila 📸 #colesprouse h…
673636,@BP_plc @nectar can I use my nectar points at a BP. To put fuel in.?
,Reuters,01/06/2017,48.2983,-0.0043334858576802695,-0.0009130756154978592,-0.0013685781901226072,0.009805728151922629,953079.0,13.217,19.526,1,0.5,@Reuters
23643,"RT @MorganStanley: Spending in manufacturing and #IT is picking up at the same time, creating a virtuous cycle for data-era advancements wi…

",Morgan Stanley,18/10/2018,46.03,0.025200955898327104,-0.001955246578318562,-0.05561590267217037,-0.05518140343254397,14873921.0,46.151,29.271,1,0.0,@MorganStanley
,Nike,08/09/2018,80.3,0.0,0.0012453300124534064,-0.004732254047322485,0.023661270236612773,6633912.0,21.364,18.219,-1,0.0,@Nike

59765,"RT @narendramodi: Had a wonderful meeting with Mr. @ChuckRobbins, Chairman and CEO of @Cisco. We discussed various aspects relating to tech…

",Cisco,13/09/2018,47.24,-0.007408975444538556,-0.004445385266723135,-0.003598645215918749,0.0008467400508043849,17972112.0,10.720999999999998,13.075,1,1.0,@Cisco
,Reuters,12/09/2018,49.8072,-0.014373423922645819,-0.011277485985961906,-0.010171220225188302,-0.016363096098556133,7901422.0,11.93,17.209,1,0.1,@Reuters


22017,When will #VR and #AugmentedRealityhit the mainstream? Former @Disney VR creative director shares his thoughts https://t.co/3TNWp3NOOq
40779,RT @ComfortablySmug: Here you go @Nike https://t.co/WBzZp0fRTy
41516,@Nike can do whatever it wants to do. @Kaepernick7 can do whatever he wants. There’s still a word like #Freedom . K… https://t.co/sKVYQQtvGk

,Nike,06/09/2018,80.4,-0.005970149253731393,-0.009950248756219046,0.0223880597014925,0.012437810945273627,8577029.0,21.379,18.968,1,-0.6,@Nike
,Facebook,01/12/2017,175.1,0.01187892632781275,0.00017133066818961245,0.04180468303826381,0.04386065105653916,20182523.0,27.571,22.808000000000003,-1,0.0,@facebook
47242,RT @Reuters: UK names two Russians for attempted murder of Skripals https://t.co/fcUqVVO6u1
63392,Check out Warrior Woman #painting In Oils on Canvas https://t.co/cmOhCrhQZp @eBay

,eBay,30/09/2017,38.46,0.0,-0.018980759230369317,-0.01066042641705678,-0.004420176807072327,9964979.0,15.466,16.916,-1,-0.16666666666666666,@eBay
41492,"RT @CoolTrainerEl: @sclancy79 @NFL @Nike Nike made Kap the face of their campaign













The face of Under Armour told the POTUS he’s not visitin…

",Nike,04/09/2018,79.6,0.03266331658291468,0.03266331658291468,0.03266331658291468,0.03743718592964829,18565837.0,20.517,20.153,1,0.0,@Nike
,Amazon,27/10/2018,1642.81,0.0,0.08483026034660134,0.013020373628112869,0.07378820435716853,14963783.0,74.59100000000002,49.036,-1,0.0,@amazon
57408,RT @Reuters: U.S. producer prices post first drop in one-and-a-half years https://t.co/nOnmL1hba7
,Reuters,30/11/2017,48.5406,0.005444926515123539,0.012253659822911116,0.005218312093381685,0.00022661442174185702,816955.0,7.222,18.276,1,0.15000000000000002,@Reuters
,Tesco,30/10/2018,215.0,-0.011627906976744186,-0.010232558139534827,-0.010232558139534827,-0.0032558139534883197,16678875.0,17.764,33.802,-1,0.0,@Tesco
,AT&T,09/09/2018,32.12,0.0,0.0,0.0018679950186800208,-0.0056039850560397324,25757787.0,10.568,15.437,1,0.0,@ATT

21599,RT @netflix: they made us an offer we couldn't refuse https://t.co/HLIQj56yFy
14817,RT @Argos_Online: #FastTrackFriday is back! 🎉 This month we're giving away this amazing @HP laptop - get back to uni in style! RT &amp; f… 
,Netflix,31/05/2017,163.07,0.0009198503710063511,-0.003924694916293533,-0.003924694916293533,-0.03262402649169065,5328919.0,18.548,26.631,1,0.325,@netflix
,Netflix,10/09/2018,348.41,0.0007749490542750834,0.0007749490542750834,0.0007749490542750834,0.055308401021784616,5752184.0,38.166,35.868,-1,0.0,@netflix


,Nike,07/09/2018,80.3,0.0012453300124534064,-0.004732254047322485,-0.008717310087173136,0.023661270236612773,6633912.0,21.364,18.219,1,1.0,@Nike

,CocaCola,18/10/2018,45.61,0.005481254110940585,-0.002631001973251424,-0.015347511510633696,-0.021267265950449442,12716854.0,19.947,14.302,1,0.41818181818181815,@CocaCola
42405,RT @honaskidesign: @Kaepernick7 @Nike You just alienated a huge part of you potential sales. Will never buy Nike again. #boycottnike
70383,"RT @Ian_Fraser: Group of ""extremely concerned investment banking professionals"" at @HSBC call for their boss, Robin Phillips, and his manag…

",HSBC,21/09/2018,680.4,-0.02160493827160484,-0.026748971193415537,-0.04379776601998818,-0.03233392122281011,44881395.0,15.808,14.144,1,-0.125,@HSBC
40792,@Nike + @WiedenKennedy showing true courage in a time when most brands find it terrifying. So jealous of this level… https://t.co/6vPtfYzNcF
27101,"RT @Reuters: Saudi explanation of Khashoggi killing 'not enough', Mnuchin says https://t.co/jqbMlJTVG0

",Reuters,21/10/2018,51.3383,0.0,0.0,0.005362468176780327,-0.020810973483734303,1949444.0,26.602,23.466,-1,0.0,@Reuters
23792,"RT @Alkhaldi9999999: @realDonaldTrump @VP 






@CIA 






@FoxNews 






@FinancialTimes 






@TIME 






@nytimes 






@WSJ 






@USATODAY 






@Reuters 






The fiancee of a Sa…

",Reuters,18/10/2018,51.6136,-0.0010675480881007318,-0.010030302090921732,-0.02859517646511764,-0.05121518359502147,1527107.0,26.745,23.387,1,0.0,@Reuters
61515,@JulieChen @CBS you sounded weak with your sign off. You made a point but not the one you intended.  #Shameful #norespect #metoo
63362,@Abo_Mansoor @CCriadoPerez @Apple She would literally say that if they bought out a phone just for women.


,Apple,03/09/2018,227.63,0.0,0.0,0.0,-0.04256908140403285,43340134.0,9.004,21.817,1,0.0,@Apple
61406,"RT @boring_as_heck: Fuck you, @Nike! I just ordered 6,500 pairs of your shoes and I'm getting them sent directly to the local dump! Suck my…

",Nike,14/09/2018,83.49,-0.00023954964666422359,-0.005868966343274583,-0.010300634806563654,-0.038208168642951235,4884358.0,23.117,18.114,1,-0.5,@Nike
3539,"""Best money ever spent thrust Groupon. I highly recommend this for anyone looking to get into shape without the..."" @Groupon #HappyCustomer
",Groupon,28/02/2017,4.23,0.061465721040189075,0.0567375886524821,0.0567375886524821,0.12056737588652475,16737895.0,124.137,70.685,1,0.45,@Groupon
13792,"RT @F1: Making track modifications as they go, it's @Karembeu v @therealdcf1... 😂











@Heineken #ChampionsOfTheGrid #F1 https://t.co/2EGOg10w4G
",Heineken,31/08/2017,88.13,-0.013389311244751987,-0.02303415409054807,-0.01963009190967877,-0.013162373766027422,698943.0,11.123,11.398,1,0.0,@Heineken
49608,RT @JimCarrey: Thank you @Nike for just doing it. #CapitalismWithAConscious https://t.co/rIpKfDAJ5V


32769,@iloveau33 @ESPNCFB @exxonmobil Hope you faired well in the storm
29944,RT @sjreines: Proud to see these deploying again today in Panama City! And proud to work for @TMobile leaders who put people and community…
,Netflix,22/09/2018,361.19,0.0,0.0115451701320635,0.015974971621584157,0.009330269387303095,11930568.0,44.094,41.762,1,0.0,@netflix

7400,Trump aims to expand… https://t.co/N4c56S3MEz  |📱Get the phone and plan you have always wanted! https://t.co/0isgO6q05Z @amazon #retweet 👍
7683,"RT @Reuters: UPDATE: At least 80 killed, more than 350 wounded in #Kabul blast - Afghan public health ministry https://t.co/n34ixtA01F
",Reuters,31/05/2017,48.089,0.0034352970533801635,0.002977811973632228,0.002977811973632228,-0.0011457921770050518,928465.0,13.133,20.003,1,0.0,@Reuters
37365,"@kyleBPLUSA Another @Nike supporter, note the T-shirt

",Nike,10/09/2018,82.1,-0.02192448233861141,-0.02192448233861141,-0.02192448233861141,0.001218026796589629,6965631.0,25.255,18.722,-1,0.0,@Nike


,SAP,29/10/2018,91.11,0.015695313357480044,0.015695313357480044,0.015695313357480044,0.039732191855998286,2396354.0,46.779,37.383,1,0.0,@SAP
452642,RT @Reuters: WATCH: Apple made history by hitting the $1 trillion mark. Take a look back at the company through the years: https://t.co/339…
57903,@reeses @amazon All of it I love chocolate


1277,Check out Budget Dapper Dan Torso Fourteen Parts #APPLAM https://t.co/J66gC3JbbU via @eBay
16442,Check out Vera Bradley RED BANDANA Tri-fold Wallet NWOT #VeraBradley #Trifold https://t.co/hkq3GPcO04 via @eBay

,Burberry,29/12/2017,1792.0,-0.0011160714285714283,0.0,-0.01841517857142857,-0.01841517857142857,529661.0,14.214,12.61,1,0.0,@Burberry
35503,@KelloggsUS ?#FeedYourFandomEntry Kellogg’s Feed Your Fandom Sweepstakes
,Nike,05/09/2018,79.92,-0.004004004004004097,0.028528528528528538,0.028528528528528538,0.03591091091091097,12269138.0,21.037,19.239,-1,0.0,@Nike
50638,RT @Jeanne_Umbra: If @nbc’s not going to #SaveTrialandError I am sure someonelse will. @hulu @netflix @AmazonStudios @AppleTV ? Or may you…
46724,"@boring_as_heck @Nike but can they just fuck, anyway? xD

",Nike,05/09/2018,79.92,-0.004004004004004097,0.028528528528528538,0.028528528528528538,0.03591091091091097,12269138.0,21.037,19.239,-1,-0.4,@Nike
6890,Check out Morakniv Companion Fixed Blade Outdoor Knife with Sandvik Stainless Steel Bla...  https://t.co/Leu13ugouD via @eBay
,Reuters,06/09/2018,49.5209,-0.010676300309566277,-0.013123751789648315,-0.009563638786855604,-0.006227673568129798,2366771.0,18.779,16.945999999999998,-1,0.0,@Reuters
7780,"RT @TheMarket76: Small Wooden Cat, 4"" tall, Home - Office Decor, Cute Kitty - Hand Carved  https://t.co/YB9vnu0IjC via @eBay https://t.co/L…
",eBay,31/05/2017,34.3,0.00932944606413995,0.017492711370262433,0.017492711370262433,0.015160349854227496,9762178.0,16.727,22.532,-1,0.08333333333333333,@eBay

,HSBC,20/09/2018,665.7,-0.005257623554153522,-0.02268289019077666,-0.015472435030794754,-0.014270692504130987,25329598.0,12.244000000000002,12.097,1,0.0,@HSBC


,easyJet,10/09/2018,1419.0,0.014799154334038053,0.014799154334038053,0.014799154334038053,0.08386187455954898,2317578.0,15.377,23.333,-1,0.0,@easyJet
11232,RT @om_bts: #BTSforVMAs This time it was @Microsoft that was blessed with the voices of @BTS_twt Let's stream  before the comeb… 
,Nike,05/09/2018,79.92,-0.004004004004004097,0.028528528528528538,0.028528528528528538,0.03591091091091097,12269138.0,21.037,19.239,1,-0.6,@Nike
62197,"RT @Reuters: Tariffs threaten market-leading tech, consumer stocks https://t.co/U1pAZcfngz

",Reuters,15/09/2018,50.1377,0.0,0.002636738422384701,-0.006591846055961894,-0.016696019163224468,2585085.0,11.593,17.185,-1,0.0,@Reuters
55663,RT @Nike: Don’t settle for homecoming queen or linebacker. Do both.

37173,#sunset check out Mudjug Portable Spittoon Orange - Portable - NEW  https://t.co/fKzdyChgGn via @eBay

,Expedia,10/09/2018,129.05,-0.0017822549399458985,-0.0017822549399458985,-0.0017822549399458985,0.011235955056179686,1281625.0,29.884,19.86,1,0.0,@Expedia

,TMobile,01/11/2017,59.75,0.0003347280334728557,-0.002845188284518857,0.05355648535564858,0.03648535564853556,3352007.0,36.554,22.433000000000003,1,0.0,@TMobile
,Facebook,30/11/2017,177.18,-0.011570154644993856,0.029574444068179138,0.03301727057229932,0.02082627836098881,25307601.0,27.005,22.518,1,-0.2,@facebook
14799,". @BankofAmerica exploring use of iris, facial recognition technologies https://t.co/LosslYHMU5 #biometrics… https://t.co/w3pUV83Nly
",Bank of America,29/09/2017,25.34,0.004340962904498794,0.0027624309392265305,-0.020915548539857973,-0.012628255722178386,66232556.0,15.979,20.253,-1,0.0,@BankofAmerica
,Nike,06/09/2018,80.4,-0.005970149253731393,-0.009950248756219046,0.0223880597014925,0.012437810945273627,8577029.0,21.379,18.968,1,-0.6,@Nike
47533,All publicity is good publicity. @Nike
,Nike,04/09/2018,79.6,0.03266331658291468,0.03266331658291468,0.03266331658291468,0.03743718592964829,18565837.0,20.517,20.153,1,0.875,@Nike

46689,RT @253Kie: @sclancy79 @NFL @Nike Proud to serve my country in my @Nike boots 🇺🇸 https://t.co/eZRAprxTra
,Facebook,30/12/2017,176.46,0.0,0.008273829763119005,0.0065737277569987325,0.00419358494843013,10261456.0,10.039,20.337,-1,0.0,@facebook
,Ryanair,22/10/2018,11.93,-0.04023470243084664,-0.04023470243084664,-0.04023470243084664,-0.04987426655490351,1331039.0,39.683,50.326,1,-0.175,@Ryanair

,eBay,15/09/2018,34.1,0.0,0.009970674486803407,0.00469208211143685,-0.0032258064516128863,5376353.0,18.239,14.535,-1,0.21428571428571427,@eBay

,Netflix,14/09/2018,364.56,0.009847487382049526,0.014784946236559102,-0.02367237217467631,-0.04355935922756198,4756426.0,46.007,37.876,1,0.325,@netflix
6141,"#Repost sanjanabatra with @repostapp





・・・





@parineetichopra in a @hm camisole, earrings, zara… https://t.co/QjQVsXTUMQ
",H&M,28/04/2017,25.08,0.0,0.0,0.0,-0.042364433811802236,20.0,25.965,34.317,1,0.0,@hm
,Apple,28/04/2017,143.65,0.0009745910198397936,0.00020884093282284117,0.006126000696136411,-0.0096066829098503,20860358.0,10.476,11.495,1,0.0,@Apple
,eBay,01/04/2017,33.57,0.0,0.003872505212987863,0.002383080131069357,-0.005064045278522542,10222995.0,12.663,12.648,-1,0.3,@eBay
21006,"Check out Dinky Toys, Meccano, Jaguar Type D, 238, Collectible, Thrifty Street, USED https://t.co/cpGuJTAsuz @eBay
",eBay,29/12/2017,37.74,0.004769475357710644,-0.0034446210916799828,0.0052994170641228345,0.0005299417064121892,4652483.0,9.985,19.193,-1,-0.5,@eBay
43030,"@johnrich @Nike Socks were the only Nike products you could afford, they won’t miss you

",Nike,04/09/2018,79.6,0.03266331658291468,0.03266331658291468,0.03266331658291468,0.03743718592964829,18565837.0,20.517,20.153,-1,0.0,@Nike
,Apple,12/09/2018,221.07,0.012575202424571408,-0.012394264260188994,0.0010403944451984359,0.02623603383543679,49278740.0,22.583,17.953,1,0.0,@Apple
63895,RT @benjibou: Our culture is visual and visual search has a bright future. @ASOS Style Match is reinventing eCommerce: https://t.co/sqRTl7s…
56368,"RT @SievertMike: I’m so psyched about our 600MHz rollout, bringing @TMobile to more people! The rapid deployments in Puerto Rico are especi…

",TMobile,11/09/2018,65.91,-0.005310271582460845,-0.023061750872401702,-0.023061750872401702,-0.002124108632984381,1375418.0,15.235,29.291,-1,0.625,@TMobile
22653,"RT @rjouchen: Never give or take any excuse, this is the secret of success.






@warnerbrostv @CBS I'll fight for #PersonOfInterest until you b…

",CBS,01/10/2018,55.76,0.030308464849354462,0.030308464849354462,0.030308464849354462,0.014705882352941181,3609529.0,20.928,20.862,-1,-0.05000000000000001,@CBS
,Netflix,24/09/2018,369.61,-0.02278076891858991,-0.02278076891858991,-0.02278076891858991,-0.052108979735396736,9322522.0,44.319,41.985,1,0.0,@netflix
,eBay,16/09/2018,34.1,0.0,0.0,0.009970674486803407,-0.0032258064516128863,5376353.0,18.239,14.535,1,0.0,@eBay
21431,"RT @Reuters: Barring late legal twist, U.S. military to accept transgender recruits https://t.co/PFdhiiGh9U
",Reuters,29/12/2017,48.0119,-0.0011476321495295116,-0.002982593898595978,-0.01101185331136657,-0.0038990333646449563,452187.0,9.482,8.113999999999999,1,-0.06666666666666668,@Reuters

,eBay,25/09/2018,32.76,0.029304029304029325,0.03907203907203912,0.03907203907203912,0.0415140415140415,20478999.0,16.949,15.794,-1,0.0,@eBay
41428,"RT @RealCandaceO: Congratulations to @adidas for a wonderful win in business today! 













They are proof that sometimes all you have to do is s…

",adidas,04/09/2018,210.5,0.02470308788598569,0.019002375296912115,0.019002375296912115,0.02565320665083138,636913.0,17.278,29.276,1,1.0,@adidas
,Reuters,05/09/2018,48.9922,-0.002473863186384663,0.0011246688248334026,0.0011246688248334026,0.01191414143475901,2480604.0,19.22,16.910999999999998,1,0.0,@Reuters
74592,"RT @apoliticalco: The new tool, which @Google created along with @Mayors4Climate, can help cities calculate a large chunk of their carbon e…

",Google,25/09/2018,1193.89,-0.012002780825704341,-0.01823451071706791,-0.01823451071706791,-0.022430877216494147,1657809.0,18.397,18.381,1,0.17532467532467533,@Google
,Bank of America,02/09/2018,30.93,0.0,0.0,0.002586485612673839,-0.0012932428063368625,49265952.0,9.427,13.985,-1,0.0,@BankofAmerica

43394,@jasomnambulism @SandaBlue @sclancy79 @NFL @Nike No it's that we don't believe a bunch of  Black guys complaining a… https://t.co/88ROK6Ftex
,Amazon,15/09/2018,1970.19,0.0,0.009988884320801463,0.010054867804627951,-0.009197082514884412,3642030.0,23.601,19.372,-1,-0.6,@amazon
62804,The Secret Sauce Service (from @McDonalds)  #LesserKnownBranches
,eBay,18/09/2018,34.12,0.00234466588511153,-0.0005861664712777263,-0.0005861664712777263,-0.00029308323563886316,8724806.0,14.582,14.156,-1,0.2181818181818181,@eBay
,Apple,13/09/2018,226.41,-0.02358553067444019,-0.011306921072390806,-0.035687469634733376,-0.014619495605317797,41706377.0,25.87,17.349,-1,0.0,@Apple
,Wells Fargo,21/09/2018,54.99,0.010183669758137757,0.0041825786506637,-0.008910711038370649,-0.004728132387706949,36158566.0,19.136,14.192,1,0.0,@WellsFargo
39354,@LaQuettaGlaze @ObviousParadox @netflix Ha! Yes! We will have another late night!
58466,"RT @tiffanyyoung: My first adventure through Scotland #teachyou 






 #HM #HMLOVESMUSIC @hm https://t.co/ddSOaVdAyT

",H&M,13/09/2018,13.6792,-0.022603661032808985,-0.022603661032808985,-0.009444996783437562,-0.013100181297151866,2182.0,45.111,55.463,1,0.25,@hm
2539,@tomonslowcole @BMWMotorsport @BMWUKMotorsport @BMW @BMW_UK @BMWGroup awesome bro #doitjustice

,Nike,04/09/2018,79.6,0.03266331658291468,0.03266331658291468,0.03266331658291468,0.03743718592964829,18565837.0,20.517,20.153,-1,0.25,@Nike
472792,"Check out Little Golden Books lot of 10 variety Christmas, Disney, Cabbage Patch kids  https://t.co/PhysJSvMre via @eBay

",Disney,13/08/2018,112.12,0.0049946485907955964,0.0049946485907955964,0.0049946485907955964,0.03407063860149833,6082324.0,19.233,16.491,-1,0.05625,@eBay
,eBay,31/10/2017,37.64,-0.017003188097768348,-0.022316684378321027,-0.022316684378321027,-0.02391073326248668,6722841.0,19.794,16.127,1,-0.16666666666666666,@eBay
52049,RT @JN31621: Perhaps @Nike Could Idolize A TRUE Hero...  #ThursdayThoughts https://t.co/175DAafST5
71026,@GooleyChris @Disney @JordanPeele She said no? They filming in BK?
,Reuters,03/09/2018,49.0473,0.0,0.0,0.0,-0.028521447663785726,3566561.0,19.213,16.855,-1,0.0,@Reuters
665096,@haywardiii @SebGorka @Nike Unfortunately I read that Nike had a 31% increase of on-line sales.

4066,"RT @USDOL: DYK? @Ford announced plans to cancel a plant in Mexico, adding 700 jobs in MI &amp; Fiat Chrysler announced $1B investment, creating…
",Ford,01/03/2017,12.69,-0.01260835303388496,-0.002364066193853377,-0.017336485421591715,-0.0015760441292355847,36178588.0,15.727,18.829,1,0.0,@Ford
72420,Check out 1962  USSR Russian poster Movie  film cinema  poland polish  Airborne forces   https://t.co/iJ1AYls1Fh via @eBay
,Apple,12/09/2018,221.07,0.012575202424571408,-0.012394264260188994,0.0010403944451984359,0.02623603383543679,49278740.0,22.583,17.953,-1,0.0,@Apple
35619,Check out Carhartt Men's Waterproof Insulated Mitten Gloves Black Fleece Cuff Size Large #Carhartt https://t.co/2CboFxw4zL via @eBay
176411,"@Ryanair (FR)007: The name is Ryan, Ryanair. #FilmsOnAPlane
",Ryanair,28/02/2017,14.28,-0.020308123249299655,-0.025210084033613408,-0.025210084033613408,-0.0014005602240896062,2006556.0,16.673,23.409,1,0.0,@Ryanair
70469,"RT @Walmart: Thank you to our customers &amp; associates who gave so generously. Together, we’ve raised over $7.5 million for 2018 Hurricane Re…

",Walmart,21/09/2018,95.9,-0.0015641293013556382,-0.0068821689259646575,-0.004900938477580801,-0.013660062565172076,9530133.0,8.758,29.727,-1,0.0,@Walmart

,Bayer,25/10/2018,66.5,0.008421052631578982,0.053233082706767014,0.15082706766917295,0.1754887218045113,6287029.0,52.136,40.711,-1,0.0,@Bayer
,eBay,31/05/2017,34.3,0.00932944606413995,0.017492711370262433,0.017492711370262433,0.015160349854227496,9762178.0,16.727,22.532,1,0.1,@eBay


,eBay,19/10/2018,28.75,0.09739130434782613,0.11373913043478273,0.1217391304347826,0.10330434782608693,39779447.0,58.203,35.868,1,0.0,@eBay
,Apple,17/09/2018,217.88,0.027354507068110923,0.027354507068110923,0.027354507068110923,0.0020653570772903303,37195133.0,28.701,19.916,-1,-0.6666666666666666,@Apple
75998,RT @ATT: This program is helping young Latinas become tomorrow's #STEM role models. https://t.co/QgNC6a7ImI
,Microsoft,26/09/2018,113.98,0.0041235304439375215,0.006053693630461464,0.0024565713283032213,-0.020003509387611872,19352025.0,15.528,16.141,1,0.6000000000000001,@Microsoft
48272,RT @Nike: Don’t ask if your dreams are crazy. Ask if they’re crazy enough. #justdoit https://t.co/Wd5L42egV8
22524,Check out sterling silver mystic topaz pendant #Unbranded https://t.co/vj9ZR91d0X via @eBay
595836,*Brand New &amp;amp; Seal Microsoft Xbox 360 Games (PAL): Select Your Titles - FREE POST https://t.co/jeWvUtQWN4 via @eBay

,Amazon,31/03/2017,886.54,-0.011505403027500092,-0.013783924019220694,-0.034448530241162234,-0.0461682495995668,3957612.0,16.898,11.545,-1,0.0,@amazon

16812,Check out 2014-15 PANINI EMINENCE KYRIE IRVING PATCH AUTO 4/5 IMMENCE ENDORSEMENTS https://t.co/kU1mAQ11HW @eBay

2888,"Hey @ATT &amp; @Teleperformance, stop squashing labor &amp; human rights! I stand w/ workers fighting for a union https://t.co/oaB2q3xaTG
",AT&T,28/02/2017,41.79,0.0007178750897344135,0.013639626704953346,0.013639626704953346,-0.001435750179468827,19338619.0,11.868,14.041,-1,0.0,@ATT

,Reuters,03/09/2018,49.0473,0.0,0.0,0.0,-0.028521447663785726,3566561.0,19.213,16.855,1,0.0,@Reuters
,Nike,07/09/2018,80.3,0.0012453300124534064,-0.004732254047322485,-0.008717310087173136,0.023661270236612773,6633912.0,21.364,18.219,1,0.0,@Nike
,Disney,01/10/2018,116.24,0.006022023399862378,0.006022023399862378,0.006022023399862378,-0.029852030282174806,8644469.0,16.657,13.305,1,0.5,@Disney

683100,"RT @Apple: The all-new iPhone XS, iPhone XS Max, iPhone XR and Apple Watch Series 4 are here. #AppleEvent
",Apple,13/09/2018,226.41,-0.02358553067444019,-0.011306921072390806,-0.035687469634733376,-0.014619495605317797,41706377.0,25.87,17.349,-1,0.0,@Apple
28672,RT @CopThatCooks: Here's a brilliant idea that could really save lives. Well done @Tesco and @stjohnambulance for printing these CPR instru…
51391,RT @Nike: Don’t ask if your dreams are crazy. Ask if they’re crazy enough. #justdoit https://t.co/Wd5L42egV8
61928,@Shell @mundanematt would love this recipe.
,Amazon,25/09/2018,1974.55,-0.020354004709933936,-0.03015370590767515,-0.03015370590767515,-0.016965890962497784,4538407.0,27.407,23.156,-1,0.0,@amazon
,Amazon,12/09/2018,1990.0,-0.0014321608040200548,-0.025623115577889453,-0.01906030150753772,0.0024221105527637873,4414012.0,23.471,19.858,1,-0.39583333333333337,@amazon
9468,RT @SimplyCharlie_: @PopCrave A missed opportunity... @adidasUK @adidas https://t.co/pDFbqX87yp
21169,"RT @charliekirk11: Incredible video: @CBS does a special on the GOP tax plan 











The result?











Every middle class family they sat down with SA…
",CBS,29/12/2017,59.0,0.004406779661016915,0.004915254237288121,0.020169491525423692,0.0198305084745763,2334987.0,12.854,26.593000000000004,1,0.27539682539682536,@CBS
63821,Check out Albuquerque Balloon Festival Embroidered T-Shirt XL Heather Red Heavy Cotton #Gildan https://t.co/tkzhMr7hP5 via @eBay
,Starbucks,23/10/2018,58.81,0.0015303519809555571,-0.0025505866349261296,-0.0025505866349261296,-0.017003910899506886,12834169.0,24.98,21.975,1,0.0,@Starbucks

,Nike,04/09/2018,79.6,0.03266331658291468,0.03266331658291468,0.03266331658291468,0.03743718592964829,18565837.0,20.517,20.153,-1,-0.5,@Nike
301759,Check out this Amazon deal: Freakishly Effective Social Media for Network... by Ray Higdon https://t.co/CYZE6ShAjK via @amazon
58928,"RT @tiffanyyoung: My first adventure through Scotland #teachyou 






 #HM #HMLOVESMUSIC @hm https://t.co/ddSOaVdAyT

",H&M,13/09/2018,13.6792,-0.022603661032808985,-0.022603661032808985,-0.009444996783437562,-0.013100181297151866,2182.0,45.111,55.463,1,0.25,@hm

,Reuters,05/09/2018,48.9922,-0.002473863186384663,0.0011246688248334026,0.0011246688248334026,0.01191414143475901,2480604.0,19.22,16.910999999999998,-1,0.13636363636363635,@Reuters

25312,"@danieljsiegel @AmericanExpress Thank you, I would not have access to Merchant Accounts. I would contact us and esc… https://t.co/Sbti8RktWj

",American Express,19/10/2018,106.73,-0.036447109528717325,-0.022392954183453585,-0.023048814766232623,-0.03494799962522256,5726327.0,32.744,20.363,1,0.0,@AmericanExpress

,Reuters,18/09/2018,50.2478,-0.002410055763635393,-0.002191140706657717,-0.002191140706657717,-0.02301593303587424,1970781.0,11.156,16.788,1,0.0,@Reuters
44068,"@CoolTrainerEl @STPFreak @sclancy79 @NFL @Nike White people? I will wear Nike, Under Armor. All white people are no… https://t.co/aMJHAu5HId

",Nike,04/09/2018,79.6,0.03266331658291468,0.03266331658291468,0.03266331658291468,0.03743718592964829,18565837.0,20.517,20.153,-1,0.0,@Nike
66968,Timing is everything! @BBCTech publish article in @IBM tool to detect #AI bias on same day we see a full house for… https://t.co/zgqRdMfdjy
,Nike,04/09/2018,79.6,0.03266331658291468,0.03266331658291468,0.03266331658291468,0.03743718592964829,18565837.0,20.517,20.153,-1,0.8,@Nike

596012,RT @AdamnWarrior: @Nike Or lose 120 pounds working in a Nike sweat shop in North Korea.
,Facebook,29/09/2018,164.46,0.0,0.02663261583363733,0.015140459686245776,-0.00930317402407881,34265638.0,26.211,23.132,1,0.25,@facebook
718282,"RT @Reuters: Youth activists and journalists protest in Yangon over the jailing of two Reuters reporters, Wa Lone and Kyaw Soe Oo https://t…
",Reuters,17/09/2018,50.1267,0.00021944392908375746,0.00021944392908375746,0.00021944392908375746,-0.01757945366441437,2828945.0,11.155,16.894000000000002,1,0.0,@Reuters
35490,@Apple just announced the new MacBook Air 💻 Looks like a MacBook Pro - slightly jealous. Let's just wait for that p… https://t.co/Px73ZitxGa


27360,@AnneMay71755911 @Siimzo @Ryanair No one paticularly wants to fly with ryanair but i think at least the gesture sho… https://t.co/f7GSyqG3RB



,Netflix,02/09/2018,367.68,0.0,0.0,0.008975195822454339,-0.024097040905134936,7943443.0,34.963,35.842,1,0.0,@netflix
,eBay,24/10/2018,27.29,0.03297911322828883,0.043972150971051636,0.0534994503481129,0.1733235617442288,16309320.0,51.743,35.956,-1,0.0,@eBay
,Reuters,02/09/2018,49.0473,0.0,0.0,0.003368177249308294,-0.036156934224717815,3566561.0,19.213,16.855,1,0.0,@Reuters
38198,"RT @brunapmp: @DFB_Team_EN @adidas 1992 Euro shirt, this is the oldest one in my collection https://t.co/HrMmIobrCj

",adidas,10/09/2018,207.7,-0.005296100144439068,-0.005296100144439068,-0.005296100144439068,0.038517091959557055,482717.0,16.834,29.284,1,0.0,@adidas
29046,RT @Reuters: Turkey's President Erdogan's statement on the killing of Jamal Khashoggi https://t.co/qk3lhOUDHu
682244,"RT @Apple: The all-new iPhone XS, iPhone XS Max, iPhone XR and Apple Watch Series 4 are here. #AppleEvent
",Apple,13/09/2018,226.41,-0.02358553067444019,-0.011306921072390806,-0.035687469634733376,-0.014619495605317797,41706377.0,25.87,17.349,-1,0.0,@Apple
60351,"RT @Apple: The all-new iPhone XS, iPhone XS Max, iPhone XR and Apple Watch Series 4 are here. #AppleEvent

",Apple,13/09/2018,226.41,-0.02358553067444019,-0.011306921072390806,-0.035687469634733376,-0.014619495605317797,41706377.0,25.87,17.349,-1,0.0,@Apple
,Kroger,04/09/2018,31.9,-0.012539184952978013,-0.012539184952978013,-0.012539184952978013,-0.024764890282131642,8774466.0,27.717,27.425,-1,-0.6,@kroger

,Nike,04/09/2018,79.6,0.03266331658291468,0.03266331658291468,0.03266331658291468,0.03743718592964829,18565837.0,20.517,20.153,1,-0.2,@Nike
68516,@jill_rowley @Adobe @marketo Congrats!!! 🎊🎈

38070,RT @netflix: If Jamey and Peter Kavinsky had a conversation https://t.co/Z9FkHzw2Js
18654,@Reuters @makinibrice @miholden He was also criticised by the extremist group the Muslim Council of Britain.
69921,"RT @NetflixAnime: Mobile Suit Gundam UC (7 Episodes, Dub/Sub) is now on @netflix! https://t.co/BDfFsH0LBn

",Netflix,21/09/2018,361.19,0.0115451701320635,0.015974971621584157,0.017885323513939975,0.009330269387303095,11930568.0,44.094,41.762,-1,0.0,@netflix


48222,RT @Nike: Don’t ask if your dreams are crazy. Ask if they’re crazy enough. #justdoit https://t.co/Wd5L42egV8

,Nike,04/09/2018,79.6,0.03266331658291468,0.03266331658291468,0.03266331658291468,0.03743718592964829,18565837.0,20.517,20.153,1,1.0,@Nike
22391,@McDonalds I like pickles
38350,RT @Apple: Join us September 12 at 10 a.m. PDT to watch the #AppleEvent live on Twitter. https://t.co/hEaYP8pkbN
,Reuters,28/04/2017,50.0386,-0.03566047011706972,-0.05260938555435205,-0.05503151566990287,-0.0616344182291271,2448752.0,23.42,15.044,-1,0.012121212121212116,@Reuters
,Amazon,31/07/2017,987.78,0.03265909413027192,0.03265909413027192,0.03265909413027192,0.051803033064042665,7352063.0,24.818,20.674,-1,-0.05,@amazon

54816,RT @Nike: Don’t ask if your dreams are crazy. Ask if they’re crazy enough. #justdoit https://t.co/Wd5L42egV8
,Amazon,01/03/2017,853.08,-0.009424672949782057,-0.0052046701364468215,-0.009190228349041159,0.0029657241993716558,2760083.0,11.025,15.956,1,0.0,@amazon
,eBay,29/10/2018,26.82,0.019388516032811318,0.019388516032811318,0.019388516032811318,0.062266964951528635,18291838.0,51.611,37.935,1,0.0,@eBay

,Ryanair,24/10/2018,12.3,0.0024390243902438504,-0.030081300813008208,-0.06910569105691068,-0.06138211382113828,2495306.0,37.77,51.26600000000001,1,0.0,@Ryanair
,McDonald's,22/10/2018,166.63,0.005161135449799038,0.005161135449799038,0.005161135449799038,-0.0177639080597732,5703547.0,21.636,19.135,-1,-0.125,@McDonalds
66094,"RT @alamble: @missmary88 @anng102106 @RachaelTaylorD2 @Sony The Mothership probably has a food warmer and a little dorm-sized mini fridge,…

",Sony,18/09/2018,6652.0,-0.003307276007215875,-0.003307276007215875,-0.003307276007215875,-0.04765484064942874,6892000.0,21.509,20.164,1,-0.1875,@Sony
,Nestle,30/10/2018,84.32,-0.009724857685009409,-0.006166982922201092,-0.006166982922201092,-0.01826375711574944,5103143.0,17.074,16.848,-1,0.0,@Nestle
,TMobile,20/09/2018,69.13,-0.01128308983075367,-0.009257919861131213,-0.02473600462895984,-0.009402574858961257,1875253.0,20.585,15.933,-1,0.0,@TMobile
,Facebook,25/09/2018,164.91,0.003031956824934813,-0.012006549026741798,-0.012006549026741798,-0.027954641925898888,27622806.0,20.871,22.482,-1,0.0,@Reuters
,TMobile,31/10/2018,68.55,-0.06754194018964252,-0.053099927060539766,-0.05018234865061996,-0.04142961342086074,9212389.0,52.81100000000001,33.278,-1,0.0,@TMobile
,Netflix,29/12/2017,191.96,0.003907063971660764,-0.029797874557199414,-0.02187955824130036,-0.010523025630339708,5187606.0,24.448,25.15,-1,0.0,@netflix
16709,RT @NICKIMINAJ: Excited to be a part of the all new @hm Holiday Campaign. Stay tuned 😉. #HM https://t.co/znxHbMYjNm
74499,Check out Earth Spirit Tan Leather Waterproof Hiking Work Boots sz US 9 Stockholm Women  https://t.co/Gq7SFIXAYE via @eBay

32612,"RT @highsnobiety: The @adidas Yeezy 700 Mauve will be online in an hour! Good luck 🍀 













https://t.co/YhoS9IH2x1 https://t.co/058WL0yEbB

",adidas,27/10/2018,203.4,0.0,0.01819075712881017,-0.02089478859390364,-0.001966568338249782,1149901.0,34.584,29.036,-1,0.0,@adidas
32958,"@espn @exxonmobil It's a powerful story @espn, but why let @exxonmobil Greenwash their image? Climate change aside,… https://t.co/ccKLrzdT4o

",Exxon,27/10/2018,77.53,0.0,0.010060621694827824,0.0011608409647878679,0.05726815426286596,18160517.0,19.78,19.156,1,0.3,@exxonmobil
7718,Check out Amazing Grace Inspirational Song Clock  https://t.co/8bIMW9STao via @eBay
,SAP,04/08/2018,100.0,0.0,-0.00489999999999995,-0.005799999999999983,0.020999999999999942,1646988.0,17.145,19.92,-1,0.0,@SAP

31118,"RT @MillieCordelia: @warnerbrostv @netflix @hulu @TheDCUniverse @TheCW @AmazonStudios #SaveGotham #LongLiveGotham On Gotham, viewers expect…

",Netflix,24/10/2018,301.83,0.10380015240367108,0.09180664612530244,0.10217672199582556,0.2082960606964185,19039297.0,83.53399999999998,58.904,-1,0.0,@netflix
76948,"RT @Reuters: Commentary: While North Korea has reaped a bumper crop of political gains since last fall, the United States has come up empty…

",Reuters,28/09/2018,50.3139,0.0008764973496391129,-0.005034394074003325,0.00043725491365220287,-0.006785401250946561,7988967.0,6.837999999999999,12.771,1,0.0,@Reuters
31908,Check out Black white kitten cat  flower  watercolor  ACEO original painting #Traditional https://t.co/hehyMBCXiO via @eBay
,Amazon,31/05/2017,994.62,0.0020912509300034595,0.001166274557117259,0.001166274557117259,-0.014347187870744587,3913115.0,10.034,14.566,-1,0.0,@amazon
15323,RT @Reuters: Tesla chief Musk's latest idea: Intercity rocket travel https://t.co/N2XQ2rsJR2 https://t.co/i6wu0UVukk
,eBay,06/09/2018,33.66,0.01396316102198473,0.033868092691622116,0.02822341057635184,0.033868092691622116,9240091.0,14.634,15.271,-1,0.0,@eBay
42724,RT @CaseyNeistat: dear @Nike i appreciate you for standing with @Kaepernick7 https://t.co/KEvLlzeGGV
58139,"RT @Apple: The all-new iPhone XS, iPhone XS Max, iPhone XR and Apple Watch Series 4 are here. #AppleEvent

",Apple,12/09/2018,221.07,0.012575202424571408,-0.012394264260188994,0.0010403944451984359,0.02623603383543679,49278740.0,22.583,17.953,-1,0.0,@Apple
,Facebook,29/09/2017,170.87,-0.012524141159946245,-0.018669163691695426,-0.038977000058524,-0.0019312927956927047,15340366.0,31.665,20.391,-1,0.0,@facebook
601582,RT @Reuters: BREAKING: Reuters reporters sentenced to seven years in a Myanmar prison. Watch reactions live: https://t.co/i4o56TvUwt https:…
21073,RT @simplybeingmom: #ad Save 40% on Lubriderm at @Walmart  when you combine the rollback price with the Instant Redeemable Coupon. Now is t…
,Starbucks,31/01/2017,55.22,0.012314378848243384,0.01629844259326329,0.01629844259326329,0.05831220572256428,14307985.0,23.916,17.298,1,0.25,@Starbucks
67425,RT @netflix: i dont know why we made this. https://t.co/ac2LbFcV0V

51030,"Check out Yu-Gi-Oh: Battle City Duels - Vol. 2: Obelisk the Tormentor (VHS, 2004)  https://t.co/75rr6pw5jF via @eBay #ebay #yugioh #duel

",eBay,06/09/2018,33.66,0.01396316102198473,0.033868092691622116,0.02822341057635184,0.033868092691622116,9240091.0,14.634,15.271,-1,0.0,@eBay
,Netflix,24/10/2018,301.83,0.10380015240367108,0.09180664612530244,0.10217672199582556,0.2082960606964185,19039297.0,83.53399999999998,58.904,1,0.0,@netflix
58573,@DanielTillie_ @Apple They’ve figured out how to do it...
58796,Check out NEW XEZO MAESTRO WHITE MOTHER OF PEARL Fountain Pen Personal Collection https://t.co/phi107qrPl @eBay
,Google,30/09/2018,1207.08,0.0,0.0,0.00023196474135929083,-0.02896245484972002,1780759.0,15.005,17.588,-1,0.0,@Google
28146,RT @Elena11575: #XenaRevival #SaveXena we need our hero @NBCUniversal @nbc @robtapert #XXisforXENA @NetflixLifee @netflix @SYFY @BuzzFeed @…

41720,"@BobJones4realz @CNN @adidas @UnderArmour Never said it was, idiot

",adidas,04/09/2018,210.5,0.02470308788598569,0.019002375296912115,0.019002375296912115,0.02565320665083138,636913.0,17.278,29.276,-1,-0.8,@adidas


9007,@StuntDusty @Walmart @ChrisCalamita always
13702,Check out Vintage Pair Of Ceramic Hand Painted Wall Sconces. https://t.co/R0jxU4ekEu @eBay
118588,RT @jazz821: Check out Nike Elite Ohio State Buckeyes Basketball Jersey Sewn LBJ Medium https://t.co/BzyTnvuhrE @eBay
,eBay,21/09/2018,34.04,0.005875440658049437,0.00528789659224441,0.0023501762632196915,0.001762632197414873,24874963.0,10.372,14.015,-1,0.25,@eBay
,Amazon,27/10/2018,1642.81,0.0,0.08483026034660134,0.013020373628112869,0.07378820435716853,14963783.0,74.59100000000002,49.036,1,0.16,@amazon
65704,@fac3l3ss_ @netflix Wellllll someone lied to you 😂
5692,Spindle River #Cowboy #Western #Rodeo #Shirt Men's Large Black Tan #Southwestern https://t.co/MRdgjK1MdH @eBay #rockabilly
,eBay,19/10/2018,28.75,0.09739130434782613,0.11373913043478273,0.1217391304347826,0.10330434782608693,39779447.0,58.203,35.868,-1,0.0,@eBay
52190,"@EdKrassen @Nike Kathy Griffin cut its head off and you all cheered, then you made an effigy and stabbed him to dea… https://t.co/EqZxzKOzzs

",Nike,07/09/2018,80.3,0.0012453300124534064,-0.004732254047322485,-0.008717310087173136,0.023661270236612773,6633912.0,21.364,18.219,1,0.0,@Nike
25607,"Check out MID-CENTURY MODERN SIGNED DAUM FRANCE HEAVY CRYSTAL CIGAR ASHTRAY 6.5""L x 3.5""W   https://t.co/YTspbyyLRg via @eBay

",eBay,20/10/2018,28.75,0.0,0.09739130434782613,0.11373913043478273,0.10330434782608693,39779447.0,58.203,35.868,-1,0.0,@eBay
5547,Check out NOTATIONS Shirt Blouse 2X Blue Floral 3/4 Sleeves Button Front Womens Top #Notations https://t.co/1Chu38u5z0 via @eBay
,Nike,06/09/2018,80.4,-0.005970149253731393,-0.009950248756219046,0.0223880597014925,0.012437810945273627,8577029.0,21.379,18.968,1,-0.6,@Nike

,eBay,21/10/2018,28.75,0.0,0.0,0.09739130434782613,0.10330434782608693,39779447.0,58.203,35.868,-1,0.85,@eBay
38246,RT @Apple: Join us on 12 September at 10:30 pm IST to watch the #AppleEvent live on Twitter. Tap ❤️ below and we’ll send you updates on eve…
5718,Check out NIB Disney STAR WARS CERAMIC MUG 12 oz.  Coffee Hot Chocolate Mug Item# 99361  https://t.co/LgrKfKFeeq via @eBay
1436,RT @chloecortes_c: @netflix Our fandom would go nuts if you picked #BatB up #NetflixSaveBatB

,Starbucks,30/09/2018,56.84,0.0,0.0,0.008796622097114706,0.010731878958479931,8975955.0,17.035,13.123,1,0.0,@Starbucks
73069,"RT @Nike: He’s done it again. 













Never stop chasing your crazy dreams. #justdoit https://t.co/sVXo12E1r9

",Nike,24/09/2018,84.27,0.015189272576243043,0.015189272576243043,0.015189272576243043,-0.011985285392191658,8770355.0,18.296,19.621,1,0.0,@Nike
16410,@Reuters How sad to see General Kelly just loose all the respect we had for him.
,Nike,04/09/2018,79.6,0.03266331658291468,0.03266331658291468,0.03266331658291468,0.03743718592964829,18565837.0,20.517,20.153,-1,0.0,@Nike
,Netflix,10/09/2018,348.41,0.0007749490542750834,0.0007749490542750834,0.0007749490542750834,0.055308401021784616,5752184.0,38.166,35.868,1,0.0,@netflix
,Apple,11/09/2018,223.85,-0.024659370113915488,-0.011391556846102224,-0.011391556846102224,0.020147420147420242,35749049.0,22.817,23.56,1,0.46875,@Apple

66620,"RT @ChampionsLeague: 😵 Outrageous. Sadio Mané sends Neymar and picks up Skill of the Day 👌 






@Mastercard #UCL https://t.co/nK7jqKWmSR

",Mastercard,19/09/2018,218.19,0.008524680324487895,-0.00788303771941885,-0.001054127136898986,-0.019065951693478144,2882966.0,15.042,16.565,-1,-1.0,@Mastercard
64442,RT @RBurlinson: Check out Large Volkswagen VW Tribal Flames x2 Side Stickers Graphics Decal Golf Camper 57 https://t.co/76QIGy7ZoJ @eBay #g…
60982,RT @Reuters: When electrically charged particles from the sun and particles from the Earth's atmosphere collide: Northern Light display ill…
20556,Check out Indian Sari 100% Pure Silk Printed Fabric Decor Craft Floral Sari #Nivisaa #Saree https://t.co/QoRTf3k7SL via @eBay
,Apple,15/09/2018,223.84,0.0,0.011481415296640428,-0.012374910650464662,-0.011347390993566795,31999289.0,25.688,17.88,1,0.4,@Apple

36410,@garthbiggs @HP Time to find another make? Brother?
27428,Check out JIMMY GRAHAM 2015 Triple Threads TTT non-autograph Seattle Seahawks 175/199  https://t.co/FrAG4JHTyh via @eBay
,eBay,31/10/2017,37.64,-0.017003188097768348,-0.022316684378321027,-0.022316684378321027,-0.02391073326248668,6722841.0,19.794,16.127,-1,-0.008333333333333333,@eBay

24142,I wish more tech leaders were cut from the same cloth as these two. @Microsoft https://t.co/sGYqbCaIQL
56573,RT @IntrigoSys: Excited to hear @HansThalbauer’s keynote about intelligent digital supply chains! @SAP @EP_NASCES #NASCES18 https://t.co/If…

,Netflix,29/10/2018,284.84,0.052626035669147635,0.052626035669147635,0.052626035669147635,0.15693020643168112,21698841.0,77.245,59.56800000000001,-1,0.0,@netflix

,IBM,01/02/2017,174.29,0.0013196396809915555,0.008663721383900508,0.017270067129496927,0.02295025532159045,2795745.0,21.68,15.123,-1,-0.3125,@IBM
43475,@johnrich @Nike Multiply by tens of millions those who are thrilled Nike is choosing the right side of history and… https://t.co/9QzoW266iB


,Apple,15/08/2018,210.24,-0.002330669710806741,-0.006516362252663644,-0.012890030441400342,-0.01422184170471846,28807564.0,9.395,22.101,-1,-0.1,@eBay
,eBay,21/10/2018,28.75,0.0,0.0,0.09739130434782613,0.10330434782608693,39779447.0,58.203,35.868,-1,0.0,@eBay
,Reuters,19/10/2018,51.3383,0.005362468176780327,0.004289195396029972,-0.004721621089907465,-0.020810973483734303,1949444.0,26.602,23.466,1,-0.2,@Reuters
,eBay,25/09/2018,32.76,0.029304029304029325,0.03907203907203912,0.03907203907203912,0.0415140415140415,20478999.0,16.949,15.794,-1,0.0,@eBay

50880,RT @JimCarrey: Thank you @Nike for just doing it. #CapitalismWithAConscious https://t.co/rIpKfDAJ5V
,Toyota,07/09/2018,6596.0,0.010764099454214677,0.018950879320800484,0.026834445118253485,0.0506367495451789,6639700.0,13.202,18.33,-1,0.06818181818181818,@Toyota

42458,RT @CaseyNeistat: dear @Nike i appreciate you for standing with @Kaepernick7 https://t.co/KEvLlzeGGV
13290,Check out Vtg 80s NWT DEADSTOCK Pale Peach Gauzey Lace MIDI Tea Dress 8 Carol Anderson   https://t.co/nZ5yr0bIDT via @eBay

401576,@facebook is the site down or something? I mean I am not seeing my profile picture on Facebook mobile
14600,"RT @choptopmoseley: Literally 9 inches of legroom width in @United economy, @Boeing 757 for my 5-hour flight! #builtforEwoks https://t.co/t…
",Boeing,01/09/2017,240.33,-0.00278783339574758,0.0005409228976823345,0.0006657512586859593,-0.018474597428535872,3271270.0,14.99,32.407,1,0.0,@Boeing
,Ryanair,21/10/2018,11.45,0.0,0.0,0.016157205240174718,0.002183406113537149,1782490.0,32.293,48.479,1,0.0,@Ryanair
21560,RT @netflix: they made us an offer we couldn't refuse https://t.co/HLIQj56yFy

41984,"RT @ImToBlame: Drop the Kap t-shirts @Nike , we ready.

",Nike,04/09/2018,79.6,0.03266331658291468,0.03266331658291468,0.03266331658291468,0.03743718592964829,18565837.0,20.517,20.153,-1,0.2,@Nike
33586,"RT @nprscottsimon: A @facebook post from our daughter's godmother, Jackie Lyden: ""Do something in the name of Tree of Life Synagogue... Bea…

",Facebook,28/10/2018,145.37,0.0,0.0,0.03838481117149332,0.0597097062667676,31303341.0,48.724,34.649,1,0.0,@facebook
1067,"@LetToysBeToys @Tesco it's appalling, where's the supermarket? How will girls ever know where to buy their husband's supper?
",Tesco,31/01/2017,194.6,0.016443987667009337,0.06140801644398776,0.06140801644398776,-0.0125899280575539,79257504.0,60.469,39.887,-1,-0.35,@Tesco


32198,"RT @JuddLegum: 4. And yet, some of the most powerful corporations in America continue to financially support King. 













@ATT ($5,000)













Berkshi…

",AT&T,27/10/2018,29.09,0.0,0.030594706084565163,0.04365761430044687,0.12994156067377094,77662526.0,48.289,31.234,1,0.0,@ATT
55271,RT @Reuters: Thousands march in French cities to demand action against climate change https://t.co/EuUOJkfn1n

,eBay,04/09/2018,34.8,-0.0054597701149424645,-0.0054597701149424645,-0.0054597701149424645,-0.001724137931034344,6743260.0,8.721,14.554,-1,0.0,@eBay
,Morgan Stanley,02/09/2018,48.83,0.0,0.0,0.009625230391152956,-0.014130657382756456,7698386.0,23.179,17.899,1,0.0,@MorganStanley
70886,"RT @PaisaBazaar_in: Paisabazaar Quiz: Which of these are






used to calculate a Credit Score?













Select the right answer and win @amazon  vouche…

",Amazon,22/09/2018,1915.01,0.0,0.015294959295251704,0.005958193429799365,0.02881447094271052,6855898.0,27.813,22.493,-1,0.5428571428571429,@amazon
,eBay,21/09/2018,34.04,0.005875440658049437,0.00528789659224441,0.0023501762632196915,0.001762632197414873,24874963.0,10.372,14.015,1,0.6000000000000001,@eBay
1758,"@Starbucks take your business to the #Country you're Most Proud Of , Kick Em 2 The Curb #BoycottStarbucks #USA ✅ https://t.co/kZNGP3qLGx
",Starbucks,01/02/2017,53.9,0.02448979591836736,0.03710575139146568,0.04118738404452688,0.0890538033395177,18796871.0,25.781,18.576,-1,0.65,@Starbucks
,AT&T,30/10/2018,30.47,-0.02723990810633404,-0.04529044962257955,-0.04529044962257955,0.08368887430259286,49148657.0,54.15600000000001,33.296,1,0.0,@ATT
141676,@CrazyChanceComp @nextofficial This would be brilliant - I'd be in Next Home like a shot 👍
,Nike,04/09/2018,79.6,0.03266331658291468,0.03266331658291468,0.03266331658291468,0.03743718592964829,18565837.0,20.517,20.153,-1,-0.85,@Nike
701641,Check out Bib Necklace Multi Color Shell Silver tone with Fabric Collar 18-22 in #Unbranded https://t.co/hlSawhw27V via @eBay
32285,"RT @Panthers: Every fan has a story. Share yours for a chance to be featured in our @BankofAmerica video series. 













Reply or use #PanthersFa…

",Bank of America,28/10/2018,26.39,0.0,0.0,0.007578628268283412,0.07313376278893519,91103496.0,33.137,25.584,-1,0.0,@BankofAmerica
,Amazon,01/06/2017,995.95,-0.0013354084040363885,0.0007530498519001957,-0.00017069129976411741,-0.002580450825844721,2454841.0,8.721,14.58,1,1.0,@amazon

18097,@1027KIISFM @charlieputh @CocaCola Me and my broken heart would love to go to see charlie puth with my best friend… https://t.co/sIN0G4yPGb
57296,@Starbucks Santa Monica Pico &amp; Stewart St. WHAT A COFFEE EXPERIENCE
,FedEx,03/09/2018,243.95,0.0,0.0,0.0,0.02029104324656699,1476028.0,16.564,16.149,1,0.0,@FedEx
,Sony,18/10/2018,6418.0,0.012464942349641631,-0.009660330320972266,-0.03116235587410408,-0.020255531318167645,4519800.0,31.307,30.957,1,0.8,@Sony

,Nike,05/09/2018,79.92,-0.004004004004004097,0.028528528528528538,0.028528528528528538,0.03591091091091097,12269138.0,21.037,19.239,1,0.0,@Nike


682358,"RT @Apple: The all-new iPhone XS, iPhone XS Max, iPhone XR and Apple Watch Series 4 are here. #AppleEvent
",Apple,13/09/2018,226.41,-0.02358553067444019,-0.011306921072390806,-0.035687469634733376,-0.014619495605317797,41706377.0,25.87,17.349,-1,0.0,@Apple
,Yahoo,31/10/2017,4.51,0.0,0.0011086474501108411,0.0011086474501108411,0.05543237250554324,10.0,48.596,60.37600000000001,-1,-0.09999999999999996,@Yahoo
77033,RT @Google: We’re feeling…20! 🎈 #SearchIs20 https://t.co/OSD3SG7jOd
,Nike,11/09/2018,82.63,-0.00641413530194846,-0.02819799104441484,-0.02819799104441484,-0.036669490499818484,7166847.0,25.547,18.517,1,0.0,@Nike
,Netflix,05/09/2018,341.18,0.06571311331262095,0.07767161029368662,0.07767161029368662,0.07872677179201598,13092847.0,51.26600000000001,40.228,1,0.9,@netflix
74383,@TCUCooper @adidas Yea Keith I do
,eBay,24/10/2018,27.29,0.03297911322828883,0.043972150971051636,0.0534994503481129,0.1733235617442288,16309320.0,51.743,35.956,-1,0.0,@eBay
,Reuters,24/10/2018,51.0849,0.010780093530573595,0.013152614569080116,0.0049603698940391214,0.009270841285781213,2228486.0,19.335,23.332,-1,-0.4,@Reuters
20464,"Watching your @netflix travel show with my English mother, @jackwhitehall and it’s fantastic. Literally laughing out loud. #ThankYou
",Netflix,29/12/2017,191.96,0.003907063971660764,-0.029797874557199414,-0.02187955824130036,-0.010523025630339708,5187606.0,24.448,25.15,1,0.2,@netflix
58904,RT @pjcobbrocks5: @MarkDice @facebook Humans should #WalkAway from Facebook.  Let the drones communicate with the drones. #INGSOC will fly…
,Facebook,01/10/2018,162.44,0.012435360748584156,0.012435360748584156,0.012435360748584156,0.01828367397192809,26407677.0,27.384,23.286,1,0.0,@facebook

,eBay,24/09/2018,33.72,0.00948991696322658,0.00948991696322658,0.00948991696322658,0.014234875444839975,8746536.0,9.487,14.181,-1,0.029166666666666664,@eBay
,eBay,05/09/2018,34.13,0.019630823322589936,0.01406387342513908,0.01406387342513908,0.02343978904189854,8820676.0,13.54,15.493,1,0.0,@eBay
,Google,06/09/2018,1183.99,0.012761932110913015,0.02307451921046625,0.04038040861831599,0.059502191741484335,2342722.0,22.34,17.907,-1,0.6,@Google

,eBay,12/09/2018,34.26,-0.004378283712784547,-0.01605370694687674,-0.007880910683012143,-0.0037945125510798435,6035857.0,17.333,14.621,-1,-0.07142857142857142,@eBay
,Nike,18/09/2018,85.26,-0.023457658925639217,-0.02076002814919083,-0.02076002814919083,-0.030846821487215688,7277700.0,15.386,18.916,1,0.0,@Nike
,Starbucks,22/07/2018,50.91,0.0,0.0,0.008446277745040401,0.013946179532508363,11033405.0,19.191,34.323,-1,0.0,@Starbucks
30317,Check out Natural Tiger's eye Gemstone 925 Sterling Silver Pendant Jewelry #Handmade #Pendant https://t.co/VBW5NlPOhE via @eBay
33523,Check out Beat the Winter Blues: Top 20 products to get you through the cold season on Amazon! https://t.co/6OxPtrb1Md via @amazon
,CBS,10/09/2018,55.2,0.015579710144927525,0.015579710144927525,0.015579710144927525,-0.0394927536231884,11239794.0,27.267,19.496,-1,0.0,@Reuters

12536,"@ATT Maybe you should have infrastructure on your mind instead. Most of the summer....we have had a lot of ""No Service""
",AT&T,31/07/2017,39.0,0.0,0.0,0.0,-0.0710256410256411,28481301.0,32.404,23.091,1,0.0,@ATT
64582,@realBobWoodward @BNBuzz @Target @Walmart @iBooks @nookBN @GooglePlay @kobo @AmazonKindle Loved the book. I think e… https://t.co/tKN3qc6B0z
55272,Check out Waterford 2000 Collectors Society Crystal PHOENIX With Orig Box And Certificate  https://t.co/ID266OnWyb via @eBay
64895,RT @nicholasibekwe: When Garba Shehu wrote about Abacha loot hidden in @HSBC in Jersey I laughed because I know that the reason that money…
,Nike,05/09/2018,79.92,-0.004004004004004097,0.028528528528528538,0.028528528528528538,0.03591091091091097,12269138.0,21.037,19.239,-1,0.25,@Nike
,Next,31/07/2017,3950.0,-0.021518987341772152,-0.021518987341772152,-0.021518987341772152,-0.060759493670886074,1426071.0,35.507,28.013,1,0.0,@nextofficial

17173,RT @amazon: #HurricaneIrma is expected to hit Florida later this week. Prepare your home with tips from @Redcross… 
9389,"Check out 18"" HANDMADE LAMPWORK  GREEN GLASS HEART NECKLACE 46 #Handmade #Pendant https://t.co/6JrwZTrsMe via @eBay
",eBay,01/06/2017,34.79,-0.01408450704225358,-0.004886461626904332,0.0031618281115262845,0.012359873526875531,6665270.0,17.9,19.091,-1,-0.2,@eBay
67128,Check out SAN DIEGO CLIPPERS Mitchell &amp; Ness Throwback Pom Knit Hat Cap #MitchellNess #KnitHat https://t.co/xBKkMceS0k via @eBay

,Reuters,22/10/2018,51.7568,-0.008085894027451497,-0.008085894027451497,-0.008085894027451497,-0.03128284592555946,1111772.0,26.885,23.505,1,-0.4,@Reuters
,Netflix,21/09/2018,361.19,0.0115451701320635,0.015974971621584157,0.017885323513939975,0.009330269387303095,11930568.0,44.094,41.762,1,0.3025568181818182,@netflix
65876,PSA SPIDERMAN 3 IS ON @netflix
22756,RT @happytogether: Get comfortable because tonight's the night! #HappyTogether premieres at 8:30/7:30c on @CBS! https://t.co/WDynxU2Jsz
24356,RT @Nike: Kids from Akron don’t just dream it. They do it. #justdoit https://t.co/Cmj2caP2Mq
,Nike,04/09/2018,79.6,0.03266331658291468,0.03266331658291468,0.03266331658291468,0.03743718592964829,18565837.0,20.517,20.153,-1,0.0,@Nike


17787,This is odd 😳😳 @AppleSupport @Apple https://t.co/NOiWd7kD2O
588211,Homegate with Lipton® Iced Tea from Walmart this NFL season. @Walmart #LiptonHomegating #Sponsored… https://t.co/DAPqDGavLC
28836,"RT @Reuters: North Korean leader meets Chinese senior official, fetes Chinese art troupe https://t.co/UmXmNxBpFv https://t.co/grU28dkeCF

",Reuters,23/10/2018,51.6356,0.002347217810967661,-0.005757655570962667,-0.005757655570962667,-0.010452091192897852,1277461.0,19.515,23.201,1,0.0,@Reuters
70966,Check out Mens Small Swim Trunks Tommy Hilfiger Flag Logo Navy Lined Pockets Board Shorts #Trunks https://t.co/5pGG4CdE8A via @eBay
60333,RT @cybertill: Let the best tech team win! 😉#rwtech @Argos_Online @boohoo @RelexSolutions @EDITED_HQ @Tesco @VodafoneUK https://t.co/RGpGMI…
,Amazon,31/08/2017,980.6,-0.013267387313889446,-0.027065062206812242,-0.03526412400571083,-0.028706914134203523,3331488.0,16.105,20.357,-1,0.0,@amazon

,Nike,08/09/2018,80.3,0.0,0.0012453300124534064,-0.004732254047322485,0.023661270236612773,6633912.0,21.364,18.219,1,0.0,@Nike
,eBay,31/05/2017,34.3,0.00932944606413995,0.017492711370262433,0.017492711370262433,0.015160349854227496,9762178.0,16.727,22.532,-1,0.0,@eBay
55994,RT @Apple: @KRISHNA_ARUN Thank you. We’ll send a reminder before the #AppleEvent. https://t.co/dToBT5e7bu
,Amazon,01/12/2017,1162.35,0.012388695315524664,-0.0009291521486642812,0.0268851894868155,0.020346711403622045,4107094.0,25.931,40.724,1,-0.16666666666666666,@amazon
63196,@Reuters It’s ok to do what you want.  Do you dye your brows or your hair?  Do you wax your stache?

,Apple,11/09/2018,223.85,-0.024659370113915488,-0.011391556846102224,-0.011391556846102224,0.020147420147420242,35749049.0,22.817,23.56,-1,0.13636363636363635,@Apple
68873,RT @Reuters: Sprinting in zero-gravity: Usain Bolt and astronauts challenge the laws of science https://t.co/CtoOLWQC1A
,eBay,31/05/2017,34.3,0.00932944606413995,0.017492711370262433,0.017492711370262433,0.015160349854227496,9762178.0,16.727,22.532,1,0.1,@eBay
68323,RT @w_terrence: I need a huge favor from everyone! @facebook banned me for taking of for Mollie Tibbett after she was killed and dumped in…
56965,@TomTwoTimes @tamiejoeckel @ABC @NFL @Nike @NRA Since 1956 there have been &lt; 600 kids killed in school shootings. L… https://t.co/j7KxT1Q1jk
455867,@netflix my tv says Netflix server 1 and 3 are down but I can watch anything just fine in my phone Please help!!
,Reuters,03/09/2018,49.0473,0.0,0.0,0.0,-0.028521447663785726,3566561.0,19.213,16.855,1,0.0,@Reuters
,Apple,28/02/2017,136.99,-0.00043798817431931,-0.0024089349587562052,-0.0024089349587562052,-0.0021169428425434006,23482860.0,5.183,18.649,1,0.0,@Apple
49883,RT @johnrich: Hey @Nike I guess you made @Kaepernick7 your new “face” of the brand because you love the way his socks look with your shoes?…
34330,"RT @JuddLegum: Hey everyone I need your help.













I can’t get @ATT to explain why they gave 5K to Steve King despite his long history of racis…

",AT&T,29/10/2018,29.64,-0.018556005398110684,-0.018556005398110684,-0.018556005398110684,0.10222672064777333,49270037.0,50.706,31.955,-1,-0.05,@ATT
471,Check out Porcelain Doll Daisy 16 inch Terri DeHetre Collection Legacy Blonde hair Dimple  https://t.co/LjGXXdEU3P via @eBay
,eBay,24/10/2018,27.29,0.03297911322828883,0.043972150971051636,0.0534994503481129,0.1733235617442288,16309320.0,51.743,35.956,1,0.0,@eBay
,CBS,21/09/2018,56.74,-0.000704970038773337,-0.013570673246387084,-0.018857948537187173,-0.01568558336270709,6121104.0,15.473,18.182,1,0.0,@CBS
,eBay,01/07/2017,34.92,0.0,-0.011741122565864941,0.011168384879725102,0.018613974799541768,10845469.0,19.665,22.269,-1,-0.08333333333333333,@eBay
,Amazon,28/04/2017,924.99,-0.007146023200250829,-0.016973156466556446,-0.018778581390069087,-0.028605714656374705,7364681.0,8.744,14.935,-1,0.625,@amazon


,Reuters,30/06/2017,50.9858,0.003240117836731125,0.01123253925602824,0.003455864181791822,0.005183796272687803,1232971.0,12.251,15.666,1,0.018181818181818167,@Reuters
,Disney,19/09/2018,109.79,-0.002368157391383597,-0.0039165679934420865,-0.004827397759358786,-0.003005738227525389,5964771.0,11.93,9.265,-1,0.25,@Disney
9170,"RT @KevinDarryl: Fair pay, reliable hours, and family leave. Stand with #WomenWhoWork @Walmart as they demand basic workers’ rights. https:…
",Walmart,01/06/2017,79.81,-0.015161007392557425,-0.020799398571607525,-0.021049993735121002,-0.01879463726350081,8153099.0,12.205,13.735,1,0.7,@Walmart
,eBay,30/06/2017,34.92,-0.011741122565864941,0.011168384879725102,-0.0002863688430700205,0.018613974799541768,10845469.0,19.665,22.269,-1,-0.1,@eBay

4840,Check out Guess Charlotte Flare Raw Khaki Wash Faux Suede Pants Size 26 Slim Fit NWT $128  #GUESS https://t.co/ofbaDk95HZ via @eBay
37993,@McDonalds what are ya doing. Is this how you make Big Macs now? https://t.co/uY1KumYC2S
51232,@Nike I am sure you guys are getting a lot of HATE calls about choosing sides. I am just here to tell everyone in y… https://t.co/t8fDBVXi8n
,Nike,20/10/2018,74.21,0.0,0.01873062929524324,0.030588869424605987,0.022907963886268742,7301200.0,46.148,29.772,1,0.0,@Nike
20750,"Check out 5 Strand Copper Rondelle Smooth Balls Shape Size 6mm 7"" Long 24k Gold Plated #Unbranded https://t.co/F9q3vzM1UP via @eBay
",eBay,29/12/2017,37.74,0.004769475357710644,-0.0034446210916799828,0.0052994170641228345,0.0005299417064121892,4652483.0,9.985,19.193,1,0.17500000000000002,@eBay
77348,RT @Reuters: UK regulator to enquire if Facebook data breach has affected UK citizens https://t.co/b0JJJK1rqs
,eBay,29/09/2018,33.02,0.0,0.009691096305269542,0.01695941853422154,0.03089036947304652,8467405.0,22.738000000000003,17.202,-1,0.5,@eBay
52447,RT @Cody_Helton24: The only @Nike ad I’m getting behind https://t.co/k9ZafkLuwm
47666,RT @Manal_Cali: Hey @Nike can you sue her for illegally using your trademark and name without permission? https://t.co/XLeHqsZknc
48504,RT @Nike: Don’t ask if your dreams are crazy. Ask if they’re crazy enough. #justdoit https://t.co/Wd5L42egV8


47795,Proud to wear @Nike ..I even got 30% off my entire purchase when I went to their store the other day
,Reuters,31/07/2017,50.5452,0.003705594200834114,0.003705594200834114,0.003705594200834114,0.0015253673939365454,1301289.0,5.305,8.792,1,-0.4,@Reuters
609937,RT @ProudResister: The Trump supporters protesting @Nike by burning their sneakers are doing it wrong. They should be taking a Nike basebal…

,ASOS,18/09/2018,5722.0,0.05662355819643481,0.046137714085983925,0.046137714085983925,0.04439007340090877,953365.0,35.854,31.149,1,0.0,@ASOS
,eBay,01/12/2017,35.2,-0.015056818181818213,-0.02329545454545456,0.00852272727272719,0.0181818181818182,11535245.0,23.337,19.987,-1,0.0,@eBay
139155,RT @ESales_Hottie: Just saw this on Amazon:  #Lego Dimensions #BacktoTheFuture Bundle... for $59.99 https://t.co/wkfAHdL99s via @amazon htt…

,TMobile,01/11/2017,59.75,0.0003347280334728557,-0.002845188284518857,0.05355648535564858,0.03648535564853556,3352007.0,36.554,22.433000000000003,1,0.0,@TMobile

,eBay,18/09/2018,34.12,0.00234466588511153,-0.0005861664712777263,-0.0005861664712777263,-0.00029308323563886316,8724806.0,14.582,14.156,-1,0.0,@eBay
49589,Check out my listing @eBay - https://t.co/dvFtm3b50D via @eBay

19504,RT @amazon: Ever wondered what happens inside our fulfillment centers during #CyberMonday? #mesmerizing 📦📦📦📦 https://t.co/bQQMVQrWCb

,Amazon,31/01/2017,823.48,0.008379074173021783,0.014924466896585178,0.014924466896585178,-0.0012629329188322284,3137196.0,13.447,16.992,1,0.0,@amazon
3472,RT @CarolineLucas: .@TheGreenParty is calling on UK banks (inc @HSBC @Barclays) to stop funding climate-wrecking #DakotaAccess Pipelin… 
39198,"RT @Reuters: A railway dream linking Russia, China and the two Koreas could be revived by North Korea's Kim Jong Un. https://t.co/hFbStpg85…

",Reuters,02/09/2018,49.0473,0.0,0.0,0.003368177249308294,-0.036156934224717815,3566561.0,19.213,16.855,1,0.0,@Reuters

467665,Lilly Pulitzer Bandana Ford Breast Cancer Warriors Cotton Square Floral Print #LillyPulitzer https://t.co/GoG3P4S8sD via @eBay
66761,"RT @BerndVerst: 🎉 @Microsoft is joining #hacktoberfest 🎉













Make a pull request to any of our 8500+ #OSS repos on GitHub during October and w…

",Microsoft,19/09/2018,111.7,0.013518352730528118,0.003939122649955217,0.014950760966875575,8.952551477162852e-05,21728429.0,16.928,16.998,1,0.0,@Microsoft


48181,"@WellsFargo As a former team member and customer, I still find it necessary to escalate violations on our core valu… https://t.co/kRHxg5VUHQ

",Wells Fargo,05/09/2018,58.95,-0.0025445292620866105,-0.007972858354537845,-0.007972858354537845,0.00016963528413906719,22332414.0,8.982000000000003,11.787,-1,0.0,@WellsFargo



44507,"@JoeTalkShow @Nike Hyperbole much, dumbass?

",Nike,04/09/2018,79.6,0.03266331658291468,0.03266331658291468,0.03266331658291468,0.03743718592964829,18565837.0,20.517,20.153,-1,0.2,@Nike

36723,@sergio95p @Nike @nikestore @Jumpman23 Quick question? How long u been rock wit nigel?
26951,@hugosposts @Disney @netflix @Marvel it mad me sad/mad when I heard this. one of the best super hero shows on netflix
17274,"RT @riccialexis: {Dear @Starbucks, You Can Do Better.} A letter to whoever created the #Arkansas 2017 Local Collection Tumbler.… 
",Starbucks,31/10/2017,54.84,0.006017505470459487,0.0007293946024799258,0.0007293946024799258,-0.010211524434719224,8857829.0,13.04,12.527,1,0.5,@Starbucks
4915,https://t.co/8cmcJ0fuj1   ✝️please share it at   @Yahoo  @Google  @facebook Hello can u please donate a some money to  start it?🙏
268125,RT @Oracle: #HappyHalloween from all of us at Oracle. How are you celebrating? #cloud https://t.co/yVS1xHrZDI
,Nike,07/09/2018,80.3,0.0012453300124534064,-0.004732254047322485,-0.008717310087173136,0.023661270236612773,6633912.0,21.364,18.219,1,0.10000000000000002,@Nike

2393,"Wall charger plug,E XiuGe 2-Port USB Wall Charger with Folding Plug Portable ... https://t.co/GcSs7L4FMy 来自 @amazon
",Amazon,01/02/2017,832.35,-0.010656574758214698,-0.002366792815522349,0.004108848441160521,0.005009911695800996,3850181.0,14.201,16.989,-1,0.0,@amazon
,eBay,27/10/2018,27.34,0.0,0.026335040234089203,-0.001828822238478445,0.05157278712509145,16691760.0,54.536,37.821,-1,0.0,@eBay
28915,Writing Prompts For Depression And Anxiety: A 100 Day Journal To Ease Depress... https://t.co/WXz1Yx5nU5 via @amazon
10252,"RT @BMW: TOO LOW is just a matter of perspective.





https://t.co/k7dNf8vzZx - where too much is just right. | … 
",BMW,30/06/2017,81.542,0.011638174192440679,0.02706580657820502,0.009786367761399056,0.023460302666110683,2156354.0,16.889,15.137,-1,0.0,@BMW
,Starbucks,29/09/2017,53.71,0.01470862036864642,0.0238316886985664,0.026438279649972102,0.02569353937814192,11944370.0,11.173,14.248,-1,0.0,@Starbucks
72094,RT @Reuters: Swiss voters reject more aid for farmers https://t.co/NJb0fdIQrg https://t.co/WIPIqpAB4P
,Google,31/03/2017,847.8,0.0019815994338288085,0.0024416135881104627,-0.008457183297947582,-0.014932767162066488,1440982.0,14.939,10.6,1,0.2857142857142857,@Google
55241,@Kaepernick7 @Nike Nike must not like sales. I’ll never buy Nike again. Promise
72515,RT @netflix: @c_toro5 Love the passion but that DM is photoshopped. Sorry!
,Amazon,08/08/2018,1886.52,-0.012743040094989696,-0.0205510675741577,-0.03351673981722962,-0.04736233912176913,3963017.0,20.207,20.81,-1,0.06865079365079364,@amazon
,Amazon,29/04/2017,924.99,0.0,-0.007146023200250829,-0.016973156466556446,-0.028605714656374705,7364681.0,8.744,14.935,-1,-0.1,@amazon

,Walmart,28/04/2017,75.18,0.0034583665868580856,0.0033253524873636604,-0.001729183293429232,-0.0031923383878692357,7330420.0,6.565,9.281,1,1.0,@Walmart
50529,RT @Nike: Don’t ask if your dreams are crazy. Ask if they’re crazy enough. #justdoit https://t.co/Wd5L42egV8
,eBay,08/09/2018,33.99,0.0,-0.009708737864077829,0.004118858487790543,0.01824065901735797,6445251.0,15.765999999999998,14.593,-1,0.26666666666666666,@eBay

66230,"RT @py_rates: *RELEASE DATE UPDATE*: The @Nike x @OffWht Blazer Mid ""Spooky Pack"" is now scheduled to drop on Septemeber 27th. Both shoes i…

",Nike,18/09/2018,85.26,-0.023457658925639217,-0.02076002814919083,-0.02076002814919083,-0.030846821487215688,7277700.0,15.386,18.916,-1,0.0,@Nike
,eBay,31/05/2017,34.3,0.00932944606413995,0.017492711370262433,0.017492711370262433,0.015160349854227496,9762178.0,16.727,22.532,1,-0.2,@eBay
,Google,29/12/2017,1053.4,0.0024207328650085003,0.006455287640022739,0.011818872223276834,0.01467628631099279,1180340.0,8.808,15.089,1,-0.3125,@Google
,Reuters,15/09/2018,50.1377,0.0,0.002636738422384701,-0.006591846055961894,-0.016696019163224468,2585085.0,11.593,17.185,1,0.0,@Reuters
,Apple,10/09/2018,218.33,0.013603261118490351,0.013603261118490351,0.013603261118490351,0.04259607016901013,39516453.0,18.75,22.799,1,0.0,@Apple
32048,I love my German Shepherd Dog t-shirt Carol's Gift Shop Designs https://t.co/8YPETdmpoh via @amazon #GermanShepherd #doglover
,PayPal,21/09/2018,90.62,-0.00022070183182531703,-0.014455969984550896,-0.009931582432134248,0.0017656146546015954,25379398.0,22.653,24.101,-1,0.4,@PayPal
41470,@Kaepernick7 @Nike I'll buy TWO pairs of nikes and donate them to black families affected by police brutality for e… https://t.co/usjbw1b4ev


452773,RT @Honda: Getting a hot deal during the Honda Summer Spectacular Event would make you happier than a…


,Reuters,02/09/2018,49.0473,0.0,0.0,0.003368177249308294,-0.036156934224717815,3566561.0,19.213,16.855,1,0.0,@Reuters
21956,RT @netflix: they made us an offer we couldn't refuse https://t.co/HLIQj56yFy
268554,Check out #Disney #101Dalmations 1989 #Hardcover Large Book Disney Classics #Vintage  https://t.co/w9NTVa5MAr via @eBay

30611,RT @LivingUnited: Drinking a @frappuccino while Barie Carmichael author of #Reset book discusses @Starbucks mobile ordering and barista pus…
,Nike,06/09/2018,80.4,-0.005970149253731393,-0.009950248756219046,0.0223880597014925,0.012437810945273627,8577029.0,21.379,18.968,1,-0.6,@Nike
,Google,02/09/2018,1231.8,0.0,0.0,0.01837960707907136,0.004018509498295215,2115424.0,19.049,21.207,-1,0.0,@Google
,eBay,01/09/2018,34.61,0.0,0.005489742848887539,0.009245882692863343,-0.0023114706732157843,7944075.0,11.392,14.753,-1,-0.05681818181818182,@eBay
68098,RT @Reuters: Abandoned baby flamingos in Prague Zoo learn to walk https://t.co/easOIQEfdf via @ReutersTV https://t.co/9URmrXpas3

25536,Making a Murderer S2 E1 is a total snoozefest... @MakingAMurderer @netflix

,Disney,27/08/2018,112.33,-0.003560936526306343,-0.003560936526306343,-0.003560936526306343,-0.0030267960473604858,4768104.0,4.814,13.849,1,0.7,@Disney

,CBS,20/09/2018,56.7,-0.012874779541446278,-0.018165784832451518,-0.007407407407407437,-0.00864197530864201,2436188.0,18.428,19.384,-1,0.0,@CBS
61192,@nadiasawalha @LondonFashionWk @loosewomen @joanieclothing @ASOS brilliant
7130,RT @Reuters: LISTEN: Trump talks to @Reuters about missing his old life and how he thought his new job would be easier.… 
44302,"@alteratyeshiva @Nike What an idiot!!! ""He doesn't share the same opinions as the people."" 






Oh, you mean because he… https://t.co/H0CZI7eWsQ

",Nike,04/09/2018,79.6,0.03266331658291468,0.03266331658291468,0.03266331658291468,0.03743718592964829,18565837.0,20.517,20.153,-1,-1.0,@Nike
77532,I will love unboxing the mystery gems to reveal a Disney princess!! Check out the NEW @Disney Princess Gem Collecti… https://t.co/WMCeBB2GdI
431509,RT @TopMagazineDeal: Create a free Amazon Business account to save time and money on business purc... https://t.co/6G6wYzqpaw via @amazon
48373,RT @JimCarrey: Thank you @Nike for just doing it. #CapitalismWithAConscious https://t.co/rIpKfDAJ5V
64458,Just saw this on Amazon: RSLOVE Women Lace Teddy Lingerie Chemise V-... by RSLOVE for $15.39 https://t.co/Zw3sVHNg5Q via @amazon

813725,@havinator @qikipedia @Tesco @sainsburys @waitrose Looks like the head of Tesco also leads a global programme that… https://t.co/cuRweCSnDA
52025,It’s all about @adidas anyways! #AdidasLover 🤟🏻✊🏻

22684,RT @2ndtymearoundnc: Check out my listing @eBay - https://t.co/fL6bCRwkbY via @eBay
,TripAdvisor,02/09/2018,54.31,0.0,0.0,-0.009022279506536586,-0.017123918247099974,1237396.0,13.71,42.787,1,0.0,@TripAdvisor
,Amazon,05/09/2018,1994.82,0.0224030238317242,0.00896822770976835,0.00896822770976835,0.0016442586298513011,8220576.0,23.568,21.461,-1,0.3,@amazon
26454,"RT @michaeljackson: Don’t miss the encore presentation of Michael Jackson’s Halloween, airing on @CBS tonight! Tune in at 8pm. https://t.co…

",CBS,21/10/2018,57.2,0.0,0.0,-0.018006993006993027,-0.0503496503496504,2503720.0,30.722,24.062,1,0.0,@CBS
,Samsung,18/09/2018,45500.0,-0.007692307692307694,0.007692307692307694,0.007692307692307694,-0.009890109890109891,9987090.0,32.126999999999995,26.736,-1,0.0,@Samsung
58288,@facebook please stop streaming baseball games. This is painful


39456,RT @AmericanExpress: @Lin_Manuel's leading role is that of visionary artist. Our role? To have his back every step of the way. #AmexLife
22117,RT @ANNIEMOHO: Oh @ATT the irony of your customer service asking me to pick up a call when my phone won't charge....  I can't pick up the c…

8773,".@Cityofatlanta, @ATT Launch Competition to Solve Infrastructure Challenges https://t.co/plxbdEkIFq #sewer #water
",AT&T,31/05/2017,38.53,0.0005190760446404366,-0.010641058915131162,-0.010641058915131162,-0.009862444848170324,24040423.0,9.834,14.12,1,0.0,@ATT


,Nike,06/09/2018,80.4,-0.005970149253731393,-0.009950248756219046,0.0223880597014925,0.012437810945273627,8577029.0,21.379,18.968,1,-0.6,@Nike

65104,RT @named_MYSTERY: @tomhanks @JimCarrey @thehill @Snowden @McDonalds @theintercept @Four5Citizen @facebook @POTUS44 @RussellMeans @FLOTUS44…
,eBay,29/12/2017,37.74,0.004769475357710644,-0.0034446210916799828,0.0052994170641228345,0.0005299417064121892,4652483.0,9.985,19.193,1,-0.21904761904761907,@eBay
,eBay,05/09/2018,34.13,0.019630823322589936,0.01406387342513908,0.01406387342513908,0.02343978904189854,8820676.0,13.54,15.493,-1,0.0,@eBay
32999,"I'm at @Walmart Supercenter in Cranberry, PA https://t.co/6kiStEGxBu

",Walmart,27/10/2018,98.94,0.0,0.002425712553062554,-0.013947847180109113,-0.01809177279159078,14925551.0,14.375,16.814,-1,0.0,@Walmart



,Expedia,29/09/2018,130.48,0.0,0.007817290006131287,0.00889025137952174,0.024908031882280808,1281503.0,17.518,20.909,1,0.0,@Expedia
,Reuters,31/07/2017,50.5452,0.003705594200834114,0.003705594200834114,0.003705594200834114,0.0015253673939365454,1301289.0,5.305,8.792,1,0.0,@Reuters
,Facebook,09/09/2018,163.04,0.0,0.0,-0.003128066732090229,0.07783366045142295,24300600.0,25.798,26.07,1,0.0,@facebook
,Nike,05/09/2018,79.92,-0.004004004004004097,0.028528528528528538,0.028528528528528538,0.03591091091091097,12269138.0,21.037,19.239,-1,0.0,@Nike
14160,RT @Reuters: Macron's labor reforms to boost Paris in post-Brexit jobs race: lobby https://t.co/HUErLoHIPI https://t.co/C33xFcUIQX
,Starbucks,18/09/2018,55.07,-0.009079353550027236,-0.0058107862720174356,-0.0058107862720174356,0.0009079353550026722,7569586.0,9.239,11.723,1,0.0,@Starbucks
27169,RT @Shell: Get inspired by young leaders from around the world working towards a better future 🌍 #OYW2018 #makethefuture More: https://t.co…
7840,RT @OxAmOsxO: Check out Lisa Frank Rainbow Majesty Puzzle Keeper Binder W/ Puzzles &amp; Stickers #LisaFrank https://t.co/xZkqDor0hK via @eBay
,TMobile,30/10/2018,63.92,0.015488110137672009,0.01861702127659571,0.01861702127659571,0.08385481852315392,6077259.0,31.447,25.518,1,0.0,@TMobile
47954,"@19walt70 @ColbyCovMMA @Nike @Kaepernick7 I was just about to post that, thank you, with his “bone spurs”.

",Nike,05/09/2018,79.92,-0.004004004004004097,0.028528528528528538,0.028528528528528538,0.03591091091091097,12269138.0,21.037,19.239,1,0.0,@Nike
470101,"Just saw this on Amazon: Yoga EVO Elastic Stretching Strap Loops - eBook,... by Yoga EVO https://t.co/hGGLA09Jit via @amazon

",Amazon,13/08/2018,1896.2,-0.00522096825229411,-0.00522096825229411,-0.00522096825229411,-0.02555110220440884,5531475.0,14.272,20.029,-1,0.0,@amazon
73319,Check out #WHITE #PEACOCK #Beadwork #bead embroidery #ORIGINAL art #painting #with swarovski #Realism https://t.co/bvBiqWKpvy via @eBay
73086,@ColumbusNeon @Reuters Get over yourself! White House would be just as dirty with @HillaryClinton in it.
6036,BRIEF-Weyerhaeuser says Q1 earnings per share $0.21 https://t.co/DZe7TcqFeq Via @Reuters #companynews
11114,RT @Disney: Grin from fin to fin. 💙 https://t.co/miZI6Tu5Ja
,Next,21/10/2018,5092.0,0.0,0.0,0.009426551453260016,0.059308719560094265,472846.0,33.347,35.407,-1,0.0,@nextofficial
,Netflix,22/09/2018,361.19,0.0,0.0115451701320635,0.015974971621584157,0.009330269387303095,11930568.0,44.094,41.762,1,0.0,@netflix

68329,RT @daggersout: petition for @Burberry to hire @Louis_Tomlinson as their model. it’s what we all deserve
,Amazon,24/10/2018,1664.2,0.06279293354164163,0.07517125345511351,0.059986780435043824,0.1006669871409686,6928383.0,51.051,37.781,-1,0.5,@amazon
,Reuters,13/09/2018,50.2699,-0.009204315107052096,-0.023445441506746642,-0.020377999558383843,-0.014899572109751609,3010440.0,11.703,17.1,-1,-0.2,@Reuters
29219,"RT @Troll_Cinema: #Netflix in talks to acquire #Vettrimaran's ambitious project 😍













@netflix @VetriMaaran @dhanushkraja @wunderbarfilms http…

",Netflix,23/10/2018,333.16,-0.01086565013807181,-0.0014707647976948284,-0.0014707647976948284,0.039740665145875716,14907326.0,63.246,51.55,1,0.25,@netflix


2347,RT @trvo512: are you fucking kidding me? @McDonalds https://t.co/YgNCoLqJhr
,Reuters,23/10/2018,51.6356,0.002347217810967661,-0.005757655570962667,-0.005757655570962667,-0.010452091192897852,1277461.0,19.515,23.201,-1,-1.0,@Reuters
,eBay,21/10/2018,28.75,0.0,0.0,0.09739130434782613,0.10330434782608693,39779447.0,58.203,35.868,-1,0.0,@eBay
17954,"RT @netflix: so...











Mike called Eleven every night for 353 days











353 days











3





+





5





+





3





=





11
",Netflix,31/10/2017,196.43,0.009876291808786831,0.015832612126457188,0.015832612126457188,-0.002087257547217821,5518595.0,20.059,30.692,1,0.0,@netflix
59008,"RT @Nike: When you're born to do it, just do it.  #justdoit https://t.co/WfDTRMwAp9

",Nike,13/09/2018,83.47,-0.005630765544506995,-0.010063495866778523,-0.01641308254462687,-0.036779681322630806,5382087.0,23.483,18.108,-1,0.0,@Nike

797673,RT @SAP: SAP HANA is helping @ElephantsRhinos &amp; People (ERP) preserve the world's ecosystem for future generations. https://t.co/H8kclZW3lr…

28739,"RT @RobertEnslin: So proud of our friend Ben, son of an #SAP employee and outstanding @SAP #AutismatWork mentor. His enthusiasm and passion…

",SAP,23/10/2018,94.11,0.006588035277866375,0.009457018382743605,0.009457018382743605,0.07406226755923917,3671829.0,46.869,35.056,1,0.65,@SAP
49950,RT @Nike: Don’t ask if your dreams are crazy. Ask if they’re crazy enough. #justdoit https://t.co/Wd5L42egV8
32619,RT @BookPimps: RT @BellaSwannBooks: One-handed reading! NOT Romance! https://t.co/PI5LrrM5Dv … via @amazon #BDSM  #erotica #iartg  #SSRTG #…


37550,Check out 2Pac Tupac Shakur Rubber Phone Case Cover For iPhone 5 6 Plus 7 8 Plus.  https://t.co/LpL2flQsMv via @eBay
48322,RT @Nike: Don’t ask if your dreams are crazy. Ask if they’re crazy enough. #justdoit https://t.co/Wd5L42egV8
,eBay,12/09/2018,34.26,-0.004378283712784547,-0.01605370694687674,-0.007880910683012143,-0.0037945125510798435,6035857.0,17.333,14.621,1,0.0,@eBay
65523,@itsmebeccam @Starbucks @WJCLibrary Morning Sunshine🙋‍♀️
78121,Check out AUTHENTIC PANDORA BRACELET  #PANDORA https://t.co/VCuJTaM2Hj via @eBay
45969,@sclancy79 @NFL @Nike 😂😂😂😂😂😂 people like this are something else man 🤣
,Reuters,03/09/2018,49.0473,0.0,0.0,0.0,-0.028521447663785726,3566561.0,19.213,16.855,1,0.0,@Reuters
35160,"Don't wait, head to @Walmart today to enter the #CollectToWin sweepstakes! Look for specially marked family size pa… https://t.co/vsGeJ06lwX

",Walmart,30/10/2018,102.42,-0.025580941222417542,-0.03397773872290572,-0.03397773872290572,-0.04510837727006448,12708524.0,16.214000000000002,18.35,-1,0.0,@Walmart
,Nike,04/09/2018,79.6,0.03266331658291468,0.03266331658291468,0.03266331658291468,0.03743718592964829,18565837.0,20.517,20.153,-1,0.0,@Nike
63153,RT @Anna_Canzano: Ha! My @netflix acting debut. Good eye! #AmericanVandal https://t.co/pFhylB84if
61396,RT @kateinmadcity: People are literally begging for more Sense8 and @netflix You are still pretending it doesn't exist. For the love of eve…
57358,Brexit rebels propose solution on Irish border issue https://t.co/ejqO3rZsbS via @Reuters https://t.co/nefdkOwzBm
,eBay,29/09/2017,38.46,-0.018980759230369317,-0.01066042641705678,-0.015860634425377,-0.004420176807072327,9964979.0,15.466,16.916,-1,0.0,@eBay
41615,"RT @cindyfawn: Time to sell @Nike stock in my portfolio






#BoycottNike https://t.co/hQempnOyzX

",Nike,04/09/2018,79.6,0.03266331658291468,0.03266331658291468,0.03266331658291468,0.03743718592964829,18565837.0,20.517,20.153,1,0.0,@Nike



51779,"RT @ValerieMoye: It's like Google Scholar, but for datasets. YAAYY! Thanks @Google. #datasetsearch #opendata #openscience 













Data people rej…

",Google,06/09/2018,1183.99,0.012761932110913015,0.02307451921046625,0.04038040861831599,0.059502191741484335,2342722.0,22.34,17.907,-1,0.0,@Google
6957,RT @crys_sosic: Shopping for a new phone? Stop in @TMobile in #Mayfield &amp; pick up your #Smartpick today! 🤙🏽🆒🛍 #AmptheMile… 
68726,RT @SenWarren: 2017: @WellsFargo CEO Tim Sloan tells me I'm “using math inappropriately” when I say he'll need to fire 20k employees to mee…
30633,@Kapt_Kopter @Tesco *shudders*
22328,Honestly though FUCK @eBay
2475,RT @Disney: Rediscover the timeless tale of #BeautyAndTheBeast March 17. Tickets are now available: https://t.co/S6wwuIfygP https://t.co/uY…

67739,RT @kaosonia: Check out Sterling Silver Zodiac Charms - Constellation Leo  https://t.co/IBoVyFxTN8 via @eBay
,HP,22/09/2018,25.83,0.0,-0.00542005420054189,-0.02206736353077804,-0.030584591560201286,21915838.0,11.559,15.026,1,0.625,@HP

,eBay,07/09/2018,33.99,-0.009708737864077829,0.004118858487790543,0.023830538393645045,0.01824065901735797,6445251.0,15.765999999999998,14.593,-1,-0.3666666666666667,@eBay
38850,So yea i switched Carriers no longer with #TMobile now with @ATT

27782,@rob_keyes Did you watch #DaredevilSeason3 on @netflix ?
,Nike,04/09/2018,79.6,0.03266331658291468,0.03266331658291468,0.03266331658291468,0.03743718592964829,18565837.0,20.517,20.153,1,0.2333333333333333,@Nike

48236,"Check out SOLID POLISHED BRASS TABLE LAMP w/WHITE FABRIC OVAL SHADE  Ribbing, Hobnail Trim  https://t.co/84SHZX00Ex via @eBay

",eBay,05/09/2018,34.13,0.019630823322589936,0.01406387342513908,0.01406387342513908,0.02343978904189854,8820676.0,13.54,15.493,1,0.0,@eBay

33326,"RT @Reuters: Leicester City owner, four others were on crashed helicopter: source https://t.co/OadDtt2CNC

",Reuters,28/10/2018,50.6003,0.0,0.0,0.011318114714734984,0.014584893765451974,1552695.0,15.882,23.586,-1,0.0,@Reuters
61632,"@ashmfleigh @Apple So @apple, what’s the difference?

",Apple,14/09/2018,223.84,0.011481415296640428,-0.012374910650464662,4.4674767691167376e-05,-0.011347390993566795,31999289.0,25.688,17.88,-1,0.0,@Apple

159520,"RT @Apple: Introducing the new iPad Pro. Now with an all-screen design, Face ID, USB-C, and redesigned Apple Pencil.
",Apple,30/10/2018,213.3,-0.004969526488513841,0.014064697609001406,0.014064697609001406,0.04421003281762765,36659990.0,31.718000000000004,30.011,1,0.13636363636363635,@Apple
618695,RT @johnrich: Our Soundman just cut the Nike swoosh off his socks. Former marine. Get ready @Nike multiply that by the millions. https://t.…
43526,@Kaepernick7 @Nike I don’t think Twitter is allowing controversial comments to be seen if the reply is negative tow… https://t.co/Vtaol8rSMG



60554,@shroud @ATT @ATTCares You had cox a few days waiting on att when you first moved. Maybe call them and have them tu… https://t.co/Jl6T82QLgD

24763,Check out Dishwasher Silverware Utility RACK Basket w/ handles 10 slots Powder BLUE LONG #Unknown https://t.co/5ONdYA4VXc via @eBay
,Nike,04/09/2018,79.6,0.03266331658291468,0.03266331658291468,0.03266331658291468,0.03743718592964829,18565837.0,20.517,20.153,1,0.5428571428571429,@Nike
,Starbucks,19/10/2018,58.66,-0.00034094783498118004,0.007500852369587536,-0.014490282986702938,-0.037674735765427785,10180500.0,32.89,21.99,-1,0.0,@Starbucks
,Microsoft,29/12/2017,85.54,0.0021042787000232943,0.001987374327799713,-0.0016366612111293028,-0.00035071311667057674,18717406.0,5.001,19.479,1,0.0,@Microsoft
,Disney,19/09/2018,109.79,-0.002368157391383597,-0.0039165679934420865,-0.004827397759358786,-0.003005738227525389,5964771.0,11.93,9.265,1,-0.07500000000000001,@Disney

26473,"@KimKardashian @netflix Oh. 






Keep us updated won't you. Your thoughts on the matter are vital to humanity.

",Netflix,21/10/2018,332.67,0.0,0.0,0.04220398593200458,0.02071121531848374,16717233.0,80.447,53.359,1,0.0,@netflix
,Disney,19/09/2018,109.79,-0.002368157391383597,-0.0039165679934420865,-0.004827397759358786,-0.003005738227525389,5964771.0,11.93,9.265,1,-0.07500000000000001,@Disney
77377,@IBexWeBex @ASOS @ASOS_Us Omfg this is totally something I would wear 😭😍
8941,I need a recap button for my life like the one on @netflix
64402,@PghSportsNation @Shell Probably a blessing in disguise. That place will be a cancer and other lung diseasefactory… https://t.co/WxCnbiajVk
,Reuters,31/03/2017,47.6154,0.0053197074895936156,0.004626654401727208,0.009946361891320823,0.012027621315792738,988270.0,6.877000000000002,13.263,1,0.0,@Reuters
11360,@Bateseyboy @_WesBTN_ @realdealdanny @ClaptonYids @ZoeOBradley @Tesco What sort of fetish is thus then?
7376,@MalcolmNance @Reuters Impeach 45 immediately
1003,Just got my daily dose of happiness!! Would love to have this picked up as a series @netflix @AmazonVideo @hulu     https://t.co/xNXuLscBRZ
51610,@azitasoraya @Kaepernick7 @Nike Disgusting
21076,Check out Studebaker Mfg Co Trade Card South Bend Indiana Horse Carriage Gugler Litho  https://t.co/DOrOuKsHGR via @eBay
,Amazon,27/09/2018,2012.98,-0.01894206599171383,-0.01909109876898929,-0.039056523164661405,-0.034118570477600405,4329391.0,28.695,22.88300000000001,1,0.7,@amazon

10353,RT @kaosonia: Check out Sterling Silver Hook Earring Finding  https://t.co/TQrKoAmRmb via @eBay
22883,Check out House of Miniatures Side Chair Set of Two  # 40007!!! #TheHouseofMiniatures https://t.co/64N53aSurN via @eBay
1417,"@HSBC is funding Indonesian forest destruction, home of endangered orangutans. Tell them 2 stop now! https://t.co/tti6cEDwWo. Sign Petition!
",HSBC,31/01/2017,676.4,0.005322294500295717,0.016558249556475526,0.016558249556475526,-0.005322294500295717,27693980.0,12.549,15.009,-1,0.0,@HSBC


,Apple,11/09/2018,223.85,-0.024659370113915488,-0.011391556846102224,-0.011391556846102224,0.020147420147420242,35749049.0,22.817,23.56,1,0.13636363636363635,@Apple

,Walmart,01/06/2017,79.81,-0.015161007392557425,-0.020799398571607525,-0.021049993735121002,-0.01879463726350081,8153099.0,12.205,13.735,-1,0.0,@Walmart

76923,RT @marcialangton: I support @facebook @FacebookWatch on this occasion. #Anning is a danger to our democracy &amp; social values. https://t.co/…
367257,RT @Google: Everything you love about smart speakers–plus an interactive screen to bring you the best of Google. The Lenovo Smart Display w…

59627,RT @netflix: If Jamey and Peter Kavinsky had a conversation https://t.co/Z9FkHzw2Js
250702,"Hate the fact with every @Apple update, the slower your phone becomes! Just to try make you buy the latest model😡😡Still won’t buy a Samsung!
",Samsung,29/09/2017,51280.0,-0.000390015600624025,0.007800312012480499,0.007410296411856474,0.033541341653666144,12909400.0,23.621,22.583,-1,-1.0,@Apple
60212,RT @netflix: Noah Centineo is not only a literal angel but also the fittest person ever... #13Stories https://t.co/hHHZYXQdVQ
2405,RT @Reuters: Trump #SCOTUS nominee Gorsuch known for questioning power of administrative agencies. More on our LIVE blog: https://t.co/H7UI…
,eBay,31/01/2017,31.83,0.010681746779767623,0.021363493559535027,0.021363493559535027,-0.05780710021991831,9469076.0,33.029,22.932,-1,0.3181818181818182,@eBay
,Nike,18/09/2018,85.26,-0.023457658925639217,-0.02076002814919083,-0.02076002814919083,-0.030846821487215688,7277700.0,15.386,18.916,-1,0.2928571428571428,@Nike
51491,@JimCarrey @Nike Love your colour (in case you forgot the Canadian way) by numbers. Still trying to stay relevant i… https://t.co/ZPnWjpJ0Cl
1824,RT @TheRickWilson: U.N. Security Council expresses 'grave concern' over Ukraine https://t.co/eW9OPEtL8l via @Reuters
2551,@Heineken Heineken Nightlight https://t.co/JjKCDfdGTJ
,eBay,17/09/2018,34.2,-0.002923976608187176,-0.002923976608187176,-0.002923976608187176,-0.014327485380117015,6722685.0,17.965,14.271,-1,0.0,@eBay
36621,RT @D__CARTAGENA: Check out TOO FACED CHOCOLATE BAR EYE SHADOW PALETTE https://t.co/SUK25p3BpZ @eBay
65766,Check out Harbour Classics Tie Colorful Squares Green Polka Dots Necktie Neckwear https://t.co/7Cst39sdfr @eBay
37949,"@Tesco @jamieoliver Can't stand the prick, i will now only be shopping in @Tesco for the 3 for £20 deal on the 🍻

",Tesco,10/09/2018,240.4,-0.006239600665557404,-0.006239600665557404,-0.006239600665557404,0.019134775374376016,16565201.0,20.601,18.043,-1,0.0,@Tesco
2615,Check out Nike Kids Girls shoes Black and Blue Size 4.5 https://t.co/ux7gNyK157 @eBay
61976,"RT @DigitalStormPC: Biggest giveaway ever 🔥 $8,000 Aventum X powered by a limited edition @intel Core i7-8086K can be yours!













Delicious tem…

",Intel,14/09/2018,45.54,0.0006587615283267707,-0.01339481774264382,-0.01339481774264382,0.019982433025911368,22998666.0,19.793,19.265,1,-0.07142857142857142,@intel
,Amazon,14/08/2018,1919.65,-0.012215768499466071,-0.017372958612247094,-0.017372958612247094,-0.029781470580574617,3986123.0,14.398,19.629,-1,0.0,@amazon
53566,@TMobile It's bad enough they shut down the use of recording apps with the new update so I can't even record my int… https://t.co/k9ZBDe8G6Y
,Ryanair,20/10/2018,11.45,0.0,0.016157205240174718,0.008296943231441105,0.002183406113537149,1782490.0,32.293,48.479,-1,0.0,@Ryanair
16364,"I just listed: 'The Spirit of Christmas: Creative Holiday Ideas', for 24.95 via @amazon https://t.co/CJ9WEidy4I
",Amazon,30/09/2017,961.35,0.0,-0.005149009205804385,-0.010901336661985771,-0.0065012742497529506,2543759.0,14.876,16.144000000000002,1,0.5,@amazon
14744,RT @imoyse: Natterbox wins Silver Award @UKCXAwards Best Technology &amp; Telecoms for @salesforce Cloud Telephony @Natterbox… 


27327,"RT @kelkesz: @Buckeye_Salsero @espn @exxonmobil @OhioStateFB @BoilerFootball Also @Buckeyes fan, silver lining in that major loss!  Your te…

",Exxon,21/10/2018,81.97,0.0,0.0,-0.001463950225692382,-0.007197755276320647,12098692.0,23.058000000000003,17.198,1,0.078125,@exxonmobil
74956,"RT @JScottMO: When @MKBHD 's discussion of the issues raised by the AI at the @Google IO Keynote is so good, you just play his analysis in…

",Google,26/09/2018,1194.06,-0.0001423714051218912,-0.012143443378054704,-0.0183742860492773,-0.016573706513910498,1882524.0,17.933,17.414,1,0.7,@Google
,Yahoo,17/09/2018,3.5,-0.01142857142857144,-0.01142857142857144,-0.01142857142857144,-0.04857142857142855,3014.0,33.782,37.813,-1,0.5,@Yahoo
34091,RT @ArianaToday: “Hairspray Live!” is now available to stream on @netflix 🎶 https://t.co/FzhfmSpowY
45434,Black Panther on @netflix its over now
35811,"RT @Reuters: WATCH: Japanese princess Ayako, the latest female royal leaving the imperial family to marry a commoner https://t.co/O4WVMtXo6…

",Reuters,30/10/2018,50.6113,-0.0115349734150278,-0.00021734276732671923,-0.00021734276732671923,0.02023856332479104,926942.0,13.632,24.041,-1,0.16666666666666666,@Reuters
,Nike,06/09/2018,80.4,-0.005970149253731393,-0.009950248756219046,0.0223880597014925,0.012437810945273627,8577029.0,21.379,18.968,1,-0.6,@Nike
12095,RT @genna_ash: https://t.co/HZkwbqzJqg - 4 reasons to invest in a #DMSSystem via @TechWireAsia @AdlibSolutions @Adobe @zoho @Kofax… 
,Nike,05/09/2018,79.92,-0.004004004004004097,0.028528528528528538,0.028528528528528538,0.03591091091091097,12269138.0,21.037,19.239,-1,0.0,@Nike
,eBay,06/09/2018,33.66,0.01396316102198473,0.033868092691622116,0.02822341057635184,0.033868092691622116,9240091.0,14.634,15.271,1,0.45,@eBay
56581,RT @Apple: Join us September 12 at 10 a.m. PDT to watch the #AppleEvent live on Twitter. Tap ❤️ below and we’ll send you updates on event d…
68997,Check out my listing @eBay - https://t.co/7teqpn8BDE via @eBay
33039,Check out Fleur de Lis Bracelet Silver Jewelry Handmade NEW Accessories Fashion Chain  #Handmade https://t.co/L74TOxhus3 via @eBay
849148,RT @Reuters: CBS received subpoenas from New York County District Attorney's Office and New York City Commission on Human Rights $CBS https…
31139,RT @Khil0ne: For anyone doubting the legitimacy of the Stratis @stratisplatform and Microsoft @Microsoft partnership and how it was obtaine…
39374,"RT @bigfatsurprise: Big Food companies like @Nestle and @CampbellSoupCo are promoting ""personalized nutrition"" creating new products which…

",Nestle,02/09/2018,81.38,0.0,0.0,-0.001966085033177643,0.0007372818874416599,5192030.0,5.146,9.11,1,0.06818181818181818,@Nestle
613822,RT @LaBeck81: @F3Moist @johnrich @Nike Nike has your money already and now you are ruining clothes that underprivileged kids could be using…
,Reuters,31/07/2017,50.5452,0.003705594200834114,0.003705594200834114,0.003705594200834114,0.0015253673939365454,1301289.0,5.305,8.792,-1,0.1,@Reuters
,BMW,27/10/2018,74.9,0.0,-0.005473965287049543,-0.03858477970627504,-0.004939919893190981,2473022.0,29.12,27.912,1,0.0,@Apple

4832,"RT @KatyPViews: The backstage of 'Chained To The Rhythm' music video is now available on @amazon, check out: https://t.co/Cv8BwZJEyh https:…
",Amazon,31/03/2017,886.54,-0.011505403027500092,-0.013783924019220694,-0.034448530241162234,-0.0461682495995668,3957612.0,16.898,11.545,-1,0.4,@amazon
14313,Check out  Vintage 14K Yellow Gold 3 D Retractable Picture Photo Camera Charm opens  https://t.co/CqolTDTeKu via @eBay
,Nike,06/09/2018,80.4,-0.005970149253731393,-0.009950248756219046,0.0223880597014925,0.012437810945273627,8577029.0,21.379,18.968,-1,0.0,@Nike
48179,RT @Manal_Cali: Hey @Nike can you sue her for illegally using your trademark and name without permission? https://t.co/XLeHqsZknc
,Reuters,20/09/2018,50.1267,-0.00241787310954046,0.002415878164730541,0.0,0.002856760967707833,1955631.0,10.159,13.966,-1,0.0,@Reuters
